time,predicted_pv_output
2025-01-01 00:00:00,0.0
2025-01-01 01:00:00,0.0
2025-01-01 02:00:00,0.0
2025-01-01 03:00:00,0.0
2025-01-01 04:00:00,0.0
2025-01-01 05:00:00,0.0
2025-01-01 06:00:00,0.0
2025-01-01 07:00:00,0.0
2025-01-01 08:00:00,0.0
2025-01-01 09:00:00,14.443162761101018
2025-01-01 10:00:00,41.29345364300574
2025-01-01 11:00:00,36.32379865789718
2025-01-01 12:00:00,25.07160127332522
2025-01-01 13:00:00,5.711411908780924
2025-01-01 14:00:00,0.0
2025-01-01 15:00:00,0.0
2025-01-01 16:00:00,0.0
2025-01-01 17:00:00,0.0
2025-01-01 18:00:00,0.0
2025-01-01 19:00:00,0.0
2025-01-01 20:00:00,0.0
2025-01-01 21:00:00,0.0
2025-01-01 22:00:00,0.0
2025-01-01 23:00:00,0.0
2025-01-02 00:00:00,0.0
2025-01-02 01:00:00,0.0
2025-01-02 02:00:00,0.0
2025-01-02 03:00:00,0.0
2025-01-02 04:00:00,0.0
2025-01-02 05:00:00,0.0
2025-01-02 06:00:00,0.0
2025-01-02 07:00:00,0.0
2025-01-02 08:00:00,1.5384893574859522
2025-01-02 09:00:00,42.807699340984634
2025-01-02 10:00:00,80.35818861461584
2025-01-02 11:00:00,91.11060377527258
2025-01-02 12:00:00,72.61748573101654
2025-01-02 13:00:00,28.60135590745973
2025-01-02 14:00:00,0.0
2025-01-02 15:00:00,0.0
2025-01-02 16:00:00,0.0
2025-01-02 17:00:00,0.0
2025-01-02 18:00:00,0.0
2025-01-02 19:00:00,0.0
2025-01-02 20:00:00,0.0
2025-01-02 21:00:00,0.0
2025-01-02 22:00:00,0.0
2025-01-02 23:00:00,0.0
2025-01-03 00:00:00,0.0
2025-01-03 01:00:00,0.0
2025-01-03 02:00:00,0.0
2025-01-03 03:00:00,0.0
2025-01-03 04:00:00,0.0
2025-01-03 05:00:00,0.0
2025-01-03 06:00:00,0.0
2025-01-03 07:00:00,0.0
2025-01-03 08:00:00,1.5424043278642268
2025-01-03 09:00:00,38.75309893837152
2025-01-03 10:00:00,42.09665604426158
2025-01-03 11:00:00,43.76061082807008
2025-01-03 12:00:00,49.639511400226034
2025-01-03 13:00:00,8.113080418153674
2025-01-03 14:00:00,0.0
2025-01-03 15:00:00,0.0
2025-01-03 16:00:00,0.0
2025-01-03 17:00:00,0.0
2025-01-03 18:00:00,0.0
2025-01-03 19:00:00,0.0
2025-01-03 20:00:00,0.0
2025-01-03 21:00:00,0.0
2025-01-03 22:00:00,0.0
2025-01-03 23:00:00,0.0
2025-01-04 00:00:00,0.0
2025-01-04 01:00:00,0.0
2025-01-04 02:00:00,0.0
2025-01-04 03:00:00,0.0
2025-01-04 04:00:00,0.0
2025-01-04 05:00:00,0.0
2025-01-04 06:00:00,0.0
2025-01-04 07:00:00,0.0
2025-01-04 08:00:00,1.9629231273695928
2025-01-04 09:00:00,44.33514824166059
2025-01-04 10:00:00,83.64020776241479
2025-01-04 11:00:00,96.4107249793741
2025-01-04 12:00:00,77.96352246857737
2025-01-04 13:00:00,33.626546356863805
2025-01-04 14:00:00,0.0
2025-01-04 15:00:00,0.0
2025-01-04 16:00:00,0.0
2025-01-04 17:00:00,0.0
2025-01-04 18:00:00,0.0
2025-01-04 19:00:00,0.0
2025-01-04 20:00:00,0.0
2025-01-04 21:00:00,0.0
2025-01-04 22:00:00,0.0
2025-01-04 23:00:00,0.0
2025-01-05 00:00:00,0.0
2025-01-05 01:00:00,0.0
2025-01-05 02:00:00,0.0
2025-01-05 03:00:00,0.0
2025-01-05 04:00:00,0.0
2025-01-05 05:00:00,0.0
2025-01-05 06:00:00,0.0
2025-01-05 07:00:00,0.0
2025-01-05 08:00:00,2.3463655651448927
2025-01-05 09:00:00,45.62367095846122
2025-01-05 10:00:00,89.5101985200999
2025-01-05 11:00:00,100.8071356872602
2025-01-05 12:00:00,81.78701976841324
2025-01-05 13:00:00,32.97934141355004
2025-01-05 14:00:00,0.0
2025-01-05 15:00:00,0.0
2025-01-05 16:00:00,0.0
2025-01-05 17:00:00,0.0
2025-01-05 18:00:00,0.0
2025-01-05 19:00:00,0.0
2025-01-05 20:00:00,0.0
2025-01-05 21:00:00,0.0
2025-01-05 22:00:00,0.0
2025-01-05 23:00:00,0.0
2025-01-06 00:00:00,0.0
2025-01-06 01:00:00,0.0
2025-01-06 02:00:00,0.0
2025-01-06 03:00:00,0.0
2025-01-06 04:00:00,0.0
2025-01-06 05:00:00,0.0
2025-01-06 06:00:00,0.0
2025-01-06 07:00:00,0.0
2025-01-06 08:00:00,0.0
2025-01-06 09:00:00,31.529071441161218
2025-01-06 10:00:00,61.908917525082956
2025-01-06 11:00:00,33.40269910244633
2025-01-06 12:00:00,20.61411545790851
2025-01-06 13:00:00,7.44324871202415
2025-01-06 14:00:00,0.0
2025-01-06 15:00:00,0.0
2025-01-06 16:00:00,0.0
2025-01-06 17:00:00,0.0
2025-01-06 18:00:00,0.0
2025-01-06 19:00:00,0.0
2025-01-06 20:00:00,0.0
2025-01-06 21:00:00,0.0
2025-01-06 22:00:00,0.0
2025-01-06 23:00:00,0.0
2025-01-07 00:00:00,0.0
2025-01-07 01:00:00,0.0
2025-01-07 02:00:00,0.0
2025-01-07 03:00:00,0.0
2025-01-07 04:00:00,0.0
2025-01-07 05:00:00,0.0
2025-01-07 06:00:00,0.0
2025-01-07 07:00:00,0.0
2025-01-07 08:00:00,2.34783577899448
2025-01-07 09:00:00,45.52713164007857
2025-01-07 10:00:00,82.47034250159004
2025-01-07 11:00:00,82.32497040688656
2025-01-07 12:00:00,20.624064146875227
2025-01-07 13:00:00,8.12181776399313
2025-01-07 14:00:00,0.0
2025-01-07 15:00:00,0.0
2025-01-07 16:00:00,0.0
2025-01-07 17:00:00,0.0
2025-01-07 18:00:00,0.0
2025-01-07 19:00:00,0.0
2025-01-07 20:00:00,0.0
2025-01-07 21:00:00,0.0
2025-01-07 22:00:00,0.0
2025-01-07 23:00:00,0.0
2025-01-08 00:00:00,0.0
2025-01-08 01:00:00,0.0
2025-01-08 02:00:00,0.0
2025-01-08 03:00:00,0.0
2025-01-08 04:00:00,0.0
2025-01-08 05:00:00,0.0
2025-01-08 06:00:00,0.0
2025-01-08 07:00:00,0.0
2025-01-08 08:00:00,2.7206644565217357
2025-01-08 09:00:00,16.01091719099841
2025-01-08 10:00:00,22.294970833994416
2025-01-08 11:00:00,27.197606937413255
2025-01-08 12:00:00,22.627875761586168
2025-01-08 13:00:00,8.54706889644406
2025-01-08 14:00:00,0.0
2025-01-08 15:00:00,0.0
2025-01-08 16:00:00,0.0
2025-01-08 17:00:00,0.0
2025-01-08 18:00:00,0.0
2025-01-08 19:00:00,0.0
2025-01-08 20:00:00,0.0
2025-01-08 21:00:00,0.0
2025-01-08 22:00:00,0.0
2025-01-08 23:00:00,0.0
2025-01-09 00:00:00,0.0
2025-01-09 01:00:00,0.0
2025-01-09 02:00:00,0.0
2025-01-09 03:00:00,0.0
2025-01-09 04:00:00,0.0
2025-01-09 05:00:00,0.0
2025-01-09 06:00:00,0.0
2025-01-09 07:00:00,0.0
2025-01-09 08:00:00,0.39013266127438256
2025-01-09 09:00:00,22.760126208909707
2025-01-09 10:00:00,28.540044424010162
2025-01-09 11:00:00,33.637520637291175
2025-01-09 12:00:00,25.988503360499266
2025-01-09 13:00:00,11.110468408479575
2025-01-09 14:00:00,0.0
2025-01-09 15:00:00,0.0
2025-01-09 16:00:00,0.0
2025-01-09 17:00:00,0.0
2025-01-09 18:00:00,0.0
2025-01-09 19:00:00,0.0
2025-01-09 20:00:00,0.0
2025-01-09 21:00:00,0.0
2025-01-09 22:00:00,0.0
2025-01-09 23:00:00,0.0
2025-01-10 00:00:00,0.0
2025-01-10 01:00:00,0.0
2025-01-10 02:00:00,0.0
2025-01-10 03:00:00,0.0
2025-01-10 04:00:00,0.0
2025-01-10 05:00:00,0.0
2025-01-10 06:00:00,0.0
2025-01-10 07:00:00,0.0
2025-01-10 08:00:00,0.0
2025-01-10 09:00:00,11.985513401944589
2025-01-10 10:00:00,24.381049631637126
2025-01-10 11:00:00,29.146758405007308
2025-01-10 12:00:00,22.579753639770267
2025-01-10 13:00:00,10.006857648790222
2025-01-10 14:00:00,0.0
2025-01-10 15:00:00,0.0
2025-01-10 16:00:00,0.0
2025-01-10 17:00:00,0.0
2025-01-10 18:00:00,0.0
2025-01-10 19:00:00,0.0
2025-01-10 20:00:00,0.0
2025-01-10 21:00:00,0.0
2025-01-10 22:00:00,0.0
2025-01-10 23:00:00,0.0
2025-01-11 00:00:00,0.0
2025-01-11 01:00:00,0.0
2025-01-11 02:00:00,0.0
2025-01-11 03:00:00,0.0
2025-01-11 04:00:00,0.0
2025-01-11 05:00:00,0.0
2025-01-11 06:00:00,0.0
2025-01-11 07:00:00,0.0
2025-01-11 08:00:00,0.0
2025-01-11 09:00:00,12.509377310275623
2025-01-11 10:00:00,25.131369693001872
2025-01-11 11:00:00,29.50688542198924
2025-01-11 12:00:00,24.359889162597263
2025-01-11 13:00:00,10.8020176158907
2025-01-11 14:00:00,0.0
2025-01-11 15:00:00,0.0
2025-01-11 16:00:00,0.0
2025-01-11 17:00:00,0.0
2025-01-11 18:00:00,0.0
2025-01-11 19:00:00,0.0
2025-01-11 20:00:00,0.0
2025-01-11 21:00:00,0.0
2025-01-11 22:00:00,0.0
2025-01-11 23:00:00,0.0
2025-01-12 00:00:00,0.0
2025-01-12 01:00:00,0.0
2025-01-12 02:00:00,0.0
2025-01-12 03:00:00,0.0
2025-01-12 04:00:00,0.0
2025-01-12 05:00:00,0.0
2025-01-12 06:00:00,0.0
2025-01-12 07:00:00,0.0
2025-01-12 08:00:00,6.888812186422958
2025-01-12 09:00:00,58.66777173791716
2025-01-12 10:00:00,106.59046711390977
2025-01-12 11:00:00,116.12001317835148
2025-01-12 12:00:00,99.02908702049935
2025-01-12 13:00:00,51.452143864730644
2025-01-12 14:00:00,2.705135747041435
2025-01-12 15:00:00,0.0
2025-01-12 16:00:00,0.0
2025-01-12 17:00:00,0.0
2025-01-12 18:00:00,0.0
2025-01-12 19:00:00,0.0
2025-01-12 20:00:00,0.0
2025-01-12 21:00:00,0.0
2025-01-12 22:00:00,0.0
2025-01-12 23:00:00,0.0
2025-01-13 00:00:00,0.0
2025-01-13 01:00:00,0.0
2025-01-13 02:00:00,0.0
2025-01-13 03:00:00,0.0
2025-01-13 04:00:00,0.0
2025-01-13 05:00:00,0.0
2025-01-13 06:00:00,0.0
2025-01-13 07:00:00,0.0
2025-01-13 08:00:00,3.730506635168632
2025-01-13 09:00:00,25.0975706558426
2025-01-13 10:00:00,28.51986047696531
2025-01-13 11:00:00,29.510109120898964
2025-01-13 12:00:00,22.592370550149393
2025-01-13 13:00:00,11.129291542429595
2025-01-13 14:00:00,0.0
2025-01-13 15:00:00,0.0
2025-01-13 16:00:00,0.0
2025-01-13 17:00:00,0.0
2025-01-13 18:00:00,0.0
2025-01-13 19:00:00,0.0
2025-01-13 20:00:00,0.0
2025-01-13 21:00:00,0.0
2025-01-13 22:00:00,0.0
2025-01-13 23:00:00,0.0
2025-01-14 00:00:00,0.0
2025-01-14 01:00:00,0.0
2025-01-14 02:00:00,0.0
2025-01-14 03:00:00,0.0
2025-01-14 04:00:00,0.0
2025-01-14 05:00:00,0.0
2025-01-14 06:00:00,0.0
2025-01-14 07:00:00,0.0
2025-01-14 08:00:00,0.3899970231936503
2025-01-14 09:00:00,20.66594101060486
2025-01-14 10:00:00,52.270500896221684
2025-01-14 11:00:00,45.38290904568345
2025-01-14 12:00:00,29.69988090242825
2025-01-14 13:00:00,15.361053982954445
2025-01-14 14:00:00,3.6993571990748113
2025-01-14 15:00:00,0.0
2025-01-14 16:00:00,0.0
2025-01-14 17:00:00,0.0
2025-01-14 18:00:00,0.0
2025-01-14 19:00:00,0.0
2025-01-14 20:00:00,0.0
2025-01-14 21:00:00,0.0
2025-01-14 22:00:00,0.0
2025-01-14 23:00:00,0.0
2025-01-15 00:00:00,0.0
2025-01-15 01:00:00,0.0
2025-01-15 02:00:00,0.0
2025-01-15 03:00:00,0.0
2025-01-15 04:00:00,0.0
2025-01-15 05:00:00,0.0
2025-01-15 06:00:00,0.0
2025-01-15 07:00:00,0.0
2025-01-15 08:00:00,2.970499013410739
2025-01-15 09:00:00,18.4063232463472
2025-01-15 10:00:00,89.64058004822449
2025-01-15 11:00:00,99.93646322597148
2025-01-15 12:00:00,84.33649993374486
2025-01-15 13:00:00,34.66682507838779
2025-01-15 14:00:00,5.189929779333555
2025-01-15 15:00:00,0.0
2025-01-15 16:00:00,0.0
2025-01-15 17:00:00,0.0
2025-01-15 18:00:00,0.0
2025-01-15 19:00:00,0.0
2025-01-15 20:00:00,0.0
2025-01-15 21:00:00,0.0
2025-01-15 22:00:00,0.0
2025-01-15 23:00:00,0.0
2025-01-16 00:00:00,0.0
2025-01-16 01:00:00,0.0
2025-01-16 02:00:00,0.0
2025-01-16 03:00:00,0.0
2025-01-16 04:00:00,0.0
2025-01-16 05:00:00,0.0
2025-01-16 06:00:00,0.0
2025-01-16 07:00:00,0.0
2025-01-16 08:00:00,8.196522750949669
2025-01-16 09:00:00,15.429565742911358
2025-01-16 10:00:00,74.11527779094533
2025-01-16 11:00:00,100.59787603263895
2025-01-16 12:00:00,98.19006971035735
2025-01-16 13:00:00,35.74367703904008
2025-01-16 14:00:00,1.542253038525306
2025-01-16 15:00:00,0.0
2025-01-16 16:00:00,0.0
2025-01-16 17:00:00,0.0
2025-01-16 18:00:00,0.0
2025-01-16 19:00:00,0.0
2025-01-16 20:00:00,0.0
2025-01-16 21:00:00,0.0
2025-01-16 22:00:00,0.0
2025-01-16 23:00:00,0.0
2025-01-17 00:00:00,0.0
2025-01-17 01:00:00,0.0
2025-01-17 02:00:00,0.0
2025-01-17 03:00:00,0.0
2025-01-17 04:00:00,0.0
2025-01-17 05:00:00,0.0
2025-01-17 06:00:00,0.0
2025-01-17 07:00:00,0.0
2025-01-17 08:00:00,9.339780341967233
2025-01-17 09:00:00,51.79316079950808
2025-01-17 10:00:00,82.46795470948044
2025-01-17 11:00:00,96.45899362815388
2025-01-17 12:00:00,77.8612199144826
2025-01-17 13:00:00,17.57323616700621
2025-01-17 14:00:00,6.208070327398303
2025-01-17 15:00:00,0.0
2025-01-17 16:00:00,0.0
2025-01-17 17:00:00,0.0
2025-01-17 18:00:00,0.0
2025-01-17 19:00:00,0.0
2025-01-17 20:00:00,0.0
2025-01-17 21:00:00,0.0
2025-01-17 22:00:00,0.0
2025-01-17 23:00:00,0.0
2025-01-18 00:00:00,0.0
2025-01-18 01:00:00,0.0
2025-01-18 02:00:00,0.0
2025-01-18 03:00:00,0.0
2025-01-18 04:00:00,0.0
2025-01-18 05:00:00,0.0
2025-01-18 06:00:00,0.0
2025-01-18 07:00:00,0.0
2025-01-18 08:00:00,12.547601737751464
2025-01-18 09:00:00,61.36867222123187
2025-01-18 10:00:00,67.07267349525263
2025-01-18 11:00:00,64.19481306111442
2025-01-18 12:00:00,45.03825114662954
2025-01-18 13:00:00,42.29057374532029
2025-01-18 14:00:00,8.506674470799307
2025-01-18 15:00:00,0.0
2025-01-18 16:00:00,0.0
2025-01-18 17:00:00,0.0
2025-01-18 18:00:00,0.0
2025-01-18 19:00:00,0.0
2025-01-18 20:00:00,0.0
2025-01-18 21:00:00,0.0
2025-01-18 22:00:00,0.0
2025-01-18 23:00:00,0.0
2025-01-19 00:00:00,0.0
2025-01-19 01:00:00,0.0
2025-01-19 02:00:00,0.0
2025-01-19 03:00:00,0.0
2025-01-19 04:00:00,0.0
2025-01-19 05:00:00,0.0
2025-01-19 06:00:00,0.0
2025-01-19 07:00:00,0.0
2025-01-19 08:00:00,10.660676354122804
2025-01-19 09:00:00,35.102272227282526
2025-01-19 10:00:00,64.43133636632092
2025-01-19 11:00:00,111.83497066770165
2025-01-19 12:00:00,82.31451701525367
2025-01-19 13:00:00,43.92777419780614
2025-01-19 14:00:00,8.529087423765013
2025-01-19 15:00:00,0.0
2025-01-19 16:00:00,0.0
2025-01-19 17:00:00,0.0
2025-01-19 18:00:00,0.0
2025-01-19 19:00:00,0.0
2025-01-19 20:00:00,0.0
2025-01-19 21:00:00,0.0
2025-01-19 22:00:00,0.0
2025-01-19 23:00:00,0.0
2025-01-20 00:00:00,0.0
2025-01-20 01:00:00,0.0
2025-01-20 02:00:00,0.0
2025-01-20 03:00:00,0.0
2025-01-20 04:00:00,0.0
2025-01-20 05:00:00,0.0
2025-01-20 06:00:00,0.0
2025-01-20 07:00:00,0.0
2025-01-20 08:00:00,14.569658657168073
2025-01-20 09:00:00,18.95932853867115
2025-01-20 10:00:00,55.56407002836101
2025-01-20 11:00:00,45.65793134833782
2025-01-20 12:00:00,42.72914411740161
2025-01-20 13:00:00,17.582599314420072
2025-01-20 14:00:00,1.9655472940076728
2025-01-20 15:00:00,0.0
2025-01-20 16:00:00,0.0
2025-01-20 17:00:00,0.0
2025-01-20 18:00:00,0.0
2025-01-20 19:00:00,0.0
2025-01-20 20:00:00,0.0
2025-01-20 21:00:00,0.0
2025-01-20 22:00:00,0.0
2025-01-20 23:00:00,0.0
2025-01-21 00:00:00,0.0
2025-01-21 01:00:00,0.0
2025-01-21 02:00:00,0.0
2025-01-21 03:00:00,0.0
2025-01-21 04:00:00,0.0
2025-01-21 05:00:00,0.0
2025-01-21 06:00:00,0.0
2025-01-21 07:00:00,0.0
2025-01-21 08:00:00,2.505763991071338
2025-01-21 09:00:00,18.431511498619574
2025-01-21 10:00:00,32.67197389270026
2025-01-21 11:00:00,37.73712708092901
2025-01-21 12:00:00,32.64024958289032
2025-01-21 13:00:00,18.282780419690344
2025-01-21 14:00:00,2.3487005192744395
2025-01-21 15:00:00,0.0
2025-01-21 16:00:00,0.0
2025-01-21 17:00:00,0.0
2025-01-21 18:00:00,0.0
2025-01-21 19:00:00,0.0
2025-01-21 20:00:00,0.0
2025-01-21 21:00:00,0.0
2025-01-21 22:00:00,0.0
2025-01-21 23:00:00,0.0
2025-01-22 00:00:00,0.0
2025-01-22 01:00:00,0.0
2025-01-22 02:00:00,0.0
2025-01-22 03:00:00,0.0
2025-01-22 04:00:00,0.0
2025-01-22 05:00:00,0.0
2025-01-22 06:00:00,0.0
2025-01-22 07:00:00,0.0
2025-01-22 08:00:00,3.257208253093421
2025-01-22 09:00:00,20.481449670897735
2025-01-22 10:00:00,35.20485821030831
2025-01-22 11:00:00,41.69862863856242
2025-01-22 12:00:00,35.205583052575165
2025-01-22 13:00:00,20.346172350834845
2025-01-22 14:00:00,2.9521630093340674
2025-01-22 15:00:00,0.0
2025-01-22 16:00:00,0.0
2025-01-22 17:00:00,0.0
2025-01-22 18:00:00,0.0
2025-01-22 19:00:00,0.0
2025-01-22 20:00:00,0.0
2025-01-22 21:00:00,0.0
2025-01-22 22:00:00,0.0
2025-01-22 23:00:00,0.0
2025-01-23 00:00:00,0.0
2025-01-23 01:00:00,0.0
2025-01-23 02:00:00,0.0
2025-01-23 03:00:00,0.0
2025-01-23 04:00:00,0.0
2025-01-23 05:00:00,0.0
2025-01-23 06:00:00,0.0
2025-01-23 07:00:00,0.0
2025-01-23 08:00:00,3.5523913189336227
2025-01-23 09:00:00,20.229658555758128
2025-01-23 10:00:00,35.19055504634232
2025-01-23 11:00:00,42.43441029764307
2025-01-23 12:00:00,35.86771208714486
2025-01-23 13:00:00,20.639622181751445
2025-01-23 14:00:00,3.5251964534396043
2025-01-23 15:00:00,0.0
2025-01-23 16:00:00,0.0
2025-01-23 17:00:00,0.0
2025-01-23 18:00:00,0.0
2025-01-23 19:00:00,0.0
2025-01-23 20:00:00,0.0
2025-01-23 21:00:00,0.0
2025-01-23 22:00:00,0.0
2025-01-23 23:00:00,0.0
2025-01-24 00:00:00,0.0
2025-01-24 01:00:00,0.0
2025-01-24 02:00:00,0.0
2025-01-24 03:00:00,0.0
2025-01-24 04:00:00,0.0
2025-01-24 05:00:00,0.0
2025-01-24 06:00:00,0.0
2025-01-24 07:00:00,0.0
2025-01-24 08:00:00,9.612967600661452
2025-01-24 09:00:00,83.93042205745512
2025-01-24 10:00:00,124.22437504116968
2025-01-24 11:00:00,154.2234739927156
2025-01-24 12:00:00,38.71890723493298
2025-01-24 13:00:00,24.399331351262223
2025-01-24 14:00:00,4.647028689713488
2025-01-24 15:00:00,0.0
2025-01-24 16:00:00,0.0
2025-01-24 17:00:00,0.0
2025-01-24 18:00:00,0.0
2025-01-24 19:00:00,0.0
2025-01-24 20:00:00,0.0
2025-01-24 21:00:00,0.0
2025-01-24 22:00:00,0.0
2025-01-24 23:00:00,0.0
2025-01-25 00:00:00,0.0
2025-01-25 01:00:00,0.0
2025-01-25 02:00:00,0.0
2025-01-25 03:00:00,0.0
2025-01-25 04:00:00,0.0
2025-01-25 05:00:00,0.0
2025-01-25 06:00:00,0.0
2025-01-25 07:00:00,0.0
2025-01-25 08:00:00,27.504135476071532
2025-01-25 09:00:00,89.82387356963916
2025-01-25 10:00:00,129.70218793134842
2025-01-25 11:00:00,82.54740652878274
2025-01-25 12:00:00,107.35536039597675
2025-01-25 13:00:00,48.67648535015408
2025-01-25 14:00:00,9.51018496915755
2025-01-25 15:00:00,0.0
2025-01-25 16:00:00,0.0
2025-01-25 17:00:00,0.0
2025-01-25 18:00:00,0.0
2025-01-25 19:00:00,0.0
2025-01-25 20:00:00,0.0
2025-01-25 21:00:00,0.0
2025-01-25 22:00:00,0.0
2025-01-25 23:00:00,0.0
2025-01-26 00:00:00,0.0
2025-01-26 01:00:00,0.0
2025-01-26 02:00:00,0.0
2025-01-26 03:00:00,0.0
2025-01-26 04:00:00,0.0
2025-01-26 05:00:00,0.0
2025-01-26 06:00:00,0.0
2025-01-26 07:00:00,0.0
2025-01-26 08:00:00,31.552299891676988
2025-01-26 09:00:00,98.95908656138046
2025-01-26 10:00:00,144.4088675225577
2025-01-26 11:00:00,122.37858095408802
2025-01-26 12:00:00,130.06074257748006
2025-01-26 13:00:00,44.80610810654395
2025-01-26 14:00:00,17.24921652634128
2025-01-26 15:00:00,0.0
2025-01-26 16:00:00,0.0
2025-01-26 17:00:00,0.0
2025-01-26 18:00:00,0.0
2025-01-26 19:00:00,0.0
2025-01-26 20:00:00,0.0
2025-01-26 21:00:00,0.0
2025-01-26 22:00:00,0.0
2025-01-26 23:00:00,0.0
2025-01-27 00:00:00,0.0
2025-01-27 01:00:00,0.0
2025-01-27 02:00:00,0.0
2025-01-27 03:00:00,0.0
2025-01-27 04:00:00,0.0
2025-01-27 05:00:00,0.0
2025-01-27 06:00:00,0.0
2025-01-27 07:00:00,0.0
2025-01-27 08:00:00,8.577709569685073
2025-01-27 09:00:00,55.657260143927154
2025-01-27 10:00:00,55.565060589976966
2025-01-27 11:00:00,50.9498636363804
2025-01-27 12:00:00,79.50633249819562
2025-01-27 13:00:00,29.016274215522312
2025-01-27 14:00:00,7.371690588443943
2025-01-27 15:00:00,0.0
2025-01-27 16:00:00,0.0
2025-01-27 17:00:00,0.0
2025-01-27 18:00:00,0.0
2025-01-27 19:00:00,0.0
2025-01-27 20:00:00,0.0
2025-01-27 21:00:00,0.0
2025-01-27 22:00:00,0.0
2025-01-27 23:00:00,0.0
2025-01-28 00:00:00,0.0
2025-01-28 01:00:00,0.0
2025-01-28 02:00:00,0.0
2025-01-28 03:00:00,0.0
2025-01-28 04:00:00,0.0
2025-01-28 05:00:00,0.0
2025-01-28 06:00:00,0.0
2025-01-28 07:00:00,0.0
2025-01-28 08:00:00,6.8690930451746
2025-01-28 09:00:00,54.72970756780474
2025-01-28 10:00:00,53.52617919582234
2025-01-28 11:00:00,50.55364546839168
2025-01-28 12:00:00,51.70612156554487
2025-01-28 13:00:00,31.017810571022725
2025-01-28 14:00:00,7.374301221438053
2025-01-28 15:00:00,0.0
2025-01-28 16:00:00,0.0
2025-01-28 17:00:00,0.0
2025-01-28 18:00:00,0.0
2025-01-28 19:00:00,0.0
2025-01-28 20:00:00,0.0
2025-01-28 21:00:00,0.0
2025-01-28 22:00:00,0.0
2025-01-28 23:00:00,0.0
2025-01-29 00:00:00,0.0
2025-01-29 01:00:00,0.0
2025-01-29 02:00:00,0.0
2025-01-29 03:00:00,0.0
2025-01-29 04:00:00,0.0
2025-01-29 05:00:00,0.0
2025-01-29 06:00:00,0.0
2025-01-29 07:00:00,0.0
2025-01-29 08:00:00,8.14550554301429
2025-01-29 09:00:00,28.841722585727087
2025-01-29 10:00:00,44.562905364806575
2025-01-29 11:00:00,51.329704338287655
2025-01-29 12:00:00,44.871695964076245
2025-01-29 13:00:00,29.40558535401992
2025-01-29 14:00:00,8.451385099564042
2025-01-29 15:00:00,0.0
2025-01-29 16:00:00,0.0
2025-01-29 17:00:00,0.0
2025-01-29 18:00:00,0.0
2025-01-29 19:00:00,0.0
2025-01-29 20:00:00,0.0
2025-01-29 21:00:00,0.0
2025-01-29 22:00:00,0.0
2025-01-29 23:00:00,0.0
2025-01-30 00:00:00,0.0
2025-01-30 01:00:00,0.0
2025-01-30 02:00:00,0.0
2025-01-30 03:00:00,0.0
2025-01-30 04:00:00,0.0
2025-01-30 05:00:00,0.0
2025-01-30 06:00:00,0.0
2025-01-30 07:00:00,0.0
2025-01-30 08:00:00,10.622799997355122
2025-01-30 09:00:00,43.793347135759895
2025-01-30 10:00:00,109.1999369533
2025-01-30 11:00:00,83.85891301226667
2025-01-30 12:00:00,48.63589042017641
2025-01-30 13:00:00,34.549774380877395
2025-01-30 14:00:00,10.76739185471133
2025-01-30 15:00:00,0.0
2025-01-30 16:00:00,0.0
2025-01-30 17:00:00,0.0
2025-01-30 18:00:00,0.0
2025-01-30 19:00:00,0.0
2025-01-30 20:00:00,0.0
2025-01-30 21:00:00,0.0
2025-01-30 22:00:00,0.0
2025-01-30 23:00:00,0.0
2025-01-31 00:00:00,0.0
2025-01-31 01:00:00,0.0
2025-01-31 02:00:00,0.0
2025-01-31 03:00:00,0.0
2025-01-31 04:00:00,0.0
2025-01-31 05:00:00,0.0
2025-01-31 06:00:00,0.0
2025-01-31 07:00:00,0.0
2025-01-31 08:00:00,14.564476841467744
2025-01-31 09:00:00,45.395111222502834
2025-01-31 10:00:00,52.02084125526048
2025-01-31 11:00:00,57.227217483400175
2025-01-31 12:00:00,50.771685207248055
2025-01-31 13:00:00,34.592121241598115
2025-01-31 14:00:00,36.86021403343678
2025-01-31 15:00:00,0.0
2025-01-31 16:00:00,0.0
2025-01-31 17:00:00,0.0
2025-01-31 18:00:00,0.0
2025-01-31 19:00:00,0.0
2025-01-31 20:00:00,0.0
2025-01-31 21:00:00,0.0
2025-01-31 22:00:00,0.0
2025-01-31 23:00:00,0.0
2025-02-01 00:00:00,0.0
2025-02-01 01:00:00,0.0
2025-02-01 02:00:00,0.0
2025-02-01 03:00:00,0.0
2025-02-01 04:00:00,0.0
2025-02-01 05:00:00,0.0
2025-02-01 06:00:00,0.0
2025-02-01 07:00:00,0.0
2025-02-01 08:00:00,51.86784450435538
2025-02-01 09:00:00,127.2219109500542
2025-02-01 10:00:00,169.48981020216985
2025-02-01 11:00:00,200.48794575359167
2025-02-01 12:00:00,178.36515642486873
2025-02-01 13:00:00,128.566168237575
2025-02-01 14:00:00,45.06679531519501
2025-02-01 15:00:00,0.0
2025-02-01 16:00:00,0.0
2025-02-01 17:00:00,0.0
2025-02-01 18:00:00,0.0
2025-02-01 19:00:00,0.0
2025-02-01 20:00:00,0.0
2025-02-01 21:00:00,0.0
2025-02-01 22:00:00,0.0
2025-02-01 23:00:00,0.0
2025-02-02 00:00:00,0.0
2025-02-02 01:00:00,0.0
2025-02-02 02:00:00,0.0
2025-02-02 03:00:00,0.0
2025-02-02 04:00:00,0.0
2025-02-02 05:00:00,0.0
2025-02-02 06:00:00,0.0
2025-02-02 07:00:00,0.0
2025-02-02 08:00:00,15.467087192174896
2025-02-02 09:00:00,76.10967617405555
2025-02-02 10:00:00,150.70840662940594
2025-02-02 11:00:00,62.04806944889664
2025-02-02 12:00:00,54.94670875340462
2025-02-02 13:00:00,38.10361679708302
2025-02-02 14:00:00,15.967928672122557
2025-02-02 15:00:00,0.0
2025-02-02 16:00:00,0.0
2025-02-02 17:00:00,0.0
2025-02-02 18:00:00,0.0
2025-02-02 19:00:00,0.0
2025-02-02 20:00:00,0.0
2025-02-02 21:00:00,0.0
2025-02-02 22:00:00,0.0
2025-02-02 23:00:00,0.0
2025-02-03 00:00:00,0.0
2025-02-03 01:00:00,0.0
2025-02-03 02:00:00,0.0
2025-02-03 03:00:00,0.0
2025-02-03 04:00:00,0.0
2025-02-03 05:00:00,0.0
2025-02-03 06:00:00,0.0
2025-02-03 07:00:00,0.0
2025-02-03 08:00:00,17.151109801840096
2025-02-03 09:00:00,45.72380865996986
2025-02-03 10:00:00,55.584738305265816
2025-02-03 11:00:00,62.48616317082154
2025-02-03 12:00:00,67.62942826229516
2025-02-03 13:00:00,44.8433806214627
2025-02-03 14:00:00,15.988940343175608
2025-02-03 15:00:00,0.0
2025-02-03 16:00:00,0.0
2025-02-03 17:00:00,0.0
2025-02-03 18:00:00,0.0
2025-02-03 19:00:00,0.0
2025-02-03 20:00:00,0.0
2025-02-03 21:00:00,0.0
2025-02-03 22:00:00,0.0
2025-02-03 23:00:00,0.0
2025-02-04 00:00:00,0.0
2025-02-04 01:00:00,0.0
2025-02-04 02:00:00,0.0
2025-02-04 03:00:00,0.0
2025-02-04 04:00:00,0.0
2025-02-04 05:00:00,0.0
2025-02-04 06:00:00,0.0
2025-02-04 07:00:00,0.0
2025-02-04 08:00:00,13.919619481301142
2025-02-04 09:00:00,36.79690641070936
2025-02-04 10:00:00,53.75094836106714
2025-02-04 11:00:00,61.19269222302632
2025-02-04 12:00:00,54.57477935804354
2025-02-04 13:00:00,37.63860542709321
2025-02-04 14:00:00,15.94602818343988
2025-02-04 15:00:00,0.0
2025-02-04 16:00:00,0.0
2025-02-04 17:00:00,0.0
2025-02-04 18:00:00,0.0
2025-02-04 19:00:00,0.0
2025-02-04 20:00:00,0.0
2025-02-04 21:00:00,0.0
2025-02-04 22:00:00,0.0
2025-02-04 23:00:00,0.0
2025-02-05 00:00:00,0.0
2025-02-05 01:00:00,0.0
2025-02-05 02:00:00,0.0
2025-02-05 03:00:00,0.0
2025-02-05 04:00:00,0.0
2025-02-05 05:00:00,0.0
2025-02-05 06:00:00,0.0
2025-02-05 07:00:00,0.0
2025-02-05 08:00:00,14.509999837392947
2025-02-05 09:00:00,38.00742261159006
2025-02-05 10:00:00,88.30351452273355
2025-02-05 11:00:00,66.1705568535814
2025-02-05 12:00:00,104.27187774139321
2025-02-05 13:00:00,56.20665902242253
2025-02-05 14:00:00,51.715344763435766
2025-02-05 15:00:00,1.9638491173032622
2025-02-05 16:00:00,0.0
2025-02-05 17:00:00,0.0
2025-02-05 18:00:00,0.0
2025-02-05 19:00:00,0.0
2025-02-05 20:00:00,0.0
2025-02-05 21:00:00,0.0
2025-02-05 22:00:00,0.0
2025-02-05 23:00:00,0.0
2025-02-06 00:00:00,0.0
2025-02-06 01:00:00,0.0
2025-02-06 02:00:00,0.0
2025-02-06 03:00:00,0.0
2025-02-06 04:00:00,0.0
2025-02-06 05:00:00,0.0
2025-02-06 06:00:00,0.0
2025-02-06 07:00:00,1.9832890834677084
2025-02-06 08:00:00,70.21677973738679
2025-02-06 09:00:00,150.3189885590824
2025-02-06 10:00:00,205.34087826355653
2025-02-06 11:00:00,223.43102376541782
2025-02-06 12:00:00,208.43055885567486
2025-02-06 13:00:00,155.32470763412383
2025-02-06 14:00:00,77.11168900662587
2025-02-06 15:00:00,4.5959175216064265
2025-02-06 16:00:00,0.0
2025-02-06 17:00:00,0.0
2025-02-06 18:00:00,0.0
2025-02-06 19:00:00,0.0
2025-02-06 20:00:00,0.0
2025-02-06 21:00:00,0.0
2025-02-06 22:00:00,0.0
2025-02-06 23:00:00,0.0
2025-02-07 00:00:00,0.0
2025-02-07 01:00:00,0.0
2025-02-07 02:00:00,0.0
2025-02-07 03:00:00,0.0
2025-02-07 04:00:00,0.0
2025-02-07 05:00:00,0.0
2025-02-07 06:00:00,0.0
2025-02-07 07:00:00,0.0
2025-02-07 08:00:00,19.526953482223632
2025-02-07 09:00:00,52.20815545205799
2025-02-07 10:00:00,71.55172158438538
2025-02-07 11:00:00,71.99374548855047
2025-02-07 12:00:00,63.852726174922864
2025-02-07 13:00:00,44.58678342302942
2025-02-07 14:00:00,20.50742748917871
2025-02-07 15:00:00,0.0
2025-02-07 16:00:00,0.0
2025-02-07 17:00:00,0.0
2025-02-07 18:00:00,0.0
2025-02-07 19:00:00,0.0
2025-02-07 20:00:00,0.0
2025-02-07 21:00:00,0.0
2025-02-07 22:00:00,0.0
2025-02-07 23:00:00,0.0
2025-02-08 00:00:00,0.0
2025-02-08 01:00:00,0.0
2025-02-08 02:00:00,0.0
2025-02-08 03:00:00,0.0
2025-02-08 04:00:00,0.0
2025-02-08 05:00:00,0.0
2025-02-08 06:00:00,0.0
2025-02-08 07:00:00,0.0
2025-02-08 08:00:00,18.05089728788456
2025-02-08 09:00:00,41.935104102659636
2025-02-08 10:00:00,61.580852499411385
2025-02-08 11:00:00,68.31401871844251
2025-02-08 12:00:00,63.021550403466016
2025-02-08 13:00:00,45.06225877628273
2025-02-08 14:00:00,21.939366869710614
2025-02-08 15:00:00,0.7013089433603366
2025-02-08 16:00:00,0.0
2025-02-08 17:00:00,0.0
2025-02-08 18:00:00,0.0
2025-02-08 19:00:00,0.0
2025-02-08 20:00:00,0.0
2025-02-08 21:00:00,0.0
2025-02-08 22:00:00,0.0
2025-02-08 23:00:00,0.0
2025-02-09 00:00:00,0.0
2025-02-09 01:00:00,0.0
2025-02-09 02:00:00,0.0
2025-02-09 03:00:00,0.0
2025-02-09 04:00:00,0.0
2025-02-09 05:00:00,0.0
2025-02-09 06:00:00,0.0
2025-02-09 07:00:00,0.0
2025-02-09 08:00:00,26.006711603088842
2025-02-09 09:00:00,44.595706623915284
2025-02-09 10:00:00,68.38718176194104
2025-02-09 11:00:00,75.82126473306587
2025-02-09 12:00:00,64.36812435042594
2025-02-09 13:00:00,45.3641618554345
2025-02-09 14:00:00,22.653379731823392
2025-02-09 15:00:00,3.2133055878001486
2025-02-09 16:00:00,0.0
2025-02-09 17:00:00,0.0
2025-02-09 18:00:00,0.0
2025-02-09 19:00:00,0.0
2025-02-09 20:00:00,0.0
2025-02-09 21:00:00,0.0
2025-02-09 22:00:00,0.0
2025-02-09 23:00:00,0.0
2025-02-10 00:00:00,0.0
2025-02-10 01:00:00,0.0
2025-02-10 02:00:00,0.0
2025-02-10 03:00:00,0.0
2025-02-10 04:00:00,0.0
2025-02-10 05:00:00,0.0
2025-02-10 06:00:00,0.0
2025-02-10 07:00:00,8.553248220778478
2025-02-10 08:00:00,88.06016171042808
2025-02-10 09:00:00,168.2664556661154
2025-02-10 10:00:00,222.72501475363848
2025-02-10 11:00:00,239.94578509602945
2025-02-10 12:00:00,222.06631166860726
2025-02-10 13:00:00,168.08196017353987
2025-02-10 14:00:00,92.65647532382584
2025-02-10 15:00:00,12.938695805606919
2025-02-10 16:00:00,0.0
2025-02-10 17:00:00,0.0
2025-02-10 18:00:00,0.0
2025-02-10 19:00:00,0.0
2025-02-10 20:00:00,0.0
2025-02-10 21:00:00,0.0
2025-02-10 22:00:00,0.0
2025-02-10 23:00:00,0.0
2025-02-11 00:00:00,0.0
2025-02-11 01:00:00,0.0
2025-02-11 02:00:00,0.0
2025-02-11 03:00:00,0.0
2025-02-11 04:00:00,0.0
2025-02-11 05:00:00,0.0
2025-02-11 06:00:00,0.0
2025-02-11 07:00:00,6.262349257878822
2025-02-11 08:00:00,44.64134977841469
2025-02-11 09:00:00,99.77709510006602
2025-02-11 10:00:00,72.31487832239564
2025-02-11 11:00:00,77.10702207510927
2025-02-11 12:00:00,71.89269130659713
2025-02-11 13:00:00,53.464270483857675
2025-02-11 14:00:00,37.67752614148421
2025-02-11 15:00:00,5.701150170116077
2025-02-11 16:00:00,0.0
2025-02-11 17:00:00,0.0
2025-02-11 18:00:00,0.0
2025-02-11 19:00:00,0.0
2025-02-11 20:00:00,0.0
2025-02-11 21:00:00,0.0
2025-02-11 22:00:00,0.0
2025-02-11 23:00:00,0.0
2025-02-12 00:00:00,0.0
2025-02-12 01:00:00,0.0
2025-02-12 02:00:00,0.0
2025-02-12 03:00:00,0.0
2025-02-12 04:00:00,0.0
2025-02-12 05:00:00,0.0
2025-02-12 06:00:00,0.0
2025-02-12 07:00:00,0.0
2025-02-12 08:00:00,0.0
2025-02-12 09:00:00,0.0
2025-02-12 10:00:00,0.0
2025-02-12 11:00:00,0.0
2025-02-12 12:00:00,0.0
2025-02-12 13:00:00,0.0
2025-02-12 14:00:00,0.0
2025-02-12 15:00:00,0.0
2025-02-12 16:00:00,0.0
2025-02-12 17:00:00,0.0
2025-02-12 18:00:00,0.0
2025-02-12 19:00:00,0.0
2025-02-12 20:00:00,0.0
2025-02-12 21:00:00,0.0
2025-02-12 22:00:00,0.0
2025-02-12 23:00:00,0.0
2025-02-13 00:00:00,0.0
2025-02-13 01:00:00,0.0
2025-02-13 02:00:00,0.0
2025-02-13 03:00:00,0.0
2025-02-13 04:00:00,0.0
2025-02-13 05:00:00,0.0
2025-02-13 06:00:00,0.0
2025-02-13 07:00:00,6.232095802797219
2025-02-13 08:00:00,44.65155005081772
2025-02-13 09:00:00,154.46020003944986
2025-02-13 10:00:00,222.79591586059644
2025-02-13 11:00:00,239.42760305106597
2025-02-13 12:00:00,238.98456486504153
2025-02-13 13:00:00,181.50898453767502
2025-02-13 14:00:00,93.49350029752479
2025-02-13 15:00:00,24.05668438509757
2025-02-13 16:00:00,0.0
2025-02-13 17:00:00,0.0
2025-02-13 18:00:00,0.0
2025-02-13 19:00:00,0.0
2025-02-13 20:00:00,0.0
2025-02-13 21:00:00,0.0
2025-02-13 22:00:00,0.0
2025-02-13 23:00:00,0.0
2025-02-14 00:00:00,0.0
2025-02-14 01:00:00,0.0
2025-02-14 02:00:00,0.0
2025-02-14 03:00:00,0.0
2025-02-14 04:00:00,0.0
2025-02-14 05:00:00,0.0
2025-02-14 06:00:00,0.0
2025-02-14 07:00:00,5.181908060995484
2025-02-14 08:00:00,49.32465309384653
2025-02-14 09:00:00,79.38262894390972
2025-02-14 10:00:00,109.38178930113972
2025-02-14 11:00:00,93.73345052697948
2025-02-14 12:00:00,251.65346552124754
2025-02-14 13:00:00,174.566784322268
2025-02-14 14:00:00,104.80734051448039
2025-02-14 15:00:00,5.177645089550745
2025-02-14 16:00:00,0.0
2025-02-14 17:00:00,0.0
2025-02-14 18:00:00,0.0
2025-02-14 19:00:00,0.0
2025-02-14 20:00:00,0.0
2025-02-14 21:00:00,0.0
2025-02-14 22:00:00,0.0
2025-02-14 23:00:00,0.0
2025-02-15 00:00:00,0.0
2025-02-15 01:00:00,0.0
2025-02-15 02:00:00,0.0
2025-02-15 03:00:00,0.0
2025-02-15 04:00:00,0.0
2025-02-15 05:00:00,0.0
2025-02-15 06:00:00,0.0
2025-02-15 07:00:00,4.664136127971268
2025-02-15 08:00:00,32.718051821213805
2025-02-15 09:00:00,171.9045770660642
2025-02-15 10:00:00,208.07200826976114
2025-02-15 11:00:00,195.40531350108574
2025-02-15 12:00:00,143.09562270689207
2025-02-15 13:00:00,68.14075388153582
2025-02-15 14:00:00,35.46027847034151
2025-02-15 15:00:00,24.926555011285096
2025-02-15 16:00:00,0.0
2025-02-15 17:00:00,0.0
2025-02-15 18:00:00,0.0
2025-02-15 19:00:00,0.0
2025-02-15 20:00:00,0.0
2025-02-15 21:00:00,0.0
2025-02-15 22:00:00,0.0
2025-02-15 23:00:00,0.0
2025-02-16 00:00:00,0.0
2025-02-16 01:00:00,0.0
2025-02-16 02:00:00,0.0
2025-02-16 03:00:00,0.0
2025-02-16 04:00:00,0.0
2025-02-16 05:00:00,0.0
2025-02-16 06:00:00,0.0
2025-02-16 07:00:00,28.661262697441945
2025-02-16 08:00:00,120.07467549466335
2025-02-16 09:00:00,177.23430306286173
2025-02-16 10:00:00,220.9439694591648
2025-02-16 11:00:00,265.15896638383254
2025-02-16 12:00:00,263.1370841786053
2025-02-16 13:00:00,138.05400324018444
2025-02-16 14:00:00,113.44861379696225
2025-02-16 15:00:00,29.85083078767125
2025-02-16 16:00:00,0.0
2025-02-16 17:00:00,0.0
2025-02-16 18:00:00,0.0
2025-02-16 19:00:00,0.0
2025-02-16 20:00:00,0.0
2025-02-16 21:00:00,0.0
2025-02-16 22:00:00,0.0
2025-02-16 23:00:00,0.0
2025-02-17 00:00:00,0.0
2025-02-17 01:00:00,0.0
2025-02-17 02:00:00,0.0
2025-02-17 03:00:00,0.0
2025-02-17 04:00:00,0.0
2025-02-17 05:00:00,0.0
2025-02-17 06:00:00,0.0
2025-02-17 07:00:00,13.82916606700349
2025-02-17 08:00:00,37.60474268114732
2025-02-17 09:00:00,94.30160939721573
2025-02-17 10:00:00,119.0115589864903
2025-02-17 11:00:00,236.12591085230093
2025-02-17 12:00:00,209.1545064943088
2025-02-17 13:00:00,170.95230379665944
2025-02-17 14:00:00,96.06249619279252
2025-02-17 15:00:00,11.904147341885364
2025-02-17 16:00:00,0.0
2025-02-17 17:00:00,0.0
2025-02-17 18:00:00,0.0
2025-02-17 19:00:00,0.0
2025-02-17 20:00:00,0.0
2025-02-17 21:00:00,0.0
2025-02-17 22:00:00,0.0
2025-02-17 23:00:00,0.0
2025-02-18 00:00:00,0.0
2025-02-18 01:00:00,0.0
2025-02-18 02:00:00,0.0
2025-02-18 03:00:00,0.0
2025-02-18 04:00:00,0.0
2025-02-18 05:00:00,0.0
2025-02-18 06:00:00,0.0
2025-02-18 07:00:00,37.46925729905832
2025-02-18 08:00:00,125.6392060877938
2025-02-18 09:00:00,120.60987165283565
2025-02-18 10:00:00,238.4433167522951
2025-02-18 11:00:00,165.1185691126468
2025-02-18 12:00:00,234.5573318594687
2025-02-18 13:00:00,209.33722145088112
2025-02-18 14:00:00,42.67851556778786
2025-02-18 15:00:00,40.45891403746153
2025-02-18 16:00:00,0.0
2025-02-18 17:00:00,0.0
2025-02-18 18:00:00,0.0
2025-02-18 19:00:00,0.0
2025-02-18 20:00:00,0.0
2025-02-18 21:00:00,0.0
2025-02-18 22:00:00,0.0
2025-02-18 23:00:00,0.0
2025-02-19 00:00:00,0.0
2025-02-19 01:00:00,0.0
2025-02-19 02:00:00,0.0
2025-02-19 03:00:00,0.0
2025-02-19 04:00:00,0.0
2025-02-19 05:00:00,0.0
2025-02-19 06:00:00,0.0
2025-02-19 07:00:00,40.39743586790658
2025-02-19 08:00:00,131.6498840614801
2025-02-19 09:00:00,219.9424546606495
2025-02-19 10:00:00,278.27718474237616
2025-02-19 11:00:00,299.41411735905785
2025-02-19 12:00:00,278.47516160046916
2025-02-19 13:00:00,221.46802484335538
2025-02-19 14:00:00,141.13950001459077
2025-02-19 15:00:00,40.80368731558893
2025-02-19 16:00:00,0.0
2025-02-19 17:00:00,0.0
2025-02-19 18:00:00,0.0
2025-02-19 19:00:00,0.0
2025-02-19 20:00:00,0.0
2025-02-19 21:00:00,0.0
2025-02-19 22:00:00,0.0
2025-02-19 23:00:00,0.0
2025-02-20 00:00:00,0.0
2025-02-20 01:00:00,0.0
2025-02-20 02:00:00,0.0
2025-02-20 03:00:00,0.0
2025-02-20 04:00:00,0.0
2025-02-20 05:00:00,0.0
2025-02-20 06:00:00,0.0
2025-02-20 07:00:00,43.49079541798111
2025-02-20 08:00:00,140.4064576017204
2025-02-20 09:00:00,223.39458742527862
2025-02-20 10:00:00,286.554657133617
2025-02-20 11:00:00,309.46386705853786
2025-02-20 12:00:00,264.6537402216483
2025-02-20 13:00:00,205.0450321936967
2025-02-20 14:00:00,124.61356551970222
2025-02-20 15:00:00,37.31930466690773
2025-02-20 16:00:00,0.0
2025-02-20 17:00:00,0.0
2025-02-20 18:00:00,0.0
2025-02-20 19:00:00,0.0
2025-02-20 20:00:00,0.0
2025-02-20 21:00:00,0.0
2025-02-20 22:00:00,0.0
2025-02-20 23:00:00,0.0
2025-02-21 00:00:00,0.0
2025-02-21 01:00:00,0.0
2025-02-21 02:00:00,0.0
2025-02-21 03:00:00,0.0
2025-02-21 04:00:00,0.0
2025-02-21 05:00:00,0.0
2025-02-21 06:00:00,0.0
2025-02-21 07:00:00,9.236820823392065
2025-02-21 08:00:00,37.86125858344357
2025-02-21 09:00:00,65.94049221020818
2025-02-21 10:00:00,87.88175737095978
2025-02-21 11:00:00,93.46461208998964
2025-02-21 12:00:00,86.07595462330835
2025-02-21 13:00:00,66.66862374262014
2025-02-21 14:00:00,40.40194840418815
2025-02-21 15:00:00,11.129102818596479
2025-02-21 16:00:00,0.0
2025-02-21 17:00:00,0.0
2025-02-21 18:00:00,0.0
2025-02-21 19:00:00,0.0
2025-02-21 20:00:00,0.0
2025-02-21 21:00:00,0.0
2025-02-21 22:00:00,0.0
2025-02-21 23:00:00,0.0
2025-02-22 00:00:00,0.0
2025-02-22 01:00:00,0.0
2025-02-22 02:00:00,0.0
2025-02-22 03:00:00,0.0
2025-02-22 04:00:00,0.0
2025-02-22 05:00:00,0.0
2025-02-22 06:00:00,0.0
2025-02-22 07:00:00,9.538664412236999
2025-02-22 08:00:00,37.868125521220875
2025-02-22 09:00:00,68.06701544380414
2025-02-22 10:00:00,86.02284387276852
2025-02-22 11:00:00,96.38367248014941
2025-02-22 12:00:00,174.9275748035613
2025-02-22 13:00:00,107.06883349672974
2025-02-22 14:00:00,94.24819957782108
2025-02-22 15:00:00,31.857397890973417
2025-02-22 16:00:00,0.0
2025-02-22 17:00:00,0.0
2025-02-22 18:00:00,0.0
2025-02-22 19:00:00,0.0
2025-02-22 20:00:00,0.0
2025-02-22 21:00:00,0.0
2025-02-22 22:00:00,0.0
2025-02-22 23:00:00,0.0
2025-02-23 00:00:00,0.0
2025-02-23 01:00:00,0.0
2025-02-23 02:00:00,0.0
2025-02-23 03:00:00,0.0
2025-02-23 04:00:00,0.0
2025-02-23 05:00:00,0.0
2025-02-23 06:00:00,0.0
2025-02-23 07:00:00,10.087062008824491
2025-02-23 08:00:00,40.45745444873194
2025-02-23 09:00:00,68.154088551613
2025-02-23 10:00:00,83.71295645442098
2025-02-23 11:00:00,94.37217972017412
2025-02-23 12:00:00,87.84724177414066
2025-02-23 13:00:00,75.06497378694363
2025-02-23 14:00:00,44.0622294058473
2025-02-23 15:00:00,14.299492517569961
2025-02-23 16:00:00,0.0
2025-02-23 17:00:00,0.0
2025-02-23 18:00:00,0.0
2025-02-23 19:00:00,0.0
2025-02-23 20:00:00,0.0
2025-02-23 21:00:00,0.0
2025-02-23 22:00:00,0.0
2025-02-23 23:00:00,0.0
2025-02-24 00:00:00,0.0
2025-02-24 01:00:00,0.0
2025-02-24 02:00:00,0.0
2025-02-24 03:00:00,0.0
2025-02-24 04:00:00,0.0
2025-02-24 05:00:00,0.0
2025-02-24 06:00:00,0.0
2025-02-24 07:00:00,16.284383257848365
2025-02-24 08:00:00,49.38555602474365
2025-02-24 09:00:00,91.95718286535536
2025-02-24 10:00:00,94.24761449912656
2025-02-24 11:00:00,156.05147300895126
2025-02-24 12:00:00,93.0658735209248
2025-02-24 13:00:00,111.42732872461713
2025-02-24 14:00:00,91.02213825996655
2025-02-24 15:00:00,25.467277608816794
2025-02-24 16:00:00,0.0
2025-02-24 17:00:00,0.0
2025-02-24 18:00:00,0.0
2025-02-24 19:00:00,0.0
2025-02-24 20:00:00,0.0
2025-02-24 21:00:00,0.0
2025-02-24 22:00:00,0.0
2025-02-24 23:00:00,0.0
2025-02-25 00:00:00,0.0
2025-02-25 01:00:00,0.0
2025-02-25 02:00:00,0.0
2025-02-25 03:00:00,0.0
2025-02-25 04:00:00,0.0
2025-02-25 05:00:00,0.0
2025-02-25 06:00:00,0.0
2025-02-25 07:00:00,15.130246559822599
2025-02-25 08:00:00,48.38784271559419
2025-02-25 09:00:00,75.26946580840452
2025-02-25 10:00:00,97.92380202860912
2025-02-25 11:00:00,102.45084568615414
2025-02-25 12:00:00,94.17366685563279
2025-02-25 13:00:00,76.82924610147249
2025-02-25 14:00:00,48.9448617368991
2025-02-25 15:00:00,17.050623458613813
2025-02-25 16:00:00,0.0
2025-02-25 17:00:00,0.0
2025-02-25 18:00:00,0.0
2025-02-25 19:00:00,0.0
2025-02-25 20:00:00,0.0
2025-02-25 21:00:00,0.0
2025-02-25 22:00:00,0.0
2025-02-25 23:00:00,0.0
2025-02-26 00:00:00,0.0
2025-02-26 01:00:00,0.0
2025-02-26 02:00:00,0.0
2025-02-26 03:00:00,0.0
2025-02-26 04:00:00,0.0
2025-02-26 05:00:00,0.0
2025-02-26 06:00:00,0.0
2025-02-26 07:00:00,28.733210429979188
2025-02-26 08:00:00,136.39969173130962
2025-02-26 09:00:00,255.37478412318143
2025-02-26 10:00:00,195.48859499868112
2025-02-26 11:00:00,108.71820685044706
2025-02-26 12:00:00,104.68860718445765
2025-02-26 13:00:00,93.26041099293361
2025-02-26 14:00:00,54.5391477110991
2025-02-26 15:00:00,23.80638649726312
2025-02-26 16:00:00,0.0
2025-02-26 17:00:00,0.0
2025-02-26 18:00:00,0.0
2025-02-26 19:00:00,0.0
2025-02-26 20:00:00,0.0
2025-02-26 21:00:00,0.0
2025-02-26 22:00:00,0.0
2025-02-26 23:00:00,0.0
2025-02-27 00:00:00,0.0
2025-02-27 01:00:00,0.0
2025-02-27 02:00:00,0.0
2025-02-27 03:00:00,0.0
2025-02-27 04:00:00,0.0
2025-02-27 05:00:00,0.0
2025-02-27 06:00:00,0.0
2025-02-27 07:00:00,18.430124220800607
2025-02-27 08:00:00,77.15946907601129
2025-02-27 09:00:00,81.64629073774935
2025-02-27 10:00:00,103.14049368207132
2025-02-27 11:00:00,110.52093115156224
2025-02-27 12:00:00,104.45692529608507
2025-02-27 13:00:00,82.91290564470802
2025-02-27 14:00:00,53.964969468594944
2025-02-27 15:00:00,20.277834417633187
2025-02-27 16:00:00,0.0
2025-02-27 17:00:00,0.0
2025-02-27 18:00:00,0.0
2025-02-27 19:00:00,0.0
2025-02-27 20:00:00,0.0
2025-02-27 21:00:00,0.0
2025-02-27 22:00:00,0.0
2025-02-27 23:00:00,0.0
2025-02-28 00:00:00,0.0
2025-02-28 01:00:00,0.0
2025-02-28 02:00:00,0.0
2025-02-28 03:00:00,0.0
2025-02-28 04:00:00,0.0
2025-02-28 05:00:00,0.0
2025-02-28 06:00:00,0.0
2025-02-28 07:00:00,22.264543332299787
2025-02-28 08:00:00,57.08861375678264
2025-02-28 09:00:00,87.51843661811634
2025-02-28 10:00:00,108.35519891633582
2025-02-28 11:00:00,113.03432578796141
2025-02-28 12:00:00,108.54127635678611
2025-02-28 13:00:00,170.01626750551347
2025-02-28 14:00:00,165.2938055406852
2025-02-28 15:00:00,79.88334843224499
2025-02-28 16:00:00,2.4905081851451314
2025-02-28 17:00:00,0.0
2025-02-28 18:00:00,0.0
2025-02-28 19:00:00,0.0
2025-02-28 20:00:00,0.0
2025-02-28 21:00:00,0.0
2025-02-28 22:00:00,0.0
2025-02-28 23:00:00,0.0
2025-03-01 00:00:00,0.0
2025-03-01 01:00:00,0.0
2025-03-01 02:00:00,0.0
2025-03-01 03:00:00,0.0
2025-03-01 04:00:00,0.0
2025-03-01 05:00:00,0.0
2025-03-01 06:00:00,0.3947787091673689
2025-03-01 07:00:00,31.690404036374805
2025-03-01 08:00:00,74.9225199148921
2025-03-01 09:00:00,119.20740724910493
2025-03-01 10:00:00,119.37674680225628
2025-03-01 11:00:00,111.35062700383487
2025-03-01 12:00:00,118.10784976431663
2025-03-01 13:00:00,161.00534985892318
2025-03-01 14:00:00,63.75245787330681
2025-03-01 15:00:00,22.171321187186997
2025-03-01 16:00:00,0.0
2025-03-01 17:00:00,0.0
2025-03-01 18:00:00,0.0
2025-03-01 19:00:00,0.0
2025-03-01 20:00:00,0.0
2025-03-01 21:00:00,0.0
2025-03-01 22:00:00,0.0
2025-03-01 23:00:00,0.0
2025-03-02 00:00:00,0.0
2025-03-02 01:00:00,0.0
2025-03-02 02:00:00,0.0
2025-03-02 03:00:00,0.0
2025-03-02 04:00:00,0.0
2025-03-02 05:00:00,0.0
2025-03-02 06:00:00,4.160379317334844
2025-03-02 07:00:00,64.22184523539865
2025-03-02 08:00:00,118.63889798778146
2025-03-02 09:00:00,219.0699499003673
2025-03-02 10:00:00,316.74412666450934
2025-03-02 11:00:00,329.09020028318054
2025-03-02 12:00:00,247.78256014839576
2025-03-02 13:00:00,219.41273768419933
2025-03-02 14:00:00,139.3094349705892
2025-03-02 15:00:00,81.82482981790004
2025-03-02 16:00:00,3.2031464323394925
2025-03-02 17:00:00,0.0
2025-03-02 18:00:00,0.0
2025-03-02 19:00:00,0.0
2025-03-02 20:00:00,0.0
2025-03-02 21:00:00,0.0
2025-03-02 22:00:00,0.0
2025-03-02 23:00:00,0.0
2025-03-03 00:00:00,0.0
2025-03-03 01:00:00,0.0
2025-03-03 02:00:00,0.0
2025-03-03 03:00:00,0.0
2025-03-03 04:00:00,0.0
2025-03-03 05:00:00,0.0
2025-03-03 06:00:00,6.106062355563818
2025-03-03 07:00:00,70.99062304546925
2025-03-03 08:00:00,169.75130741445184
2025-03-03 09:00:00,260.8863735340436
2025-03-03 10:00:00,342.0615367691383
2025-03-03 11:00:00,361.92111006440575
2025-03-03 12:00:00,344.53604253126036
2025-03-03 13:00:00,292.844094098485
2025-03-03 14:00:00,193.6706946140907
2025-03-03 15:00:00,61.649304831918286
2025-03-03 16:00:00,5.151173566520647
2025-03-03 17:00:00,0.0
2025-03-03 18:00:00,0.0
2025-03-03 19:00:00,0.0
2025-03-03 20:00:00,0.0
2025-03-03 21:00:00,0.0
2025-03-03 22:00:00,0.0
2025-03-03 23:00:00,0.0
2025-03-04 00:00:00,0.0
2025-03-04 01:00:00,0.0
2025-03-04 02:00:00,0.0
2025-03-04 03:00:00,0.0
2025-03-04 04:00:00,0.0
2025-03-04 05:00:00,0.0
2025-03-04 06:00:00,8.418027865689481
2025-03-04 07:00:00,74.4219566901959
2025-03-04 08:00:00,142.2252459518592
2025-03-04 09:00:00,234.25850069930803
2025-03-04 10:00:00,245.75438517771607
2025-03-04 11:00:00,340.99207343296274
2025-03-04 12:00:00,314.45523487952823
2025-03-04 13:00:00,133.94059404998075
2025-03-04 14:00:00,141.59089246275946
2025-03-04 15:00:00,72.20335025454878
2025-03-04 16:00:00,7.933696272030328
2025-03-04 17:00:00,0.0
2025-03-04 18:00:00,0.0
2025-03-04 19:00:00,0.0
2025-03-04 20:00:00,0.0
2025-03-04 21:00:00,0.0
2025-03-04 22:00:00,0.0
2025-03-04 23:00:00,0.0
2025-03-05 00:00:00,0.0
2025-03-05 01:00:00,0.0
2025-03-05 02:00:00,0.0
2025-03-05 03:00:00,0.0
2025-03-05 04:00:00,0.0
2025-03-05 05:00:00,0.0
2025-03-05 06:00:00,7.575242202371815
2025-03-05 07:00:00,44.09031358221792
2025-03-05 08:00:00,103.22943869984645
2025-03-05 09:00:00,185.0968228604918
2025-03-05 10:00:00,207.35131149620338
2025-03-05 11:00:00,246.72241088720153
2025-03-05 12:00:00,287.65663353417835
2025-03-05 13:00:00,267.24038734829435
2025-03-05 14:00:00,148.36189262568408
2025-03-05 15:00:00,99.95657559896502
2025-03-05 16:00:00,7.557052449651134
2025-03-05 17:00:00,0.0
2025-03-05 18:00:00,0.0
2025-03-05 19:00:00,0.0
2025-03-05 20:00:00,0.0
2025-03-05 21:00:00,0.0
2025-03-05 22:00:00,0.0
2025-03-05 23:00:00,0.0
2025-03-06 00:00:00,0.0
2025-03-06 01:00:00,0.0
2025-03-06 02:00:00,0.0
2025-03-06 03:00:00,0.0
2025-03-06 04:00:00,0.0
2025-03-06 05:00:00,0.0
2025-03-06 06:00:00,6.692798721771865
2025-03-06 07:00:00,87.4875511823544
2025-03-06 08:00:00,104.44978044191241
2025-03-06 09:00:00,261.7404795836876
2025-03-06 10:00:00,271.21186701699276
2025-03-06 11:00:00,253.08388585284612
2025-03-06 12:00:00,260.59198728965066
2025-03-06 13:00:00,277.8234058245589
2025-03-06 14:00:00,210.03144633815094
2025-03-06 15:00:00,110.38087946686305
2025-03-06 16:00:00,15.576092232989607
2025-03-06 17:00:00,0.0
2025-03-06 18:00:00,0.0
2025-03-06 19:00:00,0.0
2025-03-06 20:00:00,0.0
2025-03-06 21:00:00,0.0
2025-03-06 22:00:00,0.0
2025-03-06 23:00:00,0.0
2025-03-07 00:00:00,0.0
2025-03-07 01:00:00,0.0
2025-03-07 02:00:00,0.0
2025-03-07 03:00:00,0.0
2025-03-07 04:00:00,0.0
2025-03-07 05:00:00,0.0
2025-03-07 06:00:00,3.5089934477346327
2025-03-07 07:00:00,36.068370001372756
2025-03-07 08:00:00,67.41891489810007
2025-03-07 09:00:00,98.26865907783052
2025-03-07 10:00:00,170.24599754405432
2025-03-07 11:00:00,370.7022188115709
2025-03-07 12:00:00,356.65616941255877
2025-03-07 13:00:00,302.0815874277091
2025-03-07 14:00:00,215.91939601316824
2025-03-07 15:00:00,110.29181766006673
2025-03-07 16:00:00,17.747521634240883
2025-03-07 17:00:00,0.0
2025-03-07 18:00:00,0.0
2025-03-07 19:00:00,0.0
2025-03-07 20:00:00,0.0
2025-03-07 21:00:00,0.0
2025-03-07 22:00:00,0.0
2025-03-07 23:00:00,0.0
2025-03-08 00:00:00,0.0
2025-03-08 01:00:00,0.0
2025-03-08 02:00:00,0.0
2025-03-08 03:00:00,0.0
2025-03-08 04:00:00,0.0
2025-03-08 05:00:00,0.0
2025-03-08 06:00:00,20.053009955611063
2025-03-08 07:00:00,108.37038540122587
2025-03-08 08:00:00,227.39806021570243
2025-03-08 09:00:00,309.40151773712427
2025-03-08 10:00:00,370.92328815181077
2025-03-08 11:00:00,343.80821222415307
2025-03-08 12:00:00,322.6626430673359
2025-03-08 13:00:00,278.0152326633819
2025-03-08 14:00:00,226.28520049070912
2025-03-08 15:00:00,105.27677344412763
2025-03-08 16:00:00,11.723459703495774
2025-03-08 17:00:00,0.0
2025-03-08 18:00:00,0.0
2025-03-08 19:00:00,0.0
2025-03-08 20:00:00,0.0
2025-03-08 21:00:00,0.0
2025-03-08 22:00:00,0.0
2025-03-08 23:00:00,0.0
2025-03-09 00:00:00,0.0
2025-03-09 01:00:00,0.0
2025-03-09 02:00:00,0.0
2025-03-09 03:00:00,0.0
2025-03-09 04:00:00,0.0
2025-03-09 05:00:00,0.0
2025-03-09 06:00:00,4.633469323025318
2025-03-09 07:00:00,35.73933766102224
2025-03-09 08:00:00,151.31175862757402
2025-03-09 09:00:00,234.57688233059272
2025-03-09 10:00:00,317.2856753338159
2025-03-09 11:00:00,278.14605860504474
2025-03-09 12:00:00,360.46735199275207
2025-03-09 13:00:00,294.0323648631717
2025-03-09 14:00:00,194.94445131247122
2025-03-09 15:00:00,103.88024445962776
2025-03-09 16:00:00,13.57708517948964
2025-03-09 17:00:00,0.0
2025-03-09 18:00:00,0.0
2025-03-09 19:00:00,0.0
2025-03-09 20:00:00,0.0
2025-03-09 21:00:00,0.0
2025-03-09 22:00:00,0.0
2025-03-09 23:00:00,0.0
2025-03-10 00:00:00,0.0
2025-03-10 01:00:00,0.0
2025-03-10 02:00:00,0.0
2025-03-10 03:00:00,0.0
2025-03-10 04:00:00,0.0
2025-03-10 05:00:00,0.0
2025-03-10 06:00:00,5.605304169516759
2025-03-10 07:00:00,36.80694544116192
2025-03-10 08:00:00,71.98552756984456
2025-03-10 09:00:00,102.6705402492766
2025-03-10 10:00:00,119.21569700169454
2025-03-10 11:00:00,124.79699816275256
2025-03-10 12:00:00,118.1536741312777
2025-03-10 13:00:00,97.0255705464561
2025-03-10 14:00:00,65.38868119039009
2025-03-10 15:00:00,31.550106209424893
2025-03-10 16:00:00,3.9934657592989504
2025-03-10 17:00:00,0.0
2025-03-10 18:00:00,0.0
2025-03-10 19:00:00,0.0
2025-03-10 20:00:00,0.0
2025-03-10 21:00:00,0.0
2025-03-10 22:00:00,0.0
2025-03-10 23:00:00,0.0
2025-03-11 00:00:00,0.0
2025-03-11 01:00:00,0.0
2025-03-11 02:00:00,0.0
2025-03-11 03:00:00,0.0
2025-03-11 04:00:00,0.0
2025-03-11 05:00:00,0.0
2025-03-11 06:00:00,8.417599218942621
2025-03-11 07:00:00,42.58859877629732
2025-03-11 08:00:00,82.52803697274119
2025-03-11 09:00:00,116.98817994230511
2025-03-11 10:00:00,198.51394913831936
2025-03-11 11:00:00,193.33558850581673
2025-03-11 12:00:00,264.27071428109025
2025-03-11 13:00:00,135.75116880849524
2025-03-11 14:00:00,86.86661984212877
2025-03-11 15:00:00,61.98857138519425
2025-03-11 16:00:00,6.5674225775013175
2025-03-11 17:00:00,0.0
2025-03-11 18:00:00,0.0
2025-03-11 19:00:00,0.0
2025-03-11 20:00:00,0.0
2025-03-11 21:00:00,0.0
2025-03-11 22:00:00,0.0
2025-03-11 23:00:00,0.0
2025-03-12 00:00:00,0.0
2025-03-12 01:00:00,0.0
2025-03-12 02:00:00,0.0
2025-03-12 03:00:00,0.0
2025-03-12 04:00:00,0.0
2025-03-12 05:00:00,0.0
2025-03-12 06:00:00,8.46482137355141
2025-03-12 07:00:00,60.188817600978545
2025-03-12 08:00:00,80.71102686001451
2025-03-12 09:00:00,109.42954486789054
2025-03-12 10:00:00,129.49159237390353
2025-03-12 11:00:00,134.9340263405969
2025-03-12 12:00:00,128.9578768655575
2025-03-12 13:00:00,106.78649846301076
2025-03-12 14:00:00,76.31081262146763
2025-03-12 15:00:00,39.56001157951083
2025-03-12 16:00:00,6.562616906609248
2025-03-12 17:00:00,0.0
2025-03-12 18:00:00,0.0
2025-03-12 19:00:00,0.0
2025-03-12 20:00:00,0.0
2025-03-12 21:00:00,0.0
2025-03-12 22:00:00,0.0
2025-03-12 23:00:00,0.0
2025-03-13 00:00:00,0.0
2025-03-13 01:00:00,0.0
2025-03-13 02:00:00,0.0
2025-03-13 03:00:00,0.0
2025-03-13 04:00:00,0.0
2025-03-13 05:00:00,0.0
2025-03-13 06:00:00,11.693028105226707
2025-03-13 07:00:00,47.692294573615506
2025-03-13 08:00:00,86.11921534497647
2025-03-13 09:00:00,117.97244249312416
2025-03-13 10:00:00,138.05243769127003
2025-03-13 11:00:00,143.47989381945214
2025-03-13 12:00:00,135.08836702877
2025-03-13 13:00:00,112.22961710617327
2025-03-13 14:00:00,86.86017882874826
2025-03-13 15:00:00,65.53541251582982
2025-03-13 16:00:00,12.914030014624922
2025-03-13 17:00:00,0.0
2025-03-13 18:00:00,0.0
2025-03-13 19:00:00,0.0
2025-03-13 20:00:00,0.0
2025-03-13 21:00:00,0.0
2025-03-13 22:00:00,0.0
2025-03-13 23:00:00,0.0
2025-03-14 00:00:00,0.0
2025-03-14 01:00:00,0.0
2025-03-14 02:00:00,0.0
2025-03-14 03:00:00,0.0
2025-03-14 04:00:00,0.0
2025-03-14 05:00:00,0.0
2025-03-14 06:00:00,55.41496007095841
2025-03-14 07:00:00,169.95407888120437
2025-03-14 08:00:00,287.2430114934626
2025-03-14 09:00:00,377.40017409972603
2025-03-14 10:00:00,427.1367138569036
2025-03-14 11:00:00,441.88146204371543
2025-03-14 12:00:00,419.8748743766002
2025-03-14 13:00:00,355.8590089860142
2025-03-14 14:00:00,219.33064023789794
2025-03-14 15:00:00,142.2726837352934
2025-03-14 16:00:00,20.980178123685295
2025-03-14 17:00:00,0.0
2025-03-14 18:00:00,0.0
2025-03-14 19:00:00,0.0
2025-03-14 20:00:00,0.0
2025-03-14 21:00:00,0.0
2025-03-14 22:00:00,0.0
2025-03-14 23:00:00,0.0
2025-03-15 00:00:00,0.0
2025-03-15 01:00:00,0.0
2025-03-15 02:00:00,0.0
2025-03-15 03:00:00,0.0
2025-03-15 04:00:00,0.0
2025-03-15 05:00:00,0.0
2025-03-15 06:00:00,55.316318114989244
2025-03-15 07:00:00,166.9634619452716
2025-03-15 08:00:00,277.09047710618
2025-03-15 09:00:00,343.13895799128596
2025-03-15 10:00:00,317.5815214747872
2025-03-15 11:00:00,300.91943565108267
2025-03-15 12:00:00,259.5035287494166
2025-03-15 13:00:00,344.4745817706116
2025-03-15 14:00:00,246.33763661285766
2025-03-15 15:00:00,122.45467356110589
2025-03-15 16:00:00,40.87237039387192
2025-03-15 17:00:00,0.0
2025-03-15 18:00:00,0.0
2025-03-15 19:00:00,0.0
2025-03-15 20:00:00,0.0
2025-03-15 21:00:00,0.0
2025-03-15 22:00:00,0.0
2025-03-15 23:00:00,0.0
2025-03-16 00:00:00,0.0
2025-03-16 01:00:00,0.0
2025-03-16 02:00:00,0.0
2025-03-16 03:00:00,0.0
2025-03-16 04:00:00,0.0
2025-03-16 05:00:00,0.0
2025-03-16 06:00:00,37.05878555195199
2025-03-16 07:00:00,85.43218380637337
2025-03-16 08:00:00,199.22715754752477
2025-03-16 09:00:00,375.8260189726888
2025-03-16 10:00:00,430.1156174576856
2025-03-16 11:00:00,387.1211984902258
2025-03-16 12:00:00,318.2232105509872
2025-03-16 13:00:00,262.9583518094071
2025-03-16 14:00:00,250.0369431923133
2025-03-16 15:00:00,84.68103586516193
2025-03-16 16:00:00,38.680826563920625
2025-03-16 17:00:00,0.0
2025-03-16 18:00:00,0.0
2025-03-16 19:00:00,0.0
2025-03-16 20:00:00,0.0
2025-03-16 21:00:00,0.0
2025-03-16 22:00:00,0.0
2025-03-16 23:00:00,0.0
2025-03-17 00:00:00,0.0
2025-03-17 01:00:00,0.0
2025-03-17 02:00:00,0.0
2025-03-17 03:00:00,0.0
2025-03-17 04:00:00,0.0
2025-03-17 05:00:00,0.0
2025-03-17 06:00:00,59.24404998202864
2025-03-17 07:00:00,172.24908234624758
2025-03-17 08:00:00,281.8960593665343
2025-03-17 09:00:00,356.9827523577968
2025-03-17 10:00:00,378.0284211370085
2025-03-17 11:00:00,378.07847586529346
2025-03-17 12:00:00,400.47510854470073
2025-03-17 13:00:00,307.8256772718566
2025-03-17 14:00:00,257.5006593151283
2025-03-17 15:00:00,51.855375788481865
2025-03-17 16:00:00,14.779550797507834
2025-03-17 17:00:00,0.0
2025-03-17 18:00:00,0.0
2025-03-17 19:00:00,0.0
2025-03-17 20:00:00,0.0
2025-03-17 21:00:00,0.0
2025-03-17 22:00:00,0.0
2025-03-17 23:00:00,0.0
2025-03-18 00:00:00,0.0
2025-03-18 01:00:00,0.0
2025-03-18 02:00:00,0.0
2025-03-18 03:00:00,0.0
2025-03-18 04:00:00,0.0
2025-03-18 05:00:00,0.0
2025-03-18 06:00:00,52.85007620482752
2025-03-18 07:00:00,108.10321249853013
2025-03-18 08:00:00,224.52935709239142
2025-03-18 09:00:00,339.3985588557878
2025-03-18 10:00:00,389.3825835266764
2025-03-18 11:00:00,412.87107045466456
2025-03-18 12:00:00,354.3332774434904
2025-03-18 13:00:00,365.6099872963339
2025-03-18 14:00:00,263.6175122517716
2025-03-18 15:00:00,164.96609670176778
2025-03-18 16:00:00,50.66833537150358
2025-03-18 17:00:00,0.0
2025-03-18 18:00:00,0.0
2025-03-18 19:00:00,0.0
2025-03-18 20:00:00,0.0
2025-03-18 21:00:00,0.0
2025-03-18 22:00:00,0.0
2025-03-18 23:00:00,0.0
2025-03-19 00:00:00,0.0
2025-03-19 01:00:00,0.0
2025-03-19 02:00:00,0.0
2025-03-19 03:00:00,0.0
2025-03-19 04:00:00,0.0
2025-03-19 05:00:00,0.0
2025-03-19 06:00:00,47.43059797020395
2025-03-19 07:00:00,139.7051734149169
2025-03-19 08:00:00,262.6324714172677
2025-03-19 09:00:00,320.54326311305795
2025-03-19 10:00:00,418.4912337210374
2025-03-19 11:00:00,461.0011032720043
2025-03-19 12:00:00,442.43813829542364
2025-03-19 13:00:00,382.9967924260644
2025-03-19 14:00:00,290.16776287645166
2025-03-19 15:00:00,178.48019681531608
2025-03-19 16:00:00,62.512848808261246
2025-03-19 17:00:00,0.0
2025-03-19 18:00:00,0.0
2025-03-19 19:00:00,0.0
2025-03-19 20:00:00,0.0
2025-03-19 21:00:00,0.0
2025-03-19 22:00:00,0.0
2025-03-19 23:00:00,0.0
2025-03-20 00:00:00,0.0
2025-03-20 01:00:00,0.0
2025-03-20 02:00:00,0.0
2025-03-20 03:00:00,0.0
2025-03-20 04:00:00,0.0
2025-03-20 05:00:00,0.0
2025-03-20 06:00:00,57.610154069634326
2025-03-20 07:00:00,142.51338163052765
2025-03-20 08:00:00,292.877194885404
2025-03-20 09:00:00,351.5823803677316
2025-03-20 10:00:00,250.26026783397668
2025-03-20 11:00:00,446.86992346520776
2025-03-20 12:00:00,414.7721442110269
2025-03-20 13:00:00,382.8197431454394
2025-03-20 14:00:00,200.3806633983895
2025-03-20 15:00:00,168.32718599536665
2025-03-20 16:00:00,61.05695559048121
2025-03-20 17:00:00,0.0
2025-03-20 18:00:00,0.0
2025-03-20 19:00:00,0.0
2025-03-20 20:00:00,0.0
2025-03-20 21:00:00,0.0
2025-03-20 22:00:00,0.0
2025-03-20 23:00:00,0.0
2025-03-21 00:00:00,0.0
2025-03-21 01:00:00,0.0
2025-03-21 02:00:00,0.0
2025-03-21 03:00:00,0.0
2025-03-21 04:00:00,0.0
2025-03-21 05:00:00,2.2399610760756516
2025-03-21 06:00:00,86.47561254118993
2025-03-21 07:00:00,208.94617270744072
2025-03-21 08:00:00,315.7871497853547
2025-03-21 09:00:00,410.0620931190953
2025-03-21 10:00:00,456.55447850438753
2025-03-21 11:00:00,470.0347775745322
2025-03-21 12:00:00,444.23779911506995
2025-03-21 13:00:00,352.86232038991926
2025-03-21 14:00:00,263.9145769888566
2025-03-21 15:00:00,164.47472936559265
2025-03-21 16:00:00,65.62821947273383
2025-03-21 17:00:00,0.0
2025-03-21 18:00:00,0.0
2025-03-21 19:00:00,0.0
2025-03-21 20:00:00,0.0
2025-03-21 21:00:00,0.0
2025-03-21 22:00:00,0.0
2025-03-21 23:00:00,0.0
2025-03-22 00:00:00,0.0
2025-03-22 01:00:00,0.0
2025-03-22 02:00:00,0.0
2025-03-22 03:00:00,0.0
2025-03-22 04:00:00,0.0
2025-03-22 05:00:00,1.3807042536869516
2025-03-22 06:00:00,33.74868749770405
2025-03-22 07:00:00,78.99903415394134
2025-03-22 08:00:00,105.6084679137315
2025-03-22 09:00:00,161.1264614969055
2025-03-22 10:00:00,340.90814007944505
2025-03-22 11:00:00,430.35897063207983
2025-03-22 12:00:00,386.7059564374535
2025-03-22 13:00:00,272.77570679098613
2025-03-22 14:00:00,249.3502281976439
2025-03-22 15:00:00,180.4539654069209
2025-03-22 16:00:00,68.9175620686706
2025-03-22 17:00:00,0.0
2025-03-22 18:00:00,0.0
2025-03-22 19:00:00,0.0
2025-03-22 20:00:00,0.0
2025-03-22 21:00:00,0.0
2025-03-22 22:00:00,0.0
2025-03-22 23:00:00,0.0
2025-03-23 00:00:00,0.0
2025-03-23 01:00:00,0.0
2025-03-23 02:00:00,0.0
2025-03-23 03:00:00,0.0
2025-03-23 04:00:00,0.0
2025-03-23 05:00:00,7.7739799357676675
2025-03-23 06:00:00,100.81540765620632
2025-03-23 07:00:00,233.00363451999908
2025-03-23 08:00:00,343.66708284851524
2025-03-23 09:00:00,432.02173391930694
2025-03-23 10:00:00,479.7416160930579
2025-03-23 11:00:00,489.97202353689227
2025-03-23 12:00:00,468.40092268095606
2025-03-23 13:00:00,414.7310368834316
2025-03-23 14:00:00,315.61654662067787
2025-03-23 15:00:00,201.70230935890578
2025-03-23 16:00:00,74.82579217797704
2025-03-23 17:00:00,0.6746520695377884
2025-03-23 18:00:00,0.0
2025-03-23 19:00:00,0.0
2025-03-23 20:00:00,0.0
2025-03-23 21:00:00,0.0
2025-03-23 22:00:00,0.0
2025-03-23 23:00:00,0.0
2025-03-24 00:00:00,0.0
2025-03-24 01:00:00,0.0
2025-03-24 02:00:00,0.0
2025-03-24 03:00:00,0.0
2025-03-24 04:00:00,0.0
2025-03-24 05:00:00,8.188747491581758
2025-03-24 06:00:00,96.03232134318968
2025-03-24 07:00:00,216.97824088258102
2025-03-24 08:00:00,328.2570022760196
2025-03-24 09:00:00,413.3865653855622
2025-03-24 10:00:00,460.40112276764376
2025-03-24 11:00:00,468.80026678164836
2025-03-24 12:00:00,386.44469044715976
2025-03-24 13:00:00,375.13601874564625
2025-03-24 14:00:00,242.56817800073185
2025-03-24 15:00:00,132.33900932012003
2025-03-24 16:00:00,55.03508897760829
2025-03-24 17:00:00,0.6860133200689819
2025-03-24 18:00:00,0.0
2025-03-24 19:00:00,0.0
2025-03-24 20:00:00,0.0
2025-03-24 21:00:00,0.0
2025-03-24 22:00:00,0.0
2025-03-24 23:00:00,0.0
2025-03-25 00:00:00,0.0
2025-03-25 01:00:00,0.0
2025-03-25 02:00:00,0.0
2025-03-25 03:00:00,0.0
2025-03-25 04:00:00,0.0
2025-03-25 05:00:00,0.9168562412146448
2025-03-25 06:00:00,26.42232774993498
2025-03-25 07:00:00,59.97205530554092
2025-03-25 08:00:00,101.03918070674126
2025-03-25 09:00:00,135.25084628522512
2025-03-25 10:00:00,153.61701660310538
2025-03-25 11:00:00,158.37068265149105
2025-03-25 12:00:00,150.4455986264331
2025-03-25 13:00:00,129.52528713004483
2025-03-25 14:00:00,98.1583313272832
2025-03-25 15:00:00,58.98847848143032
2025-03-25 16:00:00,22.23475741134625
2025-03-25 17:00:00,0.0
2025-03-25 18:00:00,0.0
2025-03-25 19:00:00,0.0
2025-03-25 20:00:00,0.0
2025-03-25 21:00:00,0.0
2025-03-25 22:00:00,0.0
2025-03-25 23:00:00,0.0
2025-03-26 00:00:00,0.0
2025-03-26 01:00:00,0.0
2025-03-26 02:00:00,0.0
2025-03-26 03:00:00,0.0
2025-03-26 04:00:00,0.0
2025-03-26 05:00:00,1.755788106015038
2025-03-26 06:00:00,30.61386503658698
2025-03-26 07:00:00,68.66953898436708
2025-03-26 08:00:00,132.24657985251662
2025-03-26 09:00:00,145.1856421949806
2025-03-26 10:00:00,163.68425209941879
2025-03-26 11:00:00,263.9043211547757
2025-03-26 12:00:00,202.48439029453667
2025-03-26 13:00:00,171.75925481155764
2025-03-26 14:00:00,171.73150325960498
2025-03-26 15:00:00,166.60807635098195
2025-03-26 16:00:00,81.84523442432423
2025-03-26 17:00:00,4.01182662590347
2025-03-26 18:00:00,0.0
2025-03-26 19:00:00,0.0
2025-03-26 20:00:00,0.0
2025-03-26 21:00:00,0.0
2025-03-26 22:00:00,0.0
2025-03-26 23:00:00,0.0
2025-03-27 00:00:00,0.0
2025-03-27 01:00:00,0.0
2025-03-27 02:00:00,0.0
2025-03-27 03:00:00,0.0
2025-03-27 04:00:00,0.0
2025-03-27 05:00:00,15.790766033150478
2025-03-27 06:00:00,72.84481400952437
2025-03-27 07:00:00,126.4654864651653
2025-03-27 08:00:00,296.9506814428462
2025-03-27 09:00:00,235.24425465399327
2025-03-27 10:00:00,280.15496586415406
2025-03-27 11:00:00,164.64421126526778
2025-03-27 12:00:00,156.61468566322307
2025-03-27 13:00:00,132.8406480234321
2025-03-27 14:00:00,100.74819262396483
2025-03-27 15:00:00,61.30851355522899
2025-03-27 16:00:00,25.850391877633786
2025-03-27 17:00:00,0.0
2025-03-27 18:00:00,0.0
2025-03-27 19:00:00,0.0
2025-03-27 20:00:00,0.0
2025-03-27 21:00:00,0.0
2025-03-27 22:00:00,0.0
2025-03-27 23:00:00,0.0
2025-03-28 00:00:00,0.0
2025-03-28 01:00:00,0.0
2025-03-28 02:00:00,0.0
2025-03-28 03:00:00,0.0
2025-03-28 04:00:00,0.0
2025-03-28 05:00:00,3.711914628234531
2025-03-28 06:00:00,33.39032662383698
2025-03-28 07:00:00,71.60140366788337
2025-03-28 08:00:00,119.26114057317658
2025-03-28 09:00:00,361.7168686027725
2025-03-28 10:00:00,307.2775486334323
2025-03-28 11:00:00,452.645175800007
2025-03-28 12:00:00,476.3662423170616
2025-03-28 13:00:00,420.110275331399
2025-03-28 14:00:00,326.85780295965344
2025-03-28 15:00:00,191.63760174459648
2025-03-28 16:00:00,87.0928224542742
2025-03-28 17:00:00,6.977299940549108
2025-03-28 18:00:00,0.0
2025-03-28 19:00:00,0.0
2025-03-28 20:00:00,0.0
2025-03-28 21:00:00,0.0
2025-03-28 22:00:00,0.0
2025-03-28 23:00:00,0.0
2025-03-29 00:00:00,0.14097494038247382
2025-03-29 01:00:00,0.14097494038247382
2025-03-29 02:00:00,0.14097494038247382
2025-03-29 03:00:00,0.1767603323821481
2025-03-29 04:00:00,0.1784818366506643
2025-03-29 05:00:00,22.76868845149234
2025-03-29 06:00:00,109.51668154551564
2025-03-29 07:00:00,219.3771958271586
2025-03-29 08:00:00,350.6167725734037
2025-03-29 09:00:00,437.8210138095728
2025-03-29 10:00:00,434.49027688332626
2025-03-29 11:00:00,479.5336765026558
2025-03-29 12:00:00,453.7433424222293
2025-03-29 13:00:00,301.7140396789741
2025-03-29 14:00:00,307.0444742967106
2025-03-29 15:00:00,115.20759628664558
2025-03-29 16:00:00,73.4774792212884
2025-03-29 17:00:00,5.30830568059171
2025-03-29 18:00:00,0.145060616748014
2025-03-29 19:00:00,0.11118873169031408
2025-03-29 20:00:00,0.10982983304617298
2025-03-29 21:00:00,0.14097488899623917
2025-03-29 22:00:00,0.14097488899623917
2025-03-29 23:00:00,0.14097494038244895
2025-03-30 00:00:00,0.0
2025-03-30 01:00:00,0.0
2025-03-30 02:00:00,0.0
2025-03-30 03:00:00,0.12096008248064491
2025-03-30 04:00:00,0.122681586749161
2025-03-30 05:00:00,21.93855540866376
2025-03-30 06:00:00,101.58781826589384
2025-03-30 07:00:00,215.83114955477774
2025-03-30 08:00:00,237.19689498502376
2025-03-30 09:00:00,214.35867361994028
2025-03-30 10:00:00,407.0165840277892
2025-03-30 11:00:00,314.6663993522976
2025-03-30 12:00:00,221.95769312715842
2025-03-30 13:00:00,146.97670140037158
2025-03-30 14:00:00,109.46048379681174
2025-03-30 15:00:00,137.59974210145307
2025-03-30 16:00:00,51.08026085067912
2025-03-30 17:00:00,1.633671506658031
2025-03-30 18:00:00,0.0
2025-03-30 19:00:00,0.0
2025-03-30 20:00:00,0.0
2025-03-30 21:00:00,0.0
2025-03-30 22:00:00,0.0
2025-03-30 23:00:00,0.0
2025-03-31 00:00:00,0.0
2025-03-31 01:00:00,0.0
2025-03-31 02:00:00,0.0
2025-03-31 03:00:00,0.0
2025-03-31 04:00:00,0.0
2025-03-31 05:00:00,7.679935409749051
2025-03-31 06:00:00,62.09777527960971
2025-03-31 07:00:00,81.85213774297122
2025-03-31 08:00:00,132.82653215379997
2025-03-31 09:00:00,337.5699189864826
2025-03-31 10:00:00,183.70033542085287
2025-03-31 11:00:00,174.73000448910994
2025-03-31 12:00:00,304.683906702002
2025-03-31 13:00:00,262.79134450463386
2025-03-31 14:00:00,317.3813497402359
2025-03-31 15:00:00,209.7441714751749
2025-03-31 16:00:00,85.99372178070156
2025-03-31 17:00:00,12.046818191931797
2025-03-31 18:00:00,0.0
2025-03-31 19:00:00,0.0
2025-03-31 20:00:00,0.0
2025-03-31 21:00:00,0.0
2025-03-31 22:00:00,0.0
2025-03-31 23:00:00,0.0
2025-04-01 00:00:00,0.32655141251479397
2025-04-01 01:00:00,0.32655141251479397
2025-04-01 02:00:00,0.32655141251479397
2025-04-01 03:00:00,0.2870981173287335
2025-04-01 04:00:00,0.287425710433214
2025-04-01 05:00:00,27.499270863651915
2025-04-01 06:00:00,118.75079498675977
2025-04-01 07:00:00,260.23118499832225
2025-04-01 08:00:00,376.77487957706825
2025-04-01 09:00:00,458.93641152093323
2025-04-01 10:00:00,501.4390921801305
2025-04-01 11:00:00,503.7788454154703
2025-04-01 12:00:00,484.0207908585308
2025-04-01 13:00:00,441.35670593001737
2025-04-01 14:00:00,352.09989175010395
2025-04-01 15:00:00,240.75004763303235
2025-04-01 16:00:00,104.48764384206306
2025-04-01 17:00:00,16.818851774933012
2025-04-01 18:00:00,0.3095543019004859
2025-04-01 19:00:00,0.3015658062949003
2025-04-01 20:00:00,0.29320610649565054
2025-04-01 21:00:00,0.32655136112855926
2025-04-01 22:00:00,0.32655136112855926
2025-04-01 23:00:00,0.3265514125147691
2025-04-02 00:00:00,0.0
2025-04-02 01:00:00,0.0
2025-04-02 02:00:00,0.0
2025-04-02 03:00:00,0.0
2025-04-02 04:00:00,0.0
2025-04-02 05:00:00,24.732540139406296
2025-04-02 06:00:00,109.17220260641955
2025-04-02 07:00:00,204.5201498828939
2025-04-02 08:00:00,301.89272244508834
2025-04-02 09:00:00,364.6547754908111
2025-04-02 10:00:00,424.4289321800579
2025-04-02 11:00:00,428.18087022362965
2025-04-02 12:00:00,411.2046845882221
2025-04-02 13:00:00,288.4084534810914
2025-04-02 14:00:00,261.1150514429282
2025-04-02 15:00:00,168.62506147218903
2025-04-02 16:00:00,76.27709706399335
2025-04-02 17:00:00,12.770374746399963
2025-04-02 18:00:00,0.0
2025-04-02 19:00:00,0.0
2025-04-02 20:00:00,0.0
2025-04-02 21:00:00,0.0
2025-04-02 22:00:00,0.0
2025-04-02 23:00:00,0.0
2025-04-03 00:00:00,0.0
2025-04-03 01:00:00,0.0
2025-04-03 02:00:00,0.0
2025-04-03 03:00:00,0.0
2025-04-03 04:00:00,0.0
2025-04-03 05:00:00,41.860993739305314
2025-04-03 06:00:00,158.034919732302
2025-04-03 07:00:00,282.90698553173655
2025-04-03 08:00:00,399.38246259643086
2025-04-03 09:00:00,477.32739834368186
2025-04-03 10:00:00,514.8151773312421
2025-04-03 11:00:00,523.8292118551718
2025-04-03 12:00:00,499.0657904869422
2025-04-03 13:00:00,455.46715693790657
2025-04-03 14:00:00,367.5976132584775
2025-04-03 15:00:00,252.506280637262
2025-04-03 16:00:00,116.65237122254013
2025-04-03 17:00:00,22.28600872755812
2025-04-03 18:00:00,0.0
2025-04-03 19:00:00,0.0
2025-04-03 20:00:00,0.0
2025-04-03 21:00:00,0.0
2025-04-03 22:00:00,0.0
2025-04-03 23:00:00,0.0
2025-04-04 00:00:00,0.0
2025-04-04 01:00:00,0.0
2025-04-04 02:00:00,0.0
2025-04-04 03:00:00,0.0
2025-04-04 04:00:00,0.0
2025-04-04 05:00:00,49.53333057325657
2025-04-04 06:00:00,172.49757662083098
2025-04-04 07:00:00,306.1616430954871
2025-04-04 08:00:00,419.84047485784754
2025-04-04 09:00:00,493.5278550947454
2025-04-04 10:00:00,531.6626560249639
2025-04-04 11:00:00,492.85916475643734
2025-04-04 12:00:00,345.5368012669168
2025-04-04 13:00:00,221.08163715064921
2025-04-04 14:00:00,276.2366434089918
2025-04-04 15:00:00,120.99825260804482
2025-04-04 16:00:00,45.016738886527634
2025-04-04 17:00:00,6.62755014386861
2025-04-04 18:00:00,0.0
2025-04-04 19:00:00,0.0
2025-04-04 20:00:00,0.0
2025-04-04 21:00:00,0.0
2025-04-04 22:00:00,0.0
2025-04-04 23:00:00,0.0
2025-04-05 00:00:00,0.0
2025-04-05 01:00:00,0.0
2025-04-05 02:00:00,0.0
2025-04-05 03:00:00,0.0
2025-04-05 04:00:00,0.0
2025-04-05 05:00:00,47.398466468469636
2025-04-05 06:00:00,132.25217085880755
2025-04-05 07:00:00,278.35166768811166
2025-04-05 08:00:00,210.18196380554815
2025-04-05 09:00:00,422.0986014983422
2025-04-05 10:00:00,305.7365836365668
2025-04-05 11:00:00,319.73368036802185
2025-04-05 12:00:00,187.9505258253555
2025-04-05 13:00:00,165.52420849347322
2025-04-05 14:00:00,188.13842107935537
2025-04-05 15:00:00,247.84042234901875
2025-04-05 16:00:00,126.87615647956466
2025-04-05 17:00:00,29.535588834151728
2025-04-05 18:00:00,0.0
2025-04-05 19:00:00,0.0
2025-04-05 20:00:00,0.0
2025-04-05 21:00:00,0.0
2025-04-05 22:00:00,0.0
2025-04-05 23:00:00,0.0
2025-04-06 00:00:00,0.0
2025-04-06 01:00:00,0.0
2025-04-06 02:00:00,0.0
2025-04-06 03:00:00,0.0
2025-04-06 04:00:00,0.0
2025-04-06 05:00:00,15.597033859904021
2025-04-06 06:00:00,53.68192952304541
2025-04-06 07:00:00,98.48773732230542
2025-04-06 08:00:00,141.0266866300159
2025-04-06 09:00:00,173.51716639705506
2025-04-06 10:00:00,186.60540215074744
2025-04-06 11:00:00,191.64501479482215
2025-04-06 12:00:00,179.3358749603734
2025-04-06 13:00:00,159.1816020840333
2025-04-06 14:00:00,123.65842905930516
2025-04-06 15:00:00,83.27437143648405
2025-04-06 16:00:00,38.28186605240895
2025-04-06 17:00:00,7.363594663854702
2025-04-06 18:00:00,0.0
2025-04-06 19:00:00,0.0
2025-04-06 20:00:00,0.0
2025-04-06 21:00:00,0.0
2025-04-06 22:00:00,0.0
2025-04-06 23:00:00,0.0
2025-04-07 00:00:00,0.0
2025-04-07 01:00:00,0.0
2025-04-07 02:00:00,0.0
2025-04-07 03:00:00,0.0
2025-04-07 04:00:00,0.0
2025-04-07 05:00:00,16.33619864389323
2025-04-07 06:00:00,58.250415084948095
2025-04-07 07:00:00,148.67991385530527
2025-04-07 08:00:00,185.19038084490865
2025-04-07 09:00:00,331.950657918685
2025-04-07 10:00:00,369.88119215047226
2025-04-07 11:00:00,219.18736851646275
2025-04-07 12:00:00,342.9606716126562
2025-04-07 13:00:00,357.51634811315387
2025-04-07 14:00:00,358.01365353802413
2025-04-07 15:00:00,189.1892291221038
2025-04-07 16:00:00,116.4754385867425
2025-04-07 17:00:00,32.34514813329996
2025-04-07 18:00:00,0.0
2025-04-07 19:00:00,0.0
2025-04-07 20:00:00,0.0
2025-04-07 21:00:00,0.0
2025-04-07 22:00:00,0.0
2025-04-07 23:00:00,0.0
2025-04-08 00:00:00,0.0
2025-04-08 01:00:00,0.0
2025-04-08 02:00:00,0.0
2025-04-08 03:00:00,0.0
2025-04-08 04:00:00,0.0
2025-04-08 05:00:00,54.05189897033923
2025-04-08 06:00:00,190.34218721548768
2025-04-08 07:00:00,313.0809964298577
2025-04-08 08:00:00,424.09214883416746
2025-04-08 09:00:00,505.32534421990505
2025-04-08 10:00:00,544.281703388885
2025-04-08 11:00:00,502.99692743591925
2025-04-08 12:00:00,286.40518738309567
2025-04-08 13:00:00,424.6630724035116
2025-04-08 14:00:00,347.16160014742206
2025-04-08 15:00:00,99.39883559987874
2025-04-08 16:00:00,40.008585180764406
2025-04-08 17:00:00,8.216118303585684
2025-04-08 18:00:00,0.0
2025-04-08 19:00:00,0.0
2025-04-08 20:00:00,0.0
2025-04-08 21:00:00,0.0
2025-04-08 22:00:00,0.0
2025-04-08 23:00:00,0.0
2025-04-09 00:00:00,0.0
2025-04-09 01:00:00,0.0
2025-04-09 02:00:00,0.0
2025-04-09 03:00:00,0.0
2025-04-09 04:00:00,0.0
2025-04-09 05:00:00,23.57274398882429
2025-04-09 06:00:00,58.117948322742
2025-04-09 07:00:00,102.9048581347433
2025-04-09 08:00:00,264.64849121083734
2025-04-09 09:00:00,357.24401902171576
2025-04-09 10:00:00,419.82038943787666
2025-04-09 11:00:00,544.6983137567648
2025-04-09 12:00:00,529.878045427495
2025-04-09 13:00:00,170.3917078812836
2025-04-09 14:00:00,210.95475854962308
2025-04-09 15:00:00,101.57952129258916
2025-04-09 16:00:00,82.23015250882376
2025-04-09 17:00:00,26.592686110560116
2025-04-09 18:00:00,0.0
2025-04-09 19:00:00,0.0
2025-04-09 20:00:00,0.0
2025-04-09 21:00:00,0.0
2025-04-09 22:00:00,0.0
2025-04-09 23:00:00,0.0
2025-04-10 00:00:00,0.0
2025-04-10 01:00:00,0.0
2025-04-10 02:00:00,0.0
2025-04-10 03:00:00,0.0
2025-04-10 04:00:00,0.7525232595427916
2025-04-10 05:00:00,28.556358518223536
2025-04-10 06:00:00,196.87251797434658
2025-04-10 07:00:00,282.2597869528773
2025-04-10 08:00:00,271.7570553250017
2025-04-10 09:00:00,409.5313622362414
2025-04-10 10:00:00,191.33728580297964
2025-04-10 11:00:00,408.0183898372871
2025-04-10 12:00:00,189.15958726407425
2025-04-10 13:00:00,234.00912308134588
2025-04-10 14:00:00,129.5931777007227
2025-04-10 15:00:00,83.75506281194623
2025-04-10 16:00:00,51.11525358041515
2025-04-10 17:00:00,9.516685377246166
2025-04-10 18:00:00,0.0
2025-04-10 19:00:00,0.0
2025-04-10 20:00:00,0.0
2025-04-10 21:00:00,0.0
2025-04-10 22:00:00,0.0
2025-04-10 23:00:00,0.0
2025-04-11 00:00:00,0.0
2025-04-11 01:00:00,0.0
2025-04-11 02:00:00,0.0
2025-04-11 03:00:00,0.0
2025-04-11 04:00:00,1.1081026529893026
2025-04-11 05:00:00,52.22617364984116
2025-04-11 06:00:00,151.7023398419762
2025-04-11 07:00:00,264.9328687874292
2025-04-11 08:00:00,435.8699186144649
2025-04-11 09:00:00,505.8779640649203
2025-04-11 10:00:00,549.0719871024854
2025-04-11 11:00:00,555.7194540998636
2025-04-11 12:00:00,520.46826620017
2025-04-11 13:00:00,435.4639680843267
2025-04-11 14:00:00,245.41011251471096
2025-04-11 15:00:00,105.3007041196665
2025-04-11 16:00:00,47.1722225161924
2025-04-11 17:00:00,12.214052593260813
2025-04-11 18:00:00,0.0
2025-04-11 19:00:00,0.0
2025-04-11 20:00:00,0.0
2025-04-11 21:00:00,0.0
2025-04-11 22:00:00,0.0
2025-04-11 23:00:00,0.0
2025-04-12 00:00:00,0.0
2025-04-12 01:00:00,0.0
2025-04-12 02:00:00,0.0
2025-04-12 03:00:00,0.0
2025-04-12 04:00:00,1.9859673725947322
2025-04-12 05:00:00,54.425504384002004
2025-04-12 06:00:00,189.10278781872967
2025-04-12 07:00:00,234.00133407368952
2025-04-12 08:00:00,261.1185264575509
2025-04-12 09:00:00,263.72695745459686
2025-04-12 10:00:00,371.42388952277884
2025-04-12 11:00:00,256.10411493106386
2025-04-12 12:00:00,288.6326268714454
2025-04-12 13:00:00,450.0145664680426
2025-04-12 14:00:00,398.94848015154497
2025-04-12 15:00:00,284.34762241251883
2025-04-12 16:00:00,151.1380407929039
2025-04-12 17:00:00,47.363466140592784
2025-04-12 18:00:00,0.0
2025-04-12 19:00:00,0.0
2025-04-12 20:00:00,0.0
2025-04-12 21:00:00,0.0
2025-04-12 22:00:00,0.0
2025-04-12 23:00:00,0.0
2025-04-13 00:00:00,0.0
2025-04-13 01:00:00,0.0
2025-04-13 02:00:00,0.0
2025-04-13 03:00:00,0.0
2025-04-13 04:00:00,5.686153632723252
2025-04-13 05:00:00,75.9042715050962
2025-04-13 06:00:00,209.0096525064339
2025-04-13 07:00:00,335.4056970045277
2025-04-13 08:00:00,419.60524438325706
2025-04-13 09:00:00,497.6984618284095
2025-04-13 10:00:00,542.7677858353535
2025-04-13 11:00:00,542.9719249425118
2025-04-13 12:00:00,494.5254793882631
2025-04-13 13:00:00,295.87152369745354
2025-04-13 14:00:00,261.02328334927995
2025-04-13 15:00:00,94.43402225634694
2025-04-13 16:00:00,48.09621999921338
2025-04-13 17:00:00,11.802913138286213
2025-04-13 18:00:00,0.0
2025-04-13 19:00:00,0.0
2025-04-13 20:00:00,0.0
2025-04-13 21:00:00,0.0
2025-04-13 22:00:00,0.0
2025-04-13 23:00:00,0.0
2025-04-14 00:00:00,0.0
2025-04-14 01:00:00,0.0
2025-04-14 02:00:00,0.0
2025-04-14 03:00:00,0.0
2025-04-14 04:00:00,6.770928676652636
2025-04-14 05:00:00,71.7134955646581
2025-04-14 06:00:00,201.72327626284988
2025-04-14 07:00:00,307.4682993232614
2025-04-14 08:00:00,293.5500664221732
2025-04-14 09:00:00,405.99424318906296
2025-04-14 10:00:00,554.0275429358488
2025-04-14 11:00:00,546.2316536600312
2025-04-14 12:00:00,535.4649163001759
2025-04-14 13:00:00,447.7099905091177
2025-04-14 14:00:00,402.71405307130203
2025-04-14 15:00:00,285.81060615162676
2025-04-14 16:00:00,142.7131528449012
2025-04-14 17:00:00,51.14498976784212
2025-04-14 18:00:00,0.0
2025-04-14 19:00:00,0.0
2025-04-14 20:00:00,0.0
2025-04-14 21:00:00,0.0
2025-04-14 22:00:00,0.0
2025-04-14 23:00:00,0.0
2025-04-15 00:00:00,0.0
2025-04-15 01:00:00,0.0
2025-04-15 02:00:00,0.0
2025-04-15 03:00:00,0.0
2025-04-15 04:00:00,11.928215065058417
2025-04-15 05:00:00,87.82710836860278
2025-04-15 06:00:00,236.2778653171147
2025-04-15 07:00:00,360.6817011814541
2025-04-15 08:00:00,457.0459306921091
2025-04-15 09:00:00,513.2946764663219
2025-04-15 10:00:00,558.3493735100838
2025-04-15 11:00:00,581.6610124402349
2025-04-15 12:00:00,556.2458181318663
2025-04-15 13:00:00,498.34164447847917
2025-04-15 14:00:00,410.84760204952227
2025-04-15 15:00:00,295.98562132443067
2025-04-15 16:00:00,162.28988500865339
2025-04-15 17:00:00,55.475105905875594
2025-04-15 18:00:00,0.0
2025-04-15 19:00:00,0.0
2025-04-15 20:00:00,0.0
2025-04-15 21:00:00,0.0
2025-04-15 22:00:00,0.0
2025-04-15 23:00:00,0.0
2025-04-16 00:00:00,0.0
2025-04-16 01:00:00,0.0
2025-04-16 02:00:00,0.0
2025-04-16 03:00:00,0.0
2025-04-16 04:00:00,7.384247314684898
2025-04-16 05:00:00,69.64052823740094
2025-04-16 06:00:00,180.53177642126306
2025-04-16 07:00:00,292.39191075657703
2025-04-16 08:00:00,403.11275403787073
2025-04-16 09:00:00,382.6291444759039
2025-04-16 10:00:00,496.99071256858394
2025-04-16 11:00:00,505.1404297881813
2025-04-16 12:00:00,474.2220976308256
2025-04-16 13:00:00,255.6371100122871
2025-04-16 14:00:00,161.8342051936301
2025-04-16 15:00:00,156.96300530705338
2025-04-16 16:00:00,72.77594966135933
2025-04-16 17:00:00,32.19302346714841
2025-04-16 18:00:00,0.0
2025-04-16 19:00:00,0.0
2025-04-16 20:00:00,0.0
2025-04-16 21:00:00,0.0
2025-04-16 22:00:00,0.0
2025-04-16 23:00:00,0.0
2025-04-17 00:00:00,0.0
2025-04-17 01:00:00,0.0
2025-04-17 02:00:00,0.0
2025-04-17 03:00:00,0.0
2025-04-17 04:00:00,5.681109238625606
2025-04-17 05:00:00,37.980506720840744
2025-04-17 06:00:00,71.79988643118685
2025-04-17 07:00:00,116.99485551519349
2025-04-17 08:00:00,147.0203316752209
2025-04-17 09:00:00,182.65582373477199
2025-04-17 10:00:00,198.0495093267165
2025-04-17 11:00:00,201.39133570782647
2025-04-17 12:00:00,195.22806196306777
2025-04-17 13:00:00,182.73432581888787
2025-04-17 14:00:00,303.4193694614442
2025-04-17 15:00:00,110.5867191139715
2025-04-17 16:00:00,53.17437619321133
2025-04-17 17:00:00,29.177549933771914
2025-04-17 18:00:00,0.0
2025-04-17 19:00:00,0.0
2025-04-17 20:00:00,0.0
2025-04-17 21:00:00,0.0
2025-04-17 22:00:00,0.0
2025-04-17 23:00:00,0.0
2025-04-18 00:00:00,0.0
2025-04-18 01:00:00,0.0
2025-04-18 02:00:00,0.0
2025-04-18 03:00:00,0.0
2025-04-18 04:00:00,2.3622298878613606
2025-04-18 05:00:00,26.183125200996788
2025-04-18 06:00:00,60.648160473144415
2025-04-18 07:00:00,98.04207706249694
2025-04-18 08:00:00,129.8298619002477
2025-04-18 09:00:00,163.47225608280013
2025-04-18 10:00:00,182.85560962844204
2025-04-18 11:00:00,182.00630426672123
2025-04-18 12:00:00,329.7219408768195
2025-04-18 13:00:00,239.79006921845505
2025-04-18 14:00:00,152.7255335778003
2025-04-18 15:00:00,80.51900102174866
2025-04-18 16:00:00,61.46186609493917
2025-04-18 17:00:00,12.242533502900876
2025-04-18 18:00:00,0.0
2025-04-18 19:00:00,0.0
2025-04-18 20:00:00,0.0
2025-04-18 21:00:00,0.0
2025-04-18 22:00:00,0.0
2025-04-18 23:00:00,0.0
2025-04-19 00:00:00,0.0
2025-04-19 01:00:00,0.0
2025-04-19 02:00:00,0.0
2025-04-19 03:00:00,0.0
2025-04-19 04:00:00,2.500321331922585
2025-04-19 05:00:00,26.448382672782717
2025-04-19 06:00:00,64.56113976024402
2025-04-19 07:00:00,103.5526864157713
2025-04-19 08:00:00,140.36632841350348
2025-04-19 09:00:00,173.77075424118206
2025-04-19 10:00:00,188.7935200218882
2025-04-19 11:00:00,191.6299980652213
2025-04-19 12:00:00,182.80977965946073
2025-04-19 13:00:00,162.2991582267591
2025-04-19 14:00:00,126.7300068290884
2025-04-19 15:00:00,126.88402018584135
2025-04-19 16:00:00,50.097560198828084
2025-04-19 17:00:00,17.942635866370036
2025-04-19 18:00:00,0.0
2025-04-19 19:00:00,0.0
2025-04-19 20:00:00,0.0
2025-04-19 21:00:00,0.0
2025-04-19 22:00:00,0.0
2025-04-19 23:00:00,0.0
2025-04-20 00:00:00,0.0
2025-04-20 01:00:00,0.0
2025-04-20 02:00:00,0.0
2025-04-20 03:00:00,0.0
2025-04-20 04:00:00,5.685013112332179
2025-04-20 05:00:00,32.74781049951574
2025-04-20 06:00:00,75.1524878943407
2025-04-20 07:00:00,113.13563965181558
2025-04-20 08:00:00,152.76300087486965
2025-04-20 09:00:00,187.80368570161883
2025-04-20 10:00:00,203.9745727636622
2025-04-20 11:00:00,208.22714542872802
2025-04-20 12:00:00,200.16612292023024
2025-04-20 13:00:00,176.9616862627413
2025-04-20 14:00:00,138.81058899306515
2025-04-20 15:00:00,99.97494947198665
2025-04-20 16:00:00,57.06300113103422
2025-04-20 17:00:00,21.06929949010545
2025-04-20 18:00:00,0.0
2025-04-20 19:00:00,0.0
2025-04-20 20:00:00,0.0
2025-04-20 21:00:00,0.0
2025-04-20 22:00:00,0.0
2025-04-20 23:00:00,0.0
2025-04-21 00:00:00,0.0
2025-04-21 01:00:00,0.0
2025-04-21 02:00:00,0.0
2025-04-21 03:00:00,0.0
2025-04-21 04:00:00,6.111511270833901
2025-04-21 05:00:00,37.9387358124492
2025-04-21 06:00:00,78.62678142319092
2025-04-21 07:00:00,119.3814362562792
2025-04-21 08:00:00,157.96692267479276
2025-04-21 09:00:00,189.07678749020798
2025-04-21 10:00:00,210.05341189801854
2025-04-21 11:00:00,214.25584153073922
2025-04-21 12:00:00,200.65013077771567
2025-04-21 13:00:00,177.46169389511053
2025-04-21 14:00:00,143.2460813120785
2025-04-21 15:00:00,102.12117360560053
2025-04-21 16:00:00,58.9003399052745
2025-04-21 17:00:00,21.593092340128187
2025-04-21 18:00:00,0.0
2025-04-21 19:00:00,0.0
2025-04-21 20:00:00,0.0
2025-04-21 21:00:00,0.0
2025-04-21 22:00:00,0.0
2025-04-21 23:00:00,0.0
2025-04-22 00:00:00,0.0
2025-04-22 01:00:00,0.0
2025-04-22 02:00:00,0.0
2025-04-22 03:00:00,0.0
2025-04-22 04:00:00,6.154113823492104
2025-04-22 05:00:00,37.24128060403102
2025-04-22 06:00:00,78.52864665053596
2025-04-22 07:00:00,118.64166330799901
2025-04-22 08:00:00,157.1758009916739
2025-04-22 09:00:00,189.2266417058762
2025-04-22 10:00:00,206.78979907934803
2025-04-22 11:00:00,209.33637591109408
2025-04-22 12:00:00,198.07251273083406
2025-04-22 13:00:00,176.20311721234373
2025-04-22 14:00:00,149.71674775558833
2025-04-22 15:00:00,101.82126449873485
2025-04-22 16:00:00,57.11475223894463
2025-04-22 17:00:00,21.32408213598269
2025-04-22 18:00:00,0.0
2025-04-22 19:00:00,0.0
2025-04-22 20:00:00,0.0
2025-04-22 21:00:00,0.0
2025-04-22 22:00:00,0.0
2025-04-22 23:00:00,0.0
2025-04-23 00:00:00,0.0
2025-04-23 01:00:00,0.0
2025-04-23 02:00:00,0.0
2025-04-23 03:00:00,0.0
2025-04-23 04:00:00,8.46615801838866
2025-04-23 05:00:00,42.12294384767464
2025-04-23 06:00:00,79.60847897830611
2025-04-23 07:00:00,119.1346529330932
2025-04-23 08:00:00,159.0025037572112
2025-04-23 09:00:00,190.62335963155493
2025-04-23 10:00:00,207.803473251226
2025-04-23 11:00:00,209.90626889380803
2025-04-23 12:00:00,199.89615603195205
2025-04-23 13:00:00,177.87511738713297
2025-04-23 14:00:00,143.76745182798777
2025-04-23 15:00:00,103.21408860070551
2025-04-23 16:00:00,60.743828959952545
2025-04-23 17:00:00,25.331139941365613
2025-04-23 18:00:00,0.3003694040892613
2025-04-23 19:00:00,0.0
2025-04-23 20:00:00,0.0
2025-04-23 21:00:00,0.0
2025-04-23 22:00:00,0.0
2025-04-23 23:00:00,0.0
2025-04-24 00:00:00,0.0
2025-04-24 01:00:00,0.0
2025-04-24 02:00:00,0.0
2025-04-24 03:00:00,0.0
2025-04-24 04:00:00,39.57020340058543
2025-04-24 05:00:00,132.02722863805838
2025-04-24 06:00:00,268.67092104805
2025-04-24 07:00:00,396.33185566724205
2025-04-24 08:00:00,507.4300042184671
2025-04-24 09:00:00,579.9624567339994
2025-04-24 10:00:00,620.3327064357298
2025-04-24 11:00:00,563.3181924868879
2025-04-24 12:00:00,529.5979208615304
2025-04-24 13:00:00,520.474947268748
2025-04-24 14:00:00,418.265132762266
2025-04-24 15:00:00,116.97375772760282
2025-04-24 16:00:00,106.61328812609018
2025-04-24 17:00:00,77.70264055080176
2025-04-24 18:00:00,6.038873443732403
2025-04-24 19:00:00,0.0
2025-04-24 20:00:00,0.0
2025-04-24 21:00:00,0.0
2025-04-24 22:00:00,0.0
2025-04-24 23:00:00,0.0
2025-04-25 00:00:00,0.0
2025-04-25 01:00:00,0.0
2025-04-25 02:00:00,0.0
2025-04-25 03:00:00,0.0
2025-04-25 04:00:00,43.23437716859833
2025-04-25 05:00:00,137.24928851159052
2025-04-25 06:00:00,285.1322036728963
2025-04-25 07:00:00,404.8899229150079
2025-04-25 08:00:00,507.033801910521
2025-04-25 09:00:00,370.59077187630305
2025-04-25 10:00:00,508.3873780489499
2025-04-25 11:00:00,415.8342840678956
2025-04-25 12:00:00,481.19323600881876
2025-04-25 13:00:00,367.3368368379612
2025-04-25 14:00:00,159.90879935109328
2025-04-25 15:00:00,316.0171733165858
2025-04-25 16:00:00,151.72193551172464
2025-04-25 17:00:00,92.12538364751401
2025-04-25 18:00:00,10.777960038199495
2025-04-25 19:00:00,0.0
2025-04-25 20:00:00,0.0
2025-04-25 21:00:00,0.0
2025-04-25 22:00:00,0.0
2025-04-25 23:00:00,0.0
2025-04-26 00:00:00,0.0
2025-04-26 01:00:00,0.0
2025-04-26 02:00:00,0.0
2025-04-26 03:00:00,0.0
2025-04-26 04:00:00,48.70501977654524
2025-04-26 05:00:00,137.68662140519584
2025-04-26 06:00:00,285.25037073803543
2025-04-26 07:00:00,404.6512735670675
2025-04-26 08:00:00,506.95526704926783
2025-04-26 09:00:00,547.3912862250149
2025-04-26 10:00:00,446.62873402988026
2025-04-26 11:00:00,430.3836094298345
2025-04-26 12:00:00,380.0534684507382
2025-04-26 13:00:00,376.25550492548473
2025-04-26 14:00:00,428.8123107467814
2025-04-26 15:00:00,209.61610450468308
2025-04-26 16:00:00,108.5513013203742
2025-04-26 17:00:00,91.33491494445866
2025-04-26 18:00:00,12.840008991382858
2025-04-26 19:00:00,0.0
2025-04-26 20:00:00,0.0
2025-04-26 21:00:00,0.0
2025-04-26 22:00:00,0.0
2025-04-26 23:00:00,0.0
2025-04-27 00:00:00,0.0
2025-04-27 01:00:00,0.0
2025-04-27 02:00:00,0.0
2025-04-27 03:00:00,0.0
2025-04-27 04:00:00,48.67382501686243
2025-04-27 05:00:00,122.78146200398432
2025-04-27 06:00:00,227.35288581496363
2025-04-27 07:00:00,347.21381060130096
2025-04-27 08:00:00,405.059818889249
2025-04-27 09:00:00,497.0850530985782
2025-04-27 10:00:00,518.3034082636035
2025-04-27 11:00:00,554.0544538445771
2025-04-27 12:00:00,570.3521026947761
2025-04-27 13:00:00,514.4897461709481
2025-04-27 14:00:00,399.8914987807407
2025-04-27 15:00:00,326.7254873205796
2025-04-27 16:00:00,161.01711542726102
2025-04-27 17:00:00,88.13756892752043
2025-04-27 18:00:00,12.357729269832603
2025-04-27 19:00:00,0.0
2025-04-27 20:00:00,0.0
2025-04-27 21:00:00,0.0
2025-04-27 22:00:00,0.0
2025-04-27 23:00:00,0.0
2025-04-28 00:00:00,0.0
2025-04-28 01:00:00,0.0
2025-04-28 02:00:00,0.0
2025-04-28 03:00:00,0.0
2025-04-28 04:00:00,16.238446247580807
2025-04-28 05:00:00,84.41771356537592
2025-04-28 06:00:00,227.57247475045693
2025-04-28 07:00:00,327.4056638548446
2025-04-28 08:00:00,394.98896679991435
2025-04-28 09:00:00,281.47594904942395
2025-04-28 10:00:00,212.90820807797004
2025-04-28 11:00:00,253.6579527471445
2025-04-28 12:00:00,231.15877066036495
2025-04-28 13:00:00,212.0507993689644
2025-04-28 14:00:00,150.06561276533594
2025-04-28 15:00:00,110.25103518172634
2025-04-28 16:00:00,109.42046970037923
2025-04-28 17:00:00,47.54853105333871
2025-04-28 18:00:00,2.6942719342610673
2025-04-28 19:00:00,0.0
2025-04-28 20:00:00,0.0
2025-04-28 21:00:00,0.0
2025-04-28 22:00:00,0.0
2025-04-28 23:00:00,0.0
2025-04-29 00:00:00,0.0
2025-04-29 01:00:00,0.0
2025-04-29 02:00:00,0.0
2025-04-29 03:00:00,0.0
2025-04-29 04:00:00,57.00644411076441
2025-04-29 05:00:00,155.873169895827
2025-04-29 06:00:00,297.34297035744197
2025-04-29 07:00:00,415.76127931285095
2025-04-29 08:00:00,514.3505816117425
2025-04-29 09:00:00,528.8872777926749
2025-04-29 10:00:00,522.1595192900821
2025-04-29 11:00:00,229.61962605532895
2025-04-29 12:00:00,361.24946533198766
2025-04-29 13:00:00,305.277674334286
2025-04-29 14:00:00,310.117536322548
2025-04-29 15:00:00,120.09104194281588
2025-04-29 16:00:00,89.4438750859971
2025-04-29 17:00:00,65.86170152849589
2025-04-29 18:00:00,17.60201664943456
2025-04-29 19:00:00,0.0
2025-04-29 20:00:00,0.0
2025-04-29 21:00:00,0.0
2025-04-29 22:00:00,0.0
2025-04-29 23:00:00,0.0
2025-04-30 00:00:00,0.0
2025-04-30 01:00:00,0.0
2025-04-30 02:00:00,0.0
2025-04-30 03:00:00,0.0
2025-04-30 04:00:00,16.880873099452316
2025-04-30 05:00:00,141.51033741202673
2025-04-30 06:00:00,203.76028801425065
2025-04-30 07:00:00,347.62511950911903
2025-04-30 08:00:00,254.30542005484043
2025-04-30 09:00:00,207.9599628597055
2025-04-30 10:00:00,222.94792681284957
2025-04-30 11:00:00,226.4592530457977
2025-04-30 12:00:00,234.50443706148624
2025-04-30 13:00:00,303.9575344706889
2025-04-30 14:00:00,336.20542805241206
2025-04-30 15:00:00,117.46779208749892
2025-04-30 16:00:00,165.6898656170908
2025-04-30 17:00:00,75.44361008167688
2025-04-30 18:00:00,20.434108926176517
2025-04-30 19:00:00,0.0
2025-04-30 20:00:00,0.0
2025-04-30 21:00:00,0.0
2025-04-30 22:00:00,0.0
2025-04-30 23:00:00,0.0
2025-05-01 00:00:00,0.0
2025-05-01 01:00:00,0.0
2025-05-01 02:00:00,0.0
2025-05-01 03:00:00,0.0
2025-05-01 04:00:00,17.856559833498412
2025-05-01 05:00:00,76.95605604964724
2025-05-01 06:00:00,178.61259013249
2025-05-01 07:00:00,154.16410997530753
2025-05-01 08:00:00,276.15915975381773
2025-05-01 09:00:00,229.75242883943343
2025-05-01 10:00:00,255.04184301778741
2025-05-01 11:00:00,266.62619018472185
2025-05-01 12:00:00,254.67074471036534
2025-05-01 13:00:00,228.79625415535705
2025-05-01 14:00:00,155.38398909467293
2025-05-01 15:00:00,112.39100708953514
2025-05-01 16:00:00,127.31705608215138
2025-05-01 17:00:00,94.523540669018
2025-05-01 18:00:00,10.535748957186248
2025-05-01 19:00:00,0.0
2025-05-01 20:00:00,0.0
2025-05-01 21:00:00,0.0
2025-05-01 22:00:00,0.0
2025-05-01 23:00:00,0.0
2025-05-02 00:00:00,0.0
2025-05-02 01:00:00,0.0
2025-05-02 02:00:00,0.0
2025-05-02 03:00:00,0.3008183622777083
2025-05-02 04:00:00,41.86721278779651
2025-05-02 05:00:00,97.82409280906116
2025-05-02 06:00:00,257.479988809593
2025-05-02 07:00:00,154.13286687798492
2025-05-02 08:00:00,393.90753413929065
2025-05-02 09:00:00,430.83650764422663
2025-05-02 10:00:00,211.4338256232367
2025-05-02 11:00:00,225.59462963848696
2025-05-02 12:00:00,213.32096548779572
2025-05-02 13:00:00,192.22301585724304
2025-05-02 14:00:00,171.8145512485997
2025-05-02 15:00:00,119.97150690673577
2025-05-02 16:00:00,140.16478574433617
2025-05-02 17:00:00,103.14498926465109
2025-05-02 18:00:00,26.51944413738798
2025-05-02 19:00:00,0.0
2025-05-02 20:00:00,0.0
2025-05-02 21:00:00,0.0
2025-05-02 22:00:00,0.0
2025-05-02 23:00:00,0.0
2025-05-03 00:00:00,0.0
2025-05-03 01:00:00,0.0
2025-05-03 02:00:00,0.0
2025-05-03 03:00:00,1.9373540151155968
2025-05-03 04:00:00,71.16744141094557
2025-05-03 05:00:00,189.3435478274592
2025-05-03 06:00:00,317.4658490016969
2025-05-03 07:00:00,437.19578713807965
2025-05-03 08:00:00,534.2427872489241
2025-05-03 09:00:00,600.8040875070943
2025-05-03 10:00:00,634.8493623968798
2025-05-03 11:00:00,553.9481017140661
2025-05-03 12:00:00,441.2635336982776
2025-05-03 13:00:00,453.0217571185636
2025-05-03 14:00:00,356.41065109834153
2025-05-03 15:00:00,121.50527876174365
2025-05-03 16:00:00,75.5270249943646
2025-05-03 17:00:00,37.79028062274866
2025-05-03 18:00:00,6.066464504226964
2025-05-03 19:00:00,0.0
2025-05-03 20:00:00,0.0
2025-05-03 21:00:00,0.0
2025-05-03 22:00:00,0.0
2025-05-03 23:00:00,0.0
2025-05-04 00:00:00,0.0
2025-05-04 01:00:00,0.0
2025-05-04 02:00:00,0.0
2025-05-04 03:00:00,0.0
2025-05-04 04:00:00,20.633874477894604
2025-05-04 05:00:00,58.957349118418044
2025-05-04 06:00:00,105.58415317714297
2025-05-04 07:00:00,145.16291628606137
2025-05-04 08:00:00,390.5338024915898
2025-05-04 09:00:00,211.29275517229388
2025-05-04 10:00:00,374.5308327339303
2025-05-04 11:00:00,447.79156889236555
2025-05-04 12:00:00,273.8389697529194
2025-05-04 13:00:00,327.9444207101746
2025-05-04 14:00:00,365.4392212237265
2025-05-04 15:00:00,367.33930428945024
2025-05-04 16:00:00,265.0483240675194
2025-05-04 17:00:00,125.65990522117588
2025-05-04 18:00:00,34.33327306153318
2025-05-04 19:00:00,0.0
2025-05-04 20:00:00,0.0
2025-05-04 21:00:00,0.0
2025-05-04 22:00:00,0.0
2025-05-04 23:00:00,0.0
2025-05-05 00:00:00,0.0
2025-05-05 01:00:00,0.0
2025-05-05 02:00:00,0.0
2025-05-05 03:00:00,3.724467739995381
2025-05-05 04:00:00,76.94474348679519
2025-05-05 05:00:00,197.43028445630253
2025-05-05 06:00:00,323.01964832633115
2025-05-05 07:00:00,438.89774754993186
2025-05-05 08:00:00,533.1041887874806
2025-05-05 09:00:00,552.4697111835181
2025-05-05 10:00:00,451.24838736341724
2025-05-05 11:00:00,641.7793569901413
2025-05-05 12:00:00,579.0814235303701
2025-05-05 13:00:00,375.8993801262234
2025-05-05 14:00:00,252.81583280746185
2025-05-05 15:00:00,220.3122858429959
2025-05-05 16:00:00,84.27365131053207
2025-05-05 17:00:00,51.866773945032314
2025-05-05 18:00:00,7.847442754170146
2025-05-05 19:00:00,0.0
2025-05-05 20:00:00,0.0
2025-05-05 21:00:00,0.0
2025-05-05 22:00:00,0.0
2025-05-05 23:00:00,0.0
2025-05-06 00:00:00,0.0
2025-05-06 01:00:00,0.0
2025-05-06 02:00:00,0.0
2025-05-06 03:00:00,3.5454843710371184
2025-05-06 04:00:00,50.46536535596741
2025-05-06 05:00:00,59.504116666798566
2025-05-06 06:00:00,113.49152276462912
2025-05-06 07:00:00,143.07870749511102
2025-05-06 08:00:00,294.31847655639234
2025-05-06 09:00:00,338.7023008520526
2025-05-06 10:00:00,472.2620597126758
2025-05-06 11:00:00,623.3430045610592
2025-05-06 12:00:00,620.577659355509
2025-05-06 13:00:00,570.2758757735072
2025-05-06 14:00:00,483.6964587785537
2025-05-06 15:00:00,320.38744726266043
2025-05-06 16:00:00,231.57447297454246
2025-05-06 17:00:00,38.69144979894202
2025-05-06 18:00:00,8.250927817138507
2025-05-06 19:00:00,0.0
2025-05-06 20:00:00,0.0
2025-05-06 21:00:00,0.0
2025-05-06 22:00:00,0.0
2025-05-06 23:00:00,0.0
2025-05-07 00:00:00,0.0
2025-05-07 01:00:00,0.0
2025-05-07 02:00:00,0.0
2025-05-07 03:00:00,0.6983680195229441
2025-05-07 04:00:00,74.05105708120807
2025-05-07 05:00:00,200.56358137451545
2025-05-07 06:00:00,265.23150262650574
2025-05-07 07:00:00,434.0853925585837
2025-05-07 08:00:00,516.6668142279625
2025-05-07 09:00:00,253.6082773254416
2025-05-07 10:00:00,320.6796381185474
2025-05-07 11:00:00,403.9401209128454
2025-05-07 12:00:00,398.01707225576774
2025-05-07 13:00:00,354.7766109121113
2025-05-07 14:00:00,184.48411142444417
2025-05-07 15:00:00,264.7757677301019
2025-05-07 16:00:00,79.6028564816618
2025-05-07 17:00:00,95.59388269281469
2025-05-07 18:00:00,22.687346006062807
2025-05-07 19:00:00,0.0
2025-05-07 20:00:00,0.0
2025-05-07 21:00:00,0.0
2025-05-07 22:00:00,0.0
2025-05-07 23:00:00,0.0
2025-05-08 00:00:00,0.0
2025-05-08 01:00:00,0.0
2025-05-08 02:00:00,0.0
2025-05-08 03:00:00,1.5013349737976107
2025-05-08 04:00:00,72.20847824095668
2025-05-08 05:00:00,199.50358317605316
2025-05-08 06:00:00,314.44802368509323
2025-05-08 07:00:00,188.0036970158676
2025-05-08 08:00:00,360.76623738559476
2025-05-08 09:00:00,537.6473733820568
2025-05-08 10:00:00,525.0196071562384
2025-05-08 11:00:00,468.3404028720498
2025-05-08 12:00:00,417.17579154544677
2025-05-08 13:00:00,228.43409761755063
2025-05-08 14:00:00,176.35757397452593
2025-05-08 15:00:00,123.23732341190475
2025-05-08 16:00:00,104.5547762814487
2025-05-08 17:00:00,37.647158050549926
2025-05-08 18:00:00,9.41535760850875
2025-05-08 19:00:00,0.0
2025-05-08 20:00:00,0.0
2025-05-08 21:00:00,0.0
2025-05-08 22:00:00,0.0
2025-05-08 23:00:00,0.0
2025-05-09 00:00:00,0.0
2025-05-09 01:00:00,0.0
2025-05-09 02:00:00,0.0
2025-05-09 03:00:00,1.0834095093246026
2025-05-09 04:00:00,24.13436462918354
2025-05-09 05:00:00,70.36280859781249
2025-05-09 06:00:00,104.23756173673401
2025-05-09 07:00:00,143.89980646360132
2025-05-09 08:00:00,177.6375942876004
2025-05-09 09:00:00,208.5777956043937
2025-05-09 10:00:00,222.92067686721674
2025-05-09 11:00:00,225.59147491763437
2025-05-09 12:00:00,215.11309680655387
2025-05-09 13:00:00,195.29239998617916
2025-05-09 14:00:00,162.22148301674812
2025-05-09 15:00:00,123.99621470749263
2025-05-09 16:00:00,80.02261989298638
2025-05-09 17:00:00,38.54698282486769
2025-05-09 18:00:00,9.961508891153382
2025-05-09 19:00:00,0.0
2025-05-09 20:00:00,0.0
2025-05-09 21:00:00,0.0
2025-05-09 22:00:00,0.0
2025-05-09 23:00:00,0.0
2025-05-10 00:00:00,0.0
2025-05-10 01:00:00,0.0
2025-05-10 02:00:00,0.0
2025-05-10 03:00:00,7.717072932611794
2025-05-10 04:00:00,53.024251830334634
2025-05-10 05:00:00,116.23371717243127
2025-05-10 06:00:00,106.35718069895655
2025-05-10 07:00:00,146.72584015566764
2025-05-10 08:00:00,185.3929196967814
2025-05-10 09:00:00,209.92504993949618
2025-05-10 10:00:00,366.895860931338
2025-05-10 11:00:00,227.21744125504463
2025-05-10 12:00:00,227.14449966104115
2025-05-10 13:00:00,345.9805241533753
2025-05-10 14:00:00,163.03801210176445
2025-05-10 15:00:00,133.8212660521032
2025-05-10 16:00:00,80.47606900133594
2025-05-10 17:00:00,39.35138365700663
2025-05-10 18:00:00,10.644428986080449
2025-05-10 19:00:00,0.0
2025-05-10 20:00:00,0.0
2025-05-10 21:00:00,0.0
2025-05-10 22:00:00,0.0
2025-05-10 23:00:00,0.0
2025-05-11 00:00:00,0.0
2025-05-11 01:00:00,0.0
2025-05-11 02:00:00,0.0
2025-05-11 03:00:00,1.9254129494877399
2025-05-11 04:00:00,25.772686449679494
2025-05-11 05:00:00,59.97957231604303
2025-05-11 06:00:00,104.51014997108666
2025-05-11 07:00:00,145.49631185484415
2025-05-11 08:00:00,189.35221529587588
2025-05-11 09:00:00,249.91889386027447
2025-05-11 10:00:00,255.81035368841546
2025-05-11 11:00:00,262.8458313556948
2025-05-11 12:00:00,316.6444345300052
2025-05-11 13:00:00,426.98241813340746
2025-05-11 14:00:00,325.8263136157214
2025-05-11 15:00:00,364.286062713211
2025-05-11 16:00:00,258.3143223584538
2025-05-11 17:00:00,131.25253248980394
2025-05-11 18:00:00,39.864317866328435
2025-05-11 19:00:00,0.0
2025-05-11 20:00:00,0.0
2025-05-11 21:00:00,0.0
2025-05-11 22:00:00,0.0
2025-05-11 23:00:00,0.0
2025-05-12 00:00:00,0.0
2025-05-12 01:00:00,0.0
2025-05-12 02:00:00,0.0
2025-05-12 03:00:00,11.851641702696012
2025-05-12 04:00:00,58.94510631347233
2025-05-12 05:00:00,208.13495089272874
2025-05-12 06:00:00,296.91904663995814
2025-05-12 07:00:00,440.3725246300369
2025-05-12 08:00:00,519.0245247418416
2025-05-12 09:00:00,496.86361594921283
2025-05-12 10:00:00,596.7535101182195
2025-05-12 11:00:00,443.4886040491481
2025-05-12 12:00:00,511.5723482309845
2025-05-12 13:00:00,467.35988075452264
2025-05-12 14:00:00,397.28156390693067
2025-05-12 15:00:00,346.669449007775
2025-05-12 16:00:00,212.07864928026643
2025-05-12 17:00:00,122.63001194728494
2025-05-12 18:00:00,24.981979450016397
2025-05-12 19:00:00,0.0
2025-05-12 20:00:00,0.0
2025-05-12 21:00:00,0.0
2025-05-12 22:00:00,0.0
2025-05-12 23:00:00,0.0
2025-05-13 00:00:00,0.0
2025-05-13 01:00:00,0.0
2025-05-13 02:00:00,0.0
2025-05-13 03:00:00,2.326199593988917
2025-05-13 04:00:00,25.60924246354356
2025-05-13 05:00:00,59.5693865456583
2025-05-13 06:00:00,104.27566461296968
2025-05-13 07:00:00,182.7436839441676
2025-05-13 08:00:00,492.7754807501394
2025-05-13 09:00:00,487.706402740811
2025-05-13 10:00:00,554.6686643522008
2025-05-13 11:00:00,515.2395836884924
2025-05-13 12:00:00,488.0997167317381
2025-05-13 13:00:00,383.0092733311444
2025-05-13 14:00:00,324.6823958541482
2025-05-13 15:00:00,231.5392350627371
2025-05-13 16:00:00,115.6087688789477
2025-05-13 17:00:00,38.60599742914121
2025-05-13 18:00:00,10.95356069287666
2025-05-13 19:00:00,0.0
2025-05-13 20:00:00,0.0
2025-05-13 21:00:00,0.0
2025-05-13 22:00:00,0.0
2025-05-13 23:00:00,0.0
2025-05-14 00:00:00,0.0
2025-05-14 01:00:00,0.0
2025-05-14 02:00:00,0.0
2025-05-14 03:00:00,3.519411616984337
2025-05-14 04:00:00,31.01622729221164
2025-05-14 05:00:00,69.75073154319813
2025-05-14 06:00:00,285.00764517857937
2025-05-14 07:00:00,374.98853046651845
2025-05-14 08:00:00,266.5842992795784
2025-05-14 09:00:00,365.2138919715532
2025-05-14 10:00:00,393.26288705594544
2025-05-14 11:00:00,261.8445947215951
2025-05-14 12:00:00,343.0596161025026
2025-05-14 13:00:00,223.35232983118144
2025-05-14 14:00:00,172.91074270316068
2025-05-14 15:00:00,201.8179035632153
2025-05-14 16:00:00,278.84819505847344
2025-05-14 17:00:00,48.38028622304845
2025-05-14 18:00:00,15.252318943444154
2025-05-14 19:00:00,0.0
2025-05-14 20:00:00,0.0
2025-05-14 21:00:00,0.0
2025-05-14 22:00:00,0.0
2025-05-14 23:00:00,0.0
2025-05-15 00:00:00,0.0
2025-05-15 01:00:00,0.0
2025-05-15 02:00:00,0.0
2025-05-15 03:00:00,3.519411616984337
2025-05-15 04:00:00,28.87502437973918
2025-05-15 05:00:00,72.96325125860918
2025-05-15 06:00:00,221.88887177546357
2025-05-15 07:00:00,352.7916280223412
2025-05-15 08:00:00,224.3902147745943
2025-05-15 09:00:00,240.47562174751965
2025-05-15 10:00:00,620.4727502590364
2025-05-15 11:00:00,649.8443648169138
2025-05-15 12:00:00,482.40770951557573
2025-05-15 13:00:00,574.0026470791227
2025-05-15 14:00:00,495.15217453888397
2025-05-15 15:00:00,399.7121919597392
2025-05-15 16:00:00,282.43849242793067
2025-05-15 17:00:00,147.91077152949973
2025-05-15 18:00:00,58.90319857775886
2025-05-15 19:00:00,0.7105950735017988
2025-05-15 20:00:00,0.0
2025-05-15 21:00:00,0.0
2025-05-15 22:00:00,0.0
2025-05-15 23:00:00,0.0
2025-05-16 00:00:00,0.0
2025-05-16 01:00:00,0.0
2025-05-16 02:00:00,0.0
2025-05-16 03:00:00,7.55602741793118
2025-05-16 04:00:00,88.75738439903498
2025-05-16 05:00:00,219.95448103417635
2025-05-16 06:00:00,337.06877059698405
2025-05-16 07:00:00,450.63381857541486
2025-05-16 08:00:00,526.6312122026754
2025-05-16 09:00:00,594.5697641564747
2025-05-16 10:00:00,641.9510689213922
2025-05-16 11:00:00,646.9472699906016
2025-05-16 12:00:00,633.9348207604223
2025-05-16 13:00:00,574.2665988974884
2025-05-16 14:00:00,497.85377291746676
2025-05-16 15:00:00,390.39606906257393
2025-05-16 16:00:00,280.4968426875694
2025-05-16 17:00:00,148.06704246419818
2025-05-16 18:00:00,58.89361421229713
2025-05-16 19:00:00,1.45898237310021
2025-05-16 20:00:00,0.0
2025-05-16 21:00:00,0.0
2025-05-16 22:00:00,0.0
2025-05-16 23:00:00,0.0
2025-05-17 00:00:00,0.0
2025-05-17 01:00:00,0.0
2025-05-17 02:00:00,0.0
2025-05-17 03:00:00,21.436357487719988
2025-05-17 04:00:00,55.61872536991082
2025-05-17 05:00:00,94.54727373147897
2025-05-17 06:00:00,107.9615434150372
2025-05-17 07:00:00,156.04157379169033
2025-05-17 08:00:00,287.5321163950731
2025-05-17 09:00:00,301.0772362802241
2025-05-17 10:00:00,238.46220577433257
2025-05-17 11:00:00,291.43408424056827
2025-05-17 12:00:00,251.87738313147153
2025-05-17 13:00:00,355.55979439160245
2025-05-17 14:00:00,165.97158935023825
2025-05-17 15:00:00,135.29006107255017
2025-05-17 16:00:00,93.99971077154693
2025-05-17 17:00:00,47.53727969740382
2025-05-17 18:00:00,14.709840494774754
2025-05-17 19:00:00,0.0
2025-05-17 20:00:00,0.0
2025-05-17 21:00:00,0.0
2025-05-17 22:00:00,0.0
2025-05-17 23:00:00,0.0
2025-05-18 00:00:00,0.0
2025-05-18 01:00:00,0.0
2025-05-18 02:00:00,0.0
2025-05-18 03:00:00,21.020972904330954
2025-05-18 04:00:00,78.34282994977582
2025-05-18 05:00:00,111.28502147676299
2025-05-18 06:00:00,217.97846566124645
2025-05-18 07:00:00,239.57410613379957
2025-05-18 08:00:00,343.583753227053
2025-05-18 09:00:00,541.4022026690913
2025-05-18 10:00:00,571.9203009168058
2025-05-18 11:00:00,534.0670052538474
2025-05-18 12:00:00,530.0838667902673
2025-05-18 13:00:00,444.5413409630906
2025-05-18 14:00:00,383.6166702112998
2025-05-18 15:00:00,322.54646372675097
2025-05-18 16:00:00,183.9839677513542
2025-05-18 17:00:00,61.87484058135441
2025-05-18 18:00:00,51.0632824991033
2025-05-18 19:00:00,1.874846034953262
2025-05-18 20:00:00,0.0
2025-05-18 21:00:00,0.0
2025-05-18 22:00:00,0.0
2025-05-18 23:00:00,0.0
2025-05-19 00:00:00,0.0
2025-05-19 01:00:00,0.0
2025-05-19 02:00:00,0.0
2025-05-19 03:00:00,30.22464076727957
2025-05-19 04:00:00,112.15193226090575
2025-05-19 05:00:00,236.73434194908722
2025-05-19 06:00:00,355.7991253632449
2025-05-19 07:00:00,471.6345990308385
2025-05-19 08:00:00,562.481489108396
2025-05-19 09:00:00,630.8051124574943
2025-05-19 10:00:00,666.8499274126095
2025-05-19 11:00:00,664.7276642904125
2025-05-19 12:00:00,637.1020955797002
2025-05-19 13:00:00,577.8702165530436
2025-05-19 14:00:00,504.68571571178177
2025-05-19 15:00:00,406.5524386127961
2025-05-19 16:00:00,290.8602542651093
2025-05-19 17:00:00,155.6748747587837
2025-05-19 18:00:00,67.48028077226603
2025-05-19 19:00:00,3.962560225471704
2025-05-19 20:00:00,0.0
2025-05-19 21:00:00,0.0
2025-05-19 22:00:00,0.0
2025-05-19 23:00:00,0.0
2025-05-20 00:00:00,0.0
2025-05-20 01:00:00,0.0
2025-05-20 02:00:00,0.0
2025-05-20 03:00:00,23.09020225717297
2025-05-20 04:00:00,109.08183459513424
2025-05-20 05:00:00,232.55014351137635
2025-05-20 06:00:00,348.5848919677047
2025-05-20 07:00:00,454.2252733643509
2025-05-20 08:00:00,545.465515042221
2025-05-20 09:00:00,605.5372800929863
2025-05-20 10:00:00,644.7732180616455
2025-05-20 11:00:00,659.1679627210636
2025-05-20 12:00:00,636.1939566834578
2025-05-20 13:00:00,578.1984166017188
2025-05-20 14:00:00,507.56132874830837
2025-05-20 15:00:00,352.6704012899383
2025-05-20 16:00:00,275.00789281446123
2025-05-20 17:00:00,95.98532692878
2025-05-20 18:00:00,71.70418818959658
2025-05-20 19:00:00,5.092182597529083
2025-05-20 20:00:00,0.0
2025-05-20 21:00:00,0.0
2025-05-20 22:00:00,0.0
2025-05-20 23:00:00,0.0
2025-05-21 00:00:00,0.0
2025-05-21 01:00:00,0.0
2025-05-21 02:00:00,0.0
2025-05-21 03:00:00,7.515970024757593
2025-05-21 04:00:00,36.25461578581106
2025-05-21 05:00:00,71.31224490452622
2025-05-21 06:00:00,232.52192608887395
2025-05-21 07:00:00,153.20760295777225
2025-05-21 08:00:00,194.44316995648006
2025-05-21 09:00:00,327.87534983584163
2025-05-21 10:00:00,234.32417188771743
2025-05-21 11:00:00,235.7837089113049
2025-05-21 12:00:00,224.25802672469968
2025-05-21 13:00:00,205.5784187500445
2025-05-21 14:00:00,173.1185149597882
2025-05-21 15:00:00,135.93905938234548
2025-05-21 16:00:00,92.21544868589092
2025-05-21 17:00:00,50.71014276751828
2025-05-21 18:00:00,17.700096367116586
2025-05-21 19:00:00,0.379281578563846
2025-05-21 20:00:00,0.0
2025-05-21 21:00:00,0.0
2025-05-21 22:00:00,0.0
2025-05-21 23:00:00,0.0
2025-05-22 00:00:00,0.0
2025-05-22 01:00:00,0.0
2025-05-22 02:00:00,0.0
2025-05-22 03:00:00,8.315908819699786
2025-05-22 04:00:00,39.26178698941448
2025-05-22 05:00:00,75.5442556453942
2025-05-22 06:00:00,124.50685884596119
2025-05-22 07:00:00,161.17245506435015
2025-05-22 08:00:00,195.5324018815756
2025-05-22 09:00:00,221.63600118596187
2025-05-22 10:00:00,235.42650053487495
2025-05-22 11:00:00,239.29923223187876
2025-05-22 12:00:00,233.7237711844199
2025-05-22 13:00:00,208.42844414100924
2025-05-22 14:00:00,177.3309616285765
2025-05-22 15:00:00,143.1649729153747
2025-05-22 16:00:00,97.06845851613357
2025-05-22 17:00:00,57.896221100287036
2025-05-22 18:00:00,21.451337346545888
2025-05-22 19:00:00,2.6555004572779954
2025-05-22 20:00:00,0.0
2025-05-22 21:00:00,0.0
2025-05-22 22:00:00,0.0
2025-05-22 23:00:00,0.0
2025-05-23 00:00:00,0.0
2025-05-23 01:00:00,0.0
2025-05-23 02:00:00,0.0
2025-05-23 03:00:00,8.283233777678573
2025-05-23 04:00:00,39.21059686403444
2025-05-23 05:00:00,75.7534583467788
2025-05-23 06:00:00,126.00317962267395
2025-05-23 07:00:00,163.54118815377024
2025-05-23 08:00:00,202.33912210061746
2025-05-23 09:00:00,233.72202401552076
2025-05-23 10:00:00,254.4123538514755
2025-05-23 11:00:00,242.40300352450544
2025-05-23 12:00:00,233.22981644674502
2025-05-23 13:00:00,208.68982063076066
2025-05-23 14:00:00,179.94429882003382
2025-05-23 15:00:00,143.06158930540767
2025-05-23 16:00:00,101.53968868659017
2025-05-23 17:00:00,81.18723037941436
2025-05-23 18:00:00,59.02944647940807
2025-05-23 19:00:00,5.0802358675314405
2025-05-23 20:00:00,0.0
2025-05-23 21:00:00,0.0
2025-05-23 22:00:00,0.0
2025-05-23 23:00:00,0.0
2025-05-24 00:00:00,0.0
2025-05-24 01:00:00,0.0
2025-05-24 02:00:00,0.0
2025-05-24 03:00:00,36.20087741889496
2025-05-24 04:00:00,112.61415787670799
2025-05-24 05:00:00,125.87578065672288
2025-05-24 06:00:00,344.5542450837992
2025-05-24 07:00:00,458.51007674526875
2025-05-24 08:00:00,512.7710341963023
2025-05-24 09:00:00,607.4200832762616
2025-05-24 10:00:00,591.2967767954237
2025-05-24 11:00:00,568.0889075147135
2025-05-24 12:00:00,617.1571135486105
2025-05-24 13:00:00,570.1180778722608
2025-05-24 14:00:00,513.6221180617263
2025-05-24 15:00:00,406.7329876676817
2025-05-24 16:00:00,300.4442543166097
2025-05-24 17:00:00,157.39679938013484
2025-05-24 18:00:00,81.17605355745279
2025-05-24 19:00:00,9.572472285045329
2025-05-24 20:00:00,0.0
2025-05-24 21:00:00,0.0
2025-05-24 22:00:00,0.0
2025-05-24 23:00:00,0.0
2025-05-25 00:00:00,0.0
2025-05-25 01:00:00,0.0
2025-05-25 02:00:00,0.0
2025-05-25 03:00:00,10.95687090334364
2025-05-25 04:00:00,42.0604205303872
2025-05-25 05:00:00,75.78045146524461
2025-05-25 06:00:00,124.02943720095348
2025-05-25 07:00:00,371.38287922697384
2025-05-25 08:00:00,545.1462027174414
2025-05-25 09:00:00,623.1683985449487
2025-05-25 10:00:00,644.0336116570023
2025-05-25 11:00:00,603.2815385392678
2025-05-25 12:00:00,448.14888757782427
2025-05-25 13:00:00,201.4514087122719
2025-05-25 14:00:00,314.64936064819886
2025-05-25 15:00:00,240.15510648690355
2025-05-25 16:00:00,211.89068189213907
2025-05-25 17:00:00,117.31623247249304
2025-05-25 18:00:00,31.61231907436163
2025-05-25 19:00:00,1.8648420834874098
2025-05-25 20:00:00,0.0
2025-05-25 21:00:00,0.0
2025-05-25 22:00:00,0.0
2025-05-25 23:00:00,0.0
2025-05-26 00:00:00,0.0
2025-05-26 01:00:00,0.0
2025-05-26 02:00:00,0.0
2025-05-26 03:00:00,9.720169943095495
2025-05-26 04:00:00,40.6391557073634
2025-05-26 05:00:00,75.60034520223711
2025-05-26 06:00:00,123.31170584018622
2025-05-26 07:00:00,161.0101696173326
2025-05-26 08:00:00,214.08473144454638
2025-05-26 09:00:00,233.98747818973737
2025-05-26 10:00:00,398.21917306920085
2025-05-26 11:00:00,284.09132920213307
2025-05-26 12:00:00,232.62591868208395
2025-05-26 13:00:00,470.98124352296963
2025-05-26 14:00:00,264.59917134251657
2025-05-26 15:00:00,264.2932032014592
2025-05-26 16:00:00,231.59882261578417
2025-05-26 17:00:00,165.1697880527363
2025-05-26 18:00:00,66.29026822219996
2025-05-26 19:00:00,11.479844429343686
2025-05-26 20:00:00,0.0
2025-05-26 21:00:00,0.0
2025-05-26 22:00:00,0.0
2025-05-26 23:00:00,0.0
2025-05-27 00:00:00,0.0
2025-05-27 01:00:00,0.0
2025-05-27 02:00:00,0.0
2025-05-27 03:00:00,44.164530755257346
2025-05-27 04:00:00,102.84434714103787
2025-05-27 05:00:00,252.7799862340569
2025-05-27 06:00:00,369.26633610100475
2025-05-27 07:00:00,427.5872802823024
2025-05-27 08:00:00,487.3048133884557
2025-05-27 09:00:00,626.1449922464268
2025-05-27 10:00:00,675.5688569260221
2025-05-27 11:00:00,671.6121935062961
2025-05-27 12:00:00,593.5253352881195
2025-05-27 13:00:00,559.5187128592419
2025-05-27 14:00:00,409.2548697790098
2025-05-27 15:00:00,236.95929474433916
2025-05-27 16:00:00,130.34070892807347
2025-05-27 17:00:00,143.68088780088146
2025-05-27 18:00:00,28.015276474015124
2025-05-27 19:00:00,1.8628346891466472
2025-05-27 20:00:00,0.0
2025-05-27 21:00:00,0.0
2025-05-27 22:00:00,0.0
2025-05-27 23:00:00,0.0
2025-05-28 00:00:00,0.0
2025-05-28 01:00:00,0.0
2025-05-28 02:00:00,0.0
2025-05-28 03:00:00,13.454435813843602
2025-05-28 04:00:00,95.2364046200639
2025-05-28 05:00:00,102.42329020133666
2025-05-28 06:00:00,124.15564701207411
2025-05-28 07:00:00,254.83878057150494
2025-05-28 08:00:00,196.7139937541328
2025-05-28 09:00:00,239.36908290683442
2025-05-28 10:00:00,234.890240372603
2025-05-28 11:00:00,444.14030132849024
2025-05-28 12:00:00,232.77966705356488
2025-05-28 13:00:00,208.6268101323941
2025-05-28 14:00:00,348.1100646177213
2025-05-28 15:00:00,144.52123783576786
2025-05-28 16:00:00,109.92809887283991
2025-05-28 17:00:00,109.09277205771455
2025-05-28 18:00:00,82.45277058313829
2025-05-28 19:00:00,4.105323560880031
2025-05-28 20:00:00,0.0
2025-05-28 21:00:00,0.0
2025-05-28 22:00:00,0.0
2025-05-28 23:00:00,0.0
2025-05-29 00:00:00,0.0
2025-05-29 01:00:00,0.0
2025-05-29 02:00:00,0.0
2025-05-29 03:00:00,28.851279688221776
2025-05-29 04:00:00,102.78020012109067
2025-05-29 05:00:00,212.79784823662501
2025-05-29 06:00:00,284.4640456046467
2025-05-29 07:00:00,425.064696547348
2025-05-29 08:00:00,484.54487946861974
2025-05-29 09:00:00,640.3548581877004
2025-05-29 10:00:00,674.5962553599364
2025-05-29 11:00:00,662.3091205809885
2025-05-29 12:00:00,651.6598649471032
2025-05-29 13:00:00,590.5710079449998
2025-05-29 14:00:00,485.86388057924063
2025-05-29 15:00:00,419.7490162497254
2025-05-29 16:00:00,296.2733088768433
2025-05-29 17:00:00,179.13422718079207
2025-05-29 18:00:00,90.97693911573113
2025-05-29 19:00:00,16.189968236979794
2025-05-29 20:00:00,0.0
2025-05-29 21:00:00,0.0
2025-05-29 22:00:00,0.0
2025-05-29 23:00:00,0.0
2025-05-30 00:00:00,0.0
2025-05-30 01:00:00,0.0
2025-05-30 02:00:00,0.0
2025-05-30 03:00:00,0.0
2025-05-30 04:00:00,0.0
2025-05-30 05:00:00,0.0
2025-05-30 06:00:00,0.0
2025-05-30 07:00:00,0.0
2025-05-30 08:00:00,0.0
2025-05-30 09:00:00,0.0
2025-05-30 10:00:00,0.0
2025-05-30 11:00:00,0.0
2025-05-30 12:00:00,0.0
2025-05-30 13:00:00,0.0
2025-05-30 14:00:00,0.0
2025-05-30 15:00:00,0.0
2025-05-30 16:00:00,0.0
2025-05-30 17:00:00,0.0
2025-05-30 18:00:00,0.0
2025-05-30 19:00:00,0.0
2025-05-30 20:00:00,0.0
2025-05-30 21:00:00,0.0
2025-05-30 22:00:00,0.0
2025-05-30 23:00:00,0.0
2025-05-31 00:00:00,0.0
2025-05-31 01:00:00,0.0
2025-05-31 02:00:00,0.0
2025-05-31 03:00:00,45.379937361831615
2025-05-31 04:00:00,126.67980089529763
2025-05-31 05:00:00,258.27139189601644
2025-05-31 06:00:00,379.17142340091794
2025-05-31 07:00:00,488.90069898946757
2025-05-31 08:00:00,576.5381831049558
2025-05-31 09:00:00,634.7161819133781
2025-05-31 10:00:00,678.0361719719664
2025-05-31 11:00:00,670.6185499790453
2025-05-31 12:00:00,650.0967187863909
2025-05-31 13:00:00,597.8358893679389
2025-05-31 14:00:00,529.894466785754
2025-05-31 15:00:00,411.0469871396938
2025-05-31 16:00:00,289.1326336486461
2025-05-31 17:00:00,178.34419990678055
2025-05-31 18:00:00,96.7837019026522
2025-05-31 19:00:00,18.87152164239156
2025-05-31 20:00:00,0.0
2025-05-31 21:00:00,0.0
2025-05-31 22:00:00,0.0
2025-05-31 23:00:00,0.0
2025-06-01 00:00:00,0.0
2025-06-01 01:00:00,0.0
2025-06-01 02:00:00,0.37897515537716764
2025-06-01 03:00:00,42.82196996430197
2025-06-01 04:00:00,126.885227333077
2025-06-01 05:00:00,251.24124088433638
2025-06-01 06:00:00,364.1779831748371
2025-06-01 07:00:00,466.0579805391542
2025-06-01 08:00:00,536.8817244002161
2025-06-01 09:00:00,602.1634381962266
2025-06-01 10:00:00,616.4777064734644
2025-06-01 11:00:00,601.5870125759457
2025-06-01 12:00:00,581.7519369309688
2025-06-01 13:00:00,469.4722122616274
2025-06-01 14:00:00,436.08133003759303
2025-06-01 15:00:00,130.09713561609732
2025-06-01 16:00:00,139.39544773808078
2025-06-01 17:00:00,144.30232360748997
2025-06-01 18:00:00,29.759798890756198
2025-06-01 19:00:00,2.2645401324095213
2025-06-01 20:00:00,0.0
2025-06-01 21:00:00,0.0
2025-06-01 22:00:00,0.0
2025-06-01 23:00:00,0.0
2025-06-02 00:00:00,0.0
2025-06-02 01:00:00,0.0
2025-06-02 02:00:00,0.0
2025-06-02 03:00:00,11.96007707421358
2025-06-02 04:00:00,38.7302420177381
2025-06-02 05:00:00,220.61934047351062
2025-06-02 06:00:00,377.1681477656277
2025-06-02 07:00:00,486.66331565249783
2025-06-02 08:00:00,567.4923225716359
2025-06-02 09:00:00,601.2785340637746
2025-06-02 10:00:00,455.0817841994085
2025-06-02 11:00:00,488.790807278415
2025-06-02 12:00:00,571.2713687709704
2025-06-02 13:00:00,336.61872003336026
2025-06-02 14:00:00,181.77118590810284
2025-06-02 15:00:00,390.6321325998771
2025-06-02 16:00:00,280.4196656696113
2025-06-02 17:00:00,170.84427915530415
2025-06-02 18:00:00,96.70246914952477
2025-06-02 19:00:00,12.538863181289521
2025-06-02 20:00:00,0.0
2025-06-02 21:00:00,0.0
2025-06-02 22:00:00,0.0
2025-06-02 23:00:00,0.0
2025-06-03 00:00:00,0.0
2025-06-03 01:00:00,0.0
2025-06-03 02:00:00,1.0287800074110423
2025-06-03 03:00:00,52.32108456734185
2025-06-03 04:00:00,129.88548139477084
2025-06-03 05:00:00,258.41408303312147
2025-06-03 06:00:00,375.27584103230726
2025-06-03 07:00:00,482.7106770018707
2025-06-03 08:00:00,563.8430968349584
2025-06-03 09:00:00,624.1685874161398
2025-06-03 10:00:00,657.7831198782999
2025-06-03 11:00:00,621.5866656900081
2025-06-03 12:00:00,470.252781518531
2025-06-03 13:00:00,467.6990816853789
2025-06-03 14:00:00,516.446970021659
2025-06-03 15:00:00,412.47106659476214
2025-06-03 16:00:00,313.93006854892013
2025-06-03 17:00:00,182.30222595901589
2025-06-03 18:00:00,96.41886564411548
2025-06-03 19:00:00,20.629040249189682
2025-06-03 20:00:00,0.0
2025-06-03 21:00:00,0.0
2025-06-03 22:00:00,0.0
2025-06-03 23:00:00,0.0
2025-06-04 00:00:00,0.0
2025-06-04 01:00:00,0.0
2025-06-04 02:00:00,1.0266397140997638
2025-06-04 03:00:00,36.4881706690984
2025-06-04 04:00:00,76.32834218865982
2025-06-04 05:00:00,136.34170704961366
2025-06-04 06:00:00,271.8001411743944
2025-06-04 07:00:00,367.2819571070666
2025-06-04 08:00:00,439.6471717092157
2025-06-04 09:00:00,220.91197113274592
2025-06-04 10:00:00,313.0595302198409
2025-06-04 11:00:00,364.9390179452553
2025-06-04 12:00:00,413.895786623288
2025-06-04 13:00:00,285.09764512037884
2025-06-04 14:00:00,286.5698152369545
2025-06-04 15:00:00,133.9177743405238
2025-06-04 16:00:00,255.37939704938023
2025-06-04 17:00:00,76.16249822513612
2025-06-04 18:00:00,47.00060471071372
2025-06-04 19:00:00,3.6088283130006187
2025-06-04 20:00:00,0.0
2025-06-04 21:00:00,0.0
2025-06-04 22:00:00,0.0
2025-06-04 23:00:00,0.0
2025-06-05 00:00:00,0.0
2025-06-05 01:00:00,0.0
2025-06-05 02:00:00,0.6819614840484313
2025-06-05 03:00:00,26.796861897000372
2025-06-05 04:00:00,110.07146104719206
2025-06-05 05:00:00,229.8052294403287
2025-06-05 06:00:00,340.80103932701456
2025-06-05 07:00:00,449.8455604315389
2025-06-05 08:00:00,533.8576322584157
2025-06-05 09:00:00,599.3111451978046
2025-06-05 10:00:00,598.5572731048193
2025-06-05 11:00:00,621.6951883887941
2025-06-05 12:00:00,584.3597386291693
2025-06-05 13:00:00,527.6422330716794
2025-06-05 14:00:00,491.5224016485985
2025-06-05 15:00:00,383.00876329538386
2025-06-05 16:00:00,269.2768492657131
2025-06-05 17:00:00,163.8576481693079
2025-06-05 18:00:00,80.48376440187968
2025-06-05 19:00:00,16.251267461026153
2025-06-05 20:00:00,0.0
2025-06-05 21:00:00,0.0
2025-06-05 22:00:00,0.0
2025-06-05 23:00:00,0.0
2025-06-06 00:00:00,0.0
2025-06-06 01:00:00,0.0
2025-06-06 02:00:00,0.0
2025-06-06 03:00:00,36.09257748590508
2025-06-06 04:00:00,95.09891221325296
2025-06-06 05:00:00,127.30930232812516
2025-06-06 06:00:00,214.98699695516305
2025-06-06 07:00:00,153.95379769495125
2025-06-06 08:00:00,194.22084690056377
2025-06-06 09:00:00,208.1583554187227
2025-06-06 10:00:00,233.16390300615015
2025-06-06 11:00:00,436.5787584277106
2025-06-06 12:00:00,379.46071371806283
2025-06-06 13:00:00,245.3071490786387
2025-06-06 14:00:00,259.06821775039384
2025-06-06 15:00:00,135.66588860960138
2025-06-06 16:00:00,95.18095109895268
2025-06-06 17:00:00,53.37500184770289
2025-06-06 18:00:00,26.115076470951028
2025-06-06 19:00:00,4.534669171828859
2025-06-06 20:00:00,0.0
2025-06-06 21:00:00,0.0
2025-06-06 22:00:00,0.0
2025-06-06 23:00:00,0.0
2025-06-07 00:00:00,0.0
2025-06-07 01:00:00,0.0
2025-06-07 02:00:00,0.0
2025-06-07 03:00:00,12.90960070391255
2025-06-07 04:00:00,50.96336001642451
2025-06-07 05:00:00,79.2412733725787
2025-06-07 06:00:00,144.90721930838507
2025-06-07 07:00:00,169.1074086227303
2025-06-07 08:00:00,220.696396799533
2025-06-07 09:00:00,222.32516289911337
2025-06-07 10:00:00,323.4090217182974
2025-06-07 11:00:00,260.60662241502916
2025-06-07 12:00:00,232.4756776865218
2025-06-07 13:00:00,319.66875345398034
2025-06-07 14:00:00,192.48010709572165
2025-06-07 15:00:00,162.79075864569324
2025-06-07 16:00:00,146.02044276122535
2025-06-07 17:00:00,166.72984616059526
2025-06-07 18:00:00,90.14501856817176
2025-06-07 19:00:00,16.235331885528737
2025-06-07 20:00:00,0.0
2025-06-07 21:00:00,0.0
2025-06-07 22:00:00,0.0
2025-06-07 23:00:00,0.0
2025-06-08 00:00:00,0.0
2025-06-08 01:00:00,0.0
2025-06-08 02:00:00,2.25327755808375
2025-06-08 03:00:00,31.5797858415606
2025-06-08 04:00:00,78.55119574001627
2025-06-08 05:00:00,127.90856991057979
2025-06-08 06:00:00,153.9525848960564
2025-06-08 07:00:00,158.4109266550697
2025-06-08 08:00:00,206.78482324874568
2025-06-08 09:00:00,223.75323537100002
2025-06-08 10:00:00,275.8246081590919
2025-06-08 11:00:00,234.92018387517993
2025-06-08 12:00:00,377.9526718688969
2025-06-08 13:00:00,246.0557211727765
2025-06-08 14:00:00,433.04867992708984
2025-06-08 15:00:00,202.62858157654625
2025-06-08 16:00:00,279.7221599359796
2025-06-08 17:00:00,119.34798616482269
2025-06-08 18:00:00,81.1560974134649
2025-06-08 19:00:00,11.807757640368333
2025-06-08 20:00:00,0.0
2025-06-08 21:00:00,0.0
2025-06-08 22:00:00,0.0
2025-06-08 23:00:00,0.0
2025-06-09 00:00:00,0.0
2025-06-09 01:00:00,0.0
2025-06-09 02:00:00,0.0
2025-06-09 03:00:00,10.81790082929938
2025-06-09 04:00:00,36.72428449739956
2025-06-09 05:00:00,71.17972308806605
2025-06-09 06:00:00,152.68507467826743
2025-06-09 07:00:00,153.57052104944307
2025-06-09 08:00:00,276.1763587956888
2025-06-09 09:00:00,242.1636374319574
2025-06-09 10:00:00,270.3928396166529
2025-06-09 11:00:00,389.8227705117238
2025-06-09 12:00:00,483.1619106141222
2025-06-09 13:00:00,414.4240276979188
2025-06-09 14:00:00,202.46697524307663
2025-06-09 15:00:00,195.50532645868577
2025-06-09 16:00:00,97.44180868692044
2025-06-09 17:00:00,76.32950969088009
2025-06-09 18:00:00,34.86775360986436
2025-06-09 19:00:00,19.301368216686893
2025-06-09 20:00:00,0.0
2025-06-09 21:00:00,0.0
2025-06-09 22:00:00,0.0
2025-06-09 23:00:00,0.0
2025-06-10 00:00:00,0.0
2025-06-10 01:00:00,0.0
2025-06-10 02:00:00,2.40252054358593
2025-06-10 03:00:00,35.785889378655924
2025-06-10 04:00:00,102.67757521701273
2025-06-10 05:00:00,203.76813195494753
2025-06-10 06:00:00,191.87846186637745
2025-06-10 07:00:00,404.6180690668403
2025-06-10 08:00:00,525.1868781738792
2025-06-10 09:00:00,504.24753323155784
2025-06-10 10:00:00,355.03212305251594
2025-06-10 11:00:00,274.51250693580937
2025-06-10 12:00:00,220.67987568663247
2025-06-10 13:00:00,321.5107717916264
2025-06-10 14:00:00,174.68643138705383
2025-06-10 15:00:00,313.6355951253222
2025-06-10 16:00:00,182.56014734084044
2025-06-10 17:00:00,145.1993291714724
2025-06-10 18:00:00,41.534652401283566
2025-06-10 19:00:00,14.914064818242569
2025-06-10 20:00:00,0.0
2025-06-10 21:00:00,0.0
2025-06-10 22:00:00,0.0
2025-06-10 23:00:00,0.0
2025-06-11 00:00:00,0.0
2025-06-11 01:00:00,0.0
2025-06-11 02:00:00,0.0
2025-06-11 03:00:00,17.969158177147747
2025-06-11 04:00:00,37.49655494821507
2025-06-11 05:00:00,72.63596373010056
2025-06-11 06:00:00,114.27916860897135
2025-06-11 07:00:00,152.96828155043232
2025-06-11 08:00:00,185.96349150579846
2025-06-11 09:00:00,208.69489552742132
2025-06-11 10:00:00,280.8760832622714
2025-06-11 11:00:00,317.5173983150153
2025-06-11 12:00:00,329.91846770160095
2025-06-11 13:00:00,205.07527814998025
2025-06-11 14:00:00,222.13429818591547
2025-06-11 15:00:00,144.54560047842955
2025-06-11 16:00:00,145.15364002152614
2025-06-11 17:00:00,55.81717180777985
2025-06-11 18:00:00,28.097171957655092
2025-06-11 19:00:00,7.197105895651734
2025-06-11 20:00:00,0.0
2025-06-11 21:00:00,0.0
2025-06-11 22:00:00,0.0
2025-06-11 23:00:00,0.0
2025-06-12 00:00:00,0.0
2025-06-12 01:00:00,0.0
2025-06-12 02:00:00,2.174863829276055
2025-06-12 03:00:00,42.76664808246565
2025-06-12 04:00:00,129.15463552978653
2025-06-12 05:00:00,260.43842907594313
2025-06-12 06:00:00,371.5282675921636
2025-06-12 07:00:00,430.9778689654962
2025-06-12 08:00:00,538.5251211974174
2025-06-12 09:00:00,551.1308675624584
2025-06-12 10:00:00,620.8906232927632
2025-06-12 11:00:00,638.3903208221664
2025-06-12 12:00:00,650.0189660418612
2025-06-12 13:00:00,596.7855639585848
2025-06-12 14:00:00,532.2825944233887
2025-06-12 15:00:00,439.4036927706305
2025-06-12 16:00:00,321.64692606506384
2025-06-12 17:00:00,201.48160524398637
2025-06-12 18:00:00,104.41238720425012
2025-06-12 19:00:00,27.698342684975998
2025-06-12 20:00:00,0.0
2025-06-12 21:00:00,0.0
2025-06-12 22:00:00,0.0
2025-06-12 23:00:00,0.0
2025-06-13 00:00:00,0.0
2025-06-13 01:00:00,0.0
2025-06-13 02:00:00,3.2193396443417988
2025-06-13 03:00:00,47.66008639488353
2025-06-13 04:00:00,123.17618314271566
2025-06-13 05:00:00,204.15844035291195
2025-06-13 06:00:00,292.43518762707924
2025-06-13 07:00:00,449.64712592715205
2025-06-13 08:00:00,544.8238514935731
2025-06-13 09:00:00,597.6653327464297
2025-06-13 10:00:00,642.818751229644
2025-06-13 11:00:00,643.2749615934737
2025-06-13 12:00:00,609.0433910373222
2025-06-13 13:00:00,559.9801332249838
2025-06-13 14:00:00,416.3179394289821
2025-06-13 15:00:00,400.35126273943035
2025-06-13 16:00:00,282.10711746167436
2025-06-13 17:00:00,165.78599412790683
2025-06-13 18:00:00,93.80289445267448
2025-06-13 19:00:00,23.210615010043938
2025-06-13 20:00:00,0.0
2025-06-13 21:00:00,0.0
2025-06-13 22:00:00,0.0
2025-06-13 23:00:00,0.0
2025-06-14 00:00:00,0.0
2025-06-14 01:00:00,0.0
2025-06-14 02:00:00,3.567283370494934
2025-06-14 03:00:00,48.259244148455764
2025-06-14 04:00:00,129.53208206039625
2025-06-14 05:00:00,257.9904363352087
2025-06-14 06:00:00,369.4584092218669
2025-06-14 07:00:00,465.7723505954288
2025-06-14 08:00:00,340.6101352865619
2025-06-14 09:00:00,554.1845478434637
2025-06-14 10:00:00,638.0760167135137
2025-06-14 11:00:00,539.0883405399288
2025-06-14 12:00:00,564.6852653095996
2025-06-14 13:00:00,362.9179594359648
2025-06-14 14:00:00,181.9242144875511
2025-06-14 15:00:00,197.43252935441896
2025-06-14 16:00:00,192.76596618976345
2025-06-14 17:00:00,97.11076225760475
2025-06-14 18:00:00,98.54507925870612
2025-06-14 19:00:00,26.815287481841345
2025-06-14 20:00:00,0.0
2025-06-14 21:00:00,0.0
2025-06-14 22:00:00,0.0
2025-06-14 23:00:00,0.0
2025-06-15 00:00:00,0.0
2025-06-15 01:00:00,0.0
2025-06-15 02:00:00,3.412613108430415
2025-06-15 03:00:00,42.59324192161475
2025-06-15 04:00:00,111.90714980452307
2025-06-15 05:00:00,190.99838470580764
2025-06-15 06:00:00,341.352712002635
2025-06-15 07:00:00,415.8522760663511
2025-06-15 08:00:00,518.4294085090213
2025-06-15 09:00:00,468.6383708976271
2025-06-15 10:00:00,611.0397035970907
2025-06-15 11:00:00,643.8639580570065
2025-06-15 12:00:00,628.2109753722981
2025-06-15 13:00:00,580.8569433053692
2025-06-15 14:00:00,267.30680490348567
2025-06-15 15:00:00,258.86789441503873
2025-06-15 16:00:00,112.79472675651098
2025-06-15 17:00:00,146.82768579385836
2025-06-15 18:00:00,60.74525782793742
2025-06-15 19:00:00,11.563093111733638
2025-06-15 20:00:00,0.0
2025-06-15 21:00:00,0.0
2025-06-15 22:00:00,0.0
2025-06-15 23:00:00,0.0
2025-06-16 00:00:00,0.0
2025-06-16 01:00:00,0.0
2025-06-16 02:00:00,1.4135554976611648
2025-06-16 03:00:00,17.908273580026478
2025-06-16 04:00:00,58.62081201343087
2025-06-16 05:00:00,100.32041365369052
2025-06-16 06:00:00,146.33847893685143
2025-06-16 07:00:00,162.52829076930632
2025-06-16 08:00:00,248.78774992533658
2025-06-16 09:00:00,343.04478536426456
2025-06-16 10:00:00,448.3355489172746
2025-06-16 11:00:00,347.65155723744255
2025-06-16 12:00:00,359.93321825882435
2025-06-16 13:00:00,444.8349158847036
2025-06-16 14:00:00,312.3937423452529
2025-06-16 15:00:00,275.57337473455493
2025-06-16 16:00:00,123.12006281448005
2025-06-16 17:00:00,181.76245106889579
2025-06-16 18:00:00,96.32932195902355
2025-06-16 19:00:00,27.80849927068393
2025-06-16 20:00:00,0.0
2025-06-16 21:00:00,0.0
2025-06-16 22:00:00,0.0
2025-06-16 23:00:00,0.0
2025-06-17 00:00:00,0.0
2025-06-17 01:00:00,0.0
2025-06-17 02:00:00,0.0
2025-06-17 03:00:00,0.0
2025-06-17 04:00:00,0.12330301528447327
2025-06-17 05:00:00,0.29227266267696633
2025-06-17 06:00:00,0.28717045140181624
2025-06-17 07:00:00,0.3240966727277718
2025-06-17 08:00:00,0.1742487685841973
2025-06-17 09:00:00,0.12222872312995631
2025-06-17 10:00:00,0.0
2025-06-17 11:00:00,0.0
2025-06-17 12:00:00,0.0
2025-06-17 13:00:00,0.0
2025-06-17 14:00:00,0.0
2025-06-17 15:00:00,0.12237902168924966
2025-06-17 16:00:00,0.15564239050736156
2025-06-17 17:00:00,0.10967942599260688
2025-06-17 18:00:00,0.0
2025-06-17 19:00:00,0.0
2025-06-17 20:00:00,0.10469663720763753
2025-06-17 21:00:00,0.0
2025-06-17 22:00:00,0.0
2025-06-17 23:00:00,0.0
2025-06-18 00:00:00,0.0
2025-06-18 01:00:00,0.0
2025-06-18 02:00:00,0.0
2025-06-18 03:00:00,31.09354470477683
2025-06-18 04:00:00,99.51302930440535
2025-06-18 05:00:00,133.87431245736272
2025-06-18 06:00:00,145.6284134207014
2025-06-18 07:00:00,295.0722329207785
2025-06-18 08:00:00,321.45825863888007
2025-06-18 09:00:00,359.9929703814516
2025-06-18 10:00:00,530.5899303321422
2025-06-18 11:00:00,530.2307089104296
2025-06-18 12:00:00,506.93776475877826
2025-06-18 13:00:00,380.6956393628715
2025-06-18 14:00:00,347.19924895677326
2025-06-18 15:00:00,354.11237348742384
2025-06-18 16:00:00,275.78214396138156
2025-06-18 17:00:00,172.1403237274443
2025-06-18 18:00:00,31.51594839505536
2025-06-18 19:00:00,16.9881095329651
2025-06-18 20:00:00,0.0
2025-06-18 21:00:00,0.0
2025-06-18 22:00:00,0.0
2025-06-18 23:00:00,0.0
2025-06-19 00:00:00,0.0
2025-06-19 01:00:00,0.0
2025-06-19 02:00:00,0.0
2025-06-19 03:00:00,11.354138999642519
2025-06-19 04:00:00,94.23917530404512
2025-06-19 05:00:00,82.1764443797707
2025-06-19 06:00:00,119.01871846555584
2025-06-19 07:00:00,229.92998409330175
2025-06-19 08:00:00,500.3508222403155
2025-06-19 09:00:00,276.08676405327367
2025-06-19 10:00:00,288.5138324307068
2025-06-19 11:00:00,387.0503762069186
2025-06-19 12:00:00,316.5897983588279
2025-06-19 13:00:00,203.3700427459842
2025-06-19 14:00:00,229.55571413668926
2025-06-19 15:00:00,142.55684461150605
2025-06-19 16:00:00,97.0314812025904
2025-06-19 17:00:00,55.6796915270158
2025-06-19 18:00:00,40.08103410006048
2025-06-19 19:00:00,12.922749180621079
2025-06-19 20:00:00,0.0
2025-06-19 21:00:00,0.0
2025-06-19 22:00:00,0.0
2025-06-19 23:00:00,0.0
2025-06-20 00:00:00,0.0
2025-06-20 01:00:00,0.0
2025-06-20 02:00:00,3.424239593556414
2025-06-20 03:00:00,46.822348789177475
2025-06-20 04:00:00,127.04532854636422
2025-06-20 05:00:00,254.78877508288437
2025-06-20 06:00:00,368.981988929374
2025-06-20 07:00:00,469.1917653371954
2025-06-20 08:00:00,501.72112323494247
2025-06-20 09:00:00,518.8697363983614
2025-06-20 10:00:00,382.19789816457495
2025-06-20 11:00:00,464.32457812396973
2025-06-20 12:00:00,459.3743701518742
2025-06-20 13:00:00,446.6965911298711
2025-06-20 14:00:00,406.18123535604167
2025-06-20 15:00:00,292.7189295567976
2025-06-20 16:00:00,187.28803037911567
2025-06-20 17:00:00,135.7150543717411
2025-06-20 18:00:00,89.62859917416857
2025-06-20 19:00:00,21.561268916539987
2025-06-20 20:00:00,0.0
2025-06-20 21:00:00,0.0
2025-06-20 22:00:00,0.0
2025-06-20 23:00:00,0.0
2025-06-21 00:00:00,0.0
2025-06-21 01:00:00,0.0
2025-06-21 02:00:00,2.2929135136750585
2025-06-21 03:00:00,23.273306673738485
2025-06-21 04:00:00,66.11833030581614
2025-06-21 05:00:00,94.42041827395612
2025-06-21 06:00:00,228.27415638635836
2025-06-21 07:00:00,354.19307752411527
2025-06-21 08:00:00,492.4226012956698
2025-06-21 09:00:00,595.8720293672498
2025-06-21 10:00:00,607.9820177864749
2025-06-21 11:00:00,466.8701367014864
2025-06-21 12:00:00,644.3612832631626
2025-06-21 13:00:00,578.4788063456792
2025-06-21 14:00:00,438.55884574929803
2025-06-21 15:00:00,334.51540931908875
2025-06-21 16:00:00,114.28693821510133
2025-06-21 17:00:00,66.72422668308364
2025-06-21 18:00:00,40.37076503722449
2025-06-21 19:00:00,22.573539728182475
2025-06-21 20:00:00,0.0
2025-06-21 21:00:00,0.0
2025-06-21 22:00:00,0.0
2025-06-21 23:00:00,0.0
2025-06-22 00:00:00,0.0
2025-06-22 01:00:00,0.0
2025-06-22 02:00:00,2.6154250217072126
2025-06-22 03:00:00,48.92640306396102
2025-06-22 04:00:00,125.93501315813468
2025-06-22 05:00:00,245.22636759507046
2025-06-22 06:00:00,337.3440814951303
2025-06-22 07:00:00,455.43881602785285
2025-06-22 08:00:00,512.2842018888173
2025-06-22 09:00:00,437.0561363261255
2025-06-22 10:00:00,513.2616806761904
2025-06-22 11:00:00,631.1811009804042
2025-06-22 12:00:00,558.8387606716166
2025-06-22 13:00:00,466.5922350779279
2025-06-22 14:00:00,281.61454071678315
2025-06-22 15:00:00,339.20472570789536
2025-06-22 16:00:00,293.8166779370982
2025-06-22 17:00:00,178.0589792172296
2025-06-22 18:00:00,94.03483543777816
2025-06-22 19:00:00,5.777899388710482
2025-06-22 20:00:00,0.0
2025-06-22 21:00:00,0.0
2025-06-22 22:00:00,0.0
2025-06-22 23:00:00,0.0
2025-06-23 00:00:00,0.0
2025-06-23 01:00:00,0.0
2025-06-23 02:00:00,0.0
2025-06-23 03:00:00,16.234655110145987
2025-06-23 04:00:00,41.28395271466974
2025-06-23 05:00:00,69.63612521966897
2025-06-23 06:00:00,109.68074848134655
2025-06-23 07:00:00,149.2146493120292
2025-06-23 08:00:00,344.01812696724375
2025-06-23 09:00:00,248.26882455217384
2025-06-23 10:00:00,218.20743449685602
2025-06-23 11:00:00,227.3350780949765
2025-06-23 12:00:00,216.01782776176057
2025-06-23 13:00:00,198.99032462513986
2025-06-23 14:00:00,185.50743610535966
2025-06-23 15:00:00,142.3554609888606
2025-06-23 16:00:00,98.56871950032443
2025-06-23 17:00:00,56.201570484345055
2025-06-23 18:00:00,42.2028062753434
2025-06-23 19:00:00,7.244352731653132
2025-06-23 20:00:00,0.0
2025-06-23 21:00:00,0.0
2025-06-23 22:00:00,0.0
2025-06-23 23:00:00,0.0
2025-06-24 00:00:00,0.0
2025-06-24 01:00:00,0.0
2025-06-24 02:00:00,0.0
2025-06-24 03:00:00,13.08620154675706
2025-06-24 04:00:00,41.692246481851555
2025-06-24 05:00:00,75.36269556133553
2025-06-24 06:00:00,122.67632960157573
2025-06-24 07:00:00,157.45077072058524
2025-06-24 08:00:00,192.61305443181132
2025-06-24 09:00:00,218.13468648063514
2025-06-24 10:00:00,230.98927309529284
2025-06-24 11:00:00,292.6210676490628
2025-06-24 12:00:00,227.1486860337917
2025-06-24 13:00:00,203.0729251385452
2025-06-24 14:00:00,177.45725559996058
2025-06-24 15:00:00,180.18720146914168
2025-06-24 16:00:00,99.81234475150146
2025-06-24 17:00:00,60.375292689312666
2025-06-24 18:00:00,29.481393355565544
2025-06-24 19:00:00,13.23105851003529
2025-06-24 20:00:00,0.0
2025-06-24 21:00:00,0.0
2025-06-24 22:00:00,0.0
2025-06-24 23:00:00,0.0
2025-06-25 00:00:00,0.0
2025-06-25 01:00:00,0.0
2025-06-25 02:00:00,0.0
2025-06-25 03:00:00,13.328728300312777
2025-06-25 04:00:00,42.19349538606562
2025-06-25 05:00:00,75.97764165266248
2025-06-25 06:00:00,120.89774810413623
2025-06-25 07:00:00,182.88407697948867
2025-06-25 08:00:00,187.0085594276415
2025-06-25 09:00:00,208.5225136504485
2025-06-25 10:00:00,226.7992238800615
2025-06-25 11:00:00,341.88066668753817
2025-06-25 12:00:00,397.3759305711928
2025-06-25 13:00:00,356.35336276547434
2025-06-25 14:00:00,482.06221265678784
2025-06-25 15:00:00,247.08119970016105
2025-06-25 16:00:00,208.09186024536592
2025-06-25 17:00:00,77.51023644249797
2025-06-25 18:00:00,94.35901154796903
2025-06-25 19:00:00,26.85680269241173
2025-06-25 20:00:00,0.0
2025-06-25 21:00:00,0.0
2025-06-25 22:00:00,0.0
2025-06-25 23:00:00,0.0
2025-06-26 00:00:00,0.0
2025-06-26 01:00:00,0.0
2025-06-26 02:00:00,2.306018758493285
2025-06-26 03:00:00,42.48555401225692
2025-06-26 04:00:00,117.74539834350627
2025-06-26 05:00:00,237.8336310872604
2025-06-26 06:00:00,344.41941085719895
2025-06-26 07:00:00,449.1005075244632
2025-06-26 08:00:00,524.9189999077929
2025-06-26 09:00:00,582.7815043693474
2025-06-26 10:00:00,630.0768955011517
2025-06-26 11:00:00,626.2395772930686
2025-06-26 12:00:00,614.035246608607
2025-06-26 13:00:00,200.14694585567068
2025-06-26 14:00:00,313.04967774055933
2025-06-26 15:00:00,233.13904244614403
2025-06-26 16:00:00,236.49370169175177
2025-06-26 17:00:00,171.63504532708956
2025-06-26 18:00:00,97.82280371964796
2025-06-26 19:00:00,27.148859099387646
2025-06-26 20:00:00,0.0
2025-06-26 21:00:00,0.0
2025-06-26 22:00:00,0.0
2025-06-26 23:00:00,0.0
2025-06-27 00:00:00,0.0
2025-06-27 01:00:00,0.0
2025-06-27 02:00:00,0.0
2025-06-27 03:00:00,11.651650350020324
2025-06-27 04:00:00,64.99397162472489
2025-06-27 05:00:00,181.6854759946502
2025-06-27 06:00:00,117.75598698075757
2025-06-27 07:00:00,151.43572801174045
2025-06-27 08:00:00,186.11336473527788
2025-06-27 09:00:00,345.53117607482824
2025-06-27 10:00:00,277.74644039754986
2025-06-27 11:00:00,286.1792878536198
2025-06-27 12:00:00,226.19344994175196
2025-06-27 13:00:00,212.64000959565945
2025-06-27 14:00:00,216.65852683977073
2025-06-27 15:00:00,174.49178772733075
2025-06-27 16:00:00,129.64816721986745
2025-06-27 17:00:00,182.081990751462
2025-06-27 18:00:00,96.50185524357421
2025-06-27 19:00:00,20.46365343937186
2025-06-27 20:00:00,0.0
2025-06-27 21:00:00,0.0
2025-06-27 22:00:00,0.0
2025-06-27 23:00:00,0.0
2025-06-28 00:00:00,0.0
2025-06-28 01:00:00,0.0
2025-06-28 02:00:00,1.8110124668136625
2025-06-28 03:00:00,50.84297067051119
2025-06-28 04:00:00,124.28534952699475
2025-06-28 05:00:00,215.56724217299296
2025-06-28 06:00:00,290.25336011788687
2025-06-28 07:00:00,436.4956065991176
2025-06-28 08:00:00,380.64423635026674
2025-06-28 09:00:00,398.9585127699211
2025-06-28 10:00:00,316.8778268957027
2025-06-28 11:00:00,231.0049239561848
2025-06-28 12:00:00,225.846778296738
2025-06-28 13:00:00,201.47032060591695
2025-06-28 14:00:00,175.8599629833871
2025-06-28 15:00:00,143.716078612116
2025-06-28 16:00:00,99.47672239914188
2025-06-28 17:00:00,61.41397603267643
2025-06-28 18:00:00,33.692348956309154
2025-06-28 19:00:00,6.794367186375037
2025-06-28 20:00:00,0.0
2025-06-28 21:00:00,0.0
2025-06-28 22:00:00,0.0
2025-06-28 23:00:00,0.0
2025-06-29 00:00:00,0.0
2025-06-29 01:00:00,0.0
2025-06-29 02:00:00,1.8105367099544176
2025-06-29 03:00:00,48.439608721993274
2025-06-29 04:00:00,122.34070947833499
2025-06-29 05:00:00,247.4541421560828
2025-06-29 06:00:00,366.261659518109
2025-06-29 07:00:00,468.02370989446325
2025-06-29 08:00:00,549.8324299228751
2025-06-29 09:00:00,608.5640514419003
2025-06-29 10:00:00,651.278410420006
2025-06-29 11:00:00,659.2105496029088
2025-06-29 12:00:00,629.2029034099658
2025-06-29 13:00:00,567.8135407973596
2025-06-29 14:00:00,405.27635948224014
2025-06-29 15:00:00,423.287582531482
2025-06-29 16:00:00,313.00985043373055
2025-06-29 17:00:00,190.99440428138124
2025-06-29 18:00:00,49.63965137779834
2025-06-29 19:00:00,31.807631798981078
2025-06-29 20:00:00,0.0
2025-06-29 21:00:00,0.0
2025-06-29 22:00:00,0.0
2025-06-29 23:00:00,0.0
2025-06-30 00:00:00,0.0
2025-06-30 01:00:00,0.0
2025-06-30 02:00:00,2.216370965733078
2025-06-30 03:00:00,54.5549826631985
2025-06-30 04:00:00,127.33476898566309
2025-06-30 05:00:00,226.34759653218512
2025-06-30 06:00:00,356.1010020783491
2025-06-30 07:00:00,454.1030703984518
2025-06-30 08:00:00,419.01733693171064
2025-06-30 09:00:00,501.24718639672875
2025-06-30 10:00:00,595.3305558680788
2025-06-30 11:00:00,491.92299240847984
2025-06-30 12:00:00,583.8356757434452
2025-06-30 13:00:00,534.3435763721885
2025-06-30 14:00:00,369.11723997832553
2025-06-30 15:00:00,394.59354583655784
2025-06-30 16:00:00,284.9710965198288
2025-06-30 17:00:00,204.66491820649102
2025-06-30 18:00:00,103.13431743118359
2025-06-30 19:00:00,30.874654085367446
2025-06-30 20:00:00,0.0
2025-06-30 21:00:00,0.0
2025-06-30 22:00:00,0.0
2025-06-30 23:00:00,0.0
2025-07-01 00:00:00,0.0
2025-07-01 01:00:00,0.0
2025-07-01 02:00:00,1.694461966772118
2025-07-01 03:00:00,48.394252126505364
2025-07-01 04:00:00,121.5055366450868
2025-07-01 05:00:00,244.47989033845928
2025-07-01 06:00:00,353.06649268311685
2025-07-01 07:00:00,450.5886571939289
2025-07-01 08:00:00,541.8522148445697
2025-07-01 09:00:00,597.6699212473156
2025-07-01 10:00:00,633.7996481581849
2025-07-01 11:00:00,619.0656931803228
2025-07-01 12:00:00,628.5772656883001
2025-07-01 13:00:00,581.046943593891
2025-07-01 14:00:00,433.47116775328243
2025-07-01 15:00:00,395.25816682049236
2025-07-01 16:00:00,308.71325935978456
2025-07-01 17:00:00,144.67669361614745
2025-07-01 18:00:00,82.58556538461598
2025-07-01 19:00:00,27.370513358677744
2025-07-01 20:00:00,0.0
2025-07-01 21:00:00,0.0
2025-07-01 22:00:00,0.0
2025-07-01 23:00:00,0.0
2025-07-02 00:00:00,0.0
2025-07-02 01:00:00,0.0
2025-07-02 02:00:00,0.8826147358541321
2025-07-02 03:00:00,33.3773373544242
2025-07-02 04:00:00,88.21092502504555
2025-07-02 05:00:00,225.73686543969245
2025-07-02 06:00:00,324.3391007317986
2025-07-02 07:00:00,398.3015979384318
2025-07-02 08:00:00,525.7425557767103
2025-07-02 09:00:00,276.31294380066225
2025-07-02 10:00:00,226.8645332081893
2025-07-02 11:00:00,498.8924500832996
2025-07-02 12:00:00,545.8501885892226
2025-07-02 13:00:00,559.2705353360897
2025-07-02 14:00:00,292.08824535079015
2025-07-02 15:00:00,138.27908439846257
2025-07-02 16:00:00,119.60172847028967
2025-07-02 17:00:00,136.82077840712782
2025-07-02 18:00:00,62.54589491767042
2025-07-02 19:00:00,6.655577781148513
2025-07-02 20:00:00,0.0
2025-07-02 21:00:00,0.0
2025-07-02 22:00:00,0.0
2025-07-02 23:00:00,0.0
2025-07-03 00:00:00,0.0
2025-07-03 01:00:00,0.0
2025-07-03 02:00:00,0.28022670773588787
2025-07-03 03:00:00,18.66592809115617
2025-07-03 04:00:00,75.21093070875499
2025-07-03 05:00:00,89.8438407165517
2025-07-03 06:00:00,121.73318949030764
2025-07-03 07:00:00,144.97343747322725
2025-07-03 08:00:00,243.6117575938633
2025-07-03 09:00:00,374.368001008475
2025-07-03 10:00:00,371.62139174722023
2025-07-03 11:00:00,647.2349853148701
2025-07-03 12:00:00,279.70310540585706
2025-07-03 13:00:00,340.61885352981545
2025-07-03 14:00:00,179.49832993717038
2025-07-03 15:00:00,146.549402567081
2025-07-03 16:00:00,104.65704502637935
2025-07-03 17:00:00,63.15165569434324
2025-07-03 18:00:00,31.38374583623409
2025-07-03 19:00:00,25.617212634249665
2025-07-03 20:00:00,0.0
2025-07-03 21:00:00,0.0
2025-07-03 22:00:00,0.0
2025-07-03 23:00:00,0.0
2025-07-04 00:00:00,0.0
2025-07-04 01:00:00,0.0
2025-07-04 02:00:00,1.0807177684990505
2025-07-04 03:00:00,45.125438034946136
2025-07-04 04:00:00,124.66057449025175
2025-07-04 05:00:00,253.12036549782306
2025-07-04 06:00:00,372.42341972919155
2025-07-04 07:00:00,474.9447343494506
2025-07-04 08:00:00,558.5722029593908
2025-07-04 09:00:00,617.2128194898177
2025-07-04 10:00:00,656.5251804166878
2025-07-04 11:00:00,650.8165932206344
2025-07-04 12:00:00,486.2319315895168
2025-07-04 13:00:00,206.32886961377662
2025-07-04 14:00:00,254.36237035286473
2025-07-04 15:00:00,251.72710039341496
2025-07-04 16:00:00,296.3694372860113
2025-07-04 17:00:00,192.39053307423694
2025-07-04 18:00:00,104.11484420114012
2025-07-04 19:00:00,26.67747761527281
2025-07-04 20:00:00,0.0
2025-07-04 21:00:00,0.0
2025-07-04 22:00:00,0.0
2025-07-04 23:00:00,0.0
2025-07-05 00:00:00,0.0
2025-07-05 01:00:00,0.0
2025-07-05 02:00:00,0.0
2025-07-05 03:00:00,30.65738913296993
2025-07-05 04:00:00,90.24740663562757
2025-07-05 05:00:00,127.94999360507175
2025-07-05 06:00:00,119.23588675019754
2025-07-05 07:00:00,152.94118246771785
2025-07-05 08:00:00,191.58265464721882
2025-07-05 09:00:00,206.61387424032347
2025-07-05 10:00:00,228.7514457198217
2025-07-05 11:00:00,229.76626545672718
2025-07-05 12:00:00,227.5949625394499
2025-07-05 13:00:00,203.04947670476034
2025-07-05 14:00:00,177.44824293322694
2025-07-05 15:00:00,146.29245047253775
2025-07-05 16:00:00,99.44282061538091
2025-07-05 17:00:00,80.28502634015155
2025-07-05 18:00:00,34.39797739886858
2025-07-05 19:00:00,5.371050639852295
2025-07-05 20:00:00,0.0
2025-07-05 21:00:00,0.0
2025-07-05 22:00:00,0.0
2025-07-05 23:00:00,0.0
2025-07-06 00:00:00,0.0
2025-07-06 01:00:00,0.0
2025-07-06 02:00:00,0.0
2025-07-06 03:00:00,11.708135104750495
2025-07-06 04:00:00,46.62082713644207
2025-07-06 05:00:00,68.30319938698982
2025-07-06 06:00:00,110.50275070769955
2025-07-06 07:00:00,149.20923988997924
2025-07-06 08:00:00,185.50585351974672
2025-07-06 09:00:00,215.2479381855492
2025-07-06 10:00:00,228.22161435474737
2025-07-06 11:00:00,293.69275324462046
2025-07-06 12:00:00,527.8205426222071
2025-07-06 13:00:00,216.39651157982343
2025-07-06 14:00:00,266.8620206526744
2025-07-06 15:00:00,355.046817205265
2025-07-06 16:00:00,154.63117953069198
2025-07-06 17:00:00,171.7510602729812
2025-07-06 18:00:00,88.11912947804608
2025-07-06 19:00:00,18.959463510964767
2025-07-06 20:00:00,0.0
2025-07-06 21:00:00,0.0
2025-07-06 22:00:00,0.0
2025-07-06 23:00:00,0.0
2025-07-07 00:00:00,0.0
2025-07-07 01:00:00,0.0
2025-07-07 02:00:00,0.0
2025-07-07 03:00:00,20.596826381297095
2025-07-07 04:00:00,72.18405987283367
2025-07-07 05:00:00,98.33537376032137
2025-07-07 06:00:00,285.9761253518238
2025-07-07 07:00:00,200.68956004204958
2025-07-07 08:00:00,326.0093529479129
2025-07-07 09:00:00,440.5755219212226
2025-07-07 10:00:00,424.9212447091437
2025-07-07 11:00:00,360.9813611683871
2025-07-07 12:00:00,216.0913418422465
2025-07-07 13:00:00,196.0396711144322
2025-07-07 14:00:00,170.67813077047518
2025-07-07 15:00:00,135.31379895369184
2025-07-07 16:00:00,94.96703539499363
2025-07-07 17:00:00,50.72953690826703
2025-07-07 18:00:00,24.606912093490923
2025-07-07 19:00:00,4.305793964903874
2025-07-07 20:00:00,0.0
2025-07-07 21:00:00,0.0
2025-07-07 22:00:00,0.0
2025-07-07 23:00:00,0.0
2025-07-08 00:00:00,0.0
2025-07-08 01:00:00,0.0
2025-07-08 02:00:00,0.0
2025-07-08 03:00:00,9.073814290096971
2025-07-08 04:00:00,36.274760268023144
2025-07-08 05:00:00,71.26074642440126
2025-07-08 06:00:00,112.30218842788898
2025-07-08 07:00:00,151.59292905578414
2025-07-08 08:00:00,186.06804277410282
2025-07-08 09:00:00,337.97967407378616
2025-07-08 10:00:00,435.4431090053328
2025-07-08 11:00:00,238.8634460552424
2025-07-08 12:00:00,510.67460944668187
2025-07-08 13:00:00,468.81078193111665
2025-07-08 14:00:00,177.2746612052267
2025-07-08 15:00:00,143.73483199341416
2025-07-08 16:00:00,308.17993101366733
2025-07-08 17:00:00,182.20197791050194
2025-07-08 18:00:00,87.71524017065127
2025-07-08 19:00:00,22.454468783535848
2025-07-08 20:00:00,0.0
2025-07-08 21:00:00,0.0
2025-07-08 22:00:00,0.0
2025-07-08 23:00:00,0.0
2025-07-09 00:00:00,0.0
2025-07-09 01:00:00,0.0
2025-07-09 02:00:00,0.0
2025-07-09 03:00:00,36.12112558211096
2025-07-09 04:00:00,112.34613881553209
2025-07-09 05:00:00,230.78282571329348
2025-07-09 06:00:00,340.3089581427571
2025-07-09 07:00:00,447.6392658351536
2025-07-09 08:00:00,531.3382907158382
2025-07-09 09:00:00,602.1004039203082
2025-07-09 10:00:00,631.9357720943676
2025-07-09 11:00:00,466.45781015998665
2025-07-09 12:00:00,368.97961190009886
2025-07-09 13:00:00,202.15304346071375
2025-07-09 14:00:00,319.4477576064332
2025-07-09 15:00:00,315.29704044328156
2025-07-09 16:00:00,270.2676154607973
2025-07-09 17:00:00,182.13743637293484
2025-07-09 18:00:00,96.40863092059271
2025-07-09 19:00:00,21.957511728983278
2025-07-09 20:00:00,0.0
2025-07-09 21:00:00,0.0
2025-07-09 22:00:00,0.0
2025-07-09 23:00:00,0.0
2025-07-10 00:00:00,0.0
2025-07-10 01:00:00,0.0
2025-07-10 02:00:00,0.0
2025-07-10 03:00:00,35.35180959177379
2025-07-10 04:00:00,109.0976251041886
2025-07-10 05:00:00,227.59295282534865
2025-07-10 06:00:00,334.53407138557867
2025-07-10 07:00:00,444.4009404893904
2025-07-10 08:00:00,530.8446604639543
2025-07-10 09:00:00,596.4982767672386
2025-07-10 10:00:00,638.3339317275844
2025-07-10 11:00:00,569.8567608388583
2025-07-10 12:00:00,598.1862891235169
2025-07-10 13:00:00,584.2176566755406
2025-07-10 14:00:00,518.3274699786488
2025-07-10 15:00:00,421.9841526242369
2025-07-10 16:00:00,298.819277798582
2025-07-10 17:00:00,181.7571423100169
2025-07-10 18:00:00,98.7188844160459
2025-07-10 19:00:00,20.62493382282283
2025-07-10 20:00:00,0.0
2025-07-10 21:00:00,0.0
2025-07-10 22:00:00,0.0
2025-07-10 23:00:00,0.0
2025-07-11 00:00:00,0.0
2025-07-11 01:00:00,0.0
2025-07-11 02:00:00,0.0
2025-07-11 03:00:00,19.199410942871804
2025-07-11 04:00:00,33.68549917037016
2025-07-11 05:00:00,124.29769100718579
2025-07-11 06:00:00,102.26328036672591
2025-07-11 07:00:00,161.64834601945972
2025-07-11 08:00:00,277.42330543430666
2025-07-11 09:00:00,380.79040761105153
2025-07-11 10:00:00,312.4489985738765
2025-07-11 11:00:00,342.5179727965809
2025-07-11 12:00:00,349.2172252632323
2025-07-11 13:00:00,311.52414975296296
2025-07-11 14:00:00,326.9347239438971
2025-07-11 15:00:00,301.4771390005114
2025-07-11 16:00:00,93.3394583073948
2025-07-11 17:00:00,61.88795045924624
2025-07-11 18:00:00,24.338661602000922
2025-07-11 19:00:00,5.22314674748478
2025-07-11 20:00:00,0.0
2025-07-11 21:00:00,0.0
2025-07-11 22:00:00,0.0
2025-07-11 23:00:00,0.0
2025-07-12 00:00:00,0.0
2025-07-12 01:00:00,0.0
2025-07-12 02:00:00,0.0
2025-07-12 03:00:00,6.425354544675137
2025-07-12 04:00:00,58.54602529018186
2025-07-12 05:00:00,184.58607264145456
2025-07-12 06:00:00,301.7276425679612
2025-07-12 07:00:00,413.1757346570426
2025-07-12 08:00:00,399.0983765058868
2025-07-12 09:00:00,240.09970645051953
2025-07-12 10:00:00,217.86494928492922
2025-07-12 11:00:00,226.32409152141636
2025-07-12 12:00:00,215.1922201815192
2025-07-12 13:00:00,196.70663961677548
2025-07-12 14:00:00,165.2263548284015
2025-07-12 15:00:00,129.66432515807494
2025-07-12 16:00:00,92.88338672704958
2025-07-12 17:00:00,49.881557934698876
2025-07-12 18:00:00,21.892837823216006
2025-07-12 19:00:00,7.49917190948629
2025-07-12 20:00:00,0.0
2025-07-12 21:00:00,0.0
2025-07-12 22:00:00,0.0
2025-07-12 23:00:00,0.0
2025-07-13 00:00:00,0.0
2025-07-13 01:00:00,0.0
2025-07-13 02:00:00,0.0
2025-07-13 03:00:00,7.559870544985054
2025-07-13 04:00:00,38.20018089322629
2025-07-13 05:00:00,67.2779932502299
2025-07-13 06:00:00,110.89771089973023
2025-07-13 07:00:00,147.56666332943703
2025-07-13 08:00:00,298.0506068064536
2025-07-13 09:00:00,414.01696067894926
2025-07-13 10:00:00,455.782505984773
2025-07-13 11:00:00,536.4793670761965
2025-07-13 12:00:00,501.5019137739326
2025-07-13 13:00:00,406.98748385901547
2025-07-13 14:00:00,394.4009862656039
2025-07-13 15:00:00,199.68797805448975
2025-07-13 16:00:00,227.74858771095688
2025-07-13 17:00:00,153.81655847023976
2025-07-13 18:00:00,41.137001634103726
2025-07-13 19:00:00,12.956959299309315
2025-07-13 20:00:00,0.0
2025-07-13 21:00:00,0.0
2025-07-13 22:00:00,0.0
2025-07-13 23:00:00,0.0
2025-07-14 00:00:00,0.0
2025-07-14 01:00:00,0.0
2025-07-14 02:00:00,0.0
2025-07-14 03:00:00,7.610748123328536
2025-07-14 04:00:00,30.43471368037533
2025-07-14 05:00:00,60.40956185558747
2025-07-14 06:00:00,136.34721648663668
2025-07-14 07:00:00,139.9170872297005
2025-07-14 08:00:00,172.1497829002283
2025-07-14 09:00:00,200.65329903642544
2025-07-14 10:00:00,213.21212216142698
2025-07-14 11:00:00,217.53662147004388
2025-07-14 12:00:00,227.79955752077225
2025-07-14 13:00:00,203.18941482095948
2025-07-14 14:00:00,170.33468429414714
2025-07-14 15:00:00,136.31502452294424
2025-07-14 16:00:00,90.30208178939904
2025-07-14 17:00:00,46.31406598448559
2025-07-14 18:00:00,21.634420741838504
2025-07-14 19:00:00,12.341189856187194
2025-07-14 20:00:00,0.0
2025-07-14 21:00:00,0.0
2025-07-14 22:00:00,0.0
2025-07-14 23:00:00,0.0
2025-07-15 00:00:00,0.24334161984923758
2025-07-15 01:00:00,0.24334161984923758
2025-07-15 02:00:00,0.24334161984923758
2025-07-15 03:00:00,6.299130816924207
2025-07-15 04:00:00,47.660652794011604
2025-07-15 05:00:00,61.00008566174954
2025-07-15 06:00:00,247.01163487229707
2025-07-15 07:00:00,196.7018490073257
2025-07-15 08:00:00,172.85383628061737
2025-07-15 09:00:00,198.30345778369878
2025-07-15 10:00:00,211.61336907525677
2025-07-15 11:00:00,215.67021222662913
2025-07-15 12:00:00,403.63807044485065
2025-07-15 13:00:00,352.3107548979685
2025-07-15 14:00:00,336.8455573031512
2025-07-15 15:00:00,338.7563776134457
2025-07-15 16:00:00,90.63665094872084
2025-07-15 17:00:00,74.7170233483006
2025-07-15 18:00:00,22.475480645704017
2025-07-15 19:00:00,2.5967362480819407
2025-07-15 20:00:00,0.27347006233875043
2025-07-15 21:00:00,0.25498991329749243
2025-07-15 22:00:00,0.25498991329749243
2025-07-15 23:00:00,0.2433416198492127
2025-07-16 00:00:00,0.4155883518282782
2025-07-16 01:00:00,0.4155883518282782
2025-07-16 02:00:00,0.4155883518282782
2025-07-16 03:00:00,5.389909919667967
2025-07-16 04:00:00,76.81108866850799
2025-07-16 05:00:00,139.76053618544162
2025-07-16 06:00:00,274.7547909062503
2025-07-16 07:00:00,363.1280162026143
2025-07-16 08:00:00,348.30490225366617
2025-07-16 09:00:00,543.7526805994534
2025-07-16 10:00:00,473.13073571222174
2025-07-16 11:00:00,464.1848523226554
2025-07-16 12:00:00,328.6104760737923
2025-07-16 13:00:00,486.72084818499025
2025-07-16 14:00:00,489.4852131473921
2025-07-16 15:00:00,398.2895563040464
2025-07-16 16:00:00,299.51701370074755
2025-07-16 17:00:00,178.81665003488507
2025-07-16 18:00:00,89.70227225812691
2025-07-16 19:00:00,16.429480377899772
2025-07-16 20:00:00,0.4340685008695114
2025-07-16 21:00:00,0.4155883518282533
2025-07-16 22:00:00,0.4155883518282533
2025-07-16 23:00:00,0.4155883518282533
2025-07-17 00:00:00,0.0
2025-07-17 01:00:00,0.0
2025-07-17 02:00:00,0.0
2025-07-17 03:00:00,27.643841954110364
2025-07-17 04:00:00,97.31621394110199
2025-07-17 05:00:00,214.77359312598068
2025-07-17 06:00:00,317.8736267204342
2025-07-17 07:00:00,428.38984987903063
2025-07-17 08:00:00,508.1034722704989
2025-07-17 09:00:00,570.7297233867193
2025-07-17 10:00:00,612.9323851656178
2025-07-17 11:00:00,618.8728062106381
2025-07-17 12:00:00,573.331698331892
2025-07-17 13:00:00,523.2178044897794
2025-07-17 14:00:00,487.3690393812835
2025-07-17 15:00:00,396.21034340160435
2025-07-17 16:00:00,286.7088228855133
2025-07-17 17:00:00,170.19068573832595
2025-07-17 18:00:00,82.59822238066816
2025-07-17 19:00:00,14.043719585433472
2025-07-17 20:00:00,0.0
2025-07-17 21:00:00,0.0
2025-07-17 22:00:00,0.0
2025-07-17 23:00:00,0.0
2025-07-18 00:00:00,0.0
2025-07-18 01:00:00,0.0
2025-07-18 02:00:00,0.0
2025-07-18 03:00:00,25.21636273782702
2025-07-18 04:00:00,96.14466642676821
2025-07-18 05:00:00,212.29304384609742
2025-07-18 06:00:00,314.3381135511923
2025-07-18 07:00:00,386.2089427261931
2025-07-18 08:00:00,460.4115108039396
2025-07-18 09:00:00,530.5375829458111
2025-07-18 10:00:00,551.690750154315
2025-07-18 11:00:00,494.3570339780957
2025-07-18 12:00:00,555.5724707515252
2025-07-18 13:00:00,532.5786935951887
2025-07-18 14:00:00,482.364925559686
2025-07-18 15:00:00,344.0034942001308
2025-07-18 16:00:00,268.7179025977128
2025-07-18 17:00:00,166.09239285816184
2025-07-18 18:00:00,71.03657198168054
2025-07-18 19:00:00,11.528190788138444
2025-07-18 20:00:00,0.0
2025-07-18 21:00:00,0.0
2025-07-18 22:00:00,0.0
2025-07-18 23:00:00,0.0
2025-07-19 00:00:00,0.0
2025-07-19 01:00:00,0.0
2025-07-19 02:00:00,0.0
2025-07-19 03:00:00,21.197706162342204
2025-07-19 04:00:00,91.9443823701199
2025-07-19 05:00:00,200.24307474380458
2025-07-19 06:00:00,311.60704360558253
2025-07-19 07:00:00,424.23053309534146
2025-07-19 08:00:00,511.37647556812567
2025-07-19 09:00:00,568.1245220874819
2025-07-19 10:00:00,576.4028563983026
2025-07-19 11:00:00,355.1344581321204
2025-07-19 12:00:00,441.3259124517617
2025-07-19 13:00:00,554.3675292173315
2025-07-19 14:00:00,480.9933035316652
2025-07-19 15:00:00,391.6341510391515
2025-07-19 16:00:00,284.3730457845905
2025-07-19 17:00:00,166.71418499415608
2025-07-19 18:00:00,77.6798451808054
2025-07-19 19:00:00,11.970420478281609
2025-07-19 20:00:00,0.0
2025-07-19 21:00:00,0.0
2025-07-19 22:00:00,0.0
2025-07-19 23:00:00,0.0
2025-07-20 00:00:00,0.0
2025-07-20 01:00:00,0.0
2025-07-20 02:00:00,0.0
2025-07-20 03:00:00,21.905366446217503
2025-07-20 04:00:00,91.8861820737506
2025-07-20 05:00:00,200.02880669375253
2025-07-20 06:00:00,308.47622958468827
2025-07-20 07:00:00,424.16875493893286
2025-07-20 08:00:00,507.25847965196493
2025-07-20 09:00:00,566.9943065091331
2025-07-20 10:00:00,614.6889666876173
2025-07-20 11:00:00,620.4401516474226
2025-07-20 12:00:00,471.4991483764617
2025-07-20 13:00:00,546.2082928490372
2025-07-20 14:00:00,487.1526438297439
2025-07-20 15:00:00,392.4858277264106
2025-07-20 16:00:00,285.3246284265325
2025-07-20 17:00:00,167.9842337595327
2025-07-20 18:00:00,77.82500081749437
2025-07-20 19:00:00,11.154505912761357
2025-07-20 20:00:00,0.0
2025-07-20 21:00:00,0.0
2025-07-20 22:00:00,0.0
2025-07-20 23:00:00,0.0
2025-07-21 00:00:00,0.0
2025-07-21 01:00:00,0.0
2025-07-21 02:00:00,0.0
2025-07-21 03:00:00,14.197178476978758
2025-07-21 04:00:00,35.31339526430278
2025-07-21 05:00:00,191.91349041591056
2025-07-21 06:00:00,302.78982014501065
2025-07-21 07:00:00,410.50083163224207
2025-07-21 08:00:00,419.9186413253923
2025-07-21 09:00:00,553.3835938189185
2025-07-21 10:00:00,585.1686992082564
2025-07-21 11:00:00,610.4768648046637
2025-07-21 12:00:00,596.2714813868719
2025-07-21 13:00:00,546.8184678459126
2025-07-21 14:00:00,475.93355646346555
2025-07-21 15:00:00,391.5103449893816
2025-07-21 16:00:00,228.6890847524647
2025-07-21 17:00:00,165.07972753315113
2025-07-21 18:00:00,73.93466593509204
2025-07-21 19:00:00,7.678004099596801
2025-07-21 20:00:00,0.0
2025-07-21 21:00:00,0.0
2025-07-21 22:00:00,0.0
2025-07-21 23:00:00,0.0
2025-07-22 00:00:00,0.0
2025-07-22 01:00:00,0.0
2025-07-22 02:00:00,0.0
2025-07-22 03:00:00,17.54575107060062
2025-07-22 04:00:00,70.49828938081835
2025-07-22 05:00:00,169.0251829194547
2025-07-22 06:00:00,293.5807953467803
2025-07-22 07:00:00,390.57771090230233
2025-07-22 08:00:00,344.59160017830965
2025-07-22 09:00:00,512.556467077297
2025-07-22 10:00:00,569.8448150925313
2025-07-22 11:00:00,599.8877018901921
2025-07-22 12:00:00,549.5881719278477
2025-07-22 13:00:00,188.5442328536449
2025-07-22 14:00:00,160.78838224868738
2025-07-22 15:00:00,125.34623164477213
2025-07-22 16:00:00,135.26442120422035
2025-07-22 17:00:00,42.47337569528951
2025-07-22 18:00:00,18.639092854010002
2025-07-22 19:00:00,0.6222272580394496
2025-07-22 20:00:00,0.0
2025-07-22 21:00:00,0.0
2025-07-22 22:00:00,0.0
2025-07-22 23:00:00,0.0
2025-07-23 00:00:00,0.0
2025-07-23 01:00:00,0.0
2025-07-23 02:00:00,0.0
2025-07-23 03:00:00,8.41637214139587
2025-07-23 04:00:00,41.67833636549425
2025-07-23 05:00:00,127.12965499844952
2025-07-23 06:00:00,271.51799142075055
2025-07-23 07:00:00,139.38436405480402
2025-07-23 08:00:00,475.14862012850284
2025-07-23 09:00:00,449.0668570354226
2025-07-23 10:00:00,573.1489458671496
2025-07-23 11:00:00,553.9805707447474
2025-07-23 12:00:00,375.6371601246314
2025-07-23 13:00:00,394.7429905904055
2025-07-23 14:00:00,435.6150193530273
2025-07-23 15:00:00,335.02019339421224
2025-07-23 16:00:00,225.64784338843384
2025-07-23 17:00:00,70.26399859229699
2025-07-23 18:00:00,33.771303213576324
2025-07-23 19:00:00,0.9953129694845538
2025-07-23 20:00:00,0.0
2025-07-23 21:00:00,0.0
2025-07-23 22:00:00,0.0
2025-07-23 23:00:00,0.0
2025-07-24 00:00:00,0.0
2025-07-24 01:00:00,0.0
2025-07-24 02:00:00,0.0
2025-07-24 03:00:00,13.367111198714028
2025-07-24 04:00:00,23.092287820518187
2025-07-24 05:00:00,109.34108219748511
2025-07-24 06:00:00,246.92548434275494
2025-07-24 07:00:00,335.7412451329878
2025-07-24 08:00:00,474.8212172857815
2025-07-24 09:00:00,348.9756804724227
2025-07-24 10:00:00,509.1948673256067
2025-07-24 11:00:00,525.0746718047657
2025-07-24 12:00:00,513.0029284254622
2025-07-24 13:00:00,529.8865001546066
2025-07-24 14:00:00,460.79875293357327
2025-07-24 15:00:00,362.6057915262141
2025-07-24 16:00:00,268.18324712936595
2025-07-24 17:00:00,152.77697315279696
2025-07-24 18:00:00,62.849287530285956
2025-07-24 19:00:00,5.8850190826276965
2025-07-24 20:00:00,0.0
2025-07-24 21:00:00,0.0
2025-07-24 22:00:00,0.0
2025-07-24 23:00:00,0.0
2025-07-25 00:00:00,0.0
2025-07-25 01:00:00,0.0
2025-07-25 02:00:00,0.0
2025-07-25 03:00:00,10.057843217094291
2025-07-25 04:00:00,72.11390003928335
2025-07-25 05:00:00,94.6524533352297
2025-07-25 06:00:00,224.5949820717389
2025-07-25 07:00:00,329.2512760105574
2025-07-25 08:00:00,241.77297886906442
2025-07-25 09:00:00,411.07618443264005
2025-07-25 10:00:00,516.4925392042672
2025-07-25 11:00:00,518.796794126316
2025-07-25 12:00:00,516.446965338336
2025-07-25 13:00:00,395.63755513975934
2025-07-25 14:00:00,467.64993507259265
2025-07-25 15:00:00,378.5790564571876
2025-07-25 16:00:00,272.0213246197086
2025-07-25 17:00:00,160.05368634525718
2025-07-25 18:00:00,67.49988469038722
2025-07-25 19:00:00,5.839678837399319
2025-07-25 20:00:00,0.0
2025-07-25 21:00:00,0.0
2025-07-25 22:00:00,0.0
2025-07-25 23:00:00,0.0
2025-07-26 00:00:00,0.0
2025-07-26 01:00:00,0.0
2025-07-26 02:00:00,0.0
2025-07-26 03:00:00,5.397467318214619
2025-07-26 04:00:00,29.639262871433107
2025-07-26 05:00:00,72.68509002158909
2025-07-26 06:00:00,238.9470865612209
2025-07-26 07:00:00,286.5785350214893
2025-07-26 08:00:00,163.47226163315574
2025-07-26 09:00:00,192.3339479432404
2025-07-26 10:00:00,580.1149560620942
2025-07-26 11:00:00,369.55559836657415
2025-07-26 12:00:00,398.19496042308464
2025-07-26 13:00:00,406.57866085829295
2025-07-26 14:00:00,229.23867583921304
2025-07-26 15:00:00,125.5097805528482
2025-07-26 16:00:00,88.91972952682224
2025-07-26 17:00:00,52.98620715709565
2025-07-26 18:00:00,44.91192546023602
2025-07-26 19:00:00,4.372314183002951
2025-07-26 20:00:00,0.0
2025-07-26 21:00:00,0.0
2025-07-26 22:00:00,0.0
2025-07-26 23:00:00,0.0
2025-07-27 00:00:00,0.0
2025-07-27 01:00:00,0.0
2025-07-27 02:00:00,0.0
2025-07-27 03:00:00,4.015654951063905
2025-07-27 04:00:00,29.481975867115068
2025-07-27 05:00:00,88.83377686444435
2025-07-27 06:00:00,249.65272729256915
2025-07-27 07:00:00,358.86627631070195
2025-07-27 08:00:00,485.20706997231207
2025-07-27 09:00:00,550.271432405167
2025-07-27 10:00:00,246.1165223831478
2025-07-27 11:00:00,602.8673298977801
2025-07-27 12:00:00,582.9100033674122
2025-07-27 13:00:00,541.636382627875
2025-07-27 14:00:00,467.0858783377615
2025-07-27 15:00:00,373.0255903067682
2025-07-27 16:00:00,272.42571974905815
2025-07-27 17:00:00,155.8852561973388
2025-07-27 18:00:00,63.02949273872305
2025-07-27 19:00:00,3.073971440724122
2025-07-27 20:00:00,0.0
2025-07-27 21:00:00,0.0
2025-07-27 22:00:00,0.0
2025-07-27 23:00:00,0.0
2025-07-28 00:00:00,0.0
2025-07-28 01:00:00,0.0
2025-07-28 02:00:00,0.0
2025-07-28 03:00:00,7.729882048135011
2025-07-28 04:00:00,70.64999657580866
2025-07-28 05:00:00,129.79827137508488
2025-07-28 06:00:00,177.9817556806147
2025-07-28 07:00:00,242.63641079733424
2025-07-28 08:00:00,294.1533131507512
2025-07-28 09:00:00,192.40496212754954
2025-07-28 10:00:00,436.6895445076142
2025-07-28 11:00:00,280.0926777088507
2025-07-28 12:00:00,243.34895839961067
2025-07-28 13:00:00,327.9223695895163
2025-07-28 14:00:00,241.3662391640829
2025-07-28 15:00:00,196.0434805541885
2025-07-28 16:00:00,207.74885584255802
2025-07-28 17:00:00,128.5667776368295
2025-07-28 18:00:00,44.32357729567811
2025-07-28 19:00:00,1.8231578648209625
2025-07-28 20:00:00,0.0
2025-07-28 21:00:00,0.0
2025-07-28 22:00:00,0.0
2025-07-28 23:00:00,0.0
2025-07-29 00:00:00,0.0
2025-07-29 01:00:00,0.0
2025-07-29 02:00:00,0.0
2025-07-29 03:00:00,0.6530089021798082
2025-07-29 04:00:00,21.008191557222087
2025-07-29 05:00:00,51.31801167765168
2025-07-29 06:00:00,89.79693084970954
2025-07-29 07:00:00,129.48162801011523
2025-07-29 08:00:00,160.8500564574133
2025-07-29 09:00:00,200.81358644203783
2025-07-29 10:00:00,203.57786788287677
2025-07-29 11:00:00,217.98476404550976
2025-07-29 12:00:00,469.03623301046736
2025-07-29 13:00:00,183.75290416521403
2025-07-29 14:00:00,171.43663056634534
2025-07-29 15:00:00,128.3210000022242
2025-07-29 16:00:00,84.04436012658466
2025-07-29 17:00:00,65.2513990926691
2025-07-29 18:00:00,55.80372335906847
2025-07-29 19:00:00,2.3638261229595368
2025-07-29 20:00:00,0.0
2025-07-29 21:00:00,0.0
2025-07-29 22:00:00,0.0
2025-07-29 23:00:00,0.0
2025-07-30 00:00:00,0.0
2025-07-30 01:00:00,0.0
2025-07-30 02:00:00,0.0
2025-07-30 03:00:00,4.980081695262059
2025-07-30 04:00:00,57.437782663403645
2025-07-30 05:00:00,170.7282291549028
2025-07-30 06:00:00,284.7870863129122
2025-07-30 07:00:00,298.99869139899755
2025-07-30 08:00:00,424.9623905171966
2025-07-30 09:00:00,481.21404864736166
2025-07-30 10:00:00,582.8514256063696
2025-07-30 11:00:00,545.9529581576502
2025-07-30 12:00:00,498.8728392001878
2025-07-30 13:00:00,298.8594417169713
2025-07-30 14:00:00,234.596639311279
2025-07-30 15:00:00,179.2924573725044
2025-07-30 16:00:00,83.44833390211124
2025-07-30 17:00:00,43.32557680111871
2025-07-30 18:00:00,14.739689266168606
2025-07-30 19:00:00,0.0
2025-07-30 20:00:00,0.0
2025-07-30 21:00:00,0.0
2025-07-30 22:00:00,0.0
2025-07-30 23:00:00,0.0
2025-07-31 00:00:00,0.0
2025-07-31 01:00:00,0.0
2025-07-31 02:00:00,0.0
2025-07-31 03:00:00,0.2774972178926756
2025-07-31 04:00:00,20.411826577104023
2025-07-31 05:00:00,52.33777913749139
2025-07-31 06:00:00,91.0200453637985
2025-07-31 07:00:00,129.50342922497916
2025-07-31 08:00:00,161.04553485384181
2025-07-31 09:00:00,190.1312620412876
2025-07-31 10:00:00,200.3646321489577
2025-07-31 11:00:00,313.20738249228816
2025-07-31 12:00:00,270.7010127540903
2025-07-31 13:00:00,253.2511706937921
2025-07-31 14:00:00,368.29477079406433
2025-07-31 15:00:00,332.4509967548615
2025-07-31 16:00:00,231.81667657883696
2025-07-31 17:00:00,137.55222115289865
2025-07-31 18:00:00,40.47868781602315
2025-07-31 19:00:00,0.3537048863937258
2025-07-31 20:00:00,0.0
2025-07-31 21:00:00,0.0
2025-07-31 22:00:00,0.0
2025-07-31 23:00:00,0.0
2025-08-01 00:00:00,0.0
2025-08-01 01:00:00,0.0
2025-08-01 02:00:00,0.0
2025-08-01 03:00:00,1.0111349394814853
2025-08-01 04:00:00,48.176824137741605
2025-08-01 05:00:00,109.57959097170404
2025-08-01 06:00:00,134.20902693435937
2025-08-01 07:00:00,128.72538108849432
2025-08-01 08:00:00,159.13534347116905
2025-08-01 09:00:00,217.8426131140451
2025-08-01 10:00:00,200.47499691026658
2025-08-01 11:00:00,203.30708937257987
2025-08-01 12:00:00,198.78511749660385
2025-08-01 13:00:00,182.2029390362944
2025-08-01 14:00:00,151.87458971310892
2025-08-01 15:00:00,115.90697809722926
2025-08-01 16:00:00,77.24440181878053
2025-08-01 17:00:00,36.68832637215381
2025-08-01 18:00:00,12.27261585212072
2025-08-01 19:00:00,0.0
2025-08-01 20:00:00,0.0
2025-08-01 21:00:00,0.0
2025-08-01 22:00:00,0.0
2025-08-01 23:00:00,0.0
2025-08-02 00:00:00,0.0
2025-08-02 01:00:00,0.0
2025-08-02 02:00:00,0.0
2025-08-02 03:00:00,0.35079128752288846
2025-08-02 04:00:00,17.6136012265059
2025-08-02 05:00:00,93.38231495329586
2025-08-02 06:00:00,271.9097419739618
2025-08-02 07:00:00,380.21410916601195
2025-08-02 08:00:00,333.0863356601627
2025-08-02 09:00:00,259.4039861963071
2025-08-02 10:00:00,465.3009790807262
2025-08-02 11:00:00,514.9334449012712
2025-08-02 12:00:00,557.2560230419425
2025-08-02 13:00:00,526.4948706047861
2025-08-02 14:00:00,464.15159621099133
2025-08-02 15:00:00,350.8908095716836
2025-08-02 16:00:00,257.9106000570878
2025-08-02 17:00:00,138.04146832003642
2025-08-02 18:00:00,39.0472693540399
2025-08-02 19:00:00,0.0
2025-08-02 20:00:00,0.0
2025-08-02 21:00:00,0.0
2025-08-02 22:00:00,0.0
2025-08-02 23:00:00,0.0
2025-08-03 00:00:00,0.0
2025-08-03 01:00:00,0.0
2025-08-03 02:00:00,0.0
2025-08-03 03:00:00,1.8465398215806421
2025-08-03 04:00:00,50.31900737271006
2025-08-03 05:00:00,130.68560344983058
2025-08-03 06:00:00,245.6961502605112
2025-08-03 07:00:00,132.07282892951963
2025-08-03 08:00:00,192.26599417231375
2025-08-03 09:00:00,316.4618542074543
2025-08-03 10:00:00,432.82876270741065
2025-08-03 11:00:00,588.4547456331941
2025-08-03 12:00:00,569.1604972560133
2025-08-03 13:00:00,484.03732384920875
2025-08-03 14:00:00,390.7406489530924
2025-08-03 15:00:00,327.5954611033396
2025-08-03 16:00:00,207.30751175358958
2025-08-03 17:00:00,97.56725504470002
2025-08-03 18:00:00,25.599574308823062
2025-08-03 19:00:00,0.0
2025-08-03 20:00:00,0.0
2025-08-03 21:00:00,0.0
2025-08-03 22:00:00,0.0
2025-08-03 23:00:00,0.0
2025-08-04 00:00:00,0.0
2025-08-04 01:00:00,0.0
2025-08-04 02:00:00,0.0
2025-08-04 03:00:00,0.0
2025-08-04 04:00:00,15.242107784556598
2025-08-04 05:00:00,56.061222339605806
2025-08-04 06:00:00,146.74533598111591
2025-08-04 07:00:00,166.37256067142866
2025-08-04 08:00:00,187.5160949137927
2025-08-04 09:00:00,275.3863022729804
2025-08-04 10:00:00,454.78020075369614
2025-08-04 11:00:00,569.6488673240856
2025-08-04 12:00:00,555.8655681966219
2025-08-04 13:00:00,521.3643692244898
2025-08-04 14:00:00,247.3132293346221
2025-08-04 15:00:00,155.27882858603266
2025-08-04 16:00:00,86.04320932623258
2025-08-04 17:00:00,114.04515597128216
2025-08-04 18:00:00,35.232142542349955
2025-08-04 19:00:00,0.0
2025-08-04 20:00:00,0.0
2025-08-04 21:00:00,0.0
2025-08-04 22:00:00,0.0
2025-08-04 23:00:00,0.0
2025-08-05 00:00:00,0.0
2025-08-05 01:00:00,0.0
2025-08-05 02:00:00,0.0
2025-08-05 03:00:00,0.27384597117883963
2025-08-05 04:00:00,13.410979211120074
2025-08-05 05:00:00,47.77700542246407
2025-08-05 06:00:00,99.4435349026522
2025-08-05 07:00:00,198.0807386175071
2025-08-05 08:00:00,478.08859132985657
2025-08-05 09:00:00,548.5546433329438
2025-08-05 10:00:00,574.1776929735321
2025-08-05 11:00:00,588.2375720199209
2025-08-05 12:00:00,549.243171107762
2025-08-05 13:00:00,543.0822382649426
2025-08-05 14:00:00,441.08726019780516
2025-08-05 15:00:00,247.65760751370607
2025-08-05 16:00:00,249.99776267990944
2025-08-05 17:00:00,136.9115730750311
2025-08-05 18:00:00,44.41678055905528
2025-08-05 19:00:00,0.0
2025-08-05 20:00:00,0.0
2025-08-05 21:00:00,0.0
2025-08-05 22:00:00,0.0
2025-08-05 23:00:00,0.0
2025-08-06 00:00:00,0.0
2025-08-06 01:00:00,0.0
2025-08-06 02:00:00,0.0
2025-08-06 03:00:00,0.0
2025-08-06 04:00:00,17.402359621970707
2025-08-06 05:00:00,85.22474280270993
2025-08-06 06:00:00,92.28689284915362
2025-08-06 07:00:00,189.538673392594
2025-08-06 08:00:00,171.9907747150903
2025-08-06 09:00:00,329.813417326298
2025-08-06 10:00:00,474.2961905343468
2025-08-06 11:00:00,385.1900311248334
2025-08-06 12:00:00,464.375619969379
2025-08-06 13:00:00,453.5214079261157
2025-08-06 14:00:00,350.6559951804105
2025-08-06 15:00:00,151.13299660718215
2025-08-06 16:00:00,138.76063123130703
2025-08-06 17:00:00,37.35122233785504
2025-08-06 18:00:00,34.822315127929194
2025-08-06 19:00:00,0.0
2025-08-06 20:00:00,0.0
2025-08-06 21:00:00,0.0
2025-08-06 22:00:00,0.0
2025-08-06 23:00:00,0.0
2025-08-07 00:00:00,0.0
2025-08-07 01:00:00,0.0
2025-08-07 02:00:00,0.0
2025-08-07 03:00:00,0.35079128752288846
2025-08-07 04:00:00,55.913317744718945
2025-08-07 05:00:00,135.88444689878625
2025-08-07 06:00:00,266.35045779359405
2025-08-07 07:00:00,370.4090450517721
2025-08-07 08:00:00,470.2908958834935
2025-08-07 09:00:00,522.3591868240385
2025-08-07 10:00:00,556.9620949460445
2025-08-07 11:00:00,494.4753965035641
2025-08-07 12:00:00,467.2576402013854
2025-08-07 13:00:00,467.8095151095717
2025-08-07 14:00:00,368.4993924968144
2025-08-07 15:00:00,313.32463408745025
2025-08-07 16:00:00,180.72192687648908
2025-08-07 17:00:00,106.3604331651717
2025-08-07 18:00:00,29.397029041222247
2025-08-07 19:00:00,0.0
2025-08-07 20:00:00,0.0
2025-08-07 21:00:00,0.0
2025-08-07 22:00:00,0.0
2025-08-07 23:00:00,0.0
2025-08-08 00:00:00,0.0
2025-08-08 01:00:00,0.0
2025-08-08 02:00:00,0.0
2025-08-08 03:00:00,0.0
2025-08-08 04:00:00,12.699087255352838
2025-08-08 05:00:00,74.70945895103885
2025-08-08 06:00:00,200.5928725342272
2025-08-08 07:00:00,357.29009174485566
2025-08-08 08:00:00,438.50081141646456
2025-08-08 09:00:00,480.5926176061592
2025-08-08 10:00:00,533.8368842308894
2025-08-08 11:00:00,502.5123031663921
2025-08-08 12:00:00,513.1059581969627
2025-08-08 13:00:00,289.928158352003
2025-08-08 14:00:00,346.1954684719596
2025-08-08 15:00:00,250.3529913398771
2025-08-08 16:00:00,221.7438140662267
2025-08-08 17:00:00,104.92068266522786
2025-08-08 18:00:00,6.301793638025265
2025-08-08 19:00:00,0.0
2025-08-08 20:00:00,0.0
2025-08-08 21:00:00,0.0
2025-08-08 22:00:00,0.0
2025-08-08 23:00:00,0.0
2025-08-09 00:00:00,0.0
2025-08-09 01:00:00,0.0
2025-08-09 02:00:00,0.0
2025-08-09 03:00:00,0.0
2025-08-09 04:00:00,45.41725359432856
2025-08-09 05:00:00,117.7456726810596
2025-08-09 06:00:00,237.98184786534168
2025-08-09 07:00:00,340.7269176763393
2025-08-09 08:00:00,434.5636132416776
2025-08-09 09:00:00,491.719674734063
2025-08-09 10:00:00,532.410874213639
2025-08-09 11:00:00,506.767722002654
2025-08-09 12:00:00,485.7890568652373
2025-08-09 13:00:00,310.27390592203034
2025-08-09 14:00:00,344.1500454203078
2025-08-09 15:00:00,116.59121336451447
2025-08-09 16:00:00,72.43551595078092
2025-08-09 17:00:00,89.44715513146232
2025-08-09 18:00:00,26.403201094162966
2025-08-09 19:00:00,0.0
2025-08-09 20:00:00,0.0
2025-08-09 21:00:00,0.0
2025-08-09 22:00:00,0.0
2025-08-09 23:00:00,0.0
2025-08-10 00:00:00,0.0
2025-08-10 01:00:00,0.0
2025-08-10 02:00:00,0.0
2025-08-10 03:00:00,0.0
2025-08-10 04:00:00,31.581777808979584
2025-08-10 05:00:00,87.78542951166885
2025-08-10 06:00:00,237.90775727131378
2025-08-10 07:00:00,356.61604830966616
2025-08-10 08:00:00,450.9194342327729
2025-08-10 09:00:00,470.5115454632288
2025-08-10 10:00:00,490.80274180392547
2025-08-10 11:00:00,557.8557870233515
2025-08-10 12:00:00,562.361512147674
2025-08-10 13:00:00,404.72982419578216
2025-08-10 14:00:00,394.5495428143361
2025-08-10 15:00:00,338.72836305951415
2025-08-10 16:00:00,220.37110376084576
2025-08-10 17:00:00,111.58667081158524
2025-08-10 18:00:00,29.439385512478676
2025-08-10 19:00:00,0.0
2025-08-10 20:00:00,0.0
2025-08-10 21:00:00,0.0
2025-08-10 22:00:00,0.0
2025-08-10 23:00:00,0.0
2025-08-11 00:00:00,0.0
2025-08-11 01:00:00,0.0
2025-08-11 02:00:00,0.0
2025-08-11 03:00:00,0.0
2025-08-11 04:00:00,32.61430796403222
2025-08-11 05:00:00,117.6523583566993
2025-08-11 06:00:00,239.4544505142569
2025-08-11 07:00:00,263.89029958278803
2025-08-11 08:00:00,358.4245882465213
2025-08-11 09:00:00,383.11951595986056
2025-08-11 10:00:00,409.35156312259085
2025-08-11 11:00:00,346.0568819600274
2025-08-11 12:00:00,388.98420512317665
2025-08-11 13:00:00,174.77963238633527
2025-08-11 14:00:00,146.34711261316696
2025-08-11 15:00:00,190.68357197994104
2025-08-11 16:00:00,90.72946645568128
2025-08-11 17:00:00,104.18165516498127
2025-08-11 18:00:00,27.329865004035245
2025-08-11 19:00:00,0.0
2025-08-11 20:00:00,0.0
2025-08-11 21:00:00,0.0
2025-08-11 22:00:00,0.0
2025-08-11 23:00:00,0.0
2025-08-12 00:00:00,0.0
2025-08-12 01:00:00,0.0
2025-08-12 02:00:00,0.0
2025-08-12 03:00:00,0.0
2025-08-12 04:00:00,14.282214568470224
2025-08-12 05:00:00,84.26759737008284
2025-08-12 06:00:00,222.22386202713622
2025-08-12 07:00:00,324.31753797242715
2025-08-12 08:00:00,425.76065128572327
2025-08-12 09:00:00,464.28834133038924
2025-08-12 10:00:00,512.1722284207395
2025-08-12 11:00:00,523.6119229493578
2025-08-12 12:00:00,518.9779661824
2025-08-12 13:00:00,470.2087669511196
2025-08-12 14:00:00,404.1633850593988
2025-08-12 15:00:00,321.9051350001966
2025-08-12 16:00:00,204.1422715766227
2025-08-12 17:00:00,88.78196958369345
2025-08-12 18:00:00,23.286351919199404
2025-08-12 19:00:00,0.0
2025-08-12 20:00:00,0.0
2025-08-12 21:00:00,0.0
2025-08-12 22:00:00,0.0
2025-08-12 23:00:00,0.0
2025-08-13 00:00:00,0.0
2025-08-13 01:00:00,0.0
2025-08-13 02:00:00,0.0
2025-08-13 03:00:00,0.0
2025-08-13 04:00:00,11.81042992342571
2025-08-13 05:00:00,42.113886265600286
2025-08-13 06:00:00,131.52875041296218
2025-08-13 07:00:00,117.5917986859523
2025-08-13 08:00:00,226.49302599006816
2025-08-13 09:00:00,460.2058657447151
2025-08-13 10:00:00,465.8923424071689
2025-08-13 11:00:00,552.3566696276147
2025-08-13 12:00:00,542.7018033461388
2025-08-13 13:00:00,488.85347436322576
2025-08-13 14:00:00,419.5056926484683
2025-08-13 15:00:00,284.29424762314824
2025-08-13 16:00:00,204.059953072992
2025-08-13 17:00:00,89.32753319752472
2025-08-13 18:00:00,20.373682524847823
2025-08-13 19:00:00,0.0
2025-08-13 20:00:00,0.0
2025-08-13 21:00:00,0.0
2025-08-13 22:00:00,0.0
2025-08-13 23:00:00,0.0
2025-08-14 00:00:00,0.0
2025-08-14 01:00:00,0.0
2025-08-14 02:00:00,0.0
2025-08-14 03:00:00,0.0
2025-08-14 04:00:00,34.57102157769515
2025-08-14 05:00:00,108.23438272074462
2025-08-14 06:00:00,230.92971381573415
2025-08-14 07:00:00,336.32268209814305
2025-08-14 08:00:00,429.28658734597616
2025-08-14 09:00:00,490.96913344255387
2025-08-14 10:00:00,524.074828315905
2025-08-14 11:00:00,530.9951004919423
2025-08-14 12:00:00,521.5072238400589
2025-08-14 13:00:00,464.1450617475114
2025-08-14 14:00:00,388.28179606892724
2025-08-14 15:00:00,213.32719723351346
2025-08-14 16:00:00,171.95799193813474
2025-08-14 17:00:00,65.15616854420685
2025-08-14 18:00:00,15.230000051322877
2025-08-14 19:00:00,0.0
2025-08-14 20:00:00,0.0
2025-08-14 21:00:00,0.0
2025-08-14 22:00:00,0.0
2025-08-14 23:00:00,0.0
2025-08-15 00:00:00,0.0
2025-08-15 01:00:00,0.0
2025-08-15 02:00:00,0.0
2025-08-15 03:00:00,0.0
2025-08-15 04:00:00,29.99507581843442
2025-08-15 05:00:00,83.97027888556963
2025-08-15 06:00:00,222.98100057312155
2025-08-15 07:00:00,229.5698607640946
2025-08-15 08:00:00,316.294033453157
2025-08-15 09:00:00,276.48279701044316
2025-08-15 10:00:00,316.93049789885583
2025-08-15 11:00:00,499.83034118973893
2025-08-15 12:00:00,239.6874279356244
2025-08-15 13:00:00,419.60814086853827
2025-08-15 14:00:00,324.60300374338783
2025-08-15 15:00:00,241.74044732915527
2025-08-15 16:00:00,131.96292430364684
2025-08-15 17:00:00,69.15903899858162
2025-08-15 18:00:00,13.094055520411686
2025-08-15 19:00:00,0.0
2025-08-15 20:00:00,0.0
2025-08-15 21:00:00,0.0
2025-08-15 22:00:00,0.0
2025-08-15 23:00:00,0.0
2025-08-16 00:00:00,0.0
2025-08-16 01:00:00,0.0
2025-08-16 02:00:00,0.0
2025-08-16 03:00:00,0.0
2025-08-16 04:00:00,37.816418999261764
2025-08-16 05:00:00,118.10264724898494
2025-08-16 06:00:00,250.03976136416435
2025-08-16 07:00:00,366.6946799568834
2025-08-16 08:00:00,454.5592976699912
2025-08-16 09:00:00,522.8881996646711
2025-08-16 10:00:00,547.6977525246979
2025-08-16 11:00:00,492.7776666523535
2025-08-16 12:00:00,253.47591516118052
2025-08-16 13:00:00,236.5802083218288
2025-08-16 14:00:00,272.42820288329835
2025-08-16 15:00:00,277.83559747056387
2025-08-16 16:00:00,111.02891907516509
2025-08-16 17:00:00,34.92506164991169
2025-08-16 18:00:00,9.968083741114452
2025-08-16 19:00:00,0.0
2025-08-16 20:00:00,0.0
2025-08-16 21:00:00,0.0
2025-08-16 22:00:00,0.0
2025-08-16 23:00:00,0.0
2025-08-17 00:00:00,0.0
2025-08-17 01:00:00,0.0
2025-08-17 02:00:00,0.0
2025-08-17 03:00:00,0.0
2025-08-17 04:00:00,7.2860972807054285
2025-08-17 05:00:00,37.71454289806722
2025-08-17 06:00:00,74.52521222374668
2025-08-17 07:00:00,116.23118206845723
2025-08-17 08:00:00,148.53411009785162
2025-08-17 09:00:00,174.63047876759734
2025-08-17 10:00:00,191.11891494951715
2025-08-17 11:00:00,195.08442251999725
2025-08-17 12:00:00,186.0802055915741
2025-08-17 13:00:00,166.79927773105027
2025-08-17 14:00:00,210.10094344361124
2025-08-17 15:00:00,101.9237707373044
2025-08-17 16:00:00,162.47301057245636
2025-08-17 17:00:00,89.5742523919088
2025-08-17 18:00:00,13.017737432051984
2025-08-17 19:00:00,0.0
2025-08-17 20:00:00,0.0
2025-08-17 21:00:00,0.0
2025-08-17 22:00:00,0.0
2025-08-17 23:00:00,0.0
2025-08-18 00:00:00,0.0
2025-08-18 01:00:00,0.0
2025-08-18 02:00:00,0.0
2025-08-18 03:00:00,0.0
2025-08-18 04:00:00,21.436280966295346
2025-08-18 05:00:00,101.69812608181046
2025-08-18 06:00:00,225.41613877882537
2025-08-18 07:00:00,336.56937499125627
2025-08-18 08:00:00,432.14760687408324
2025-08-18 09:00:00,493.0537488222452
2025-08-18 10:00:00,531.813084833643
2025-08-18 11:00:00,541.762574055313
2025-08-18 12:00:00,518.7993973692426
2025-08-18 13:00:00,463.71990498950225
2025-08-18 14:00:00,392.4300738438629
2025-08-18 15:00:00,289.78306749354203
2025-08-18 16:00:00,151.4842776277582
2025-08-18 17:00:00,68.72697674200934
2025-08-18 18:00:00,7.83407130975421
2025-08-18 19:00:00,0.0
2025-08-18 20:00:00,0.0
2025-08-18 21:00:00,0.0
2025-08-18 22:00:00,0.0
2025-08-18 23:00:00,0.0
2025-08-19 00:00:00,0.0
2025-08-19 01:00:00,0.0
2025-08-19 02:00:00,0.0
2025-08-19 03:00:00,0.0
2025-08-19 04:00:00,18.326189472320525
2025-08-19 05:00:00,83.21661751073249
2025-08-19 06:00:00,184.8711856204251
2025-08-19 07:00:00,188.4786639986826
2025-08-19 08:00:00,135.61271164475664
2025-08-19 09:00:00,162.70462298298125
2025-08-19 10:00:00,176.74714417567907
2025-08-19 11:00:00,197.9517758481414
2025-08-19 12:00:00,194.11348200824486
2025-08-19 13:00:00,159.5317799342742
2025-08-19 14:00:00,332.8301565842293
2025-08-19 15:00:00,199.44622323901837
2025-08-19 16:00:00,99.22888608099655
2025-08-19 17:00:00,28.375053605161334
2025-08-19 18:00:00,3.710615183900758
2025-08-19 19:00:00,0.0
2025-08-19 20:00:00,0.0
2025-08-19 21:00:00,0.0
2025-08-19 22:00:00,0.0
2025-08-19 23:00:00,0.0
2025-08-20 00:00:00,0.0
2025-08-20 01:00:00,0.0
2025-08-20 02:00:00,0.0
2025-08-20 03:00:00,0.0
2025-08-20 04:00:00,24.38169818119167
2025-08-20 05:00:00,105.18116637703166
2025-08-20 06:00:00,235.35036326261414
2025-08-20 07:00:00,345.76521113733634
2025-08-20 08:00:00,438.71986125570953
2025-08-20 09:00:00,461.09853745772324
2025-08-20 10:00:00,408.84426644381966
2025-08-20 11:00:00,450.3278457794598
2025-08-20 12:00:00,423.22745384853437
2025-08-20 13:00:00,186.8097331292419
2025-08-20 14:00:00,345.9467288791117
2025-08-20 15:00:00,180.34021771147437
2025-08-20 16:00:00,94.07439593802107
2025-08-20 17:00:00,33.3171712157188
2025-08-20 18:00:00,2.4998316421532834
2025-08-20 19:00:00,0.0
2025-08-20 20:00:00,0.0
2025-08-20 21:00:00,0.0
2025-08-20 22:00:00,0.0
2025-08-20 23:00:00,0.0
2025-08-21 00:00:00,0.0
2025-08-21 01:00:00,0.0
2025-08-21 02:00:00,0.0
2025-08-21 03:00:00,0.0
2025-08-21 04:00:00,3.7743043369342186
2025-08-21 05:00:00,40.48427167247366
2025-08-21 06:00:00,168.41013221138482
2025-08-21 07:00:00,329.69436386731337
2025-08-21 08:00:00,382.2539169710234
2025-08-21 09:00:00,277.3455323790047
2025-08-21 10:00:00,346.5966617502103
2025-08-21 11:00:00,258.60665522429395
2025-08-21 12:00:00,225.66129227728538
2025-08-21 13:00:00,274.9045481964441
2025-08-21 14:00:00,228.37165619101515
2025-08-21 15:00:00,111.57640748082446
2025-08-21 16:00:00,60.67298334000935
2025-08-21 17:00:00,42.008888854061134
2025-08-21 18:00:00,3.3890044680399627
2025-08-21 19:00:00,0.0
2025-08-21 20:00:00,0.0
2025-08-21 21:00:00,0.0
2025-08-21 22:00:00,0.0
2025-08-21 23:00:00,0.0
2025-08-22 00:00:00,0.0
2025-08-22 01:00:00,0.0
2025-08-22 02:00:00,0.0
2025-08-22 03:00:00,0.0
2025-08-22 04:00:00,15.053140622296834
2025-08-22 05:00:00,54.428339759187
2025-08-22 06:00:00,167.83176265244444
2025-08-22 07:00:00,298.89033753993954
2025-08-22 08:00:00,387.9416182649753
2025-08-22 09:00:00,335.5940223627379
2025-08-22 10:00:00,312.8076983094006
2025-08-22 11:00:00,311.08309739554613
2025-08-22 12:00:00,177.16755967823832
2025-08-22 13:00:00,205.56501262371995
2025-08-22 14:00:00,156.53658869770032
2025-08-22 15:00:00,93.26485785607179
2025-08-22 16:00:00,50.43383966266921
2025-08-22 17:00:00,18.64317275474983
2025-08-22 18:00:00,0.0
2025-08-22 19:00:00,0.0
2025-08-22 20:00:00,0.0
2025-08-22 21:00:00,0.0
2025-08-22 22:00:00,0.0
2025-08-22 23:00:00,0.0
2025-08-23 00:00:00,0.0
2025-08-23 01:00:00,0.0
2025-08-23 02:00:00,0.0
2025-08-23 03:00:00,0.0
2025-08-23 04:00:00,11.315694238482447
2025-08-23 05:00:00,67.25289738604232
2025-08-23 06:00:00,177.0057289734088
2025-08-23 07:00:00,141.2807591937262
2025-08-23 08:00:00,227.61551903298928
2025-08-23 09:00:00,215.06493028976436
2025-08-23 10:00:00,186.6160174350244
2025-08-23 11:00:00,218.6537186050266
2025-08-23 12:00:00,412.61834252728283
2025-08-23 13:00:00,384.37406011837953
2025-08-23 14:00:00,353.4146181061697
2025-08-23 15:00:00,264.8868237383332
2025-08-23 16:00:00,96.97659666531881
2025-08-23 17:00:00,27.298504131653164
2025-08-23 18:00:00,0.0
2025-08-23 19:00:00,0.0
2025-08-23 20:00:00,0.0
2025-08-23 21:00:00,0.0
2025-08-23 22:00:00,0.0
2025-08-23 23:00:00,0.0
2025-08-24 00:00:00,0.0
2025-08-24 01:00:00,0.0
2025-08-24 02:00:00,0.0
2025-08-24 03:00:00,0.0
2025-08-24 04:00:00,2.5492247497221494
2025-08-24 05:00:00,32.51738678848203
2025-08-24 06:00:00,99.20129880786891
2025-08-24 07:00:00,146.87180486628148
2025-08-24 08:00:00,241.72032985091502
2025-08-24 09:00:00,181.42785046272743
2025-08-24 10:00:00,186.6160174350244
2025-08-24 11:00:00,197.1497165749826
2025-08-24 12:00:00,226.94339627246117
2025-08-24 13:00:00,313.09268246980594
2025-08-24 14:00:00,215.61238876575294
2025-08-24 15:00:00,93.3662633635736
2025-08-24 16:00:00,115.92544753096482
2025-08-24 17:00:00,46.713248854339255
2025-08-24 18:00:00,0.0
2025-08-24 19:00:00,0.0
2025-08-24 20:00:00,0.0
2025-08-24 21:00:00,0.0
2025-08-24 22:00:00,0.0
2025-08-24 23:00:00,0.0
2025-08-25 00:00:00,0.0
2025-08-25 01:00:00,0.0
2025-08-25 02:00:00,0.0
2025-08-25 03:00:00,0.0
2025-08-25 04:00:00,13.181692393803552
2025-08-25 05:00:00,83.70223146226444
2025-08-25 06:00:00,193.8621815585691
2025-08-25 07:00:00,322.86513541974153
2025-08-25 08:00:00,338.18951809545536
2025-08-25 09:00:00,165.85201845462623
2025-08-25 10:00:00,183.95421438343686
2025-08-25 11:00:00,241.3695295870822
2025-08-25 12:00:00,178.29864645536813
2025-08-25 13:00:00,188.34130353676736
2025-08-25 14:00:00,207.83108275323764
2025-08-25 15:00:00,91.65357580514164
2025-08-25 16:00:00,115.43058070514078
2025-08-25 17:00:00,28.762958418274827
2025-08-25 18:00:00,0.0
2025-08-25 19:00:00,0.0
2025-08-25 20:00:00,0.0
2025-08-25 21:00:00,0.0
2025-08-25 22:00:00,0.0
2025-08-25 23:00:00,0.0
2025-08-26 00:00:00,0.0
2025-08-26 01:00:00,0.0
2025-08-26 02:00:00,0.0
2025-08-26 03:00:00,0.0
2025-08-26 04:00:00,1.442142127807238
2025-08-26 05:00:00,24.216089381904972
2025-08-26 06:00:00,182.1621105513803
2025-08-26 07:00:00,279.49193387550895
2025-08-26 08:00:00,279.11620769761834
2025-08-26 09:00:00,348.0694680294536
2025-08-26 10:00:00,423.6036278445727
2025-08-26 11:00:00,240.5101510966512
2025-08-26 12:00:00,264.73795431458876
2025-08-26 13:00:00,270.36244300536265
2025-08-26 14:00:00,130.81061666323555
2025-08-26 15:00:00,261.4970001485175
2025-08-26 16:00:00,121.81617209467487
2025-08-26 17:00:00,48.46364842915888
2025-08-26 18:00:00,0.0
2025-08-26 19:00:00,0.0
2025-08-26 20:00:00,0.0
2025-08-26 21:00:00,0.0
2025-08-26 22:00:00,0.0
2025-08-26 23:00:00,0.0
2025-08-27 00:00:00,0.0
2025-08-27 01:00:00,0.0
2025-08-27 02:00:00,0.0
2025-08-27 03:00:00,0.0
2025-08-27 04:00:00,9.471263617243443
2025-08-27 05:00:00,61.02625311063151
2025-08-27 06:00:00,198.03208479907585
2025-08-27 07:00:00,276.94493766848325
2025-08-27 08:00:00,308.1638585507984
2025-08-27 09:00:00,187.82566556682227
2025-08-27 10:00:00,216.3784765263575
2025-08-27 11:00:00,245.7033210241821
2025-08-27 12:00:00,257.3401099067288
2025-08-27 13:00:00,151.5614633110513
2025-08-27 14:00:00,143.18356779044882
2025-08-27 15:00:00,260.4434987940731
2025-08-27 16:00:00,134.47917560683734
2025-08-27 17:00:00,45.88274199046025
2025-08-27 18:00:00,0.0
2025-08-27 19:00:00,0.0
2025-08-27 20:00:00,0.0
2025-08-27 21:00:00,0.0
2025-08-27 22:00:00,0.0
2025-08-27 23:00:00,0.0
2025-08-28 00:00:00,0.0
2025-08-28 01:00:00,0.0
2025-08-28 02:00:00,0.0
2025-08-28 03:00:00,0.0
2025-08-28 04:00:00,0.7071811503627852
2025-08-28 05:00:00,64.67656795668786
2025-08-28 06:00:00,59.62162839424885
2025-08-28 07:00:00,110.02381555970875
2025-08-28 08:00:00,137.45747784090415
2025-08-28 09:00:00,161.13920639757202
2025-08-28 10:00:00,184.40785308411404
2025-08-28 11:00:00,236.2774549686059
2025-08-28 12:00:00,357.83932469283394
2025-08-28 13:00:00,172.41958895864337
2025-08-28 14:00:00,185.0575316088932
2025-08-28 15:00:00,232.8502125264403
2025-08-28 16:00:00,87.87752733159203
2025-08-28 17:00:00,18.594197470661644
2025-08-28 18:00:00,0.0
2025-08-28 19:00:00,0.0
2025-08-28 20:00:00,0.0
2025-08-28 21:00:00,0.0
2025-08-28 22:00:00,0.0
2025-08-28 23:00:00,0.0
2025-08-29 00:00:00,0.0
2025-08-29 01:00:00,0.0
2025-08-29 02:00:00,0.0
2025-08-29 03:00:00,0.0
2025-08-29 04:00:00,0.0
2025-08-29 05:00:00,18.513855018750366
2025-08-29 06:00:00,51.49317367687227
2025-08-29 07:00:00,89.15810664652675
2025-08-29 08:00:00,128.08165856287124
2025-08-29 09:00:00,154.47965842959735
2025-08-29 10:00:00,167.70419280338277
2025-08-29 11:00:00,173.87027680713382
2025-08-29 12:00:00,162.2528862284915
2025-08-29 13:00:00,143.55334323841356
2025-08-29 14:00:00,112.32258469731414
2025-08-29 15:00:00,73.45825313310041
2025-08-29 16:00:00,37.26508274511174
2025-08-29 17:00:00,8.996849331049592
2025-08-29 18:00:00,0.0
2025-08-29 19:00:00,0.0
2025-08-29 20:00:00,0.0
2025-08-29 21:00:00,0.0
2025-08-29 22:00:00,0.0
2025-08-29 23:00:00,0.0
2025-08-30 00:00:00,0.0
2025-08-30 01:00:00,0.0
2025-08-30 02:00:00,0.0
2025-08-30 03:00:00,0.0
2025-08-30 04:00:00,0.0
2025-08-30 05:00:00,31.873631921017488
2025-08-30 06:00:00,55.529586920063494
2025-08-30 07:00:00,93.46103801686513
2025-08-30 08:00:00,137.53377787379
2025-08-30 09:00:00,161.04281642224993
2025-08-30 10:00:00,169.27927209443166
2025-08-30 11:00:00,175.40420856610945
2025-08-30 12:00:00,216.68636642919847
2025-08-30 13:00:00,145.55634678958765
2025-08-30 14:00:00,122.1308838108568
2025-08-30 15:00:00,74.5631001102931
2025-08-30 16:00:00,38.266163048780655
2025-08-30 17:00:00,13.235178735089164
2025-08-30 18:00:00,0.0
2025-08-30 19:00:00,0.0
2025-08-30 20:00:00,0.0
2025-08-30 21:00:00,0.0
2025-08-30 22:00:00,0.0
2025-08-30 23:00:00,0.0
2025-08-31 00:00:00,0.0
2025-08-31 01:00:00,0.0
2025-08-31 02:00:00,0.0
2025-08-31 03:00:00,0.0
2025-08-31 04:00:00,0.0
2025-08-31 05:00:00,18.983794200898046
2025-08-31 06:00:00,51.344413261811496
2025-08-31 07:00:00,93.43654429395467
2025-08-31 08:00:00,129.02239929279563
2025-08-31 09:00:00,151.3545268157465
2025-08-31 10:00:00,168.84097222356525
2025-08-31 11:00:00,173.5530622692417
2025-08-31 12:00:00,170.865987782285
2025-08-31 13:00:00,149.71422684266687
2025-08-31 14:00:00,113.38348392061677
2025-08-31 15:00:00,76.98121124283563
2025-08-31 16:00:00,47.251343613635186
2025-08-31 17:00:00,31.618475610858813
2025-08-31 18:00:00,0.0
2025-08-31 19:00:00,0.0
2025-08-31 20:00:00,0.0
2025-08-31 21:00:00,0.0
2025-08-31 22:00:00,0.0
2025-08-31 23:00:00,0.0
2025-09-01 00:00:00,0.0
2025-09-01 01:00:00,0.0
2025-09-01 02:00:00,0.0
2025-09-01 03:00:00,0.0
2025-09-01 04:00:00,0.0
2025-09-01 05:00:00,18.529792323638173
2025-09-01 06:00:00,79.25124199551728
2025-09-01 07:00:00,94.37167786621521
2025-09-01 08:00:00,128.15128494254634
2025-09-01 09:00:00,153.37875238029198
2025-09-01 10:00:00,324.48496569051935
2025-09-01 11:00:00,174.99833569258237
2025-09-01 12:00:00,163.53830711237492
2025-09-01 13:00:00,144.9914719987585
2025-09-01 14:00:00,114.82624013143997
2025-09-01 15:00:00,140.95396217459228
2025-09-01 16:00:00,78.93779996933881
2025-09-01 17:00:00,7.653510334709902
2025-09-01 18:00:00,0.0
2025-09-01 19:00:00,0.0
2025-09-01 20:00:00,0.0
2025-09-01 21:00:00,0.0
2025-09-01 22:00:00,0.0
2025-09-01 23:00:00,0.0
2025-09-02 00:00:00,0.0
2025-09-02 01:00:00,0.0
2025-09-02 02:00:00,0.0
2025-09-02 03:00:00,0.0
2025-09-02 04:00:00,0.0
2025-09-02 05:00:00,51.12474699977818
2025-09-02 06:00:00,140.12435348223792
2025-09-02 07:00:00,116.75556717697725
2025-09-02 08:00:00,368.77288261805484
2025-09-02 09:00:00,232.24522225872042
2025-09-02 10:00:00,323.2905859679709
2025-09-02 11:00:00,338.0403119522813
2025-09-02 12:00:00,368.27209155565833
2025-09-02 13:00:00,320.8598691926878
2025-09-02 14:00:00,154.6492455100685
2025-09-02 15:00:00,99.42372341875544
2025-09-02 16:00:00,34.39383593969032
2025-09-02 17:00:00,7.9713666542679125
2025-09-02 18:00:00,0.0
2025-09-02 19:00:00,0.0
2025-09-02 20:00:00,0.0
2025-09-02 21:00:00,0.0
2025-09-02 22:00:00,0.0
2025-09-02 23:00:00,0.0
2025-09-03 00:00:00,0.0
2025-09-03 01:00:00,0.0
2025-09-03 02:00:00,0.0
2025-09-03 03:00:00,0.0
2025-09-03 04:00:00,0.0
2025-09-03 05:00:00,29.94858113633216
2025-09-03 06:00:00,100.74154921083591
2025-09-03 07:00:00,228.88909849064575
2025-09-03 08:00:00,217.4895560028277
2025-09-03 09:00:00,166.56602965174616
2025-09-03 10:00:00,193.07458165728855
2025-09-03 11:00:00,170.75560826326827
2025-09-03 12:00:00,409.58281553309826
2025-09-03 13:00:00,346.8332867814142
2025-09-03 14:00:00,324.4683721043288
2025-09-03 15:00:00,223.05631166563202
2025-09-03 16:00:00,111.51068034562246
2025-09-03 17:00:00,27.565547934098035
2025-09-03 18:00:00,0.0
2025-09-03 19:00:00,0.0
2025-09-03 20:00:00,0.0
2025-09-03 21:00:00,0.0
2025-09-03 22:00:00,0.0
2025-09-03 23:00:00,0.0
2025-09-04 00:00:00,0.0
2025-09-04 01:00:00,0.0
2025-09-04 02:00:00,0.0
2025-09-04 03:00:00,0.0
2025-09-04 04:00:00,0.0
2025-09-04 05:00:00,16.233295654452732
2025-09-04 06:00:00,83.25655715763105
2025-09-04 07:00:00,165.6209546116668
2025-09-04 08:00:00,339.8426550813473
2025-09-04 09:00:00,436.7253082678032
2025-09-04 10:00:00,433.1607122029739
2025-09-04 11:00:00,389.77603974629636
2025-09-04 12:00:00,407.2587175827452
2025-09-04 13:00:00,406.99098649165325
2025-09-04 14:00:00,323.8832673338895
2025-09-04 15:00:00,219.98684507389373
2025-09-04 16:00:00,99.79429993685162
2025-09-04 17:00:00,20.317256262058308
2025-09-04 18:00:00,0.0
2025-09-04 19:00:00,0.0
2025-09-04 20:00:00,0.0
2025-09-04 21:00:00,0.0
2025-09-04 22:00:00,0.0
2025-09-04 23:00:00,0.0
2025-09-05 00:00:00,0.0
2025-09-05 01:00:00,0.0
2025-09-05 02:00:00,0.0
2025-09-05 03:00:00,0.0
2025-09-05 04:00:00,0.0
2025-09-05 05:00:00,25.176714765244192
2025-09-05 06:00:00,53.167296836215165
2025-09-05 07:00:00,210.86603543510319
2025-09-05 08:00:00,260.1923393362246
2025-09-05 09:00:00,426.1734156811671
2025-09-05 10:00:00,462.8385887946346
2025-09-05 11:00:00,472.59659231588785
2025-09-05 12:00:00,453.39634730595003
2025-09-05 13:00:00,291.7225288824306
2025-09-05 14:00:00,224.07647536206505
2025-09-05 15:00:00,204.32685398552155
2025-09-05 16:00:00,92.31483278362064
2025-09-05 17:00:00,16.020191503606593
2025-09-05 18:00:00,0.0
2025-09-05 19:00:00,0.0
2025-09-05 20:00:00,0.0
2025-09-05 21:00:00,0.0
2025-09-05 22:00:00,0.0
2025-09-05 23:00:00,0.0
2025-09-06 00:00:00,0.0
2025-09-06 01:00:00,0.0
2025-09-06 02:00:00,0.0
2025-09-06 03:00:00,0.0
2025-09-06 04:00:00,0.0
2025-09-06 05:00:00,38.89492238754036
2025-09-06 06:00:00,42.97241614154803
2025-09-06 07:00:00,232.91566075878322
2025-09-06 08:00:00,220.97370795302078
2025-09-06 09:00:00,145.7421232300076
2025-09-06 10:00:00,224.62910345009277
2025-09-06 11:00:00,164.611801539518
2025-09-06 12:00:00,157.16510491716363
2025-09-06 13:00:00,136.41977119966776
2025-09-06 14:00:00,97.7737885083636
2025-09-06 15:00:00,60.24133288799613
2025-09-06 16:00:00,36.142799143562264
2025-09-06 17:00:00,3.9276485346627665
2025-09-06 18:00:00,0.0
2025-09-06 19:00:00,0.0
2025-09-06 20:00:00,0.0
2025-09-06 21:00:00,0.0
2025-09-06 22:00:00,0.0
2025-09-06 23:00:00,0.0
2025-09-07 00:00:00,0.0
2025-09-07 01:00:00,0.0
2025-09-07 02:00:00,0.0
2025-09-07 03:00:00,0.0
2025-09-07 04:00:00,0.0
2025-09-07 05:00:00,15.887190252894145
2025-09-07 06:00:00,122.09828592426057
2025-09-07 07:00:00,221.4781183396591
2025-09-07 08:00:00,360.0625952348717
2025-09-07 09:00:00,394.55878880077364
2025-09-07 10:00:00,157.36574003646504
2025-09-07 11:00:00,279.67920042654123
2025-09-07 12:00:00,264.1805839561618
2025-09-07 13:00:00,133.77897091111927
2025-09-07 14:00:00,250.00831976692606
2025-09-07 15:00:00,190.70763208046932
2025-09-07 16:00:00,89.47330087178305
2025-09-07 17:00:00,13.337452526369548
2025-09-07 18:00:00,0.0
2025-09-07 19:00:00,0.0
2025-09-07 20:00:00,0.0
2025-09-07 21:00:00,0.0
2025-09-07 22:00:00,0.0
2025-09-07 23:00:00,0.0
2025-09-08 00:00:00,0.0
2025-09-08 01:00:00,0.0
2025-09-08 02:00:00,0.0
2025-09-08 03:00:00,0.0
2025-09-08 04:00:00,0.0
2025-09-08 05:00:00,38.220634276378355
2025-09-08 06:00:00,76.89730942906338
2025-09-08 07:00:00,104.47774062344513
2025-09-08 08:00:00,144.07714984931079
2025-09-08 09:00:00,165.25500122637072
2025-09-08 10:00:00,190.66059463300962
2025-09-08 11:00:00,314.93387106451416
2025-09-08 12:00:00,340.9757462797273
2025-09-08 13:00:00,264.8794796917418
2025-09-08 14:00:00,246.1983305950317
2025-09-08 15:00:00,120.24880967663363
2025-09-08 16:00:00,55.273106926949964
2025-09-08 17:00:00,7.96104710408402
2025-09-08 18:00:00,0.0
2025-09-08 19:00:00,0.0
2025-09-08 20:00:00,0.0
2025-09-08 21:00:00,0.0
2025-09-08 22:00:00,0.0
2025-09-08 23:00:00,0.0
2025-09-09 00:00:00,0.0
2025-09-09 01:00:00,0.0
2025-09-09 02:00:00,0.0
2025-09-09 03:00:00,0.0
2025-09-09 04:00:00,0.0
2025-09-09 05:00:00,11.438890802891699
2025-09-09 06:00:00,89.08400329155776
2025-09-09 07:00:00,81.80858852730674
2025-09-09 08:00:00,124.66259177626345
2025-09-09 09:00:00,143.2930130208478
2025-09-09 10:00:00,456.1359127381922
2025-09-09 11:00:00,436.668204311588
2025-09-09 12:00:00,427.31592796529634
2025-09-09 13:00:00,382.078126091119
2025-09-09 14:00:00,296.41809344083975
2025-09-09 15:00:00,190.72313773539673
2025-09-09 16:00:00,79.39708367051774
2025-09-09 17:00:00,7.950592967077752
2025-09-09 18:00:00,0.0
2025-09-09 19:00:00,0.0
2025-09-09 20:00:00,0.0
2025-09-09 21:00:00,0.0
2025-09-09 22:00:00,0.0
2025-09-09 23:00:00,0.0
2025-09-10 00:00:00,0.0
2025-09-10 01:00:00,0.0
2025-09-10 02:00:00,0.0
2025-09-10 03:00:00,0.0
2025-09-10 04:00:00,0.0
2025-09-10 05:00:00,20.9789806107958
2025-09-10 06:00:00,77.45954723232269
2025-09-10 07:00:00,165.33204695509835
2025-09-10 08:00:00,133.8735001072215
2025-09-10 09:00:00,412.5576521072498
2025-09-10 10:00:00,437.3412633572225
2025-09-10 11:00:00,407.56008368540824
2025-09-10 12:00:00,321.37220219429923
2025-09-10 13:00:00,306.40304919256204
2025-09-10 14:00:00,121.23982188999327
2025-09-10 15:00:00,55.44420521904713
2025-09-10 16:00:00,21.02141889109694
2025-09-10 17:00:00,1.4467218818477299
2025-09-10 18:00:00,0.0
2025-09-10 19:00:00,0.0
2025-09-10 20:00:00,0.0
2025-09-10 21:00:00,0.0
2025-09-10 22:00:00,0.0
2025-09-10 23:00:00,0.0
2025-09-11 00:00:00,0.0
2025-09-11 01:00:00,0.0
2025-09-11 02:00:00,0.0
2025-09-11 03:00:00,0.0
2025-09-11 04:00:00,0.0
2025-09-11 05:00:00,32.94048510650553
2025-09-11 06:00:00,65.05019680804773
2025-09-11 07:00:00,124.69755850585489
2025-09-11 08:00:00,152.0644546174364
2025-09-11 09:00:00,252.93374195351777
2025-09-11 10:00:00,266.32664019745755
2025-09-11 11:00:00,156.66076042716642
2025-09-11 12:00:00,233.14942240336626
2025-09-11 13:00:00,175.90869045649745
2025-09-11 14:00:00,89.5899525878965
2025-09-11 15:00:00,52.06133508503211
2025-09-11 16:00:00,19.923032681866154
2025-09-11 17:00:00,0.0
2025-09-11 18:00:00,0.0
2025-09-11 19:00:00,0.0
2025-09-11 20:00:00,0.0
2025-09-11 21:00:00,0.0
2025-09-11 22:00:00,0.0
2025-09-11 23:00:00,0.0
2025-09-12 00:00:00,0.0
2025-09-12 01:00:00,0.0
2025-09-12 02:00:00,0.0
2025-09-12 03:00:00,0.0
2025-09-12 04:00:00,0.0
2025-09-12 05:00:00,10.068016722579259
2025-09-12 06:00:00,58.703416009253374
2025-09-12 07:00:00,73.16263301537609
2025-09-12 08:00:00,113.02284926237263
2025-09-12 09:00:00,372.7611602095445
2025-09-12 10:00:00,371.5329395260125
2025-09-12 11:00:00,424.1131688160703
2025-09-12 12:00:00,207.04985501091164
2025-09-12 13:00:00,320.1629776051972
2025-09-12 14:00:00,294.8701147111495
2025-09-12 15:00:00,184.15235152527967
2025-09-12 16:00:00,73.21842804640707
2025-09-12 17:00:00,2.984812883646917
2025-09-12 18:00:00,0.0
2025-09-12 19:00:00,0.0
2025-09-12 20:00:00,0.0
2025-09-12 21:00:00,0.0
2025-09-12 22:00:00,0.0
2025-09-12 23:00:00,0.0
2025-09-13 00:00:00,0.0
2025-09-13 01:00:00,0.0
2025-09-13 02:00:00,0.0
2025-09-13 03:00:00,0.0
2025-09-13 04:00:00,0.0
2025-09-13 05:00:00,36.030955908893645
2025-09-13 06:00:00,139.7452588412129
2025-09-13 07:00:00,253.42303609866133
2025-09-13 08:00:00,352.0497459625938
2025-09-13 09:00:00,397.7356776712402
2025-09-13 10:00:00,440.66462558165836
2025-09-13 11:00:00,471.45910190710856
2025-09-13 12:00:00,440.9414211579814
2025-09-13 13:00:00,371.63545010943704
2025-09-13 14:00:00,175.39687883518343
2025-09-13 15:00:00,147.3782522247553
2025-09-13 16:00:00,70.09661145926482
2025-09-13 17:00:00,0.0
2025-09-13 18:00:00,0.0
2025-09-13 19:00:00,0.0
2025-09-13 20:00:00,0.0
2025-09-13 21:00:00,0.0
2025-09-13 22:00:00,0.0
2025-09-13 23:00:00,0.0
2025-09-14 00:00:00,0.0
2025-09-14 01:00:00,0.0
2025-09-14 02:00:00,0.0
2025-09-14 03:00:00,0.0
2025-09-14 04:00:00,0.0
2025-09-14 05:00:00,17.4363784987137
2025-09-14 06:00:00,80.70876873313836
2025-09-14 07:00:00,82.61061550792417
2025-09-14 08:00:00,248.6441523821271
2025-09-14 09:00:00,173.37944878203623
2025-09-14 10:00:00,153.06071704789983
2025-09-14 11:00:00,295.8439034159
2025-09-14 12:00:00,210.16473430365645
2025-09-14 13:00:00,281.82485146526136
2025-09-14 14:00:00,87.85748567713843
2025-09-14 15:00:00,50.19288966880985
2025-09-14 16:00:00,19.925205830938438
2025-09-14 17:00:00,0.0
2025-09-14 18:00:00,0.0
2025-09-14 19:00:00,0.0
2025-09-14 20:00:00,0.0
2025-09-14 21:00:00,0.0
2025-09-14 22:00:00,0.0
2025-09-14 23:00:00,0.0
2025-09-15 00:00:00,0.0
2025-09-15 01:00:00,0.0
2025-09-15 02:00:00,0.0
2025-09-15 03:00:00,0.0
2025-09-15 04:00:00,0.0
2025-09-15 05:00:00,18.568141580814
2025-09-15 06:00:00,53.42416639403914
2025-09-15 07:00:00,82.6565801378965
2025-09-15 08:00:00,130.40200353907042
2025-09-15 09:00:00,158.80269118406818
2025-09-15 10:00:00,261.29180878444856
2025-09-15 11:00:00,339.28206029711544
2025-09-15 12:00:00,325.11959429605974
2025-09-15 13:00:00,328.06976268197985
2025-09-15 14:00:00,271.4822511105919
2025-09-15 15:00:00,122.27553349212236
2025-09-15 16:00:00,17.123563763893415
2025-09-15 17:00:00,0.0
2025-09-15 18:00:00,0.0
2025-09-15 19:00:00,0.0
2025-09-15 20:00:00,0.0
2025-09-15 21:00:00,0.0
2025-09-15 22:00:00,0.0
2025-09-15 23:00:00,0.0
2025-09-16 00:00:00,0.0
2025-09-16 01:00:00,0.0
2025-09-16 02:00:00,0.0
2025-09-16 03:00:00,0.0
2025-09-16 04:00:00,0.0
2025-09-16 05:00:00,14.830796465966962
2025-09-16 06:00:00,36.469617379690874
2025-09-16 07:00:00,128.74524533820974
2025-09-16 08:00:00,131.2399458705391
2025-09-16 09:00:00,225.89548954481563
2025-09-16 10:00:00,367.91910500520794
2025-09-16 11:00:00,383.3190053934393
2025-09-16 12:00:00,139.10829392048723
2025-09-16 13:00:00,210.90843511515013
2025-09-16 14:00:00,200.3361926931913
2025-09-16 15:00:00,110.71988100537986
2025-09-16 16:00:00,33.03499414805778
2025-09-16 17:00:00,0.0
2025-09-16 18:00:00,0.0
2025-09-16 19:00:00,0.0
2025-09-16 20:00:00,0.0
2025-09-16 21:00:00,0.0
2025-09-16 22:00:00,0.0
2025-09-16 23:00:00,0.0
2025-09-17 00:00:00,0.0
2025-09-17 01:00:00,0.0
2025-09-17 02:00:00,0.0
2025-09-17 03:00:00,0.0
2025-09-17 04:00:00,0.0
2025-09-17 05:00:00,4.94892636411616
2025-09-17 06:00:00,36.39944659643435
2025-09-17 07:00:00,74.70359518361423
2025-09-17 08:00:00,112.1221952137858
2025-09-17 09:00:00,134.33992614179613
2025-09-17 10:00:00,151.44008911139898
2025-09-17 11:00:00,151.9978916317642
2025-09-17 12:00:00,143.4900330484484
2025-09-17 13:00:00,117.21632350321984
2025-09-17 14:00:00,117.03944771301427
2025-09-17 15:00:00,97.00540647732056
2025-09-17 16:00:00,46.42247666908526
2025-09-17 17:00:00,0.0
2025-09-17 18:00:00,0.0
2025-09-17 19:00:00,0.0
2025-09-17 20:00:00,0.0
2025-09-17 21:00:00,0.0
2025-09-17 22:00:00,0.0
2025-09-17 23:00:00,0.0
2025-09-18 00:00:00,0.0
2025-09-18 01:00:00,0.0
2025-09-18 02:00:00,0.0
2025-09-18 03:00:00,0.0
2025-09-18 04:00:00,0.0
2025-09-18 05:00:00,4.927626639135958
2025-09-18 06:00:00,35.524519831785646
2025-09-18 07:00:00,72.94476913241161
2025-09-18 08:00:00,299.48683544930196
2025-09-18 09:00:00,180.63101940424133
2025-09-18 10:00:00,402.7903168656258
2025-09-18 11:00:00,359.6691929680409
2025-09-18 12:00:00,213.37802894664634
2025-09-18 13:00:00,179.24361428711987
2025-09-18 14:00:00,83.37187349230038
2025-09-18 15:00:00,56.12323393833014
2025-09-18 16:00:00,36.514464031769265
2025-09-18 17:00:00,0.0
2025-09-18 18:00:00,0.0
2025-09-18 19:00:00,0.0
2025-09-18 20:00:00,0.0
2025-09-18 21:00:00,0.0
2025-09-18 22:00:00,0.0
2025-09-18 23:00:00,0.0
2025-09-19 00:00:00,0.0
2025-09-19 01:00:00,0.0
2025-09-19 02:00:00,0.0
2025-09-19 03:00:00,0.0
2025-09-19 04:00:00,0.0
2025-09-19 05:00:00,16.733268298917626
2025-09-19 06:00:00,91.08078475229523
2025-09-19 07:00:00,214.42719721752292
2025-09-19 08:00:00,257.41035470183874
2025-09-19 09:00:00,336.4882625164289
2025-09-19 10:00:00,373.80251175221207
2025-09-19 11:00:00,289.83308917627437
2025-09-19 12:00:00,314.425889634975
2025-09-19 13:00:00,234.25734616979426
2025-09-19 14:00:00,238.7625458839452
2025-09-19 15:00:00,121.23565154034095
2025-09-19 16:00:00,39.13323238300428
2025-09-19 17:00:00,0.0
2025-09-19 18:00:00,0.0
2025-09-19 19:00:00,0.0
2025-09-19 20:00:00,0.0
2025-09-19 21:00:00,0.0
2025-09-19 22:00:00,0.0
2025-09-19 23:00:00,0.0
2025-09-20 00:00:00,0.0
2025-09-20 01:00:00,0.0
2025-09-20 02:00:00,0.0
2025-09-20 03:00:00,0.0
2025-09-20 04:00:00,0.0
2025-09-20 05:00:00,2.2242641073694895
2025-09-20 06:00:00,25.73057517113511
2025-09-20 07:00:00,63.06146570137098
2025-09-20 08:00:00,189.71272466651652
2025-09-20 09:00:00,177.94094293344853
2025-09-20 10:00:00,134.81160950003658
2025-09-20 11:00:00,135.41267432218177
2025-09-20 12:00:00,128.77183745802063
2025-09-20 13:00:00,106.1740171825275
2025-09-20 14:00:00,74.77135525856721
2025-09-20 15:00:00,118.25160610221967
2025-09-20 16:00:00,29.002984400174512
2025-09-20 17:00:00,0.0
2025-09-20 18:00:00,0.0
2025-09-20 19:00:00,0.0
2025-09-20 20:00:00,0.0
2025-09-20 21:00:00,0.0
2025-09-20 22:00:00,0.0
2025-09-20 23:00:00,0.0
2025-09-21 00:00:00,0.0
2025-09-21 01:00:00,0.0
2025-09-21 02:00:00,0.0
2025-09-21 03:00:00,0.0
2025-09-21 04:00:00,0.0
2025-09-21 05:00:00,9.105850455646719
2025-09-21 06:00:00,73.20716713346177
2025-09-21 07:00:00,132.47174058425816
2025-09-21 08:00:00,88.69387435927811
2025-09-21 09:00:00,189.03450297251624
2025-09-21 10:00:00,249.14099541238792
2025-09-21 11:00:00,234.88603355007155
2025-09-21 12:00:00,226.10058447689727
2025-09-21 13:00:00,138.7521141258989
2025-09-21 14:00:00,127.17416573088971
2025-09-21 15:00:00,88.1760665841358
2025-09-21 16:00:00,29.647906998893557
2025-09-21 17:00:00,0.0
2025-09-21 18:00:00,0.0
2025-09-21 19:00:00,0.0
2025-09-21 20:00:00,0.0
2025-09-21 21:00:00,0.0
2025-09-21 22:00:00,0.0
2025-09-21 23:00:00,0.0
2025-09-22 00:00:00,0.0
2025-09-22 01:00:00,0.0
2025-09-22 02:00:00,0.0
2025-09-22 03:00:00,0.0
2025-09-22 04:00:00,0.0
2025-09-22 05:00:00,13.822656336313596
2025-09-22 06:00:00,108.15736557198629
2025-09-22 07:00:00,227.56506268975696
2025-09-22 08:00:00,327.985990035282
2025-09-22 09:00:00,394.2276150452435
2025-09-22 10:00:00,425.7437501736494
2025-09-22 11:00:00,436.8503920069026
2025-09-22 12:00:00,402.65817101683297
2025-09-22 13:00:00,344.68702393806115
2025-09-22 14:00:00,248.24089733658047
2025-09-22 15:00:00,129.5816788035371
2025-09-22 16:00:00,38.30392193053485
2025-09-22 17:00:00,0.0
2025-09-22 18:00:00,0.0
2025-09-22 19:00:00,0.0
2025-09-22 20:00:00,0.0
2025-09-22 21:00:00,0.0
2025-09-22 22:00:00,0.0
2025-09-22 23:00:00,0.0
2025-09-23 00:00:00,0.0
2025-09-23 01:00:00,0.0
2025-09-23 02:00:00,0.0
2025-09-23 03:00:00,0.0
2025-09-23 04:00:00,0.0
2025-09-23 05:00:00,11.304871034136237
2025-09-23 06:00:00,102.25047188240383
2025-09-23 07:00:00,223.78585279112394
2025-09-23 08:00:00,320.22294694432617
2025-09-23 09:00:00,387.01851244269085
2025-09-23 10:00:00,423.014619774828
2025-09-23 11:00:00,430.13377015672273
2025-09-23 12:00:00,398.3409971521912
2025-09-23 13:00:00,339.3496086823805
2025-09-23 14:00:00,249.97661083292144
2025-09-23 15:00:00,138.90877168140017
2025-09-23 16:00:00,34.802543618931
2025-09-23 17:00:00,0.0
2025-09-23 18:00:00,0.0
2025-09-23 19:00:00,0.0
2025-09-23 20:00:00,0.0
2025-09-23 21:00:00,0.0
2025-09-23 22:00:00,0.0
2025-09-23 23:00:00,0.0
2025-09-24 00:00:00,0.0
2025-09-24 01:00:00,0.0
2025-09-24 02:00:00,0.0
2025-09-24 03:00:00,0.0
2025-09-24 04:00:00,0.0
2025-09-24 05:00:00,5.725752000353878
2025-09-24 06:00:00,90.49686408769229
2025-09-24 07:00:00,81.58507894726833
2025-09-24 08:00:00,275.60163610484966
2025-09-24 09:00:00,369.3937716727696
2025-09-24 10:00:00,398.05574303074053
2025-09-24 11:00:00,405.1113488469691
2025-09-24 12:00:00,382.8019986423035
2025-09-24 13:00:00,316.0807858626116
2025-09-24 14:00:00,237.50731426710692
2025-09-24 15:00:00,115.45931533394317
2025-09-24 16:00:00,28.850744256157768
2025-09-24 17:00:00,0.0
2025-09-24 18:00:00,0.0
2025-09-24 19:00:00,0.0
2025-09-24 20:00:00,0.0
2025-09-24 21:00:00,0.0
2025-09-24 22:00:00,0.0
2025-09-24 23:00:00,0.0
2025-09-25 00:00:00,0.0
2025-09-25 01:00:00,0.0
2025-09-25 02:00:00,0.0
2025-09-25 03:00:00,0.0
2025-09-25 04:00:00,0.0
2025-09-25 05:00:00,6.269843085396106
2025-09-25 06:00:00,94.1044755648049
2025-09-25 07:00:00,204.06628686207893
2025-09-25 08:00:00,301.04318083673263
2025-09-25 09:00:00,369.3153965859014
2025-09-25 10:00:00,403.56440920753624
2025-09-25 11:00:00,407.3682101757346
2025-09-25 12:00:00,382.70022200879
2025-09-25 13:00:00,323.84816815676584
2025-09-25 14:00:00,236.48523863893965
2025-09-25 15:00:00,123.08780691300055
2025-09-25 16:00:00,23.141633410372915
2025-09-25 17:00:00,0.0
2025-09-25 18:00:00,0.0
2025-09-25 19:00:00,0.0
2025-09-25 20:00:00,0.0
2025-09-25 21:00:00,0.0
2025-09-25 22:00:00,0.0
2025-09-25 23:00:00,0.0
2025-09-26 00:00:00,0.0
2025-09-26 01:00:00,0.0
2025-09-26 02:00:00,0.0
2025-09-26 03:00:00,0.0
2025-09-26 04:00:00,0.0
2025-09-26 05:00:00,4.802832716299421
2025-09-26 06:00:00,89.61529583673011
2025-09-26 07:00:00,199.92395156554107
2025-09-26 08:00:00,292.9623148948407
2025-09-26 09:00:00,364.7656216143888
2025-09-26 10:00:00,396.3464567093972
2025-09-26 11:00:00,396.87055509120785
2025-09-26 12:00:00,382.1838157681955
2025-09-26 13:00:00,317.03448157400186
2025-09-26 14:00:00,225.2608707754958
2025-09-26 15:00:00,117.55516997928513
2025-09-26 16:00:00,17.396954953167338
2025-09-26 17:00:00,0.0
2025-09-26 18:00:00,0.0
2025-09-26 19:00:00,0.0
2025-09-26 20:00:00,0.0
2025-09-26 21:00:00,0.0
2025-09-26 22:00:00,0.0
2025-09-26 23:00:00,0.0
2025-09-27 00:00:00,0.0
2025-09-27 01:00:00,0.0
2025-09-27 02:00:00,0.0
2025-09-27 03:00:00,0.0
2025-09-27 04:00:00,0.0
2025-09-27 05:00:00,2.708205124966592
2025-09-27 06:00:00,72.55945411493936
2025-09-27 07:00:00,139.5027769078753
2025-09-27 08:00:00,212.29883935462033
2025-09-27 09:00:00,261.4765552302497
2025-09-27 10:00:00,270.37789312427304
2025-09-27 11:00:00,369.74931922573137
2025-09-27 12:00:00,268.7332041240421
2025-09-27 13:00:00,289.86692819987314
2025-09-27 14:00:00,191.5471545654178
2025-09-27 15:00:00,93.97446149943877
2025-09-27 16:00:00,10.847485786099623
2025-09-27 17:00:00,0.0
2025-09-27 18:00:00,0.0
2025-09-27 19:00:00,0.0
2025-09-27 20:00:00,0.0
2025-09-27 21:00:00,0.0
2025-09-27 22:00:00,0.0
2025-09-27 23:00:00,0.0
2025-09-28 00:00:00,0.0
2025-09-28 01:00:00,0.0
2025-09-28 02:00:00,0.0
2025-09-28 03:00:00,0.0
2025-09-28 04:00:00,0.0
2025-09-28 05:00:00,1.071180062014908
2025-09-28 06:00:00,62.06727518600252
2025-09-28 07:00:00,166.1364320799721
2025-09-28 08:00:00,237.46144156809282
2025-09-28 09:00:00,285.02586830792393
2025-09-28 10:00:00,374.63632667505857
2025-09-28 11:00:00,323.63713809437013
2025-09-28 12:00:00,341.77521139329684
2025-09-28 13:00:00,267.5654874750764
2025-09-28 14:00:00,190.7793452682337
2025-09-28 15:00:00,89.00308088478867
2025-09-28 16:00:00,13.061390197183611
2025-09-28 17:00:00,0.0
2025-09-28 18:00:00,0.0
2025-09-28 19:00:00,0.0
2025-09-28 20:00:00,0.0
2025-09-28 21:00:00,0.0
2025-09-28 22:00:00,0.0
2025-09-28 23:00:00,0.0
2025-09-29 00:00:00,0.0
2025-09-29 01:00:00,0.0
2025-09-29 02:00:00,0.0
2025-09-29 03:00:00,0.0
2025-09-29 04:00:00,0.0
2025-09-29 05:00:00,0.0
2025-09-29 06:00:00,33.332808684685666
2025-09-29 07:00:00,68.1956173614736
2025-09-29 08:00:00,270.8715437400761
2025-09-29 09:00:00,292.724548993157
2025-09-29 10:00:00,196.7311527495923
2025-09-29 11:00:00,192.7427734809683
2025-09-29 12:00:00,201.3513462757263
2025-09-29 13:00:00,262.92920137193903
2025-09-29 14:00:00,131.05102170725704
2025-09-29 15:00:00,62.427344447365776
2025-09-29 16:00:00,6.052472747220652
2025-09-29 17:00:00,0.0
2025-09-29 18:00:00,0.0
2025-09-29 19:00:00,0.0
2025-09-29 20:00:00,0.0
2025-09-29 21:00:00,0.0
2025-09-29 22:00:00,0.0
2025-09-29 23:00:00,0.0
2025-09-30 00:00:00,0.0
2025-09-30 01:00:00,0.0
2025-09-30 02:00:00,0.0
2025-09-30 03:00:00,0.0
2025-09-30 04:00:00,0.0
2025-09-30 05:00:00,0.0
2025-09-30 06:00:00,53.18363913660318
2025-09-30 07:00:00,135.64564740753377
2025-09-30 08:00:00,89.1588492920179
2025-09-30 09:00:00,194.91763977490135
2025-09-30 10:00:00,129.76463343704688
2025-09-30 11:00:00,129.7358457200621
2025-09-30 12:00:00,134.32932327646427
2025-09-30 13:00:00,106.971268120022
2025-09-30 14:00:00,62.169194158397644
2025-09-30 15:00:00,29.301573975198867
2025-09-30 16:00:00,5.122814883105104
2025-09-30 17:00:00,0.0
2025-09-30 18:00:00,0.0
2025-09-30 19:00:00,0.0
2025-09-30 20:00:00,0.0
2025-09-30 21:00:00,0.0
2025-09-30 22:00:00,0.0
2025-09-30 23:00:00,0.0
2025-10-01 00:00:00,0.0
2025-10-01 01:00:00,0.0
2025-10-01 02:00:00,0.0
2025-10-01 03:00:00,0.0
2025-10-01 04:00:00,0.0
2025-10-01 05:00:00,0.0
2025-10-01 06:00:00,17.6930029443403
2025-10-01 07:00:00,50.24992722721006
2025-10-01 08:00:00,98.40136485334025
2025-10-01 09:00:00,227.86561273602757
2025-10-01 10:00:00,136.00987573440136
2025-10-01 11:00:00,124.48774623005565
2025-10-01 12:00:00,112.63282410691828
2025-10-01 13:00:00,105.37441267942812
2025-10-01 14:00:00,138.48216917535865
2025-10-01 15:00:00,41.7139015886764
2025-10-01 16:00:00,3.613045095643711
2025-10-01 17:00:00,0.0
2025-10-01 18:00:00,0.0
2025-10-01 19:00:00,0.0
2025-10-01 20:00:00,0.0
2025-10-01 21:00:00,0.0
2025-10-01 22:00:00,0.0
2025-10-01 23:00:00,0.0
2025-10-02 00:00:00,0.0
2025-10-02 01:00:00,0.0
2025-10-02 02:00:00,0.0
2025-10-02 03:00:00,0.0
2025-10-02 04:00:00,0.0
2025-10-02 05:00:00,0.0
2025-10-02 06:00:00,59.09401272351696
2025-10-02 07:00:00,132.67123474785245
2025-10-02 08:00:00,193.6887363111385
2025-10-02 09:00:00,237.7353758979825
2025-10-02 10:00:00,311.4857903928691
2025-10-02 11:00:00,183.5132339573066
2025-10-02 12:00:00,213.19157177904464
2025-10-02 13:00:00,189.00895073304022
2025-10-02 14:00:00,128.58038978235095
2025-10-02 15:00:00,67.24656458030819
2025-10-02 16:00:00,3.2743865765736335
2025-10-02 17:00:00,0.0
2025-10-02 18:00:00,0.0
2025-10-02 19:00:00,0.0
2025-10-02 20:00:00,0.0
2025-10-02 21:00:00,0.0
2025-10-02 22:00:00,0.0
2025-10-02 23:00:00,0.0
2025-10-03 00:00:00,0.0
2025-10-03 01:00:00,0.0
2025-10-03 02:00:00,0.0
2025-10-03 03:00:00,0.0
2025-10-03 04:00:00,0.0
2025-10-03 05:00:00,0.0
2025-10-03 06:00:00,58.99088243263604
2025-10-03 07:00:00,166.33622317727398
2025-10-03 08:00:00,215.84431791557242
2025-10-03 09:00:00,304.44692765948844
2025-10-03 10:00:00,344.3566027695083
2025-10-03 11:00:00,252.35891632311166
2025-10-03 12:00:00,286.25381064515454
2025-10-03 13:00:00,228.37610197413525
2025-10-03 14:00:00,150.17758894177553
2025-10-03 15:00:00,40.28118503596128
2025-10-03 16:00:00,0.9892509094843646
2025-10-03 17:00:00,0.0
2025-10-03 18:00:00,0.0
2025-10-03 19:00:00,0.0
2025-10-03 20:00:00,0.0
2025-10-03 21:00:00,0.0
2025-10-03 22:00:00,0.0
2025-10-03 23:00:00,0.0
2025-10-04 00:00:00,0.0
2025-10-04 01:00:00,0.0
2025-10-04 02:00:00,0.0
2025-10-04 03:00:00,0.0
2025-10-04 04:00:00,0.0
2025-10-04 05:00:00,0.0
2025-10-04 06:00:00,14.038777006558261
2025-10-04 07:00:00,47.48153274913403
2025-10-04 08:00:00,96.54915836948513
2025-10-04 09:00:00,239.27131023550305
2025-10-04 10:00:00,139.30032206320382
2025-10-04 11:00:00,120.87632417630368
2025-10-04 12:00:00,133.949312561213
2025-10-04 13:00:00,98.1665180766393
2025-10-04 14:00:00,51.03356707297016
2025-10-04 15:00:00,17.919809748672726
2025-10-04 16:00:00,0.0
2025-10-04 17:00:00,0.0
2025-10-04 18:00:00,0.0
2025-10-04 19:00:00,0.0
2025-10-04 20:00:00,0.0
2025-10-04 21:00:00,0.0
2025-10-04 22:00:00,0.0
2025-10-04 23:00:00,0.0
2025-10-05 00:00:00,0.0
2025-10-05 01:00:00,0.0
2025-10-05 02:00:00,0.0
2025-10-05 03:00:00,0.0
2025-10-05 04:00:00,0.0
2025-10-05 05:00:00,0.0
2025-10-05 06:00:00,27.18617717771198
2025-10-05 07:00:00,105.5180124649014
2025-10-05 08:00:00,158.09409981862473
2025-10-05 09:00:00,210.61974846619563
2025-10-05 10:00:00,242.9241666127415
2025-10-05 11:00:00,115.32629665835186
2025-10-05 12:00:00,213.06569727855918
2025-10-05 13:00:00,153.41485815432796
2025-10-05 14:00:00,78.42307251874409
2025-10-05 15:00:00,34.525089396127704
2025-10-05 16:00:00,0.0
2025-10-05 17:00:00,0.0
2025-10-05 18:00:00,0.0
2025-10-05 19:00:00,0.0
2025-10-05 20:00:00,0.0
2025-10-05 21:00:00,0.0
2025-10-05 22:00:00,0.0
2025-10-05 23:00:00,0.0
2025-10-06 00:00:00,0.0
2025-10-06 01:00:00,0.0
2025-10-06 02:00:00,0.0
2025-10-06 03:00:00,0.0
2025-10-06 04:00:00,0.0
2025-10-06 05:00:00,0.0
2025-10-06 06:00:00,28.875346177420482
2025-10-06 07:00:00,42.267530932648135
2025-10-06 08:00:00,121.58548329396349
2025-10-06 09:00:00,192.59408213020114
2025-10-06 10:00:00,200.5063790101835
2025-10-06 11:00:00,114.08826870556088
2025-10-06 12:00:00,123.42505848241925
2025-10-06 13:00:00,86.96826652804778
2025-10-06 14:00:00,51.95939183956788
2025-10-06 15:00:00,21.470761250012547
2025-10-06 16:00:00,0.0
2025-10-06 17:00:00,0.0
2025-10-06 18:00:00,0.0
2025-10-06 19:00:00,0.0
2025-10-06 20:00:00,0.0
2025-10-06 21:00:00,0.0
2025-10-06 22:00:00,0.0
2025-10-06 23:00:00,0.0
2025-10-07 00:00:00,0.0
2025-10-07 01:00:00,0.0
2025-10-07 02:00:00,0.0
2025-10-07 03:00:00,0.0
2025-10-07 04:00:00,0.0
2025-10-07 05:00:00,0.0
2025-10-07 06:00:00,30.81433515128449
2025-10-07 07:00:00,132.61175664028272
2025-10-07 08:00:00,98.28476052992927
2025-10-07 09:00:00,196.97619628706497
2025-10-07 10:00:00,129.50104297431247
2025-10-07 11:00:00,140.09757652613368
2025-10-07 12:00:00,98.56619504392712
2025-10-07 13:00:00,76.38302109692843
2025-10-07 14:00:00,45.54706774644401
2025-10-07 15:00:00,14.487252614339049
2025-10-07 16:00:00,0.0
2025-10-07 17:00:00,0.0
2025-10-07 18:00:00,0.0
2025-10-07 19:00:00,0.0
2025-10-07 20:00:00,0.0
2025-10-07 21:00:00,0.0
2025-10-07 22:00:00,0.0
2025-10-07 23:00:00,0.0
2025-10-08 00:00:00,0.0
2025-10-08 01:00:00,0.0
2025-10-08 02:00:00,0.0
2025-10-08 03:00:00,0.0
2025-10-08 04:00:00,0.0
2025-10-08 05:00:00,0.0
2025-10-08 06:00:00,7.859070115784463
2025-10-08 07:00:00,36.36122280156655
2025-10-08 08:00:00,68.99225688983985
2025-10-08 09:00:00,91.30759712200395
2025-10-08 10:00:00,105.89673780246564
2025-10-08 11:00:00,106.92917959571868
2025-10-08 12:00:00,98.64682415160443
2025-10-08 13:00:00,131.69149718312022
2025-10-08 14:00:00,124.03001379531037
2025-10-08 15:00:00,32.540626527130264
2025-10-08 16:00:00,0.0
2025-10-08 17:00:00,0.0
2025-10-08 18:00:00,0.0
2025-10-08 19:00:00,0.0
2025-10-08 20:00:00,0.0
2025-10-08 21:00:00,0.0
2025-10-08 22:00:00,0.0
2025-10-08 23:00:00,0.0
2025-10-09 00:00:00,0.0
2025-10-09 01:00:00,0.0
2025-10-09 02:00:00,0.0
2025-10-09 03:00:00,0.0
2025-10-09 04:00:00,0.0
2025-10-09 05:00:00,0.0
2025-10-09 06:00:00,41.5637328588222
2025-10-09 07:00:00,139.32417428404432
2025-10-09 08:00:00,216.51519404513968
2025-10-09 09:00:00,290.1222901005563
2025-10-09 10:00:00,293.00607992674003
2025-10-09 11:00:00,305.82995411401157
2025-10-09 12:00:00,171.76896776981275
2025-10-09 13:00:00,187.32133736511113
2025-10-09 14:00:00,42.4532511149772
2025-10-09 15:00:00,11.477947104711154
2025-10-09 16:00:00,0.0
2025-10-09 17:00:00,0.0
2025-10-09 18:00:00,0.0
2025-10-09 19:00:00,0.0
2025-10-09 20:00:00,0.0
2025-10-09 21:00:00,0.0
2025-10-09 22:00:00,0.0
2025-10-09 23:00:00,0.0
2025-10-10 00:00:00,0.0
2025-10-10 01:00:00,0.0
2025-10-10 02:00:00,0.0
2025-10-10 03:00:00,0.0
2025-10-10 04:00:00,0.0
2025-10-10 05:00:00,0.0
2025-10-10 06:00:00,0.0
2025-10-10 07:00:00,0.0
2025-10-10 08:00:00,0.0
2025-10-10 09:00:00,0.0
2025-10-10 10:00:00,0.0
2025-10-10 11:00:00,0.0
2025-10-10 12:00:00,0.0
2025-10-10 13:00:00,0.0
2025-10-10 14:00:00,0.0
2025-10-10 15:00:00,0.0
2025-10-10 16:00:00,0.0
2025-10-10 17:00:00,0.0
2025-10-10 18:00:00,0.0
2025-10-10 19:00:00,0.0
2025-10-10 20:00:00,0.0
2025-10-10 21:00:00,0.0
2025-10-10 22:00:00,0.0
2025-10-10 23:00:00,0.0
2025-10-11 00:00:00,0.0
2025-10-11 01:00:00,0.0
2025-10-11 02:00:00,0.0
2025-10-11 03:00:00,0.0
2025-10-11 04:00:00,0.0
2025-10-11 05:00:00,0.0
2025-10-11 06:00:00,0.0
2025-10-11 07:00:00,0.0
2025-10-11 08:00:00,0.0
2025-10-11 09:00:00,0.0
2025-10-11 10:00:00,0.0
2025-10-11 11:00:00,0.0
2025-10-11 12:00:00,0.0
2025-10-11 13:00:00,0.0
2025-10-11 14:00:00,0.0
2025-10-11 15:00:00,0.0
2025-10-11 16:00:00,0.0
2025-10-11 17:00:00,0.0
2025-10-11 18:00:00,0.0
2025-10-11 19:00:00,0.0
2025-10-11 20:00:00,0.0
2025-10-11 21:00:00,0.0
2025-10-11 22:00:00,0.0
2025-10-11 23:00:00,0.0
2025-10-12 00:00:00,0.0
2025-10-12 01:00:00,0.0
2025-10-12 02:00:00,0.0
2025-10-12 03:00:00,0.0
2025-10-12 04:00:00,0.0
2025-10-12 05:00:00,0.0
2025-10-12 06:00:00,31.06174491515408
2025-10-12 07:00:00,131.35396067977234
2025-10-12 08:00:00,226.39755238276916
2025-10-12 09:00:00,287.54885070538205
2025-10-12 10:00:00,326.95743998636766
2025-10-12 11:00:00,331.04208043116284
2025-10-12 12:00:00,286.6076332955743
2025-10-12 13:00:00,215.34090640993517
2025-10-12 14:00:00,92.85385794681395
2025-10-12 15:00:00,38.90990872757384
2025-10-12 16:00:00,0.0
2025-10-12 17:00:00,0.0
2025-10-12 18:00:00,0.0
2025-10-12 19:00:00,0.0
2025-10-12 20:00:00,0.0
2025-10-12 21:00:00,0.0
2025-10-12 22:00:00,0.0
2025-10-12 23:00:00,0.0
2025-10-13 00:00:00,0.0
2025-10-13 01:00:00,0.0
2025-10-13 02:00:00,0.0
2025-10-13 03:00:00,0.0
2025-10-13 04:00:00,0.0
2025-10-13 05:00:00,0.0
2025-10-13 06:00:00,19.614447565528593
2025-10-13 07:00:00,100.99483527733997
2025-10-13 08:00:00,167.7480863917481
2025-10-13 09:00:00,142.02427936268225
2025-10-13 10:00:00,126.18115718900837
2025-10-13 11:00:00,104.69280127083054
2025-10-13 12:00:00,92.06228740805177
2025-10-13 13:00:00,70.83512121943701
2025-10-13 14:00:00,48.202076813145936
2025-10-13 15:00:00,11.222162079277478
2025-10-13 16:00:00,0.0
2025-10-13 17:00:00,0.0
2025-10-13 18:00:00,0.0
2025-10-13 19:00:00,0.0
2025-10-13 20:00:00,0.0
2025-10-13 21:00:00,0.0
2025-10-13 22:00:00,0.0
2025-10-13 23:00:00,0.0
2025-10-14 00:00:00,0.0
2025-10-14 01:00:00,0.0
2025-10-14 02:00:00,0.0
2025-10-14 03:00:00,0.0
2025-10-14 04:00:00,0.0
2025-10-14 05:00:00,0.0
2025-10-14 06:00:00,4.905145512444605
2025-10-14 07:00:00,62.88729210888238
2025-10-14 08:00:00,174.47618928742247
2025-10-14 09:00:00,219.16220348692522
2025-10-14 10:00:00,259.42028452291777
2025-10-14 11:00:00,100.60533905738004
2025-10-14 12:00:00,267.63454288512924
2025-10-14 13:00:00,211.75179746127617
2025-10-14 14:00:00,119.78840975699721
2025-10-14 15:00:00,29.154330706790798
2025-10-14 16:00:00,0.0
2025-10-14 17:00:00,0.0
2025-10-14 18:00:00,0.0
2025-10-14 19:00:00,0.0
2025-10-14 20:00:00,0.0
2025-10-14 21:00:00,0.0
2025-10-14 22:00:00,0.0
2025-10-14 23:00:00,0.0
2025-10-15 00:00:00,0.0
2025-10-15 01:00:00,0.0
2025-10-15 02:00:00,0.0
2025-10-15 03:00:00,0.0
2025-10-15 04:00:00,0.0
2025-10-15 05:00:00,0.0
2025-10-15 06:00:00,10.64110855553534
2025-10-15 07:00:00,86.2262011209305
2025-10-15 08:00:00,146.14270245436333
2025-10-15 09:00:00,191.1747706084844
2025-10-15 10:00:00,269.7223601288006
2025-10-15 11:00:00,261.03045143015214
2025-10-15 12:00:00,266.83739938710147
2025-10-15 13:00:00,205.6278481574466
2025-10-15 14:00:00,107.63928462031576
2025-10-15 15:00:00,15.373348798679027
2025-10-15 16:00:00,0.0
2025-10-15 17:00:00,0.0
2025-10-15 18:00:00,0.0
2025-10-15 19:00:00,0.0
2025-10-15 20:00:00,0.0
2025-10-15 21:00:00,0.0
2025-10-15 22:00:00,0.0
2025-10-15 23:00:00,0.0
2025-10-16 00:00:00,0.0
2025-10-16 01:00:00,0.0
2025-10-16 02:00:00,0.0
2025-10-16 03:00:00,0.0
2025-10-16 04:00:00,0.0
2025-10-16 05:00:00,0.0
2025-10-16 06:00:00,8.197051082427473
2025-10-16 07:00:00,48.54594652254444
2025-10-16 08:00:00,121.54064054013037
2025-10-16 09:00:00,131.93441150654124
2025-10-16 10:00:00,101.7898918710068
2025-10-16 11:00:00,142.26746882591664
2025-10-16 12:00:00,253.42025319864862
2025-10-16 13:00:00,148.09013124096438
2025-10-16 14:00:00,70.46931834654039
2025-10-16 15:00:00,6.370944774933231
2025-10-16 16:00:00,0.0
2025-10-16 17:00:00,0.0
2025-10-16 18:00:00,0.0
2025-10-16 19:00:00,0.0
2025-10-16 20:00:00,0.0
2025-10-16 21:00:00,0.0
2025-10-16 22:00:00,0.0
2025-10-16 23:00:00,0.0
2025-10-17 00:00:00,0.0
2025-10-17 01:00:00,0.0
2025-10-17 02:00:00,0.0
2025-10-17 03:00:00,0.0
2025-10-17 04:00:00,0.0
2025-10-17 05:00:00,0.0
2025-10-17 06:00:00,4.935863585129775
2025-10-17 07:00:00,53.715205748903585
2025-10-17 08:00:00,136.26041841164874
2025-10-17 09:00:00,142.66104710904244
2025-10-17 10:00:00,274.04875872358303
2025-10-17 11:00:00,108.08496073495908
2025-10-17 12:00:00,84.36132460954119
2025-10-17 13:00:00,61.798077962428714
2025-10-17 14:00:00,30.935181662443167
2025-10-17 15:00:00,9.16931616286589
2025-10-17 16:00:00,0.0
2025-10-17 17:00:00,0.0
2025-10-17 18:00:00,0.0
2025-10-17 19:00:00,0.0
2025-10-17 20:00:00,0.0
2025-10-17 21:00:00,0.0
2025-10-17 22:00:00,0.0
2025-10-17 23:00:00,0.0
2025-10-18 00:00:00,0.0
2025-10-18 01:00:00,0.0
2025-10-18 02:00:00,0.0
2025-10-18 03:00:00,0.0
2025-10-18 04:00:00,0.0
2025-10-18 05:00:00,0.0
2025-10-18 06:00:00,11.97768325389555
2025-10-18 07:00:00,91.34272001658356
2025-10-18 08:00:00,189.77149032338943
2025-10-18 09:00:00,257.2360399715008
2025-10-18 10:00:00,289.5750373879282
2025-10-18 11:00:00,291.29309092943987
2025-10-18 12:00:00,260.3508671405994
2025-10-18 13:00:00,195.88679592714104
2025-10-18 14:00:00,105.25131867637334
2025-10-18 15:00:00,16.375362820304048
2025-10-18 16:00:00,0.0
2025-10-18 17:00:00,0.0
2025-10-18 18:00:00,0.0
2025-10-18 19:00:00,0.0
2025-10-18 20:00:00,0.0
2025-10-18 21:00:00,0.0
2025-10-18 22:00:00,0.0
2025-10-18 23:00:00,0.0
2025-10-19 00:00:00,0.0
2025-10-19 01:00:00,0.0
2025-10-19 02:00:00,0.0
2025-10-19 03:00:00,0.0
2025-10-19 04:00:00,0.0
2025-10-19 05:00:00,0.0
2025-10-19 06:00:00,6.47269061899511
2025-10-19 07:00:00,25.18008285015794
2025-10-19 08:00:00,53.87570832598644
2025-10-19 09:00:00,130.4623255866692
2025-10-19 10:00:00,155.94169617812528
2025-10-19 11:00:00,192.52786363102558
2025-10-19 12:00:00,215.2440421463362
2025-10-19 13:00:00,101.25581545916312
2025-10-19 14:00:00,80.80490219960988
2025-10-19 15:00:00,6.8758159574952025
2025-10-19 16:00:00,0.0
2025-10-19 17:00:00,0.0
2025-10-19 18:00:00,0.0
2025-10-19 19:00:00,0.0
2025-10-19 20:00:00,0.0
2025-10-19 21:00:00,0.0
2025-10-19 22:00:00,0.0
2025-10-19 23:00:00,0.0
2025-10-20 00:00:00,0.0
2025-10-20 01:00:00,0.0
2025-10-20 02:00:00,0.0
2025-10-20 03:00:00,0.0
2025-10-20 04:00:00,0.0
2025-10-20 05:00:00,0.0
2025-10-20 06:00:00,7.727130422819956
2025-10-20 07:00:00,89.03535459804255
2025-10-20 08:00:00,152.68119704579323
2025-10-20 09:00:00,208.3673264473208
2025-10-20 10:00:00,256.2530469328737
2025-10-20 11:00:00,217.68702922527046
2025-10-20 12:00:00,174.64361436221557
2025-10-20 13:00:00,151.8712507382716
2025-10-20 14:00:00,81.17372213260307
2025-10-20 15:00:00,4.872086338479741
2025-10-20 16:00:00,0.0
2025-10-20 17:00:00,0.0
2025-10-20 18:00:00,0.0
2025-10-20 19:00:00,0.0
2025-10-20 20:00:00,0.0
2025-10-20 21:00:00,0.0
2025-10-20 22:00:00,0.0
2025-10-20 23:00:00,0.0
2025-10-21 00:00:00,0.0
2025-10-21 01:00:00,0.0
2025-10-21 02:00:00,0.0
2025-10-21 03:00:00,0.0
2025-10-21 04:00:00,0.0
2025-10-21 05:00:00,0.0
2025-10-21 06:00:00,0.0
2025-10-21 07:00:00,49.04223277432324
2025-10-21 08:00:00,54.61554484501835
2025-10-21 09:00:00,200.21376363906037
2025-10-21 10:00:00,110.2051537144476
2025-10-21 11:00:00,148.82661696206506
2025-10-21 12:00:00,71.94117949062286
2025-10-21 13:00:00,54.09983840669348
2025-10-21 14:00:00,29.994192662245865
2025-10-21 15:00:00,2.3555268024951386
2025-10-21 16:00:00,0.0
2025-10-21 17:00:00,0.0
2025-10-21 18:00:00,0.0
2025-10-21 19:00:00,0.0
2025-10-21 20:00:00,0.0
2025-10-21 21:00:00,0.0
2025-10-21 22:00:00,0.0
2025-10-21 23:00:00,0.0
2025-10-22 00:00:00,0.0
2025-10-22 01:00:00,0.0
2025-10-22 02:00:00,0.0
2025-10-22 03:00:00,0.0
2025-10-22 04:00:00,0.0
2025-10-22 05:00:00,0.0
2025-10-22 06:00:00,0.0
2025-10-22 07:00:00,17.66697210696232
2025-10-22 08:00:00,43.62892097482794
2025-10-22 09:00:00,65.47011298299275
2025-10-22 10:00:00,78.96893612636923
2025-10-22 11:00:00,78.53531744407067
2025-10-22 12:00:00,65.70541844594335
2025-10-22 13:00:00,43.44195464908677
2025-10-22 14:00:00,18.88735633356577
2025-10-22 15:00:00,0.0
2025-10-22 16:00:00,0.0
2025-10-22 17:00:00,0.0
2025-10-22 18:00:00,0.0
2025-10-22 19:00:00,0.0
2025-10-22 20:00:00,0.0
2025-10-22 21:00:00,0.0
2025-10-22 22:00:00,0.0
2025-10-22 23:00:00,0.0
2025-10-23 00:00:00,0.0
2025-10-23 01:00:00,0.0
2025-10-23 02:00:00,0.0
2025-10-23 03:00:00,0.0
2025-10-23 04:00:00,0.0
2025-10-23 05:00:00,0.0
2025-10-23 06:00:00,0.0
2025-10-23 07:00:00,17.3233994224849
2025-10-23 08:00:00,44.93395663288314
2025-10-23 09:00:00,64.86565347940979
2025-10-23 10:00:00,81.47261136425443
2025-10-23 11:00:00,78.62098715818242
2025-10-23 12:00:00,65.71746866731041
2025-10-23 13:00:00,44.64850692211851
2025-10-23 14:00:00,18.876898692832846
2025-10-23 15:00:00,0.0
2025-10-23 16:00:00,0.0
2025-10-23 17:00:00,0.0
2025-10-23 18:00:00,0.0
2025-10-23 19:00:00,0.0
2025-10-23 20:00:00,0.0
2025-10-23 21:00:00,0.0
2025-10-23 22:00:00,0.0
2025-10-23 23:00:00,0.0
2025-10-24 00:00:00,0.0
2025-10-24 01:00:00,0.0
2025-10-24 02:00:00,0.0
2025-10-24 03:00:00,0.0
2025-10-24 04:00:00,0.0
2025-10-24 05:00:00,0.0
2025-10-24 06:00:00,0.0
2025-10-24 07:00:00,14.638241434205513
2025-10-24 08:00:00,40.06653462142977
2025-10-24 09:00:00,61.082837389686816
2025-10-24 10:00:00,72.04858950531667
2025-10-24 11:00:00,71.81849670826944
2025-10-24 12:00:00,60.86981082156307
2025-10-24 13:00:00,39.406050628530906
2025-10-24 14:00:00,15.158063798561933
2025-10-24 15:00:00,0.0
2025-10-24 16:00:00,0.0
2025-10-24 17:00:00,0.0
2025-10-24 18:00:00,0.0
2025-10-24 19:00:00,0.0
2025-10-24 20:00:00,0.0
2025-10-24 21:00:00,0.0
2025-10-24 22:00:00,0.0
2025-10-24 23:00:00,0.0
2025-10-25 00:00:00,0.0
2025-10-25 01:00:00,0.0
2025-10-25 02:00:00,0.0
2025-10-25 03:00:00,0.0
2025-10-25 04:00:00,0.0
2025-10-25 05:00:00,0.0
2025-10-25 06:00:00,0.0
2025-10-25 07:00:00,15.341266620930204
2025-10-25 08:00:00,41.35664972529855
2025-10-25 09:00:00,62.5493157787919
2025-10-25 10:00:00,75.71351046394427
2025-10-25 11:00:00,75.73142527907522
2025-10-25 12:00:00,73.58103102636824
2025-10-25 13:00:00,42.33242312770907
2025-10-25 14:00:00,18.93446644839923
2025-10-25 15:00:00,0.0
2025-10-25 16:00:00,0.0
2025-10-25 17:00:00,0.0
2025-10-25 18:00:00,0.0
2025-10-25 19:00:00,0.0
2025-10-25 20:00:00,0.0
2025-10-25 21:00:00,0.0
2025-10-25 22:00:00,0.0
2025-10-25 23:00:00,0.0
2025-10-26 00:00:00,0.0
2025-10-26 01:00:00,0.0
2025-10-26 02:00:00,0.0
2025-10-26 03:00:00,0.0
2025-10-26 04:00:00,0.0
2025-10-26 05:00:00,0.0
2025-10-26 06:00:00,0.0
2025-10-26 07:00:00,38.67754795363437
2025-10-26 08:00:00,42.15537754321149
2025-10-26 09:00:00,62.305671190892795
2025-10-26 10:00:00,75.71589727065664
2025-10-26 11:00:00,84.18090024012719
2025-10-26 12:00:00,63.71923165169674
2025-10-26 13:00:00,41.47231463648454
2025-10-26 14:00:00,17.03617907393663
2025-10-26 15:00:00,0.0
2025-10-26 16:00:00,0.0
2025-10-26 17:00:00,0.0
2025-10-26 18:00:00,0.0
2025-10-26 19:00:00,0.0
2025-10-26 20:00:00,0.0
2025-10-26 21:00:00,0.0
2025-10-26 22:00:00,0.0
2025-10-26 23:00:00,0.0
2025-10-27 00:00:00,0.0
2025-10-27 01:00:00,0.0
2025-10-27 02:00:00,0.0
2025-10-27 03:00:00,0.0
2025-10-27 04:00:00,0.0
2025-10-27 05:00:00,0.0
2025-10-27 06:00:00,0.0
2025-10-27 07:00:00,19.250125460494925
2025-10-27 08:00:00,38.8336190084586
2025-10-27 09:00:00,161.17949413912532
2025-10-27 10:00:00,149.323230066289
2025-10-27 11:00:00,117.27434955710834
2025-10-27 12:00:00,65.60820311119974
2025-10-27 13:00:00,116.90843528615463
2025-10-27 14:00:00,38.796651337036145
2025-10-27 15:00:00,0.0
2025-10-27 16:00:00,0.0
2025-10-27 17:00:00,0.0
2025-10-27 18:00:00,0.0
2025-10-27 19:00:00,0.0
2025-10-27 20:00:00,0.0
2025-10-27 21:00:00,0.0
2025-10-27 22:00:00,0.0
2025-10-27 23:00:00,0.0
2025-10-28 00:00:00,0.0
2025-10-28 01:00:00,0.0
2025-10-28 02:00:00,0.0
2025-10-28 03:00:00,0.0
2025-10-28 04:00:00,0.0
2025-10-28 05:00:00,0.0
2025-10-28 06:00:00,0.0
2025-10-28 07:00:00,13.360614484090398
2025-10-28 08:00:00,49.184639850850196
2025-10-28 09:00:00,69.64249454229713
2025-10-28 10:00:00,109.64063999837863
2025-10-28 11:00:00,81.52785021678797
2025-10-28 12:00:00,66.42724819570681
2025-10-28 13:00:00,38.851862557395414
2025-10-28 14:00:00,13.356142643397515
2025-10-28 15:00:00,0.0
2025-10-28 16:00:00,0.0
2025-10-28 17:00:00,0.0
2025-10-28 18:00:00,0.0
2025-10-28 19:00:00,0.0
2025-10-28 20:00:00,0.0
2025-10-28 21:00:00,0.0
2025-10-28 22:00:00,0.0
2025-10-28 23:00:00,0.0
2025-10-29 00:00:00,0.0
2025-10-29 01:00:00,0.0
2025-10-29 02:00:00,0.0
2025-10-29 03:00:00,0.0
2025-10-29 04:00:00,0.0
2025-10-29 05:00:00,0.0
2025-10-29 06:00:00,0.0
2025-10-29 07:00:00,36.523689699435906
2025-10-29 08:00:00,38.872855215747386
2025-10-29 09:00:00,61.33743384354171
2025-10-29 10:00:00,71.98314569549083
2025-10-29 11:00:00,73.64880161609416
2025-10-29 12:00:00,60.915634949630594
2025-10-29 13:00:00,40.10684979390421
2025-10-29 14:00:00,13.343917708205527
2025-10-29 15:00:00,0.0
2025-10-29 16:00:00,0.0
2025-10-29 17:00:00,0.0
2025-10-29 18:00:00,0.0
2025-10-29 19:00:00,0.0
2025-10-29 20:00:00,0.0
2025-10-29 21:00:00,0.0
2025-10-29 22:00:00,0.0
2025-10-29 23:00:00,0.0
2025-10-30 00:00:00,0.0
2025-10-30 01:00:00,0.0
2025-10-30 02:00:00,0.0
2025-10-30 03:00:00,0.0
2025-10-30 04:00:00,0.0
2025-10-30 05:00:00,0.0
2025-10-30 06:00:00,0.0
2025-10-30 07:00:00,9.711567919788509
2025-10-30 08:00:00,33.313226174483816
2025-10-30 09:00:00,93.94633333680848
2025-10-30 10:00:00,63.67003961858552
2025-10-30 11:00:00,63.61677469064731
2025-10-30 12:00:00,52.68102503887055
2025-10-30 13:00:00,43.83822925199515
2025-10-30 14:00:00,10.146777200348293
2025-10-30 15:00:00,0.0
2025-10-30 16:00:00,0.0
2025-10-30 17:00:00,0.0
2025-10-30 18:00:00,0.0
2025-10-30 19:00:00,0.0
2025-10-30 20:00:00,0.0
2025-10-30 21:00:00,0.0
2025-10-30 22:00:00,0.0
2025-10-30 23:00:00,0.0
2025-10-31 00:00:00,0.0
2025-10-31 01:00:00,0.0
2025-10-31 02:00:00,0.0
2025-10-31 03:00:00,0.0
2025-10-31 04:00:00,0.0
2025-10-31 05:00:00,0.0
2025-10-31 06:00:00,0.0
2025-10-31 07:00:00,10.204033473525683
2025-10-31 08:00:00,36.8114489308972
2025-10-31 09:00:00,59.473536803211466
2025-10-31 10:00:00,69.3319888180943
2025-10-31 11:00:00,69.11448470020275
2025-10-31 12:00:00,55.260440907915324
2025-10-31 13:00:00,35.65428793552263
2025-10-31 14:00:00,10.683422097902987
2025-10-31 15:00:00,0.0
2025-10-31 16:00:00,0.0
2025-10-31 17:00:00,0.0
2025-10-31 18:00:00,0.0
2025-10-31 19:00:00,0.0
2025-10-31 20:00:00,0.0
2025-10-31 21:00:00,0.0
2025-10-31 22:00:00,0.0
2025-10-31 23:00:00,0.0
2025-11-01 00:00:00,0.0
2025-11-01 01:00:00,0.0
2025-11-01 02:00:00,0.0
2025-11-01 03:00:00,0.0
2025-11-01 04:00:00,0.0
2025-11-01 05:00:00,0.0
2025-11-01 06:00:00,0.0
2025-11-01 07:00:00,9.712380609959313
2025-11-01 08:00:00,30.294905651269122
2025-11-01 09:00:00,49.9967584621876
2025-11-01 10:00:00,62.55400799293071
2025-11-01 11:00:00,65.91765095439281
2025-11-01 12:00:00,52.191945202808036
2025-11-01 13:00:00,40.299769090036534
2025-11-01 14:00:00,27.83281065178777
2025-11-01 15:00:00,0.0
2025-11-01 16:00:00,0.0
2025-11-01 17:00:00,0.0
2025-11-01 18:00:00,0.0
2025-11-01 19:00:00,0.0
2025-11-01 20:00:00,0.0
2025-11-01 21:00:00,0.0
2025-11-01 22:00:00,0.0
2025-11-01 23:00:00,0.0
2025-11-02 00:00:00,0.0
2025-11-02 01:00:00,0.0
2025-11-02 02:00:00,0.0
2025-11-02 03:00:00,0.0
2025-11-02 04:00:00,0.0
2025-11-02 05:00:00,0.0
2025-11-02 06:00:00,0.0
2025-11-02 07:00:00,30.006158196303744
2025-11-02 08:00:00,82.04715728330056
2025-11-02 09:00:00,159.2753432770861
2025-11-02 10:00:00,161.04723841076768
2025-11-02 11:00:00,88.59844071566742
2025-11-02 12:00:00,132.84964968152448
2025-11-02 13:00:00,38.8551485715747
2025-11-02 14:00:00,17.923986779074358
2025-11-02 15:00:00,0.0
2025-11-02 16:00:00,0.0
2025-11-02 17:00:00,0.0
2025-11-02 18:00:00,0.0
2025-11-02 19:00:00,0.0
2025-11-02 20:00:00,0.0
2025-11-02 21:00:00,0.0
2025-11-02 22:00:00,0.0
2025-11-02 23:00:00,0.0
2025-11-03 00:00:00,0.0
2025-11-03 01:00:00,0.0
2025-11-03 02:00:00,0.0
2025-11-03 03:00:00,0.0
2025-11-03 04:00:00,0.0
2025-11-03 05:00:00,0.0
2025-11-03 06:00:00,0.0
2025-11-03 07:00:00,23.169866696434813
2025-11-03 08:00:00,105.16736900981826
2025-11-03 09:00:00,162.7175745164236
2025-11-03 10:00:00,163.52997358499982
2025-11-03 11:00:00,110.12141365030901
2025-11-03 12:00:00,77.70536470623124
2025-11-03 13:00:00,68.47117634632927
2025-11-03 14:00:00,17.4309224289564
2025-11-03 15:00:00,0.0
2025-11-03 16:00:00,0.0
2025-11-03 17:00:00,0.0
2025-11-03 18:00:00,0.0
2025-11-03 19:00:00,0.0
2025-11-03 20:00:00,0.0
2025-11-03 21:00:00,0.0
2025-11-03 22:00:00,0.0
2025-11-03 23:00:00,0.0
2025-11-04 00:00:00,0.0
2025-11-04 01:00:00,0.0
2025-11-04 02:00:00,0.0
2025-11-04 03:00:00,0.0
2025-11-04 04:00:00,0.0
2025-11-04 05:00:00,0.0
2025-11-04 06:00:00,0.0
2025-11-04 07:00:00,4.958646681187
2025-11-04 08:00:00,25.882872789232255
2025-11-04 09:00:00,44.229229759806984
2025-11-04 10:00:00,55.643607766302146
2025-11-04 11:00:00,55.421655508408875
2025-11-04 12:00:00,44.891076931315844
2025-11-04 13:00:00,26.943051642640686
2025-11-04 14:00:00,5.415662097376742
2025-11-04 15:00:00,0.0
2025-11-04 16:00:00,0.0
2025-11-04 17:00:00,0.0
2025-11-04 18:00:00,0.0
2025-11-04 19:00:00,0.0
2025-11-04 20:00:00,0.0
2025-11-04 21:00:00,0.0
2025-11-04 22:00:00,0.0
2025-11-04 23:00:00,0.0
2025-11-05 00:00:00,0.0
2025-11-05 01:00:00,0.0
2025-11-05 02:00:00,0.0
2025-11-05 03:00:00,0.0
2025-11-05 04:00:00,0.0
2025-11-05 05:00:00,0.0
2025-11-05 06:00:00,0.0
2025-11-05 07:00:00,9.712477826424532
2025-11-05 08:00:00,54.269980632279704
2025-11-05 09:00:00,116.80433045559191
2025-11-05 10:00:00,69.3427480092466
2025-11-05 11:00:00,100.19289785480757
2025-11-05 12:00:00,64.80783447294718
2025-11-05 13:00:00,24.879737587294564
2025-11-05 14:00:00,9.60766961542615
2025-11-05 15:00:00,0.0
2025-11-05 16:00:00,0.0
2025-11-05 17:00:00,0.0
2025-11-05 18:00:00,0.0
2025-11-05 19:00:00,0.0
2025-11-05 20:00:00,0.0
2025-11-05 21:00:00,0.0
2025-11-05 22:00:00,0.0
2025-11-05 23:00:00,0.0
2025-11-06 00:00:00,0.0
2025-11-06 01:00:00,0.0
2025-11-06 02:00:00,0.0
2025-11-06 03:00:00,0.0
2025-11-06 04:00:00,0.0
2025-11-06 05:00:00,0.0
2025-11-06 06:00:00,0.0
2025-11-06 07:00:00,3.4689071190438088
2025-11-06 08:00:00,31.410945678643223
2025-11-06 09:00:00,42.46834939277049
2025-11-06 10:00:00,52.73987708497366
2025-11-06 11:00:00,51.59712652287986
2025-11-06 12:00:00,40.367136568288345
2025-11-06 13:00:00,21.315216425458555
2025-11-06 14:00:00,4.384840110386509
2025-11-06 15:00:00,0.0
2025-11-06 16:00:00,0.0
2025-11-06 17:00:00,0.0
2025-11-06 18:00:00,0.0
2025-11-06 19:00:00,0.0
2025-11-06 20:00:00,0.0
2025-11-06 21:00:00,0.0
2025-11-06 22:00:00,0.0
2025-11-06 23:00:00,0.0
2025-11-07 00:00:00,0.0
2025-11-07 01:00:00,0.0
2025-11-07 02:00:00,0.0
2025-11-07 03:00:00,0.0
2025-11-07 04:00:00,0.0
2025-11-07 05:00:00,0.0
2025-11-07 06:00:00,0.0
2025-11-07 07:00:00,4.957880242933604
2025-11-07 08:00:00,66.15917175003712
2025-11-07 09:00:00,111.68312190504649
2025-11-07 10:00:00,167.85073751496702
2025-11-07 11:00:00,76.16677380505537
2025-11-07 12:00:00,44.01861248480094
2025-11-07 13:00:00,85.10690828002977
2025-11-07 14:00:00,13.396653425675924
2025-11-07 15:00:00,0.0
2025-11-07 16:00:00,0.0
2025-11-07 17:00:00,0.0
2025-11-07 18:00:00,0.0
2025-11-07 19:00:00,0.0
2025-11-07 20:00:00,0.0
2025-11-07 21:00:00,0.0
2025-11-07 22:00:00,0.0
2025-11-07 23:00:00,0.0
2025-11-08 00:00:00,0.0
2025-11-08 01:00:00,0.0
2025-11-08 02:00:00,0.0
2025-11-08 03:00:00,0.0
2025-11-08 04:00:00,0.0
2025-11-08 05:00:00,0.0
2025-11-08 06:00:00,0.0
2025-11-08 07:00:00,5.411968392223729
2025-11-08 08:00:00,21.111849488898972
2025-11-08 09:00:00,42.35413586659962
2025-11-08 10:00:00,50.12662919161317
2025-11-08 11:00:00,50.346167481088315
2025-11-08 12:00:00,39.51900131448231
2025-11-08 13:00:00,21.64184334636039
2025-11-08 14:00:00,3.037594511588455
2025-11-08 15:00:00,0.0
2025-11-08 16:00:00,0.0
2025-11-08 17:00:00,0.0
2025-11-08 18:00:00,0.0
2025-11-08 19:00:00,0.0
2025-11-08 20:00:00,0.0
2025-11-08 21:00:00,0.0
2025-11-08 22:00:00,0.0
2025-11-08 23:00:00,0.0
2025-11-09 00:00:00,0.0
2025-11-09 01:00:00,0.0
2025-11-09 02:00:00,0.0
2025-11-09 03:00:00,0.0
2025-11-09 04:00:00,0.0
2025-11-09 05:00:00,0.0
2025-11-09 06:00:00,0.0
2025-11-09 07:00:00,5.952134228059761
2025-11-09 08:00:00,19.810143459227035
2025-11-09 09:00:00,39.1540453694777
2025-11-09 10:00:00,49.27624105560815
2025-11-09 11:00:00,49.11247861914967
2025-11-09 12:00:00,38.40722108253108
2025-11-09 13:00:00,21.039089273777556
2025-11-09 14:00:00,1.8750365022473665
2025-11-09 15:00:00,0.0
2025-11-09 16:00:00,0.0
2025-11-09 17:00:00,0.0
2025-11-09 18:00:00,0.0
2025-11-09 19:00:00,0.0
2025-11-09 20:00:00,0.0
2025-11-09 21:00:00,0.0
2025-11-09 22:00:00,0.0
2025-11-09 23:00:00,0.0
2025-11-10 00:00:00,0.0
2025-11-10 01:00:00,0.0
2025-11-10 02:00:00,0.0
2025-11-10 03:00:00,0.0
2025-11-10 04:00:00,0.0
2025-11-10 05:00:00,0.0
2025-11-10 06:00:00,0.0
2025-11-10 07:00:00,2.5926626614973602
2025-11-10 08:00:00,17.630015097296635
2025-11-10 09:00:00,43.69854343247152
2025-11-10 10:00:00,49.05394915536641
2025-11-10 11:00:00,49.13520594276575
2025-11-10 12:00:00,42.27311908398037
2025-11-10 13:00:00,39.37856315403548
2025-11-10 14:00:00,3.939395153035625
2025-11-10 15:00:00,0.0
2025-11-10 16:00:00,0.0
2025-11-10 17:00:00,0.0
2025-11-10 18:00:00,0.0
2025-11-10 19:00:00,0.0
2025-11-10 20:00:00,0.0
2025-11-10 21:00:00,0.0
2025-11-10 22:00:00,0.0
2025-11-10 23:00:00,0.0
2025-11-11 00:00:00,0.0
2025-11-11 01:00:00,0.0
2025-11-11 02:00:00,0.0
2025-11-11 03:00:00,0.0
2025-11-11 04:00:00,0.0
2025-11-11 05:00:00,0.0
2025-11-11 06:00:00,0.0
2025-11-11 07:00:00,3.9657528716782946
2025-11-11 08:00:00,27.249624748204806
2025-11-11 09:00:00,40.26830588076129
2025-11-11 10:00:00,47.025192093919905
2025-11-11 11:00:00,47.63780415833687
2025-11-11 12:00:00,38.33945436066848
2025-11-11 13:00:00,18.68068098430369
2025-11-11 14:00:00,1.0770703119802012
2025-11-11 15:00:00,0.0
2025-11-11 16:00:00,0.0
2025-11-11 17:00:00,0.0
2025-11-11 18:00:00,0.0
2025-11-11 19:00:00,0.0
2025-11-11 20:00:00,0.0
2025-11-11 21:00:00,0.0
2025-11-11 22:00:00,0.0
2025-11-11 23:00:00,0.0
2025-11-12 00:00:00,0.0
2025-11-12 01:00:00,0.0
2025-11-12 02:00:00,0.0
2025-11-12 03:00:00,0.0
2025-11-12 04:00:00,0.0
2025-11-12 05:00:00,0.0
2025-11-12 06:00:00,0.0
2025-11-12 07:00:00,0.35921432812339066
2025-11-12 08:00:00,16.587027086646533
2025-11-12 09:00:00,59.750924698646294
2025-11-12 10:00:00,77.0133728319905
2025-11-12 11:00:00,109.15868062191576
2025-11-12 12:00:00,60.90187689448049
2025-11-12 13:00:00,16.707451871407873
2025-11-12 14:00:00,0.7126323245633291
2025-11-12 15:00:00,0.0
2025-11-12 16:00:00,0.0
2025-11-12 17:00:00,0.0
2025-11-12 18:00:00,0.0
2025-11-12 19:00:00,0.0
2025-11-12 20:00:00,0.0
2025-11-12 21:00:00,0.0
2025-11-12 22:00:00,0.0
2025-11-12 23:00:00,0.0
2025-11-13 00:00:00,0.0
2025-11-13 01:00:00,0.0
2025-11-13 02:00:00,0.0
2025-11-13 03:00:00,0.0
2025-11-13 04:00:00,0.0
2025-11-13 05:00:00,0.0
2025-11-13 06:00:00,0.0
2025-11-13 07:00:00,0.0
2025-11-13 08:00:00,15.582386925916754
2025-11-13 09:00:00,33.23955960923149
2025-11-13 10:00:00,85.68676451424835
2025-11-13 11:00:00,56.06542920892338
2025-11-13 12:00:00,40.9838348236803
2025-11-13 13:00:00,24.345111519943636
2025-11-13 14:00:00,0.667508680289168
2025-11-13 15:00:00,0.0
2025-11-13 16:00:00,0.0
2025-11-13 17:00:00,0.0
2025-11-13 18:00:00,0.0
2025-11-13 19:00:00,0.0
2025-11-13 20:00:00,0.0
2025-11-13 21:00:00,0.0
2025-11-13 22:00:00,0.0
2025-11-13 23:00:00,0.0
2025-11-14 00:00:00,0.0
2025-11-14 01:00:00,0.0
2025-11-14 02:00:00,0.0
2025-11-14 03:00:00,0.0
2025-11-14 04:00:00,0.0
2025-11-14 05:00:00,0.0
2025-11-14 06:00:00,0.0
2025-11-14 07:00:00,4.417654898536358
2025-11-14 08:00:00,64.9115537914195
2025-11-14 09:00:00,125.45464033564922
2025-11-14 10:00:00,157.67024983182432
2025-11-14 11:00:00,157.7303244539699
2025-11-14 12:00:00,128.79226784095843
2025-11-14 13:00:00,70.24729208717804
2025-11-14 14:00:00,7.182222583301316
2025-11-14 15:00:00,0.0
2025-11-14 16:00:00,0.0
2025-11-14 17:00:00,0.0
2025-11-14 18:00:00,0.0
2025-11-14 19:00:00,0.0
2025-11-14 20:00:00,0.0
2025-11-14 21:00:00,0.0
2025-11-14 22:00:00,0.0
2025-11-14 23:00:00,0.0
2025-11-15 00:00:00,0.0
2025-11-15 01:00:00,0.0
2025-11-15 02:00:00,0.0
2025-11-15 03:00:00,0.0
2025-11-15 04:00:00,0.0
2025-11-15 05:00:00,0.0
2025-11-15 06:00:00,0.0
2025-11-15 07:00:00,3.0918698514641236
2025-11-15 08:00:00,61.85957872231931
2025-11-15 09:00:00,119.05782536436769
2025-11-15 10:00:00,119.52782893986212
2025-11-15 11:00:00,135.51150051272563
2025-11-15 12:00:00,110.2932533549105
2025-11-15 13:00:00,47.23762227801519
2025-11-15 14:00:00,3.063409774752872
2025-11-15 15:00:00,0.0
2025-11-15 16:00:00,0.0
2025-11-15 17:00:00,0.0
2025-11-15 18:00:00,0.0
2025-11-15 19:00:00,0.0
2025-11-15 20:00:00,0.0
2025-11-15 21:00:00,0.0
2025-11-15 22:00:00,0.0
2025-11-15 23:00:00,0.0
2025-11-16 00:00:00,0.0
2025-11-16 01:00:00,0.0
2025-11-16 02:00:00,0.0
2025-11-16 03:00:00,0.0
2025-11-16 04:00:00,0.0
2025-11-16 05:00:00,0.0
2025-11-16 06:00:00,0.0
2025-11-16 07:00:00,1.504734384928448
2025-11-16 08:00:00,51.19038680876065
2025-11-16 09:00:00,97.73452493630788
2025-11-16 10:00:00,125.80667371773478
2025-11-16 11:00:00,148.02952916407364
2025-11-16 12:00:00,117.40255384798056
2025-11-16 13:00:00,44.16129494057802
2025-11-16 14:00:00,0.6720144907022055
2025-11-16 15:00:00,0.0
2025-11-16 16:00:00,0.0
2025-11-16 17:00:00,0.0
2025-11-16 18:00:00,0.0
2025-11-16 19:00:00,0.0
2025-11-16 20:00:00,0.0
2025-11-16 21:00:00,0.0
2025-11-16 22:00:00,0.0
2025-11-16 23:00:00,0.0
2025-11-17 00:00:00,0.0
2025-11-17 01:00:00,0.0
2025-11-17 02:00:00,0.0
2025-11-17 03:00:00,0.0
2025-11-17 04:00:00,0.0
2025-11-17 05:00:00,0.0
2025-11-17 06:00:00,0.0
2025-11-17 07:00:00,1.083810614225013
2025-11-17 08:00:00,54.37297621145346
2025-11-17 09:00:00,112.72019923898009
2025-11-17 10:00:00,144.43302939909043
2025-11-17 11:00:00,141.97246088134148
2025-11-17 12:00:00,73.62098575486763
2025-11-17 13:00:00,53.71489630311073
2025-11-17 14:00:00,1.9014385180486906
2025-11-17 15:00:00,0.0
2025-11-17 16:00:00,0.0
2025-11-17 17:00:00,0.0
2025-11-17 18:00:00,0.0
2025-11-17 19:00:00,0.0
2025-11-17 20:00:00,0.0
2025-11-17 21:00:00,0.0
2025-11-17 22:00:00,0.0
2025-11-17 23:00:00,0.0
2025-11-18 00:00:00,0.0
2025-11-18 01:00:00,0.0
2025-11-18 02:00:00,0.0
2025-11-18 03:00:00,0.0
2025-11-18 04:00:00,0.0
2025-11-18 05:00:00,0.0
2025-11-18 06:00:00,0.0
2025-11-18 07:00:00,0.0
2025-11-18 08:00:00,28.536233131104172
2025-11-18 09:00:00,53.664553089232385
2025-11-18 10:00:00,138.12720935104585
2025-11-18 11:00:00,136.37199610551409
2025-11-18 12:00:00,109.28225133513553
2025-11-18 13:00:00,54.95671940590639
2025-11-18 14:00:00,1.9076333802658867
2025-11-18 15:00:00,0.0
2025-11-18 16:00:00,0.0
2025-11-18 17:00:00,0.0
2025-11-18 18:00:00,0.0
2025-11-18 19:00:00,0.0
2025-11-18 20:00:00,0.0
2025-11-18 21:00:00,0.0
2025-11-18 22:00:00,0.0
2025-11-18 23:00:00,0.0
2025-11-19 00:00:00,0.0
2025-11-19 01:00:00,0.0
2025-11-19 02:00:00,0.0
2025-11-19 03:00:00,0.0
2025-11-19 04:00:00,0.0
2025-11-19 05:00:00,0.0
2025-11-19 06:00:00,0.0
2025-11-19 07:00:00,0.0
2025-11-19 08:00:00,11.10497500209287
2025-11-19 09:00:00,59.67004276460302
2025-11-19 10:00:00,98.0510618457357
2025-11-19 11:00:00,119.6032019674997
2025-11-19 12:00:00,94.27439539906281
2025-11-19 13:00:00,12.344911343855955
2025-11-19 14:00:00,0.0
2025-11-19 15:00:00,0.0
2025-11-19 16:00:00,0.0
2025-11-19 17:00:00,0.0
2025-11-19 18:00:00,0.0
2025-11-19 19:00:00,0.0
2025-11-19 20:00:00,0.0
2025-11-19 21:00:00,0.0
2025-11-19 22:00:00,0.0
2025-11-19 23:00:00,0.0
2025-11-20 00:00:00,0.0
2025-11-20 01:00:00,0.0
2025-11-20 02:00:00,0.0
2025-11-20 03:00:00,0.0
2025-11-20 04:00:00,0.0
2025-11-20 05:00:00,0.0
2025-11-20 06:00:00,0.0
2025-11-20 07:00:00,0.0
2025-11-20 08:00:00,9.868125740111106
2025-11-20 09:00:00,26.34542479872255
2025-11-20 10:00:00,36.93439209562907
2025-11-20 11:00:00,44.07982214161844
2025-11-20 12:00:00,30.3542779103213
2025-11-20 13:00:00,11.828203341084913
2025-11-20 14:00:00,0.0
2025-11-20 15:00:00,0.0
2025-11-20 16:00:00,0.0
2025-11-20 17:00:00,0.0
2025-11-20 18:00:00,0.0
2025-11-20 19:00:00,0.0
2025-11-20 20:00:00,0.0
2025-11-20 21:00:00,0.0
2025-11-20 22:00:00,0.0
2025-11-20 23:00:00,0.0
2025-11-21 00:00:00,0.0
2025-11-21 01:00:00,0.0
2025-11-21 02:00:00,0.0
2025-11-21 03:00:00,0.0
2025-11-21 04:00:00,0.0
2025-11-21 05:00:00,0.0
2025-11-21 06:00:00,0.0
2025-11-21 07:00:00,0.0
2025-11-21 08:00:00,13.81679226825539
2025-11-21 09:00:00,29.480845927339427
2025-11-21 10:00:00,37.110362339267304
2025-11-21 11:00:00,96.22861158606577
2025-11-21 12:00:00,72.4497098264615
2025-11-21 13:00:00,11.839723867297907
2025-11-21 14:00:00,0.0
2025-11-21 15:00:00,0.0
2025-11-21 16:00:00,0.0
2025-11-21 17:00:00,0.0
2025-11-21 18:00:00,0.0
2025-11-21 19:00:00,0.0
2025-11-21 20:00:00,0.0
2025-11-21 21:00:00,0.0
2025-11-21 22:00:00,0.0
2025-11-21 23:00:00,0.0
2025-11-22 00:00:00,0.0
2025-11-22 01:00:00,0.0
2025-11-22 02:00:00,0.0
2025-11-22 03:00:00,0.0
2025-11-22 04:00:00,0.0
2025-11-22 05:00:00,0.0
2025-11-22 06:00:00,0.0
2025-11-22 07:00:00,0.0
2025-11-22 08:00:00,36.028738084140514
2025-11-22 09:00:00,28.302190794692905
2025-11-22 10:00:00,98.57851216003615
2025-11-22 11:00:00,80.26039777811283
2025-11-22 12:00:00,26.89685670005258
2025-11-22 13:00:00,9.953915432222981
2025-11-22 14:00:00,0.0
2025-11-22 15:00:00,0.0
2025-11-22 16:00:00,0.0
2025-11-22 17:00:00,0.0
2025-11-22 18:00:00,0.0
2025-11-22 19:00:00,0.0
2025-11-22 20:00:00,0.0
2025-11-22 21:00:00,0.0
2025-11-22 22:00:00,0.0
2025-11-22 23:00:00,0.0
2025-11-23 00:00:00,0.0
2025-11-23 01:00:00,0.0
2025-11-23 02:00:00,0.0
2025-11-23 03:00:00,0.0
2025-11-23 04:00:00,0.0
2025-11-23 05:00:00,0.0
2025-11-23 06:00:00,0.0
2025-11-23 07:00:00,0.0
2025-11-23 08:00:00,10.598927438553892
2025-11-23 09:00:00,81.76025099141962
2025-11-23 10:00:00,104.85629409777913
2025-11-23 11:00:00,97.5948244083346
2025-11-23 12:00:00,71.05591902614162
2025-11-23 13:00:00,9.806472037356013
2025-11-23 14:00:00,0.0
2025-11-23 15:00:00,0.0
2025-11-23 16:00:00,0.0
2025-11-23 17:00:00,0.0
2025-11-23 18:00:00,0.0
2025-11-23 19:00:00,0.0
2025-11-23 20:00:00,0.0
2025-11-23 21:00:00,0.0
2025-11-23 22:00:00,0.0
2025-11-23 23:00:00,0.0
2025-11-24 00:00:00,0.0
2025-11-24 01:00:00,0.0
2025-11-24 02:00:00,0.0
2025-11-24 03:00:00,0.0
2025-11-24 04:00:00,0.0
2025-11-24 05:00:00,0.0
2025-11-24 06:00:00,0.0
2025-11-24 07:00:00,0.0
2025-11-24 08:00:00,20.473959710960074
2025-11-24 09:00:00,22.633213010208692
2025-11-24 10:00:00,56.834543917533914
2025-11-24 11:00:00,33.768881442986896
2025-11-24 12:00:00,62.00375039665593
2025-11-24 13:00:00,28.458313319221453
2025-11-24 14:00:00,0.0
2025-11-24 15:00:00,0.0
2025-11-24 16:00:00,0.0
2025-11-24 17:00:00,0.0
2025-11-24 18:00:00,0.0
2025-11-24 19:00:00,0.0
2025-11-24 20:00:00,0.0
2025-11-24 21:00:00,0.0
2025-11-24 22:00:00,0.0
2025-11-24 23:00:00,0.0
2025-11-25 00:00:00,0.0
2025-11-25 01:00:00,0.0
2025-11-25 02:00:00,0.0
2025-11-25 03:00:00,0.0
2025-11-25 04:00:00,0.0
2025-11-25 05:00:00,0.0
2025-11-25 06:00:00,0.0
2025-11-25 07:00:00,0.0
2025-11-25 08:00:00,6.418179423292542
2025-11-25 09:00:00,36.758237562620955
2025-11-25 10:00:00,35.87078789758233
2025-11-25 11:00:00,66.84666399173025
2025-11-25 12:00:00,62.19450550840331
2025-11-25 13:00:00,27.79715923600466
2025-11-25 14:00:00,0.0
2025-11-25 15:00:00,0.0
2025-11-25 16:00:00,0.0
2025-11-25 17:00:00,0.0
2025-11-25 18:00:00,0.0
2025-11-25 19:00:00,0.0
2025-11-25 20:00:00,0.0
2025-11-25 21:00:00,0.0
2025-11-25 22:00:00,0.0
2025-11-25 23:00:00,0.0
2025-11-26 00:00:00,0.0
2025-11-26 01:00:00,0.0
2025-11-26 02:00:00,0.0
2025-11-26 03:00:00,0.0
2025-11-26 04:00:00,0.0
2025-11-26 05:00:00,0.0
2025-11-26 06:00:00,0.0
2025-11-26 07:00:00,0.0
2025-11-26 08:00:00,5.667330603362614
2025-11-26 09:00:00,21.935164674411343
2025-11-26 10:00:00,31.8672157008197
2025-11-26 11:00:00,81.14801908065068
2025-11-26 12:00:00,79.22654749557354
2025-11-26 13:00:00,35.30442977679186
2025-11-26 14:00:00,0.0
2025-11-26 15:00:00,0.0
2025-11-26 16:00:00,0.0
2025-11-26 17:00:00,0.0
2025-11-26 18:00:00,0.0
2025-11-26 19:00:00,0.0
2025-11-26 20:00:00,0.0
2025-11-26 21:00:00,0.0
2025-11-26 22:00:00,0.0
2025-11-26 23:00:00,0.0
2025-11-27 00:00:00,0.0
2025-11-27 01:00:00,0.0
2025-11-27 02:00:00,0.0
2025-11-27 03:00:00,0.0
2025-11-27 04:00:00,0.0
2025-11-27 05:00:00,0.0
2025-11-27 06:00:00,0.0
2025-11-27 07:00:00,0.0
2025-11-27 08:00:00,19.700858483828966
2025-11-27 09:00:00,63.482487974828736
2025-11-27 10:00:00,37.87437636864254
2025-11-27 11:00:00,30.8007396984254
2025-11-27 12:00:00,32.082028072562615
2025-11-27 13:00:00,6.810838119209172
2025-11-27 14:00:00,0.0
2025-11-27 15:00:00,0.0
2025-11-27 16:00:00,0.0
2025-11-27 17:00:00,0.0
2025-11-27 18:00:00,0.0
2025-11-27 19:00:00,0.0
2025-11-27 20:00:00,0.0
2025-11-27 21:00:00,0.0
2025-11-27 22:00:00,0.0
2025-11-27 23:00:00,0.0
2025-11-28 00:00:00,0.0
2025-11-28 01:00:00,0.0
2025-11-28 02:00:00,0.0
2025-11-28 03:00:00,0.0
2025-11-28 04:00:00,0.0
2025-11-28 05:00:00,0.0
2025-11-28 06:00:00,0.0
2025-11-28 07:00:00,0.0
2025-11-28 08:00:00,3.662015651604826
2025-11-28 09:00:00,18.19798116879932
2025-11-28 10:00:00,27.877618163165916
2025-11-28 11:00:00,29.875428899935876
2025-11-28 12:00:00,36.93017567944945
2025-11-28 13:00:00,20.521378430393813
2025-11-28 14:00:00,0.0
2025-11-28 15:00:00,0.0
2025-11-28 16:00:00,0.0
2025-11-28 17:00:00,0.0
2025-11-28 18:00:00,0.0
2025-11-28 19:00:00,0.0
2025-11-28 20:00:00,0.0
2025-11-28 21:00:00,0.0
2025-11-28 22:00:00,0.0
2025-11-28 23:00:00,0.0
2025-11-29 00:00:00,0.0
2025-11-29 01:00:00,0.0
2025-11-29 02:00:00,0.0
2025-11-29 03:00:00,0.0
2025-11-29 04:00:00,0.0
2025-11-29 05:00:00,0.0
2025-11-29 06:00:00,0.0
2025-11-29 07:00:00,0.0
2025-11-29 08:00:00,16.94340276646465
2025-11-29 09:00:00,34.143813014582555
2025-11-29 10:00:00,88.4924575736294
2025-11-29 11:00:00,97.73004814362628
2025-11-29 12:00:00,68.66039978130067
2025-11-29 13:00:00,22.12193504371915
2025-11-29 14:00:00,0.0
2025-11-29 15:00:00,0.0
2025-11-29 16:00:00,0.0
2025-11-29 17:00:00,0.0
2025-11-29 18:00:00,0.0
2025-11-29 19:00:00,0.0
2025-11-29 20:00:00,0.0
2025-11-29 21:00:00,0.0
2025-11-29 22:00:00,0.0
2025-11-29 23:00:00,0.0
2025-11-30 00:00:00,0.0
2025-11-30 01:00:00,0.0
2025-11-30 02:00:00,0.0
2025-11-30 03:00:00,0.0
2025-11-30 04:00:00,0.0
2025-11-30 05:00:00,0.0
2025-11-30 06:00:00,0.0
2025-11-30 07:00:00,0.0
2025-11-30 08:00:00,2.482353521797829
2025-11-30 09:00:00,15.796261292679935
2025-11-30 10:00:00,24.89752919489905
2025-11-30 11:00:00,26.736510386540846
2025-11-30 12:00:00,18.54801484563589
2025-11-30 13:00:00,5.120587833120864
2025-11-30 14:00:00,0.0
2025-11-30 15:00:00,0.0
2025-11-30 16:00:00,0.0
2025-11-30 17:00:00,0.0
2025-11-30 18:00:00,0.0
2025-11-30 19:00:00,0.0
2025-11-30 20:00:00,0.0
2025-11-30 21:00:00,0.0
2025-11-30 22:00:00,0.0
2025-11-30 23:00:00,0.0
2025-12-01 00:00:00,0.0
2025-12-01 01:00:00,0.0
2025-12-01 02:00:00,0.0
2025-12-01 03:00:00,0.0
2025-12-01 04:00:00,0.0
2025-12-01 05:00:00,0.0
2025-12-01 06:00:00,0.0
2025-12-01 07:00:00,0.0
2025-12-01 08:00:00,5.151077825696916
2025-12-01 09:00:00,29.312624408963213
2025-12-01 10:00:00,32.02807849937152
2025-12-01 11:00:00,42.964145215434634
2025-12-01 12:00:00,35.482525431187696
2025-12-01 13:00:00,24.8343879357218
2025-12-01 14:00:00,0.0
2025-12-01 15:00:00,0.0
2025-12-01 16:00:00,0.0
2025-12-01 17:00:00,0.0
2025-12-01 18:00:00,0.0
2025-12-01 19:00:00,0.0
2025-12-01 20:00:00,0.0
2025-12-01 21:00:00,0.0
2025-12-01 22:00:00,0.0
2025-12-01 23:00:00,0.0
2025-12-02 00:00:00,0.0
2025-12-02 01:00:00,0.0
2025-12-02 02:00:00,0.0
2025-12-02 03:00:00,0.0
2025-12-02 04:00:00,0.0
2025-12-02 05:00:00,0.0
2025-12-02 06:00:00,0.0
2025-12-02 07:00:00,0.0
2025-12-02 08:00:00,1.9669140876617308
2025-12-02 09:00:00,14.251891295707779
2025-12-02 10:00:00,23.70347382161577
2025-12-02 11:00:00,24.208100882702233
2025-12-02 12:00:00,17.151203256854636
2025-12-02 13:00:00,4.1284951186990595
2025-12-02 14:00:00,0.0
2025-12-02 15:00:00,0.0
2025-12-02 16:00:00,0.0
2025-12-02 17:00:00,0.0
2025-12-02 18:00:00,0.0
2025-12-02 19:00:00,0.0
2025-12-02 20:00:00,0.0
2025-12-02 21:00:00,0.0
2025-12-02 22:00:00,0.0
2025-12-02 23:00:00,0.0
2025-12-03 00:00:00,0.0
2025-12-03 01:00:00,0.0
2025-12-03 02:00:00,0.0
2025-12-03 03:00:00,0.0
2025-12-03 04:00:00,0.0
2025-12-03 05:00:00,0.0
2025-12-03 06:00:00,0.0
2025-12-03 07:00:00,0.0
2025-12-03 08:00:00,1.9707313031695797
2025-12-03 09:00:00,15.279808157667896
2025-12-03 10:00:00,32.4690871828191
2025-12-03 11:00:00,26.242220135907047
2025-12-03 12:00:00,17.492363894301736
2025-12-03 13:00:00,4.560716670904746
2025-12-03 14:00:00,0.0
2025-12-03 15:00:00,0.0
2025-12-03 16:00:00,0.0
2025-12-03 17:00:00,0.0
2025-12-03 18:00:00,0.0
2025-12-03 19:00:00,0.0
2025-12-03 20:00:00,0.0
2025-12-03 21:00:00,0.0
2025-12-03 22:00:00,0.0
2025-12-03 23:00:00,0.0
2025-12-04 00:00:00,0.0
2025-12-04 01:00:00,0.0
2025-12-04 02:00:00,0.0
2025-12-04 03:00:00,0.0
2025-12-04 04:00:00,0.0
2025-12-04 05:00:00,0.0
2025-12-04 06:00:00,0.0
2025-12-04 07:00:00,0.0
2025-12-04 08:00:00,1.5390406119998952
2025-12-04 09:00:00,13.940174481044284
2025-12-04 10:00:00,23.819338108407017
2025-12-04 11:00:00,24.958443762235976
2025-12-04 12:00:00,16.522326887717487
2025-12-04 13:00:00,3.978842194704955
2025-12-04 14:00:00,0.0
2025-12-04 15:00:00,0.0
2025-12-04 16:00:00,0.0
2025-12-04 17:00:00,0.0
2025-12-04 18:00:00,0.0
2025-12-04 19:00:00,0.0
2025-12-04 20:00:00,0.0
2025-12-04 21:00:00,0.0
2025-12-04 22:00:00,0.0
2025-12-04 23:00:00,0.0
2025-12-05 00:00:00,0.0
2025-12-05 01:00:00,0.0
2025-12-05 02:00:00,0.0
2025-12-05 03:00:00,0.0
2025-12-05 04:00:00,0.0
2025-12-05 05:00:00,0.0
2025-12-05 06:00:00,0.0
2025-12-05 07:00:00,0.0
2025-12-05 08:00:00,1.110380754111258
2025-12-05 09:00:00,18.905577692903478
2025-12-05 10:00:00,22.77955336933383
2025-12-05 11:00:00,31.770401851290163
2025-12-05 12:00:00,17.97630047215557
2025-12-05 13:00:00,5.152633628247272
2025-12-05 14:00:00,0.0
2025-12-05 15:00:00,0.0
2025-12-05 16:00:00,0.0
2025-12-05 17:00:00,0.0
2025-12-05 18:00:00,0.0
2025-12-05 19:00:00,0.0
2025-12-05 20:00:00,0.0
2025-12-05 21:00:00,0.0
2025-12-05 22:00:00,0.0
2025-12-05 23:00:00,0.0
2025-12-06 00:00:00,0.0
2025-12-06 01:00:00,0.0
2025-12-06 02:00:00,0.0
2025-12-06 03:00:00,0.0
2025-12-06 04:00:00,0.0
2025-12-06 05:00:00,0.0
2025-12-06 06:00:00,0.0
2025-12-06 07:00:00,0.0
2025-12-06 08:00:00,0.6931236508856004
2025-12-06 09:00:00,12.029606329527917
2025-12-06 10:00:00,22.103084224851944
2025-12-06 11:00:00,22.62286583516965
2025-12-06 12:00:00,15.889201557733657
2025-12-06 13:00:00,3.5077692703508823
2025-12-06 14:00:00,0.0
2025-12-06 15:00:00,0.0
2025-12-06 16:00:00,0.0
2025-12-06 17:00:00,0.0
2025-12-06 18:00:00,0.0
2025-12-06 19:00:00,0.0
2025-12-06 20:00:00,0.0
2025-12-06 21:00:00,0.0
2025-12-06 22:00:00,0.0
2025-12-06 23:00:00,0.0
2025-12-07 00:00:00,0.0
2025-12-07 01:00:00,0.0
2025-12-07 02:00:00,0.0
2025-12-07 03:00:00,0.0
2025-12-07 04:00:00,0.0
2025-12-07 05:00:00,0.0
2025-12-07 06:00:00,0.0
2025-12-07 07:00:00,0.0
2025-12-07 08:00:00,0.3804016556630652
2025-12-07 09:00:00,10.870865599303384
2025-12-07 10:00:00,20.786729626082113
2025-12-07 11:00:00,20.762329024102705
2025-12-07 12:00:00,13.969337252018041
2025-12-07 13:00:00,2.712245725102743
2025-12-07 14:00:00,0.0
2025-12-07 15:00:00,0.0
2025-12-07 16:00:00,0.0
2025-12-07 17:00:00,0.0
2025-12-07 18:00:00,0.0
2025-12-07 19:00:00,0.0
2025-12-07 20:00:00,0.0
2025-12-07 21:00:00,0.0
2025-12-07 22:00:00,0.0
2025-12-07 23:00:00,0.0
2025-12-08 00:00:00,0.0
2025-12-08 01:00:00,0.0
2025-12-08 02:00:00,0.0
2025-12-08 03:00:00,0.0
2025-12-08 04:00:00,0.0
2025-12-08 05:00:00,0.0
2025-12-08 06:00:00,0.0
2025-12-08 07:00:00,0.0
2025-12-08 08:00:00,0.2957167401617536
2025-12-08 09:00:00,11.202988337622552
2025-12-08 10:00:00,20.73527919880872
2025-12-08 11:00:00,22.08997190456894
2025-12-08 12:00:00,15.356955911175541
2025-12-08 13:00:00,3.5321404143131203
2025-12-08 14:00:00,0.0
2025-12-08 15:00:00,0.0
2025-12-08 16:00:00,0.0
2025-12-08 17:00:00,0.0
2025-12-08 18:00:00,0.0
2025-12-08 19:00:00,0.0
2025-12-08 20:00:00,0.0
2025-12-08 21:00:00,0.0
2025-12-08 22:00:00,0.0
2025-12-08 23:00:00,0.0
2025-12-09 00:00:00,0.0
2025-12-09 01:00:00,0.0
2025-12-09 02:00:00,0.0
2025-12-09 03:00:00,0.0
2025-12-09 04:00:00,0.0
2025-12-09 05:00:00,0.0
2025-12-09 06:00:00,0.0
2025-12-09 07:00:00,0.0
2025-12-09 08:00:00,1.1255583573601315
2025-12-09 09:00:00,12.584785811756612
2025-12-09 10:00:00,22.117781029376307
2025-12-09 11:00:00,22.722185921865833
2025-12-09 12:00:00,15.91815716103132
2025-12-09 13:00:00,4.031930791985615
2025-12-09 14:00:00,0.0
2025-12-09 15:00:00,0.0
2025-12-09 16:00:00,0.0
2025-12-09 17:00:00,0.0
2025-12-09 18:00:00,0.0
2025-12-09 19:00:00,0.0
2025-12-09 20:00:00,0.0
2025-12-09 21:00:00,0.0
2025-12-09 22:00:00,0.0
2025-12-09 23:00:00,0.0
2025-12-10 00:00:00,0.0
2025-12-10 01:00:00,0.0
2025-12-10 02:00:00,0.0
2025-12-10 03:00:00,0.0
2025-12-10 04:00:00,0.0
2025-12-10 05:00:00,0.0
2025-12-10 06:00:00,0.0
2025-12-10 07:00:00,0.0
2025-12-10 08:00:00,0.0
2025-12-10 09:00:00,10.096879061793896
2025-12-10 10:00:00,18.96843599688378
2025-12-10 11:00:00,20.775198843982082
2025-12-10 12:00:00,14.330311521640896
2025-12-10 13:00:00,6.241671068453145
2025-12-10 14:00:00,0.0
2025-12-10 15:00:00,0.0
2025-12-10 16:00:00,0.0
2025-12-10 17:00:00,0.0
2025-12-10 18:00:00,0.0
2025-12-10 19:00:00,0.0
2025-12-10 20:00:00,0.0
2025-12-10 21:00:00,0.0
2025-12-10 22:00:00,0.0
2025-12-10 23:00:00,0.0
2025-12-11 00:00:00,0.0
2025-12-11 01:00:00,0.0
2025-12-11 02:00:00,0.0
2025-12-11 03:00:00,0.0
2025-12-11 04:00:00,0.0
2025-12-11 05:00:00,0.0
2025-12-11 06:00:00,0.0
2025-12-11 07:00:00,0.0
2025-12-11 08:00:00,0.0
2025-12-11 09:00:00,10.175348624920172
2025-12-11 10:00:00,19.922869502068767
2025-12-11 11:00:00,20.75456087239092
2025-12-11 12:00:00,17.350523909064623
2025-12-11 13:00:00,2.7252340183703745
2025-12-11 14:00:00,0.0
2025-12-11 15:00:00,0.0
2025-12-11 16:00:00,0.0
2025-12-11 17:00:00,0.0
2025-12-11 18:00:00,0.0
2025-12-11 19:00:00,0.0
2025-12-11 20:00:00,0.0
2025-12-11 21:00:00,0.0
2025-12-11 22:00:00,0.0
2025-12-11 23:00:00,0.0
2025-12-12 00:00:00,0.0
2025-12-12 01:00:00,0.0
2025-12-12 02:00:00,0.0
2025-12-12 03:00:00,0.0
2025-12-12 04:00:00,0.0
2025-12-12 05:00:00,0.0
2025-12-12 06:00:00,0.0
2025-12-12 07:00:00,0.0
2025-12-12 08:00:00,3.7413842496954923
2025-12-12 09:00:00,13.095778050947702
2025-12-12 10:00:00,20.49917600480793
2025-12-12 11:00:00,22.122942301593426
2025-12-12 12:00:00,17.350523909064623
2025-12-12 13:00:00,5.212428166055716
2025-12-12 14:00:00,0.0
2025-12-12 15:00:00,0.0
2025-12-12 16:00:00,0.0
2025-12-12 17:00:00,0.0
2025-12-12 18:00:00,0.0
2025-12-12 19:00:00,0.0
2025-12-12 20:00:00,0.0
2025-12-12 21:00:00,0.0
2025-12-12 22:00:00,0.0
2025-12-12 23:00:00,0.0
2025-12-13 00:00:00,0.0
2025-12-13 01:00:00,0.0
2025-12-13 02:00:00,0.0
2025-12-13 03:00:00,0.0
2025-12-13 04:00:00,0.0
2025-12-13 05:00:00,0.0
2025-12-13 06:00:00,0.0
2025-12-13 07:00:00,0.0
2025-12-13 08:00:00,0.0
2025-12-13 09:00:00,9.028133268672192
2025-12-13 10:00:00,18.813866213454894
2025-12-13 11:00:00,20.466235756801957
2025-12-13 12:00:00,13.570076515836723
2025-12-13 13:00:00,2.36852483801126
2025-12-13 14:00:00,0.0
2025-12-13 15:00:00,0.0
2025-12-13 16:00:00,0.0
2025-12-13 17:00:00,0.0
2025-12-13 18:00:00,0.0
2025-12-13 19:00:00,0.0
2025-12-13 20:00:00,0.0
2025-12-13 21:00:00,0.0
2025-12-13 22:00:00,0.0
2025-12-13 23:00:00,0.0
2025-12-14 00:00:00,0.0
2025-12-14 01:00:00,0.0
2025-12-14 02:00:00,0.0
2025-12-14 03:00:00,0.0
2025-12-14 04:00:00,0.0
2025-12-14 05:00:00,0.0
2025-12-14 06:00:00,0.0
2025-12-14 07:00:00,0.0
2025-12-14 08:00:00,0.0
2025-12-14 09:00:00,8.680449608982592
2025-12-14 10:00:00,17.401990400863028
2025-12-14 11:00:00,18.95741794017214
2025-12-14 12:00:00,13.350915688842347
2025-12-14 13:00:00,2.3694560825634388
2025-12-14 14:00:00,0.0
2025-12-14 15:00:00,0.0
2025-12-14 16:00:00,0.0
2025-12-14 17:00:00,0.0
2025-12-14 18:00:00,0.0
2025-12-14 19:00:00,0.0
2025-12-14 20:00:00,0.0
2025-12-14 21:00:00,0.0
2025-12-14 22:00:00,0.0
2025-12-14 23:00:00,0.0
2025-12-15 00:00:00,0.0
2025-12-15 01:00:00,0.0
2025-12-15 02:00:00,0.0
2025-12-15 03:00:00,0.0
2025-12-15 04:00:00,0.0
2025-12-15 05:00:00,0.0
2025-12-15 06:00:00,0.0
2025-12-15 07:00:00,0.0
2025-12-15 08:00:00,0.0
2025-12-15 09:00:00,15.474476605762655
2025-12-15 10:00:00,28.783508013524724
2025-12-15 11:00:00,35.21455036811477
2025-12-15 12:00:00,16.026140309869984
2025-12-15 13:00:00,3.54468172849266
2025-12-15 14:00:00,0.0
2025-12-15 15:00:00,0.0
2025-12-15 16:00:00,0.0
2025-12-15 17:00:00,0.0
2025-12-15 18:00:00,0.0
2025-12-15 19:00:00,0.0
2025-12-15 20:00:00,0.0
2025-12-15 21:00:00,0.0
2025-12-15 22:00:00,0.0
2025-12-15 23:00:00,0.0
2025-12-16 00:00:00,0.0
2025-12-16 01:00:00,0.0
2025-12-16 02:00:00,0.0
2025-12-16 03:00:00,0.0
2025-12-16 04:00:00,0.0
2025-12-16 05:00:00,0.0
2025-12-16 06:00:00,0.0
2025-12-16 07:00:00,0.0
2025-12-16 08:00:00,1.126547999570536
2025-12-16 09:00:00,7.872659086472527
2025-12-16 10:00:00,24.52965110606452
2025-12-16 11:00:00,18.4460774768888
2025-12-16 12:00:00,11.915955357148244
2025-12-16 13:00:00,1.9893928314718292
2025-12-16 14:00:00,0.0
2025-12-16 15:00:00,0.0
2025-12-16 16:00:00,0.0
2025-12-16 17:00:00,0.0
2025-12-16 18:00:00,0.0
2025-12-16 19:00:00,0.0
2025-12-16 20:00:00,0.0
2025-12-16 21:00:00,0.0
2025-12-16 22:00:00,0.0
2025-12-16 23:00:00,0.0
2025-12-17 00:00:00,0.0
2025-12-17 01:00:00,0.0
2025-12-17 02:00:00,0.0
2025-12-17 03:00:00,0.0
2025-12-17 04:00:00,0.0
2025-12-17 05:00:00,0.0
2025-12-17 06:00:00,0.0
2025-12-17 07:00:00,0.0
2025-12-17 08:00:00,0.0
2025-12-17 09:00:00,7.508826419121063
2025-12-17 10:00:00,16.048405243432995
2025-12-17 11:00:00,18.408463601613672
2025-12-17 12:00:00,12.556907338079188
2025-12-17 13:00:00,2.533460059317329
2025-12-17 14:00:00,0.0
2025-12-17 15:00:00,0.0
2025-12-17 16:00:00,0.0
2025-12-17 17:00:00,0.0
2025-12-17 18:00:00,0.0
2025-12-17 19:00:00,0.0
2025-12-17 20:00:00,0.0
2025-12-17 21:00:00,0.0
2025-12-17 22:00:00,0.0
2025-12-17 23:00:00,0.0
2025-12-18 00:00:00,0.0
2025-12-18 01:00:00,0.0
2025-12-18 02:00:00,0.0
2025-12-18 03:00:00,0.0
2025-12-18 04:00:00,0.0
2025-12-18 05:00:00,0.0
2025-12-18 06:00:00,0.0
2025-12-18 07:00:00,0.0
2025-12-18 08:00:00,0.0
2025-12-18 09:00:00,8.684311580052373
2025-12-18 10:00:00,18.41961660934789
2025-12-18 11:00:00,20.240834840664306
2025-12-18 12:00:00,13.504653388094953
2025-12-18 13:00:00,2.505930050586896
2025-12-18 14:00:00,0.0
2025-12-18 15:00:00,0.0
2025-12-18 16:00:00,0.0
2025-12-18 17:00:00,0.0
2025-12-18 18:00:00,0.0
2025-12-18 19:00:00,0.0
2025-12-18 20:00:00,0.0
2025-12-18 21:00:00,0.0
2025-12-18 22:00:00,0.0
2025-12-18 23:00:00,0.0
2025-12-19 00:00:00,0.0
2025-12-19 01:00:00,0.0
2025-12-19 02:00:00,0.0
2025-12-19 03:00:00,0.0
2025-12-19 04:00:00,0.0
2025-12-19 05:00:00,0.0
2025-12-19 06:00:00,0.0
2025-12-19 07:00:00,0.0
2025-12-19 08:00:00,0.0
2025-12-19 09:00:00,6.94028878140197
2025-12-19 10:00:00,16.060960371272408
2025-12-19 11:00:00,18.401428168255737
2025-12-19 12:00:00,12.508355160868279
2025-12-19 13:00:00,2.361659020761364
2025-12-19 14:00:00,0.0
2025-12-19 15:00:00,0.0
2025-12-19 16:00:00,0.0
2025-12-19 17:00:00,0.0
2025-12-19 18:00:00,0.0
2025-12-19 19:00:00,0.0
2025-12-19 20:00:00,0.0
2025-12-19 21:00:00,0.0
2025-12-19 22:00:00,0.0
2025-12-19 23:00:00,0.0
2025-12-20 00:00:00,0.0
2025-12-20 01:00:00,0.0
2025-12-20 02:00:00,0.0
2025-12-20 03:00:00,0.0
2025-12-20 04:00:00,0.0
2025-12-20 05:00:00,0.0
2025-12-20 06:00:00,0.0
2025-12-20 07:00:00,0.0
2025-12-20 08:00:00,0.0
2025-12-20 09:00:00,8.495780421816441
2025-12-20 10:00:00,17.391237263633233
2025-12-20 11:00:00,19.867879115133768
2025-12-20 12:00:00,41.20139471900028
2025-12-20 13:00:00,10.793190971835035
2025-12-20 14:00:00,0.0
2025-12-20 15:00:00,0.0
2025-12-20 16:00:00,0.0
2025-12-20 17:00:00,0.0
2025-12-20 18:00:00,0.0
2025-12-20 19:00:00,0.0
2025-12-20 20:00:00,0.0
2025-12-20 21:00:00,0.0
2025-12-20 22:00:00,0.0
2025-12-20 23:00:00,0.0
2025-12-21 00:00:00,0.0
2025-12-21 01:00:00,0.0
2025-12-21 02:00:00,0.0
2025-12-21 03:00:00,0.0
2025-12-21 04:00:00,0.0
2025-12-21 05:00:00,0.0
2025-12-21 06:00:00,0.0
2025-12-21 07:00:00,0.0
2025-12-21 08:00:00,1.121360909010801
2025-12-21 09:00:00,38.644606523184436
2025-12-21 10:00:00,74.0033424287735
2025-12-21 11:00:00,82.90434912926291
2025-12-21 12:00:00,62.704010650127934
2025-12-21 13:00:00,18.857172536494403
2025-12-21 14:00:00,0.0
2025-12-21 15:00:00,0.0
2025-12-21 16:00:00,0.0
2025-12-21 17:00:00,0.0
2025-12-21 18:00:00,0.0
2025-12-21 19:00:00,0.0
2025-12-21 20:00:00,0.0
2025-12-21 21:00:00,0.0
2025-12-21 22:00:00,0.0
2025-12-21 23:00:00,0.0
2025-12-22 00:00:00,0.0
2025-12-22 01:00:00,0.0
2025-12-22 02:00:00,0.0
2025-12-22 03:00:00,0.0
2025-12-22 04:00:00,0.0
2025-12-22 05:00:00,0.0
2025-12-22 06:00:00,0.0
2025-12-22 07:00:00,0.0
2025-12-22 08:00:00,0.38818652864156733
2025-12-22 09:00:00,9.963438117381703
2025-12-22 10:00:00,45.71695937873414
2025-12-22 11:00:00,70.27704521939293
2025-12-22 12:00:00,15.932463751514643
2025-12-22 13:00:00,2.9400832416856058
2025-12-22 14:00:00,0.0
2025-12-22 15:00:00,0.0
2025-12-22 16:00:00,0.0
2025-12-22 17:00:00,0.0
2025-12-22 18:00:00,0.0
2025-12-22 19:00:00,0.0
2025-12-22 20:00:00,0.0
2025-12-22 21:00:00,0.0
2025-12-22 22:00:00,0.0
2025-12-22 23:00:00,0.0
2025-12-23 00:00:00,0.0
2025-12-23 01:00:00,0.0
2025-12-23 02:00:00,0.0
2025-12-23 03:00:00,0.0
2025-12-23 04:00:00,0.0
2025-12-23 05:00:00,0.0
2025-12-23 06:00:00,0.0
2025-12-23 07:00:00,0.0
2025-12-23 08:00:00,0.7040262997061355
2025-12-23 09:00:00,39.00817290689555
2025-12-23 10:00:00,74.01647623626357
2025-12-23 11:00:00,84.04202656064881
2025-12-23 12:00:00,62.99351859663208
2025-12-23 13:00:00,20.652238438334255
2025-12-23 14:00:00,0.0
2025-12-23 15:00:00,0.0
2025-12-23 16:00:00,0.0
2025-12-23 17:00:00,0.0
2025-12-23 18:00:00,0.0
2025-12-23 19:00:00,0.0
2025-12-23 20:00:00,0.0
2025-12-23 21:00:00,0.0
2025-12-23 22:00:00,0.0
2025-12-23 23:00:00,0.0
2025-12-24 00:00:00,0.0
2025-12-24 01:00:00,0.0
2025-12-24 02:00:00,0.0
2025-12-24 03:00:00,0.0
2025-12-24 04:00:00,0.0
2025-12-24 05:00:00,0.0
2025-12-24 06:00:00,0.0
2025-12-24 07:00:00,0.0
2025-12-24 08:00:00,0.0
2025-12-24 09:00:00,10.59707671573831
2025-12-24 10:00:00,32.284101714420515
2025-12-24 11:00:00,30.877161801187356
2025-12-24 12:00:00,30.868086813988572
2025-12-24 13:00:00,18.29784971495817
2025-12-24 14:00:00,0.0
2025-12-24 15:00:00,0.0
2025-12-24 16:00:00,0.0
2025-12-24 17:00:00,0.0
2025-12-24 18:00:00,0.0
2025-12-24 19:00:00,0.0
2025-12-24 20:00:00,0.0
2025-12-24 21:00:00,0.0
2025-12-24 22:00:00,0.0
2025-12-24 23:00:00,0.0
2025-12-25 00:00:00,0.0
2025-12-25 01:00:00,0.0
2025-12-25 02:00:00,0.0
2025-12-25 03:00:00,0.0
2025-12-25 04:00:00,0.0
2025-12-25 05:00:00,0.0
2025-12-25 06:00:00,0.0
2025-12-25 07:00:00,0.0
2025-12-25 08:00:00,0.0
2025-12-25 09:00:00,24.50658824006058
2025-12-25 10:00:00,62.07081248611017
2025-12-25 11:00:00,30.058242994749108
2025-12-25 12:00:00,13.7257035206054
2025-12-25 13:00:00,2.9338706933107397
2025-12-25 14:00:00,0.0
2025-12-25 15:00:00,0.0
2025-12-25 16:00:00,0.0
2025-12-25 17:00:00,0.0
2025-12-25 18:00:00,0.0
2025-12-25 19:00:00,0.0
2025-12-25 20:00:00,0.0
2025-12-25 21:00:00,0.0
2025-12-25 22:00:00,0.0
2025-12-25 23:00:00,0.0
2025-12-26 00:00:00,0.0
2025-12-26 01:00:00,0.0
2025-12-26 02:00:00,0.0
2025-12-26 03:00:00,0.0
2025-12-26 04:00:00,0.0
2025-12-26 05:00:00,0.0
2025-12-26 06:00:00,0.0
2025-12-26 07:00:00,0.0
2025-12-26 08:00:00,0.7020454237758971
2025-12-26 09:00:00,31.78660360545971
2025-12-26 10:00:00,65.09475915088642
2025-12-26 11:00:00,55.89565159799454
2025-12-26 12:00:00,55.82805710495235
2025-12-26 13:00:00,17.251800789245127
2025-12-26 14:00:00,0.0
2025-12-26 15:00:00,0.0
2025-12-26 16:00:00,0.0
2025-12-26 17:00:00,0.0
2025-12-26 18:00:00,0.0
2025-12-26 19:00:00,0.0
2025-12-26 20:00:00,0.0
2025-12-26 21:00:00,0.0
2025-12-26 22:00:00,0.0
2025-12-26 23:00:00,0.0
2025-12-27 00:00:00,0.0
2025-12-27 01:00:00,0.0
2025-12-27 02:00:00,0.0
2025-12-27 03:00:00,0.0
2025-12-27 04:00:00,0.0
2025-12-27 05:00:00,0.0
2025-12-27 06:00:00,0.0
2025-12-27 07:00:00,0.0
2025-12-27 08:00:00,0.7020454237758971
2025-12-27 09:00:00,39.01745818469818
2025-12-27 10:00:00,74.08350738191321
2025-12-27 11:00:00,84.10134342000474
2025-12-27 12:00:00,63.898527747668126
2025-12-27 13:00:00,21.96331509483231
2025-12-27 14:00:00,0.0
2025-12-27 15:00:00,0.0
2025-12-27 16:00:00,0.0
2025-12-27 17:00:00,0.0
2025-12-27 18:00:00,0.0
2025-12-27 19:00:00,0.0
2025-12-27 20:00:00,0.0
2025-12-27 21:00:00,0.0
2025-12-27 22:00:00,0.0
2025-12-27 23:00:00,0.0
2025-12-28 00:00:00,0.0
2025-12-28 01:00:00,0.0
2025-12-28 02:00:00,0.0
2025-12-28 03:00:00,0.0
2025-12-28 04:00:00,0.0
2025-12-28 05:00:00,0.0
2025-12-28 06:00:00,0.0
2025-12-28 07:00:00,0.0
2025-12-28 08:00:00,0.7020454237758971
2025-12-28 09:00:00,35.53100856014818
2025-12-28 10:00:00,67.54683663293733
2025-12-28 11:00:00,70.16306699084032
2025-12-28 12:00:00,58.11064583751333
2025-12-28 13:00:00,17.940651216759846
2025-12-28 14:00:00,0.0
2025-12-28 15:00:00,0.0
2025-12-28 16:00:00,0.0
2025-12-28 17:00:00,0.0
2025-12-28 18:00:00,0.0
2025-12-28 19:00:00,0.0
2025-12-28 20:00:00,0.0
2025-12-28 21:00:00,0.0
2025-12-28 22:00:00,0.0
2025-12-28 23:00:00,0.0
2025-12-29 00:00:00,0.0
2025-12-29 01:00:00,0.0
2025-12-29 02:00:00,0.0
2025-12-29 03:00:00,0.0
2025-12-29 04:00:00,0.0
2025-12-29 05:00:00,0.0
2025-12-29 06:00:00,0.0
2025-12-29 07:00:00,0.0
2025-12-29 08:00:00,0.7545180947406701
2025-12-29 09:00:00,41.436084449901024
2025-12-29 10:00:00,78.30219419952107
2025-12-29 11:00:00,89.88157100806556
2025-12-29 12:00:00,66.23208643331556
2025-12-29 13:00:00,22.472880426018634
2025-12-29 14:00:00,0.0
2025-12-29 15:00:00,0.0
2025-12-29 16:00:00,0.0
2025-12-29 17:00:00,0.0
2025-12-29 18:00:00,0.0
2025-12-29 19:00:00,0.0
2025-12-29 20:00:00,0.0
2025-12-29 21:00:00,0.0
2025-12-29 22:00:00,0.0
2025-12-29 23:00:00,0.0
2025-12-30 00:00:00,0.0
2025-12-30 01:00:00,0.0
2025-12-30 02:00:00,0.0
2025-12-30 03:00:00,0.0
2025-12-30 04:00:00,0.0
2025-12-30 05:00:00,0.0
2025-12-30 06:00:00,0.0
2025-12-30 07:00:00,0.0
2025-12-30 08:00:00,0.3864771344782845
2025-12-30 09:00:00,38.68409573369449
2025-12-30 10:00:00,75.56254049436286
2025-12-30 11:00:00,68.24009453555797
2025-12-30 12:00:00,59.33327940014527
2025-12-30 13:00:00,21.89744198359373
2025-12-30 14:00:00,0.0
2025-12-30 15:00:00,0.0
2025-12-30 16:00:00,0.0
2025-12-30 17:00:00,0.0
2025-12-30 18:00:00,0.0
2025-12-30 19:00:00,0.0
2025-12-30 20:00:00,0.0
2025-12-30 21:00:00,0.0
2025-12-30 22:00:00,0.0
2025-12-30 23:00:00,0.0
2025-12-31 00:00:00,0.0
2025-12-31 01:00:00,0.0
2025-12-31 02:00:00,0.0
2025-12-31 03:00:00,0.0
2025-12-31 04:00:00,0.0
2025-12-31 05:00:00,0.0
2025-12-31 06:00:00,0.0
2025-12-31 07:00:00,0.0
2025-12-31 08:00:00,1.013615307739724
2025-12-31 09:00:00,38.15846606488991
2025-12-31 10:00:00,75.38364687511205
2025-12-31 11:00:00,89.6194778091022
2025-12-31 12:00:00,67.20479797669061
2025-12-31 13:00:00,24.92738470311681
2025-12-31 14:00:00,0.0
2025-12-31 15:00:00,0.0
2025-12-31 16:00:00,0.0
2025-12-31 17:00:00,0.0
2025-12-31 18:00:00,0.0
2025-12-31 19:00:00,0.0
2025-12-31 20:00:00,0.0
2025-12-31 21:00:00,0.0
2025-12-31 22:00:00,0.0
2025-12-31 23:00:00,0.0
