time,predicted_pv_output
2026-01-01 00:00:00,0.0
2026-01-01 01:00:00,0.0
2026-01-01 02:00:00,0.0
2026-01-01 03:00:00,0.0
2026-01-01 04:00:00,0.0
2026-01-01 05:00:00,0.0
2026-01-01 06:00:00,0.0
2026-01-01 07:00:00,0.0
2026-01-01 08:00:00,0.0
2026-01-01 09:00:00,8.576952685432198
2026-01-01 10:00:00,19.837195595526676
2026-01-01 11:00:00,22.703866423956633
2026-01-01 12:00:00,17.282033735281853
2026-01-01 13:00:00,5.153803518554511
2026-01-01 14:00:00,0.0
2026-01-01 15:00:00,0.0
2026-01-01 16:00:00,0.0
2026-01-01 17:00:00,0.0
2026-01-01 18:00:00,0.0
2026-01-01 19:00:00,0.0
2026-01-01 20:00:00,0.0
2026-01-01 21:00:00,0.0
2026-01-01 22:00:00,0.0
2026-01-01 23:00:00,0.0
2026-01-02 00:00:00,0.0
2026-01-02 01:00:00,0.0
2026-01-02 02:00:00,0.0
2026-01-02 03:00:00,0.0
2026-01-02 04:00:00,0.0
2026-01-02 05:00:00,0.0
2026-01-02 06:00:00,0.0
2026-01-02 07:00:00,0.0
2026-01-02 08:00:00,0.0
2026-01-02 09:00:00,8.930737748713662
2026-01-02 10:00:00,20.39503595022456
2026-01-02 11:00:00,24.316548449494157
2026-01-02 12:00:00,18.309821793088773
2026-01-02 13:00:00,5.711390301944506
2026-01-02 14:00:00,0.0
2026-01-02 15:00:00,0.0
2026-01-02 16:00:00,0.0
2026-01-02 17:00:00,0.0
2026-01-02 18:00:00,0.0
2026-01-02 19:00:00,0.0
2026-01-02 20:00:00,0.0
2026-01-02 21:00:00,0.0
2026-01-02 22:00:00,0.0
2026-01-02 23:00:00,0.0
2026-01-03 00:00:00,0.0
2026-01-03 01:00:00,0.0
2026-01-03 02:00:00,0.0
2026-01-03 03:00:00,0.0
2026-01-03 04:00:00,0.0
2026-01-03 05:00:00,0.0
2026-01-03 06:00:00,0.0
2026-01-03 07:00:00,0.0
2026-01-03 08:00:00,0.0
2026-01-03 09:00:00,9.284191161698372
2026-01-03 10:00:00,49.190324813145196
2026-01-03 11:00:00,23.757311765485742
2026-01-03 12:00:00,18.29462014331584
2026-01-03 13:00:00,5.712658036756658
2026-01-03 14:00:00,0.0
2026-01-03 15:00:00,0.0
2026-01-03 16:00:00,0.0
2026-01-03 17:00:00,0.0
2026-01-03 18:00:00,0.0
2026-01-03 19:00:00,0.0
2026-01-03 20:00:00,0.0
2026-01-03 21:00:00,0.0
2026-01-03 22:00:00,0.0
2026-01-03 23:00:00,0.0
2026-01-04 00:00:00,0.0
2026-01-04 01:00:00,0.0
2026-01-04 02:00:00,0.0
2026-01-04 03:00:00,0.0
2026-01-04 04:00:00,0.0
2026-01-04 05:00:00,0.0
2026-01-04 06:00:00,0.0
2026-01-04 07:00:00,0.0
2026-01-04 08:00:00,0.0
2026-01-04 09:00:00,9.944825030758563
2026-01-04 10:00:00,21.03137553630198
2026-01-04 11:00:00,25.005071560263247
2026-01-04 12:00:00,19.789579210263916
2026-01-04 13:00:00,6.412915485710392
2026-01-04 14:00:00,0.0
2026-01-04 15:00:00,0.0
2026-01-04 16:00:00,0.0
2026-01-04 17:00:00,0.0
2026-01-04 18:00:00,0.0
2026-01-04 19:00:00,0.0
2026-01-04 20:00:00,0.0
2026-01-04 21:00:00,0.0
2026-01-04 22:00:00,0.0
2026-01-04 23:00:00,0.0
2026-01-05 00:00:00,0.0
2026-01-05 01:00:00,0.0
2026-01-05 02:00:00,0.0
2026-01-05 03:00:00,0.0
2026-01-05 04:00:00,0.0
2026-01-05 05:00:00,0.0
2026-01-05 06:00:00,0.0
2026-01-05 07:00:00,0.0
2026-01-05 08:00:00,1.9629231273695928
2026-01-05 09:00:00,31.912411455180738
2026-01-05 10:00:00,54.01155814919518
2026-01-05 11:00:00,28.64029044908672
2026-01-05 12:00:00,46.08041926345013
2026-01-05 13:00:00,7.866025895339253
2026-01-05 14:00:00,0.0
2026-01-05 15:00:00,0.0
2026-01-05 16:00:00,0.0
2026-01-05 17:00:00,0.0
2026-01-05 18:00:00,0.0
2026-01-05 19:00:00,0.0
2026-01-05 20:00:00,0.0
2026-01-05 21:00:00,0.0
2026-01-05 22:00:00,0.0
2026-01-05 23:00:00,0.0
2026-01-06 00:00:00,0.0
2026-01-06 01:00:00,0.0
2026-01-06 02:00:00,0.0
2026-01-06 03:00:00,0.0
2026-01-06 04:00:00,0.0
2026-01-06 05:00:00,0.0
2026-01-06 06:00:00,0.0
2026-01-06 07:00:00,0.0
2026-01-06 08:00:00,0.7066589337398784
2026-01-06 09:00:00,19.819549135686717
2026-01-06 10:00:00,50.85390498631686
2026-01-06 11:00:00,28.63984994844563
2026-01-06 12:00:00,18.66885837045247
2026-01-06 13:00:00,8.529947564870254
2026-01-06 14:00:00,0.0
2026-01-06 15:00:00,0.0
2026-01-06 16:00:00,0.0
2026-01-06 17:00:00,0.0
2026-01-06 18:00:00,0.0
2026-01-06 19:00:00,0.0
2026-01-06 20:00:00,0.0
2026-01-06 21:00:00,0.0
2026-01-06 22:00:00,0.0
2026-01-06 23:00:00,0.0
2026-01-07 00:00:00,0.0
2026-01-07 01:00:00,0.0
2026-01-07 02:00:00,0.0
2026-01-07 03:00:00,0.0
2026-01-07 04:00:00,0.0
2026-01-07 05:00:00,0.0
2026-01-07 06:00:00,0.0
2026-01-07 07:00:00,0.0
2026-01-07 08:00:00,0.705972432338951
2026-01-07 09:00:00,11.946734564955152
2026-01-07 10:00:00,48.62790379255121
2026-01-07 11:00:00,29.242952014281045
2026-01-07 12:00:00,22.273055086994653
2026-01-07 13:00:00,8.54466644027835
2026-01-07 14:00:00,0.0
2026-01-07 15:00:00,0.0
2026-01-07 16:00:00,0.0
2026-01-07 17:00:00,0.0
2026-01-07 18:00:00,0.0
2026-01-07 19:00:00,0.0
2026-01-07 20:00:00,0.0
2026-01-07 21:00:00,0.0
2026-01-07 22:00:00,0.0
2026-01-07 23:00:00,0.0
2026-01-08 00:00:00,0.0
2026-01-08 01:00:00,0.0
2026-01-08 02:00:00,0.0
2026-01-08 03:00:00,0.0
2026-01-08 04:00:00,0.0
2026-01-08 05:00:00,0.0
2026-01-08 06:00:00,0.0
2026-01-08 07:00:00,0.0
2026-01-08 08:00:00,0.0
2026-01-08 09:00:00,11.160082509122415
2026-01-08 10:00:00,23.75396650979804
2026-01-08 11:00:00,55.53092936273054
2026-01-08 12:00:00,26.94200896835895
2026-01-08 13:00:00,22.242478721422433
2026-01-08 14:00:00,0.0
2026-01-08 15:00:00,0.0
2026-01-08 16:00:00,0.0
2026-01-08 17:00:00,0.0
2026-01-08 18:00:00,0.0
2026-01-08 19:00:00,0.0
2026-01-08 20:00:00,0.0
2026-01-08 21:00:00,0.0
2026-01-08 22:00:00,0.0
2026-01-08 23:00:00,0.0
2026-01-09 00:00:00,0.0
2026-01-09 01:00:00,0.0
2026-01-09 02:00:00,0.0
2026-01-09 03:00:00,0.0
2026-01-09 04:00:00,0.0
2026-01-09 05:00:00,0.0
2026-01-09 06:00:00,0.0
2026-01-09 07:00:00,0.0
2026-01-09 08:00:00,0.0
2026-01-09 09:00:00,12.492579377745534
2026-01-09 10:00:00,29.124815025631587
2026-01-09 11:00:00,68.46985169259635
2026-01-09 12:00:00,50.742420359585054
2026-01-09 13:00:00,10.116791420955561
2026-01-09 14:00:00,0.0
2026-01-09 15:00:00,0.0
2026-01-09 16:00:00,0.0
2026-01-09 17:00:00,0.0
2026-01-09 18:00:00,0.0
2026-01-09 19:00:00,0.0
2026-01-09 20:00:00,0.0
2026-01-09 21:00:00,0.0
2026-01-09 22:00:00,0.0
2026-01-09 23:00:00,0.0
2026-01-10 00:00:00,0.0
2026-01-10 01:00:00,0.0
2026-01-10 02:00:00,0.0
2026-01-10 03:00:00,0.0
2026-01-10 04:00:00,0.0
2026-01-10 05:00:00,0.0
2026-01-10 06:00:00,0.0
2026-01-10 07:00:00,0.0
2026-01-10 08:00:00,5.1970946303472285
2026-01-10 09:00:00,55.71968289906522
2026-01-10 10:00:00,100.02527235161422
2026-01-10 11:00:00,114.27215914705988
2026-01-10 12:00:00,86.37039615559827
2026-01-10 13:00:00,38.672566733597336
2026-01-10 14:00:00,1.1121595663540051
2026-01-10 15:00:00,0.0
2026-01-10 16:00:00,0.0
2026-01-10 17:00:00,0.0
2026-01-10 18:00:00,0.0
2026-01-10 19:00:00,0.0
2026-01-10 20:00:00,0.0
2026-01-10 21:00:00,0.0
2026-01-10 22:00:00,0.0
2026-01-10 23:00:00,0.0
2026-01-11 00:00:00,0.0
2026-01-11 01:00:00,0.0
2026-01-11 02:00:00,0.0
2026-01-11 03:00:00,0.0
2026-01-11 04:00:00,0.0
2026-01-11 05:00:00,0.0
2026-01-11 06:00:00,0.0
2026-01-11 07:00:00,0.0
2026-01-11 08:00:00,4.044155116650709
2026-01-11 09:00:00,51.86193291523041
2026-01-11 10:00:00,89.49325368680387
2026-01-11 11:00:00,65.3800050524821
2026-01-11 12:00:00,48.49270462099411
2026-01-11 13:00:00,15.931169577230124
2026-01-11 14:00:00,0.0
2026-01-11 15:00:00,0.0
2026-01-11 16:00:00,0.0
2026-01-11 17:00:00,0.0
2026-01-11 18:00:00,0.0
2026-01-11 19:00:00,0.0
2026-01-11 20:00:00,0.0
2026-01-11 21:00:00,0.0
2026-01-11 22:00:00,0.0
2026-01-11 23:00:00,0.0
2026-01-12 00:00:00,0.0
2026-01-12 01:00:00,0.0
2026-01-12 02:00:00,0.0
2026-01-12 03:00:00,0.0
2026-01-12 04:00:00,0.0
2026-01-12 05:00:00,0.0
2026-01-12 06:00:00,0.0
2026-01-12 07:00:00,0.0
2026-01-12 08:00:00,3.7306422732493645
2026-01-12 09:00:00,45.265882899581044
2026-01-12 10:00:00,96.39223933725452
2026-01-12 11:00:00,112.03359996523672
2026-01-12 12:00:00,54.79536614249277
2026-01-12 13:00:00,14.252390855470756
2026-01-12 14:00:00,0.0
2026-01-12 15:00:00,0.0
2026-01-12 16:00:00,0.0
2026-01-12 17:00:00,0.0
2026-01-12 18:00:00,0.0
2026-01-12 19:00:00,0.0
2026-01-12 20:00:00,0.0
2026-01-12 21:00:00,0.0
2026-01-12 22:00:00,0.0
2026-01-12 23:00:00,0.0
2026-01-13 00:00:00,0.0
2026-01-13 01:00:00,0.0
2026-01-13 02:00:00,0.0
2026-01-13 03:00:00,0.0
2026-01-13 04:00:00,0.0
2026-01-13 05:00:00,0.0
2026-01-13 06:00:00,0.0
2026-01-13 07:00:00,0.0
2026-01-13 08:00:00,0.30179823567356584
2026-01-13 09:00:00,13.960258836403076
2026-01-13 10:00:00,27.145765372995278
2026-01-13 11:00:00,31.820913587656367
2026-01-13 12:00:00,26.469460031472845
2026-01-13 13:00:00,12.406619128247806
2026-01-13 14:00:00,0.0
2026-01-13 15:00:00,0.0
2026-01-13 16:00:00,0.0
2026-01-13 17:00:00,0.0
2026-01-13 18:00:00,0.0
2026-01-13 19:00:00,0.0
2026-01-13 20:00:00,0.0
2026-01-13 21:00:00,0.0
2026-01-13 22:00:00,0.0
2026-01-13 23:00:00,0.0
2026-01-14 00:00:00,0.0
2026-01-14 01:00:00,0.0
2026-01-14 02:00:00,0.0
2026-01-14 03:00:00,0.0
2026-01-14 04:00:00,0.0
2026-01-14 05:00:00,0.0
2026-01-14 06:00:00,0.0
2026-01-14 07:00:00,0.0
2026-01-14 08:00:00,0.3899970231936503
2026-01-14 09:00:00,13.965873595612724
2026-01-14 10:00:00,27.89749480303761
2026-01-14 11:00:00,32.505192871398954
2026-01-14 12:00:00,27.180862373603567
2026-01-14 13:00:00,12.472389881201918
2026-01-14 14:00:00,0.0
2026-01-14 15:00:00,0.0
2026-01-14 16:00:00,0.0
2026-01-14 17:00:00,0.0
2026-01-14 18:00:00,0.0
2026-01-14 19:00:00,0.0
2026-01-14 20:00:00,0.0
2026-01-14 21:00:00,0.0
2026-01-14 22:00:00,0.0
2026-01-14 23:00:00,0.0
2026-01-15 00:00:00,0.0
2026-01-15 01:00:00,0.0
2026-01-15 02:00:00,0.0
2026-01-15 03:00:00,0.0
2026-01-15 04:00:00,0.0
2026-01-15 05:00:00,0.0
2026-01-15 06:00:00,0.0
2026-01-15 07:00:00,0.0
2026-01-15 08:00:00,3.24959552013838
2026-01-15 09:00:00,29.582077477868832
2026-01-15 10:00:00,29.61805641163585
2026-01-15 11:00:00,33.44882128676707
2026-01-15 12:00:00,29.196225203801248
2026-01-15 13:00:00,13.46315119113347
2026-01-15 14:00:00,0.0
2026-01-15 15:00:00,0.0
2026-01-15 16:00:00,0.0
2026-01-15 17:00:00,0.0
2026-01-15 18:00:00,0.0
2026-01-15 19:00:00,0.0
2026-01-15 20:00:00,0.0
2026-01-15 21:00:00,0.0
2026-01-15 22:00:00,0.0
2026-01-15 23:00:00,0.0
2026-01-16 00:00:00,0.0
2026-01-16 01:00:00,0.0
2026-01-16 02:00:00,0.0
2026-01-16 03:00:00,0.0
2026-01-16 04:00:00,0.0
2026-01-16 05:00:00,0.0
2026-01-16 06:00:00,0.0
2026-01-16 07:00:00,0.0
2026-01-16 08:00:00,0.7605835758546529
2026-01-16 09:00:00,14.510779779623158
2026-01-16 10:00:00,27.97116456278581
2026-01-16 11:00:00,32.0849161686132
2026-01-16 12:00:00,26.99420140183115
2026-01-16 13:00:00,13.46315119113347
2026-01-16 14:00:00,0.0
2026-01-16 15:00:00,0.0
2026-01-16 16:00:00,0.0
2026-01-16 17:00:00,0.0
2026-01-16 18:00:00,0.0
2026-01-16 19:00:00,0.0
2026-01-16 20:00:00,0.0
2026-01-16 21:00:00,0.0
2026-01-16 22:00:00,0.0
2026-01-16 23:00:00,0.0
2026-01-17 00:00:00,0.0
2026-01-17 01:00:00,0.0
2026-01-17 02:00:00,0.0
2026-01-17 03:00:00,0.0
2026-01-17 04:00:00,0.0
2026-01-17 05:00:00,0.0
2026-01-17 06:00:00,0.0
2026-01-17 07:00:00,0.0
2026-01-17 08:00:00,1.122101790341677
2026-01-17 09:00:00,17.36266761900473
2026-01-17 10:00:00,29.22826922387327
2026-01-17 11:00:00,33.242010307763834
2026-01-17 12:00:00,27.94784117525895
2026-01-17 13:00:00,13.943453443344644
2026-01-17 14:00:00,0.3847523837524961
2026-01-17 15:00:00,0.0
2026-01-17 16:00:00,0.0
2026-01-17 17:00:00,0.0
2026-01-17 18:00:00,0.0
2026-01-17 19:00:00,0.0
2026-01-17 20:00:00,0.0
2026-01-17 21:00:00,0.0
2026-01-17 22:00:00,0.0
2026-01-17 23:00:00,0.0
2026-01-18 00:00:00,0.0
2026-01-18 01:00:00,0.0
2026-01-18 02:00:00,0.0
2026-01-18 03:00:00,0.0
2026-01-18 04:00:00,0.0
2026-01-18 05:00:00,0.0
2026-01-18 06:00:00,0.0
2026-01-18 07:00:00,0.0
2026-01-18 08:00:00,9.621590734837325
2026-01-18 09:00:00,16.091548539979918
2026-01-18 10:00:00,29.811944034769
2026-01-18 11:00:00,46.10659248125838
2026-01-18 12:00:00,30.14391441786184
2026-01-18 13:00:00,15.943622469314722
2026-01-18 14:00:00,0.7541453400698401
2026-01-18 15:00:00,0.0
2026-01-18 16:00:00,0.0
2026-01-18 17:00:00,0.0
2026-01-18 18:00:00,0.0
2026-01-18 19:00:00,0.0
2026-01-18 20:00:00,0.0
2026-01-18 21:00:00,0.0
2026-01-18 22:00:00,0.0
2026-01-18 23:00:00,0.0
2026-01-19 00:00:00,0.0
2026-01-19 01:00:00,0.0
2026-01-19 02:00:00,0.0
2026-01-19 03:00:00,0.0
2026-01-19 04:00:00,0.0
2026-01-19 05:00:00,0.0
2026-01-19 06:00:00,0.0
2026-01-19 07:00:00,0.0
2026-01-19 08:00:00,3.7288514917384505
2026-01-19 09:00:00,19.83154170190617
2026-01-19 10:00:00,34.67549674881549
2026-01-19 11:00:00,40.220370504200474
2026-01-19 12:00:00,33.42213724554929
2026-01-19 13:00:00,18.62691825782144
2026-01-19 14:00:00,1.9689997825026873
2026-01-19 15:00:00,0.0
2026-01-19 16:00:00,0.0
2026-01-19 17:00:00,0.0
2026-01-19 18:00:00,0.0
2026-01-19 19:00:00,0.0
2026-01-19 20:00:00,0.0
2026-01-19 21:00:00,0.0
2026-01-19 22:00:00,0.0
2026-01-19 23:00:00,0.0
2026-01-20 00:00:00,0.0
2026-01-20 01:00:00,0.0
2026-01-20 02:00:00,0.0
2026-01-20 03:00:00,0.0
2026-01-20 04:00:00,0.0
2026-01-20 05:00:00,0.0
2026-01-20 06:00:00,0.0
2026-01-20 07:00:00,0.0
2026-01-20 08:00:00,2.5034257392523216
2026-01-20 09:00:00,19.887325737735825
2026-01-20 10:00:00,34.69223713461654
2026-01-20 11:00:00,41.10964210368396
2026-01-20 12:00:00,35.117053420303186
2026-01-20 13:00:00,19.75170941566109
2026-01-20 14:00:00,2.3463622674554223
2026-01-20 15:00:00,0.0
2026-01-20 16:00:00,0.0
2026-01-20 17:00:00,0.0
2026-01-20 18:00:00,0.0
2026-01-20 19:00:00,0.0
2026-01-20 20:00:00,0.0
2026-01-20 21:00:00,0.0
2026-01-20 22:00:00,0.0
2026-01-20 23:00:00,0.0
2026-01-21 00:00:00,0.0
2026-01-21 01:00:00,0.0
2026-01-21 02:00:00,0.0
2026-01-21 03:00:00,0.0
2026-01-21 04:00:00,0.0
2026-01-21 05:00:00,0.0
2026-01-21 06:00:00,0.0
2026-01-21 07:00:00,0.0
2026-01-21 08:00:00,3.731617385659095
2026-01-21 09:00:00,20.772566116304645
2026-01-21 10:00:00,43.44339547771622
2026-01-21 11:00:00,43.77188406027996
2026-01-21 12:00:00,35.01727539318898
2026-01-21 13:00:00,20.346172350834845
2026-01-21 14:00:00,3.5240439061844944
2026-01-21 15:00:00,0.0
2026-01-21 16:00:00,0.0
2026-01-21 17:00:00,0.0
2026-01-21 18:00:00,0.0
2026-01-21 19:00:00,0.0
2026-01-21 20:00:00,0.0
2026-01-21 21:00:00,0.0
2026-01-21 22:00:00,0.0
2026-01-21 23:00:00,0.0
2026-01-22 00:00:00,0.0
2026-01-22 01:00:00,0.0
2026-01-22 02:00:00,0.0
2026-01-22 03:00:00,0.0
2026-01-22 04:00:00,0.0
2026-01-22 05:00:00,0.0
2026-01-22 06:00:00,0.0
2026-01-22 07:00:00,0.0
2026-01-22 08:00:00,4.052420907522265
2026-01-22 09:00:00,22.835626511585325
2026-01-22 10:00:00,38.6354719787283
2026-01-22 11:00:00,44.427837239629554
2026-01-22 12:00:00,38.64184400021002
2026-01-22 13:00:00,22.69979918753705
2026-01-22 14:00:00,3.7064749191164967
2026-01-22 15:00:00,0.0
2026-01-22 16:00:00,0.0
2026-01-22 17:00:00,0.0
2026-01-22 18:00:00,0.0
2026-01-22 19:00:00,0.0
2026-01-22 20:00:00,0.0
2026-01-22 21:00:00,0.0
2026-01-22 22:00:00,0.0
2026-01-22 23:00:00,0.0
2026-01-23 00:00:00,0.0
2026-01-23 01:00:00,0.0
2026-01-23 02:00:00,0.0
2026-01-23 03:00:00,0.0
2026-01-23 04:00:00,0.0
2026-01-23 05:00:00,0.0
2026-01-23 06:00:00,0.0
2026-01-23 07:00:00,0.0
2026-01-23 08:00:00,4.639049884770426
2026-01-23 09:00:00,23.95645016911992
2026-01-23 10:00:00,40.6623584891795
2026-01-23 11:00:00,45.19134093398152
2026-01-23 12:00:00,41.07530084034513
2026-01-23 13:00:00,24.360368688415882
2026-01-23 14:00:00,4.61687590256324
2026-01-23 15:00:00,0.0
2026-01-23 16:00:00,0.0
2026-01-23 17:00:00,0.0
2026-01-23 18:00:00,0.0
2026-01-23 19:00:00,0.0
2026-01-23 20:00:00,0.0
2026-01-23 21:00:00,0.0
2026-01-23 22:00:00,0.0
2026-01-23 23:00:00,0.0
2026-01-24 00:00:00,0.0
2026-01-24 01:00:00,0.0
2026-01-24 02:00:00,0.0
2026-01-24 03:00:00,0.0
2026-01-24 04:00:00,0.0
2026-01-24 05:00:00,0.0
2026-01-24 06:00:00,0.0
2026-01-24 07:00:00,0.0
2026-01-24 08:00:00,5.205336613875334
2026-01-24 09:00:00,25.199031038869396
2026-01-24 10:00:00,41.40501065145243
2026-01-24 11:00:00,47.04711343147494
2026-01-24 12:00:00,41.66789731016448
2026-01-24 13:00:00,41.34436218803236
2026-01-24 14:00:00,5.1825080290247305
2026-01-24 15:00:00,0.0
2026-01-24 16:00:00,0.0
2026-01-24 17:00:00,0.0
2026-01-24 18:00:00,0.0
2026-01-24 19:00:00,0.0
2026-01-24 20:00:00,0.0
2026-01-24 21:00:00,0.0
2026-01-24 22:00:00,0.0
2026-01-24 23:00:00,0.0
2026-01-25 00:00:00,0.0
2026-01-25 01:00:00,0.0
2026-01-25 02:00:00,0.0
2026-01-25 03:00:00,0.0
2026-01-25 04:00:00,0.0
2026-01-25 05:00:00,0.0
2026-01-25 06:00:00,0.0
2026-01-25 07:00:00,0.0
2026-01-25 08:00:00,5.74073697563071
2026-01-25 09:00:00,27.080183491025398
2026-01-25 10:00:00,42.63188445250625
2026-01-25 11:00:00,49.269743979027005
2026-01-25 12:00:00,42.545811386443816
2026-01-25 13:00:00,26.74962656888916
2026-01-25 14:00:00,12.008157183521528
2026-01-25 15:00:00,0.0
2026-01-25 16:00:00,0.0
2026-01-25 17:00:00,0.0
2026-01-25 18:00:00,0.0
2026-01-25 19:00:00,0.0
2026-01-25 20:00:00,0.0
2026-01-25 21:00:00,0.0
2026-01-25 22:00:00,0.0
2026-01-25 23:00:00,0.0
2026-01-26 00:00:00,0.0
2026-01-26 01:00:00,0.0
2026-01-26 02:00:00,0.0
2026-01-26 03:00:00,0.0
2026-01-26 04:00:00,0.0
2026-01-26 05:00:00,0.0
2026-01-26 06:00:00,0.0
2026-01-26 07:00:00,0.0
2026-01-26 08:00:00,6.871642632678272
2026-01-26 09:00:00,28.01892708841356
2026-01-26 10:00:00,44.46036813512104
2026-01-26 11:00:00,50.795823080645896
2026-01-26 12:00:00,106.58255794649206
2026-01-26 13:00:00,45.65362937564852
2026-01-26 14:00:00,23.714312529835045
2026-01-26 15:00:00,0.0
2026-01-26 16:00:00,0.0
2026-01-26 17:00:00,0.0
2026-01-26 18:00:00,0.0
2026-01-26 19:00:00,0.0
2026-01-26 20:00:00,0.0
2026-01-26 21:00:00,0.0
2026-01-26 22:00:00,0.0
2026-01-26 23:00:00,0.0
2026-01-27 00:00:00,0.0
2026-01-27 01:00:00,0.0
2026-01-27 02:00:00,0.0
2026-01-27 03:00:00,0.0
2026-01-27 04:00:00,0.0
2026-01-27 05:00:00,0.0
2026-01-27 06:00:00,0.0
2026-01-27 07:00:00,0.0
2026-01-27 08:00:00,7.741455512035956
2026-01-27 09:00:00,30.0380980483313
2026-01-27 10:00:00,45.54440833026531
2026-01-27 11:00:00,52.381550518192654
2026-01-27 12:00:00,46.09718575219168
2026-01-27 13:00:00,32.50217756117802
2026-01-27 14:00:00,16.587079821655994
2026-01-27 15:00:00,0.0
2026-01-27 16:00:00,0.0
2026-01-27 17:00:00,0.0
2026-01-27 18:00:00,0.0
2026-01-27 19:00:00,0.0
2026-01-27 20:00:00,0.0
2026-01-27 21:00:00,0.0
2026-01-27 22:00:00,0.0
2026-01-27 23:00:00,0.0
2026-01-28 00:00:00,0.0
2026-01-28 01:00:00,0.0
2026-01-28 02:00:00,0.0
2026-01-28 03:00:00,0.0
2026-01-28 04:00:00,0.0
2026-01-28 05:00:00,0.0
2026-01-28 06:00:00,0.0
2026-01-28 07:00:00,0.0
2026-01-28 08:00:00,8.237102508350427
2026-01-28 09:00:00,63.06435472204255
2026-01-28 10:00:00,97.56398593909182
2026-01-28 11:00:00,131.97354099173322
2026-01-28 12:00:00,67.37458924459698
2026-01-28 13:00:00,36.77946404788941
2026-01-28 14:00:00,40.15532456838271
2026-01-28 15:00:00,0.0
2026-01-28 16:00:00,0.0
2026-01-28 17:00:00,0.0
2026-01-28 18:00:00,0.0
2026-01-28 19:00:00,0.0
2026-01-28 20:00:00,0.0
2026-01-28 21:00:00,0.0
2026-01-28 22:00:00,0.0
2026-01-28 23:00:00,0.0
2026-01-29 00:00:00,0.0
2026-01-29 01:00:00,0.0
2026-01-29 02:00:00,0.0
2026-01-29 03:00:00,0.0
2026-01-29 04:00:00,0.0
2026-01-29 05:00:00,0.0
2026-01-29 06:00:00,0.0
2026-01-29 07:00:00,0.0
2026-01-29 08:00:00,12.05537832211375
2026-01-29 09:00:00,43.822396524186736
2026-01-29 10:00:00,49.316755983510156
2026-01-29 11:00:00,160.0392304407297
2026-01-29 12:00:00,94.84806385247161
2026-01-29 13:00:00,55.33897229461793
2026-01-29 14:00:00,22.30616600811813
2026-01-29 15:00:00,0.0
2026-01-29 16:00:00,0.0
2026-01-29 17:00:00,0.0
2026-01-29 18:00:00,0.0
2026-01-29 19:00:00,0.0
2026-01-29 20:00:00,0.0
2026-01-29 21:00:00,0.0
2026-01-29 22:00:00,0.0
2026-01-29 23:00:00,0.0
2026-01-30 00:00:00,0.0
2026-01-30 01:00:00,0.0
2026-01-30 02:00:00,0.0
2026-01-30 03:00:00,0.0
2026-01-30 04:00:00,0.0
2026-01-30 05:00:00,0.0
2026-01-30 06:00:00,0.0
2026-01-30 07:00:00,0.0
2026-01-30 08:00:00,17.376461607566636
2026-01-30 09:00:00,45.36069186380307
2026-01-30 10:00:00,68.60933582840664
2026-01-30 11:00:00,71.77667487245412
2026-01-30 12:00:00,101.75651612551447
2026-01-30 13:00:00,61.33702740154052
2026-01-30 14:00:00,22.7770122341366
2026-01-30 15:00:00,0.0
2026-01-30 16:00:00,0.0
2026-01-30 17:00:00,0.0
2026-01-30 18:00:00,0.0
2026-01-30 19:00:00,0.0
2026-01-30 20:00:00,0.0
2026-01-30 21:00:00,0.0
2026-01-30 22:00:00,0.0
2026-01-30 23:00:00,0.0
2026-01-31 00:00:00,0.0
2026-01-31 01:00:00,0.0
2026-01-31 02:00:00,0.0
2026-01-31 03:00:00,0.0
2026-01-31 04:00:00,0.0
2026-01-31 05:00:00,0.0
2026-01-31 06:00:00,0.0
2026-01-31 07:00:00,0.0
2026-01-31 08:00:00,24.539426452645213
2026-01-31 09:00:00,120.70065034303185
2026-01-31 10:00:00,175.42841942071286
2026-01-31 11:00:00,178.86191938380105
2026-01-31 12:00:00,164.0787456800404
2026-01-31 13:00:00,70.11320347961875
2026-01-31 14:00:00,26.805702269182845
2026-01-31 15:00:00,0.0
2026-01-31 16:00:00,0.0
2026-01-31 17:00:00,0.0
2026-01-31 18:00:00,0.0
2026-01-31 19:00:00,0.0
2026-01-31 20:00:00,0.0
2026-01-31 21:00:00,0.0
2026-01-31 22:00:00,0.0
2026-01-31 23:00:00,0.0
2026-02-01 00:00:00,0.0
2026-02-01 01:00:00,0.0
2026-02-01 02:00:00,0.0
2026-02-01 03:00:00,0.0
2026-02-01 04:00:00,0.0
2026-02-01 05:00:00,0.0
2026-02-01 06:00:00,0.0
2026-02-01 07:00:00,0.0
2026-02-01 08:00:00,11.986707238743117
2026-02-01 09:00:00,37.729326845649815
2026-02-01 10:00:00,67.03308404535863
2026-02-01 11:00:00,61.35040633998576
2026-02-01 12:00:00,81.60951536913694
2026-02-01 13:00:00,39.89416320822201
2026-02-01 14:00:00,19.4395326086102
2026-02-01 15:00:00,0.0
2026-02-01 16:00:00,0.0
2026-02-01 17:00:00,0.0
2026-02-01 18:00:00,0.0
2026-02-01 19:00:00,0.0
2026-02-01 20:00:00,0.0
2026-02-01 21:00:00,0.0
2026-02-01 22:00:00,0.0
2026-02-01 23:00:00,0.0
2026-02-02 00:00:00,0.0
2026-02-02 01:00:00,0.0
2026-02-02 02:00:00,0.0
2026-02-02 03:00:00,0.0
2026-02-02 04:00:00,0.0
2026-02-02 05:00:00,0.0
2026-02-02 06:00:00,0.0
2026-02-02 07:00:00,0.0
2026-02-02 08:00:00,29.178036532425825
2026-02-02 09:00:00,72.93084161580785
2026-02-02 10:00:00,100.10113117431632
2026-02-02 11:00:00,97.42407743386734
2026-02-02 12:00:00,56.327167829979366
2026-02-02 13:00:00,57.587983628206075
2026-02-02 14:00:00,19.69821972395479
2026-02-02 15:00:00,0.0
2026-02-02 16:00:00,0.0
2026-02-02 17:00:00,0.0
2026-02-02 18:00:00,0.0
2026-02-02 19:00:00,0.0
2026-02-02 20:00:00,0.0
2026-02-02 21:00:00,0.0
2026-02-02 22:00:00,0.0
2026-02-02 23:00:00,0.0
2026-02-03 00:00:00,0.0
2026-02-03 01:00:00,0.0
2026-02-03 02:00:00,0.0
2026-02-03 03:00:00,0.0
2026-02-03 04:00:00,0.0
2026-02-03 05:00:00,0.0
2026-02-03 06:00:00,0.0
2026-02-03 07:00:00,0.0
2026-02-03 08:00:00,29.169658380038236
2026-02-03 09:00:00,82.05966642830553
2026-02-03 10:00:00,149.45697074115395
2026-02-03 11:00:00,211.2869858810342
2026-02-03 12:00:00,172.69330385266943
2026-02-03 13:00:00,137.0687722774769
2026-02-03 14:00:00,64.49784327289724
2026-02-03 15:00:00,0.3878015172731905
2026-02-03 16:00:00,0.0
2026-02-03 17:00:00,0.0
2026-02-03 18:00:00,0.0
2026-02-03 19:00:00,0.0
2026-02-03 20:00:00,0.0
2026-02-03 21:00:00,0.0
2026-02-03 22:00:00,0.0
2026-02-03 23:00:00,0.0
2026-02-04 00:00:00,0.0
2026-02-04 01:00:00,0.0
2026-02-04 02:00:00,0.0
2026-02-04 03:00:00,0.0
2026-02-04 04:00:00,0.0
2026-02-04 05:00:00,0.0
2026-02-04 06:00:00,0.0
2026-02-04 07:00:00,0.0
2026-02-04 08:00:00,16.02926389602048
2026-02-04 09:00:00,41.01214048267306
2026-02-04 10:00:00,60.23361890521778
2026-02-04 11:00:00,77.32271324762088
2026-02-04 12:00:00,61.34498720277391
2026-02-04 13:00:00,51.82843517507299
2026-02-04 14:00:00,26.125126526434787
2026-02-04 15:00:00,0.0
2026-02-04 16:00:00,0.0
2026-02-04 17:00:00,0.0
2026-02-04 18:00:00,0.0
2026-02-04 19:00:00,0.0
2026-02-04 20:00:00,0.0
2026-02-04 21:00:00,0.0
2026-02-04 22:00:00,0.0
2026-02-04 23:00:00,0.0
2026-02-05 00:00:00,0.0
2026-02-05 01:00:00,0.0
2026-02-05 02:00:00,0.0
2026-02-05 03:00:00,0.0
2026-02-05 04:00:00,0.0
2026-02-05 05:00:00,0.0
2026-02-05 06:00:00,0.0
2026-02-05 07:00:00,0.0
2026-02-05 08:00:00,16.675144702362328
2026-02-05 09:00:00,44.091508070110336
2026-02-05 10:00:00,63.226172912301564
2026-02-05 11:00:00,68.66288117721308
2026-02-05 12:00:00,105.8737985182809
2026-02-05 13:00:00,70.12194936255236
2026-02-05 14:00:00,26.975348282497347
2026-02-05 15:00:00,0.0
2026-02-05 16:00:00,0.0
2026-02-05 17:00:00,0.0
2026-02-05 18:00:00,0.0
2026-02-05 19:00:00,0.0
2026-02-05 20:00:00,0.0
2026-02-05 21:00:00,0.0
2026-02-05 22:00:00,0.0
2026-02-05 23:00:00,0.0
2026-02-06 00:00:00,0.0
2026-02-06 01:00:00,0.0
2026-02-06 02:00:00,0.0
2026-02-06 03:00:00,0.0
2026-02-06 04:00:00,0.0
2026-02-06 05:00:00,0.0
2026-02-06 06:00:00,0.0
2026-02-06 07:00:00,0.0
2026-02-06 08:00:00,17.47024912750624
2026-02-06 09:00:00,42.05247590831623
2026-02-06 10:00:00,64.77334567992143
2026-02-06 11:00:00,68.7524200022902
2026-02-06 12:00:00,61.17501353412357
2026-02-06 13:00:00,46.51871490060978
2026-02-06 14:00:00,22.254698974726626
2026-02-06 15:00:00,0.0
2026-02-06 16:00:00,0.0
2026-02-06 17:00:00,0.0
2026-02-06 18:00:00,0.0
2026-02-06 19:00:00,0.0
2026-02-06 20:00:00,0.0
2026-02-06 21:00:00,0.0
2026-02-06 22:00:00,0.0
2026-02-06 23:00:00,0.0
2026-02-07 00:00:00,0.0
2026-02-07 01:00:00,0.0
2026-02-07 02:00:00,0.0
2026-02-07 03:00:00,0.0
2026-02-07 04:00:00,0.0
2026-02-07 05:00:00,0.0
2026-02-07 06:00:00,0.0
2026-02-07 07:00:00,1.5538912407312382
2026-02-07 08:00:00,55.32888414563333
2026-02-07 09:00:00,126.46766444677883
2026-02-07 10:00:00,143.73513696759304
2026-02-07 11:00:00,198.88450711914376
2026-02-07 12:00:00,203.28618361383397
2026-02-07 13:00:00,96.62166135669044
2026-02-07 14:00:00,73.69551406496254
2026-02-07 15:00:00,4.5959175216064265
2026-02-07 16:00:00,0.0
2026-02-07 17:00:00,0.0
2026-02-07 18:00:00,0.0
2026-02-07 19:00:00,0.0
2026-02-07 20:00:00,0.0
2026-02-07 21:00:00,0.0
2026-02-07 22:00:00,0.0
2026-02-07 23:00:00,0.0
2026-02-08 00:00:00,0.0
2026-02-08 01:00:00,0.0
2026-02-08 02:00:00,0.0
2026-02-08 03:00:00,0.0
2026-02-08 04:00:00,0.0
2026-02-08 05:00:00,0.0
2026-02-08 06:00:00,0.0
2026-02-08 07:00:00,0.7614921169316714
2026-02-08 08:00:00,22.08406507977047
2026-02-08 09:00:00,48.371458243618434
2026-02-08 10:00:00,67.03467697421085
2026-02-08 11:00:00,75.03661984539164
2026-02-08 12:00:00,132.86834405739828
2026-02-08 13:00:00,53.405546010713756
2026-02-08 14:00:00,24.17726823562588
2026-02-08 15:00:00,1.1120486363511433
2026-02-08 16:00:00,0.0
2026-02-08 17:00:00,0.0
2026-02-08 18:00:00,0.0
2026-02-08 19:00:00,0.0
2026-02-08 20:00:00,0.0
2026-02-08 21:00:00,0.0
2026-02-08 22:00:00,0.0
2026-02-08 23:00:00,0.0
2026-02-09 00:00:00,0.0
2026-02-09 01:00:00,0.0
2026-02-09 02:00:00,0.0
2026-02-09 03:00:00,0.0
2026-02-09 04:00:00,0.0
2026-02-09 05:00:00,0.0
2026-02-09 06:00:00,0.0
2026-02-09 07:00:00,1.5493095277156272
2026-02-09 08:00:00,23.833183594313443
2026-02-09 09:00:00,61.14689115151134
2026-02-09 10:00:00,69.3155217889042
2026-02-09 11:00:00,77.23419569125753
2026-02-09 12:00:00,72.12681808440495
2026-02-09 13:00:00,52.71393134622738
2026-02-09 14:00:00,26.350088377430016
2026-02-09 15:00:00,1.539892450761645
2026-02-09 16:00:00,0.0
2026-02-09 17:00:00,0.0
2026-02-09 18:00:00,0.0
2026-02-09 19:00:00,0.0
2026-02-09 20:00:00,0.0
2026-02-09 21:00:00,0.0
2026-02-09 22:00:00,0.0
2026-02-09 23:00:00,0.0
2026-02-10 00:00:00,0.0
2026-02-10 01:00:00,0.0
2026-02-10 02:00:00,0.0
2026-02-10 03:00:00,0.0
2026-02-10 04:00:00,0.0
2026-02-10 05:00:00,0.0
2026-02-10 06:00:00,0.0
2026-02-10 07:00:00,1.120492078760083
2026-02-10 08:00:00,29.210654240495405
2026-02-10 09:00:00,50.61923895397225
2026-02-10 10:00:00,158.3564428085954
2026-02-10 11:00:00,94.71649888937807
2026-02-10 12:00:00,68.38265888886804
2026-02-10 13:00:00,51.715321284612386
2026-02-10 14:00:00,69.46209195269134
2026-02-10 15:00:00,5.701150170116077
2026-02-10 16:00:00,0.0
2026-02-10 17:00:00,0.0
2026-02-10 18:00:00,0.0
2026-02-10 19:00:00,0.0
2026-02-10 20:00:00,0.0
2026-02-10 21:00:00,0.0
2026-02-10 22:00:00,0.0
2026-02-10 23:00:00,0.0
2026-02-11 00:00:00,0.0
2026-02-11 01:00:00,0.0
2026-02-11 02:00:00,0.0
2026-02-11 03:00:00,0.0
2026-02-11 04:00:00,0.0
2026-02-11 05:00:00,0.0
2026-02-11 06:00:00,0.0
2026-02-11 07:00:00,1.120492078760083
2026-02-11 08:00:00,23.872266280084787
2026-02-11 09:00:00,56.19943109813746
2026-02-11 10:00:00,68.53676486880676
2026-02-11 11:00:00,79.16883581212055
2026-02-11 12:00:00,71.52964564791277
2026-02-11 13:00:00,68.09859007464847
2026-02-11 14:00:00,31.572451237436976
2026-02-11 15:00:00,2.483403437432522
2026-02-11 16:00:00,0.0
2026-02-11 17:00:00,0.0
2026-02-11 18:00:00,0.0
2026-02-11 19:00:00,0.0
2026-02-11 20:00:00,0.0
2026-02-11 21:00:00,0.0
2026-02-11 22:00:00,0.0
2026-02-11 23:00:00,0.0
2026-02-12 00:00:00,0.0
2026-02-12 01:00:00,0.0
2026-02-12 02:00:00,0.0
2026-02-12 03:00:00,0.0
2026-02-12 04:00:00,0.0
2026-02-12 05:00:00,0.0
2026-02-12 06:00:00,0.0
2026-02-12 07:00:00,1.9763549239502896
2026-02-12 08:00:00,28.1908310160089
2026-02-12 09:00:00,88.73120452913197
2026-02-12 10:00:00,220.4994166048601
2026-02-12 11:00:00,172.55599811358414
2026-02-12 12:00:00,75.24686659049118
2026-02-12 13:00:00,57.19881640883764
2026-02-12 14:00:00,44.69240964168918
2026-02-12 15:00:00,3.679708427655345
2026-02-12 16:00:00,0.0
2026-02-12 17:00:00,0.0
2026-02-12 18:00:00,0.0
2026-02-12 19:00:00,0.0
2026-02-12 20:00:00,0.0
2026-02-12 21:00:00,0.0
2026-02-12 22:00:00,0.0
2026-02-12 23:00:00,0.0
2026-02-13 00:00:00,0.0
2026-02-13 01:00:00,0.0
2026-02-13 02:00:00,0.0
2026-02-13 03:00:00,0.0
2026-02-13 04:00:00,0.0
2026-02-13 05:00:00,0.0
2026-02-13 06:00:00,0.0
2026-02-13 07:00:00,4.176027740008612
2026-02-13 08:00:00,81.24976666226057
2026-02-13 09:00:00,112.66947061786232
2026-02-13 10:00:00,93.89912610010943
2026-02-13 11:00:00,157.77758608695459
2026-02-13 12:00:00,112.48775431024383
2026-02-13 13:00:00,71.47223027623481
2026-02-13 14:00:00,34.67452986809721
2026-02-13 15:00:00,4.596473801379218
2026-02-13 16:00:00,0.0
2026-02-13 17:00:00,0.0
2026-02-13 18:00:00,0.0
2026-02-13 19:00:00,0.0
2026-02-13 20:00:00,0.0
2026-02-13 21:00:00,0.0
2026-02-13 22:00:00,0.0
2026-02-13 23:00:00,0.0
2026-02-14 00:00:00,0.0
2026-02-14 01:00:00,0.0
2026-02-14 02:00:00,0.0
2026-02-14 03:00:00,0.0
2026-02-14 04:00:00,0.0
2026-02-14 05:00:00,0.0
2026-02-14 06:00:00,0.0
2026-02-14 07:00:00,20.43516971619065
2026-02-14 08:00:00,111.78232105897833
2026-02-14 09:00:00,200.29392904086956
2026-02-14 10:00:00,258.36826450765335
2026-02-14 11:00:00,278.04098731714544
2026-02-14 12:00:00,262.5842614299897
2026-02-14 13:00:00,204.96678856189376
2026-02-14 14:00:00,119.6910502423479
2026-02-14 15:00:00,27.372785683820762
2026-02-14 16:00:00,0.0
2026-02-14 17:00:00,0.0
2026-02-14 18:00:00,0.0
2026-02-14 19:00:00,0.0
2026-02-14 20:00:00,0.0
2026-02-14 21:00:00,0.0
2026-02-14 22:00:00,0.0
2026-02-14 23:00:00,0.0
2026-02-15 00:00:00,0.0
2026-02-15 01:00:00,0.0
2026-02-15 02:00:00,0.0
2026-02-15 03:00:00,0.0
2026-02-15 04:00:00,0.0
2026-02-15 05:00:00,0.0
2026-02-15 06:00:00,0.0
2026-02-15 07:00:00,23.70578384245505
2026-02-15 08:00:00,114.37283444701421
2026-02-15 09:00:00,205.029700395489
2026-02-15 10:00:00,262.9260273524711
2026-02-15 11:00:00,277.84945139341426
2026-02-15 12:00:00,263.25237118933876
2026-02-15 13:00:00,187.04237557271335
2026-02-15 14:00:00,76.7548070307738
2026-02-15 15:00:00,22.6004721919699
2026-02-15 16:00:00,0.0
2026-02-15 17:00:00,0.0
2026-02-15 18:00:00,0.0
2026-02-15 19:00:00,0.0
2026-02-15 20:00:00,0.0
2026-02-15 21:00:00,0.0
2026-02-15 22:00:00,0.0
2026-02-15 23:00:00,0.0
2026-02-16 00:00:00,0.0
2026-02-16 01:00:00,0.0
2026-02-16 02:00:00,0.0
2026-02-16 03:00:00,0.0
2026-02-16 04:00:00,0.0
2026-02-16 05:00:00,0.0
2026-02-16 06:00:00,0.0
2026-02-16 07:00:00,24.26941104986973
2026-02-16 08:00:00,105.48749792143306
2026-02-16 09:00:00,187.06414281474363
2026-02-16 10:00:00,250.467375826499
2026-02-16 11:00:00,270.46946408580555
2026-02-16 12:00:00,237.67787486179617
2026-02-16 13:00:00,204.3691851678074
2026-02-16 14:00:00,104.86382249659877
2026-02-16 15:00:00,21.831690922068052
2026-02-16 16:00:00,0.0
2026-02-16 17:00:00,0.0
2026-02-16 18:00:00,0.0
2026-02-16 19:00:00,0.0
2026-02-16 20:00:00,0.0
2026-02-16 21:00:00,0.0
2026-02-16 22:00:00,0.0
2026-02-16 23:00:00,0.0
2026-02-17 00:00:00,0.0
2026-02-17 01:00:00,0.0
2026-02-17 02:00:00,0.0
2026-02-17 03:00:00,0.0
2026-02-17 04:00:00,0.0
2026-02-17 05:00:00,0.0
2026-02-17 06:00:00,0.0
2026-02-17 07:00:00,6.7329671453194075
2026-02-17 08:00:00,37.448139274428804
2026-02-17 09:00:00,65.99194137222682
2026-02-17 10:00:00,152.2799107086951
2026-02-17 11:00:00,271.2367888985664
2026-02-17 12:00:00,212.82647228075461
2026-02-17 13:00:00,164.78876581443794
2026-02-17 14:00:00,98.1846072820526
2026-02-17 15:00:00,26.512639669892373
2026-02-17 16:00:00,0.0
2026-02-17 17:00:00,0.0
2026-02-17 18:00:00,0.0
2026-02-17 19:00:00,0.0
2026-02-17 20:00:00,0.0
2026-02-17 21:00:00,0.0
2026-02-17 22:00:00,0.0
2026-02-17 23:00:00,0.0
2026-02-18 00:00:00,0.0
2026-02-18 01:00:00,0.0
2026-02-18 02:00:00,0.0
2026-02-18 03:00:00,0.0
2026-02-18 04:00:00,0.0
2026-02-18 05:00:00,0.0
2026-02-18 06:00:00,0.0
2026-02-18 07:00:00,26.0832762589726
2026-02-18 08:00:00,92.8134754369216
2026-02-18 09:00:00,109.22222493093489
2026-02-18 10:00:00,225.0303118348229
2026-02-18 11:00:00,156.79074489177904
2026-02-18 12:00:00,87.62780482045717
2026-02-18 13:00:00,190.8757568367877
2026-02-18 14:00:00,40.92680674924364
2026-02-18 15:00:00,11.112773103684612
2026-02-18 16:00:00,0.0
2026-02-18 17:00:00,0.0
2026-02-18 18:00:00,0.0
2026-02-18 19:00:00,0.0
2026-02-18 20:00:00,0.0
2026-02-18 21:00:00,0.0
2026-02-18 22:00:00,0.0
2026-02-18 23:00:00,0.0
2026-02-19 00:00:00,0.0
2026-02-19 01:00:00,0.0
2026-02-19 02:00:00,0.0
2026-02-19 03:00:00,0.0
2026-02-19 04:00:00,0.0
2026-02-19 05:00:00,0.0
2026-02-19 06:00:00,0.0
2026-02-19 07:00:00,35.365478140867005
2026-02-19 08:00:00,125.60255826266757
2026-02-19 09:00:00,74.30513141311442
2026-02-19 10:00:00,152.63386393611313
2026-02-19 11:00:00,273.1058220992854
2026-02-19 12:00:00,204.27089375697497
2026-02-19 13:00:00,72.14353108190615
2026-02-19 14:00:00,139.89880646496417
2026-02-19 15:00:00,45.33755928239336
2026-02-19 16:00:00,0.0
2026-02-19 17:00:00,0.0
2026-02-19 18:00:00,0.0
2026-02-19 19:00:00,0.0
2026-02-19 20:00:00,0.0
2026-02-19 21:00:00,0.0
2026-02-19 22:00:00,0.0
2026-02-19 23:00:00,0.0
2026-02-20 00:00:00,0.0
2026-02-20 01:00:00,0.0
2026-02-20 02:00:00,0.0
2026-02-20 03:00:00,0.0
2026-02-20 04:00:00,0.0
2026-02-20 05:00:00,0.0
2026-02-20 06:00:00,0.0
2026-02-20 07:00:00,42.85907152386573
2026-02-20 08:00:00,119.67241024717924
2026-02-20 09:00:00,213.75039895403052
2026-02-20 10:00:00,205.56878127548057
2026-02-20 11:00:00,223.15344642876028
2026-02-20 12:00:00,238.91754808217192
2026-02-20 13:00:00,181.3150605695215
2026-02-20 14:00:00,137.2790619261938
2026-02-20 15:00:00,28.510271201616444
2026-02-20 16:00:00,0.0
2026-02-20 17:00:00,0.0
2026-02-20 18:00:00,0.0
2026-02-20 19:00:00,0.0
2026-02-20 20:00:00,0.0
2026-02-20 21:00:00,0.0
2026-02-20 22:00:00,0.0
2026-02-20 23:00:00,0.0
2026-02-21 00:00:00,0.0
2026-02-21 01:00:00,0.0
2026-02-21 02:00:00,0.0
2026-02-21 03:00:00,0.0
2026-02-21 04:00:00,0.0
2026-02-21 05:00:00,0.0
2026-02-21 06:00:00,0.0
2026-02-21 07:00:00,10.58124650770489
2026-02-21 08:00:00,40.81499711605118
2026-02-21 09:00:00,71.87266219523055
2026-02-21 10:00:00,88.15220868113873
2026-02-21 11:00:00,96.91840714715944
2026-02-21 12:00:00,88.01936854137361
2026-02-21 13:00:00,69.8107928639921
2026-02-21 14:00:00,41.684982575591285
2026-02-21 15:00:00,11.968025022165422
2026-02-21 16:00:00,0.0
2026-02-21 17:00:00,0.0
2026-02-21 18:00:00,0.0
2026-02-21 19:00:00,0.0
2026-02-21 20:00:00,0.0
2026-02-21 21:00:00,0.0
2026-02-21 22:00:00,0.0
2026-02-21 23:00:00,0.0
2026-02-22 00:00:00,0.0
2026-02-22 01:00:00,0.0
2026-02-22 02:00:00,0.0
2026-02-22 03:00:00,0.0
2026-02-22 04:00:00,0.0
2026-02-22 05:00:00,0.0
2026-02-22 06:00:00,0.0
2026-02-22 07:00:00,55.345682642048246
2026-02-22 08:00:00,153.53703676516668
2026-02-22 09:00:00,250.9395229679894
2026-02-22 10:00:00,300.41227101824416
2026-02-22 11:00:00,318.88439025658954
2026-02-22 12:00:00,280.25161816129963
2026-02-22 13:00:00,239.64533286023118
2026-02-22 14:00:00,149.84767260950503
2026-02-22 15:00:00,47.67160777847907
2026-02-22 16:00:00,0.0
2026-02-22 17:00:00,0.0
2026-02-22 18:00:00,0.0
2026-02-22 19:00:00,0.0
2026-02-22 20:00:00,0.0
2026-02-22 21:00:00,0.0
2026-02-22 22:00:00,0.0
2026-02-22 23:00:00,0.0
2026-02-23 00:00:00,0.0
2026-02-23 01:00:00,0.0
2026-02-23 02:00:00,0.0
2026-02-23 03:00:00,0.0
2026-02-23 04:00:00,0.0
2026-02-23 05:00:00,0.0
2026-02-23 06:00:00,0.0
2026-02-23 07:00:00,13.369029346589262
2026-02-23 08:00:00,44.72178617749707
2026-02-23 09:00:00,88.43271562232927
2026-02-23 10:00:00,94.559493291624
2026-02-23 11:00:00,103.68988212554456
2026-02-23 12:00:00,96.53508780030961
2026-02-23 13:00:00,77.03067223455953
2026-02-23 14:00:00,48.44095740542599
2026-02-23 15:00:00,15.726762773896457
2026-02-23 16:00:00,0.0
2026-02-23 17:00:00,0.0
2026-02-23 18:00:00,0.0
2026-02-23 19:00:00,0.0
2026-02-23 20:00:00,0.0
2026-02-23 21:00:00,0.0
2026-02-23 22:00:00,0.0
2026-02-23 23:00:00,0.0
2026-02-24 00:00:00,0.0
2026-02-24 01:00:00,0.0
2026-02-24 02:00:00,0.0
2026-02-24 03:00:00,0.0
2026-02-24 04:00:00,0.0
2026-02-24 05:00:00,0.0
2026-02-24 06:00:00,0.0
2026-02-24 07:00:00,15.722972044051525
2026-02-24 08:00:00,49.38555602474365
2026-02-24 09:00:00,79.41723450745963
2026-02-24 10:00:00,98.68793333644416
2026-02-24 11:00:00,106.3624044714295
2026-02-24 12:00:00,98.71188020003954
2026-02-24 13:00:00,80.29291433248272
2026-02-24 14:00:00,52.038152984767166
2026-02-24 15:00:00,18.254828319732088
2026-02-24 16:00:00,0.0
2026-02-24 17:00:00,0.0
2026-02-24 18:00:00,0.0
2026-02-24 19:00:00,0.0
2026-02-24 20:00:00,0.0
2026-02-24 21:00:00,0.0
2026-02-24 22:00:00,0.0
2026-02-24 23:00:00,0.0
2026-02-25 00:00:00,0.0
2026-02-25 01:00:00,0.0
2026-02-25 02:00:00,0.0
2026-02-25 03:00:00,0.0
2026-02-25 04:00:00,0.0
2026-02-25 05:00:00,0.0
2026-02-25 06:00:00,0.0
2026-02-25 07:00:00,34.28989136848539
2026-02-25 08:00:00,52.35143163919523
2026-02-25 09:00:00,83.38851751656122
2026-02-25 10:00:00,111.67977918811286
2026-02-25 11:00:00,104.82753232047878
2026-02-25 12:00:00,97.89062820439544
2026-02-25 13:00:00,78.65599064373409
2026-02-25 14:00:00,48.59049517662228
2026-02-25 15:00:00,16.3194114099074
2026-02-25 16:00:00,0.0
2026-02-25 17:00:00,0.0
2026-02-25 18:00:00,0.0
2026-02-25 19:00:00,0.0
2026-02-25 20:00:00,0.0
2026-02-25 21:00:00,0.0
2026-02-25 22:00:00,0.0
2026-02-25 23:00:00,0.0
2026-02-26 00:00:00,0.0
2026-02-26 01:00:00,0.0
2026-02-26 02:00:00,0.0
2026-02-26 03:00:00,0.0
2026-02-26 04:00:00,0.0
2026-02-26 05:00:00,0.0
2026-02-26 06:00:00,0.0
2026-02-26 07:00:00,0.0
2026-02-26 08:00:00,0.0
2026-02-26 09:00:00,0.0
2026-02-26 10:00:00,0.0
2026-02-26 11:00:00,0.0
2026-02-26 12:00:00,0.0
2026-02-26 13:00:00,0.0
2026-02-26 14:00:00,0.0
2026-02-26 15:00:00,0.0
2026-02-26 16:00:00,0.0
2026-02-26 17:00:00,0.0
2026-02-26 18:00:00,0.0
2026-02-26 19:00:00,0.0
2026-02-26 20:00:00,0.0
2026-02-26 21:00:00,0.0
2026-02-26 22:00:00,0.0
2026-02-26 23:00:00,0.0
2026-02-27 00:00:00,0.0
2026-02-27 01:00:00,0.0
2026-02-27 02:00:00,0.0
2026-02-27 03:00:00,0.0
2026-02-27 04:00:00,0.0
2026-02-27 05:00:00,0.0
2026-02-27 06:00:00,0.0
2026-02-27 07:00:00,0.0
2026-02-27 08:00:00,0.0
2026-02-27 09:00:00,0.0
2026-02-27 10:00:00,0.0
2026-02-27 11:00:00,0.0
2026-02-27 12:00:00,0.0
2026-02-27 13:00:00,0.0
2026-02-27 14:00:00,0.0
2026-02-27 15:00:00,0.0
2026-02-27 16:00:00,0.0
2026-02-27 17:00:00,0.0
2026-02-27 18:00:00,0.0
2026-02-27 19:00:00,0.0
2026-02-27 20:00:00,0.0
2026-02-27 21:00:00,0.0
2026-02-27 22:00:00,0.0
2026-02-27 23:00:00,0.0
2026-02-28 00:00:00,0.0
2026-02-28 01:00:00,0.0
2026-02-28 02:00:00,0.0
2026-02-28 03:00:00,0.0
2026-02-28 04:00:00,0.0
2026-02-28 05:00:00,0.0
2026-02-28 06:00:00,0.0
2026-02-28 07:00:00,0.0
2026-02-28 08:00:00,0.0
2026-02-28 09:00:00,0.0
2026-02-28 10:00:00,0.0
2026-02-28 11:00:00,0.0
2026-02-28 12:00:00,0.0
2026-02-28 13:00:00,0.0
2026-02-28 14:00:00,0.0
2026-02-28 15:00:00,0.0
2026-02-28 16:00:00,0.0
2026-02-28 17:00:00,0.0
2026-02-28 18:00:00,0.0
2026-02-28 19:00:00,0.0
2026-02-28 20:00:00,0.0
2026-02-28 21:00:00,0.0
2026-02-28 22:00:00,0.0
2026-02-28 23:00:00,0.0
2026-03-01 00:00:00,0.0
2026-03-01 01:00:00,0.0
2026-03-01 02:00:00,0.0
2026-03-01 03:00:00,0.0
2026-03-01 04:00:00,0.0
2026-03-01 05:00:00,0.0
2026-03-01 06:00:00,0.0
2026-03-01 07:00:00,20.295774299298493
2026-03-01 08:00:00,54.45445896414743
2026-03-01 09:00:00,91.21543674450633
2026-03-01 10:00:00,106.82726845588365
2026-03-01 11:00:00,111.30273383249718
2026-03-01 12:00:00,111.23550006334207
2026-03-01 13:00:00,86.97033013047381
2026-03-01 14:00:00,57.01487441307622
2026-03-01 15:00:00,22.171321187186997
2026-03-01 16:00:00,0.0
2026-03-01 17:00:00,0.0
2026-03-01 18:00:00,0.0
2026-03-01 19:00:00,0.0
2026-03-01 20:00:00,0.0
2026-03-01 21:00:00,0.0
2026-03-01 22:00:00,0.0
2026-03-01 23:00:00,0.0
2026-03-02 00:00:00,0.0
2026-03-02 01:00:00,0.0
2026-03-02 02:00:00,0.0
2026-03-02 03:00:00,0.0
2026-03-02 04:00:00,0.0
2026-03-02 05:00:00,0.0
2026-03-02 06:00:00,4.580249478062699
2026-03-02 07:00:00,94.81348845066682
2026-03-02 08:00:00,198.65688478460135
2026-03-02 09:00:00,283.97917803046664
2026-03-02 10:00:00,342.39289333513227
2026-03-02 11:00:00,361.88795936520785
2026-03-02 12:00:00,339.97099948568797
2026-03-02 13:00:00,285.72114307583524
2026-03-02 14:00:00,196.05361880304437
2026-03-02 15:00:00,85.67773673159118
2026-03-02 16:00:00,5.156008688197789
2026-03-02 17:00:00,0.0
2026-03-02 18:00:00,0.0
2026-03-02 19:00:00,0.0
2026-03-02 20:00:00,0.0
2026-03-02 21:00:00,0.0
2026-03-02 22:00:00,0.0
2026-03-02 23:00:00,0.0
2026-03-03 00:00:00,0.0
2026-03-03 01:00:00,0.0
2026-03-03 02:00:00,0.0
2026-03-03 03:00:00,0.0
2026-03-03 04:00:00,0.0
2026-03-03 05:00:00,0.0
2026-03-03 06:00:00,0.0
2026-03-03 07:00:00,23.36219378833958
2026-03-03 08:00:00,161.94366107855612
2026-03-03 09:00:00,273.32653895207545
2026-03-03 10:00:00,296.3573535860988
2026-03-03 11:00:00,345.17449024951554
2026-03-03 12:00:00,288.5118155923352
2026-03-03 13:00:00,226.11199460361516
2026-03-03 14:00:00,78.29478758998398
2026-03-03 15:00:00,54.953011107300284
2026-03-03 16:00:00,7.428698717005354
2026-03-03 17:00:00,0.0
2026-03-03 18:00:00,0.0
2026-03-03 19:00:00,0.0
2026-03-03 20:00:00,0.0
2026-03-03 21:00:00,0.0
2026-03-03 22:00:00,0.0
2026-03-03 23:00:00,0.0
2026-03-04 00:00:00,0.0
2026-03-04 01:00:00,0.0
2026-03-04 02:00:00,0.0
2026-03-04 03:00:00,0.0
2026-03-04 04:00:00,0.0
2026-03-04 05:00:00,0.0
2026-03-04 06:00:00,9.877536444809461
2026-03-04 07:00:00,106.57341784797023
2026-03-04 08:00:00,211.50322571661474
2026-03-04 09:00:00,303.5029573250698
2026-03-04 10:00:00,357.53136451143513
2026-03-04 11:00:00,371.46230162731916
2026-03-04 12:00:00,355.74086354225824
2026-03-04 13:00:00,297.7759236174562
2026-03-04 14:00:00,210.27124189560217
2026-03-04 15:00:00,104.24124937502023
2026-03-04 16:00:00,10.025014348177931
2026-03-04 17:00:00,0.0
2026-03-04 18:00:00,0.0
2026-03-04 19:00:00,0.0
2026-03-04 20:00:00,0.0
2026-03-04 21:00:00,0.0
2026-03-04 22:00:00,0.0
2026-03-04 23:00:00,0.0
2026-03-05 00:00:00,0.0
2026-03-05 01:00:00,0.0
2026-03-05 02:00:00,0.0
2026-03-05 03:00:00,0.0
2026-03-05 04:00:00,0.0
2026-03-05 05:00:00,0.0
2026-03-05 06:00:00,11.852355797262083
2026-03-05 07:00:00,107.8650033383861
2026-03-05 08:00:00,211.3022803386591
2026-03-05 09:00:00,295.7727472824823
2026-03-05 10:00:00,347.4285254426816
2026-03-05 11:00:00,357.67313988595515
2026-03-05 12:00:00,338.5972566730463
2026-03-05 13:00:00,292.7883802956743
2026-03-05 14:00:00,197.22286061743822
2026-03-05 15:00:00,77.51210784658001
2026-03-05 16:00:00,6.583803887340362
2026-03-05 17:00:00,0.0
2026-03-05 18:00:00,0.0
2026-03-05 19:00:00,0.0
2026-03-05 20:00:00,0.0
2026-03-05 21:00:00,0.0
2026-03-05 22:00:00,0.0
2026-03-05 23:00:00,0.0
2026-03-06 00:00:00,0.0
2026-03-06 01:00:00,0.0
2026-03-06 02:00:00,0.0
2026-03-06 03:00:00,0.0
2026-03-06 04:00:00,0.0
2026-03-06 05:00:00,0.0
2026-03-06 06:00:00,13.698345243823248
2026-03-06 07:00:00,107.88309394139037
2026-03-06 08:00:00,211.08623921278428
2026-03-06 09:00:00,301.9075799825853
2026-03-06 10:00:00,357.0596893872136
2026-03-06 11:00:00,372.133023957471
2026-03-06 12:00:00,355.7737569462135
2026-03-06 13:00:00,298.63670054213213
2026-03-06 14:00:00,210.70679817999417
2026-03-06 15:00:00,105.91754720652955
2026-03-06 16:00:00,13.57267982031178
2026-03-06 17:00:00,0.0
2026-03-06 18:00:00,0.0
2026-03-06 19:00:00,0.0
2026-03-06 20:00:00,0.0
2026-03-06 21:00:00,0.0
2026-03-06 22:00:00,0.0
2026-03-06 23:00:00,0.0
2026-03-07 00:00:00,0.0
2026-03-07 01:00:00,0.0
2026-03-07 02:00:00,0.0
2026-03-07 03:00:00,0.0
2026-03-07 04:00:00,0.0
2026-03-07 05:00:00,0.0
2026-03-07 06:00:00,1.5365784653038055
2026-03-07 07:00:00,24.604447073276148
2026-03-07 08:00:00,60.358987100688395
2026-03-07 09:00:00,210.3956224182902
2026-03-07 10:00:00,104.48514991241507
2026-03-07 11:00:00,130.51247036582083
2026-03-07 12:00:00,107.92026082400226
2026-03-07 13:00:00,149.2799204884986
2026-03-07 14:00:00,61.14707191308114
2026-03-07 15:00:00,28.077332860996258
2026-03-07 16:00:00,1.9294014499742882
2026-03-07 17:00:00,0.0
2026-03-07 18:00:00,0.0
2026-03-07 19:00:00,0.0
2026-03-07 20:00:00,0.0
2026-03-07 21:00:00,0.0
2026-03-07 22:00:00,0.0
2026-03-07 23:00:00,0.0
2026-03-08 00:00:00,0.0
2026-03-08 01:00:00,0.0
2026-03-08 02:00:00,0.0
2026-03-08 03:00:00,0.0
2026-03-08 04:00:00,0.0
2026-03-08 05:00:00,0.0
2026-03-08 06:00:00,20.139752651655638
2026-03-08 07:00:00,116.901503632438
2026-03-08 08:00:00,219.95707066593775
2026-03-08 09:00:00,309.09186989240646
2026-03-08 10:00:00,358.3442183552493
2026-03-08 11:00:00,370.5596407753994
2026-03-08 12:00:00,354.3125618964732
2026-03-08 13:00:00,291.62802747695713
2026-03-08 14:00:00,206.1411017297722
2026-03-08 15:00:00,105.27677344412763
2026-03-08 16:00:00,16.448773437882178
2026-03-08 17:00:00,0.0
2026-03-08 18:00:00,0.0
2026-03-08 19:00:00,0.0
2026-03-08 20:00:00,0.0
2026-03-08 21:00:00,0.0
2026-03-08 22:00:00,0.0
2026-03-08 23:00:00,0.0
2026-03-09 00:00:00,0.0
2026-03-09 01:00:00,0.0
2026-03-09 02:00:00,0.0
2026-03-09 03:00:00,0.0
2026-03-09 04:00:00,0.0
2026-03-09 05:00:00,0.0
2026-03-09 06:00:00,4.000364493736664
2026-03-09 07:00:00,37.65363549094078
2026-03-09 08:00:00,71.62221416296815
2026-03-09 09:00:00,319.36849263617256
2026-03-09 10:00:00,373.1342584336728
2026-03-09 11:00:00,377.09765082174385
2026-03-09 12:00:00,370.57711581023324
2026-03-09 13:00:00,313.85283794635427
2026-03-09 14:00:00,232.20051988098686
2026-03-09 15:00:00,122.09138824937034
2026-03-09 16:00:00,18.76451139249486
2026-03-09 17:00:00,0.0
2026-03-09 18:00:00,0.0
2026-03-09 19:00:00,0.0
2026-03-09 20:00:00,0.0
2026-03-09 21:00:00,0.0
2026-03-09 22:00:00,0.0
2026-03-09 23:00:00,0.0
2026-03-10 00:00:00,0.0
2026-03-10 01:00:00,0.0
2026-03-10 02:00:00,0.0
2026-03-10 03:00:00,0.0
2026-03-10 04:00:00,0.0
2026-03-10 05:00:00,0.0
2026-03-10 06:00:00,24.546388945485457
2026-03-10 07:00:00,122.13157891225167
2026-03-10 08:00:00,230.26378228893964
2026-03-10 09:00:00,317.5597188058417
2026-03-10 10:00:00,369.4921482927641
2026-03-10 11:00:00,386.3986905824927
2026-03-10 12:00:00,366.7216670814096
2026-03-10 13:00:00,309.5022948900708
2026-03-10 14:00:00,218.42485551167968
2026-03-10 15:00:00,112.98044527926898
2026-03-10 16:00:00,21.003810706646227
2026-03-10 17:00:00,0.0
2026-03-10 18:00:00,0.0
2026-03-10 19:00:00,0.0
2026-03-10 20:00:00,0.0
2026-03-10 21:00:00,0.0
2026-03-10 22:00:00,0.0
2026-03-10 23:00:00,0.0
2026-03-11 00:00:00,0.0
2026-03-11 01:00:00,0.0
2026-03-11 02:00:00,0.0
2026-03-11 03:00:00,0.0
2026-03-11 04:00:00,0.0
2026-03-11 05:00:00,0.0
2026-03-11 06:00:00,5.6143652287160295
2026-03-11 07:00:00,34.90922599233293
2026-03-11 08:00:00,71.55113376438119
2026-03-11 09:00:00,144.65041850021092
2026-03-11 10:00:00,118.40284268609564
2026-03-11 11:00:00,128.6975555113372
2026-03-11 12:00:00,124.74896009122584
2026-03-11 13:00:00,102.17587217098824
2026-03-11 14:00:00,71.52403501785243
2026-03-11 15:00:00,35.62899884984976
2026-03-11 16:00:00,5.584967407910741
2026-03-11 17:00:00,0.0
2026-03-11 18:00:00,0.0
2026-03-11 19:00:00,0.0
2026-03-11 20:00:00,0.0
2026-03-11 21:00:00,0.0
2026-03-11 22:00:00,0.0
2026-03-11 23:00:00,0.0
2026-03-12 00:00:00,0.0
2026-03-12 01:00:00,0.0
2026-03-12 02:00:00,0.0
2026-03-12 03:00:00,0.0
2026-03-12 04:00:00,0.0
2026-03-12 05:00:00,0.0
2026-03-12 06:00:00,10.010239382589907
2026-03-12 07:00:00,75.92638429135823
2026-03-12 08:00:00,82.38183672760223
2026-03-12 09:00:00,170.3274612128978
2026-03-12 10:00:00,401.62176844258784
2026-03-12 11:00:00,411.74419370804793
2026-03-12 12:00:00,348.23755490069294
2026-03-12 13:00:00,301.3847059816642
2026-03-12 14:00:00,218.394034285137
2026-03-12 15:00:00,129.9618976101308
2026-03-12 16:00:00,25.55710528940953
2026-03-12 17:00:00,0.0
2026-03-12 18:00:00,0.0
2026-03-12 19:00:00,0.0
2026-03-12 20:00:00,0.0
2026-03-12 21:00:00,0.0
2026-03-12 22:00:00,0.0
2026-03-12 23:00:00,0.0
2026-03-13 00:00:00,0.0
2026-03-13 01:00:00,0.0
2026-03-13 02:00:00,0.0
2026-03-13 03:00:00,0.0
2026-03-13 04:00:00,0.0
2026-03-13 05:00:00,0.0
2026-03-13 06:00:00,25.844903707467246
2026-03-13 07:00:00,113.57534663090692
2026-03-13 08:00:00,172.80891789534792
2026-03-13 09:00:00,265.16904105436055
2026-03-13 10:00:00,253.46193492952762
2026-03-13 11:00:00,358.68456951510933
2026-03-13 12:00:00,344.85409732235144
2026-03-13 13:00:00,209.3983872557373
2026-03-13 14:00:00,169.3568734596996
2026-03-13 15:00:00,59.553512692424185
2026-03-13 16:00:00,7.063789289455491
2026-03-13 17:00:00,0.0
2026-03-13 18:00:00,0.0
2026-03-13 19:00:00,0.0
2026-03-13 20:00:00,0.0
2026-03-13 21:00:00,0.0
2026-03-13 22:00:00,0.0
2026-03-13 23:00:00,0.0
2026-03-14 00:00:00,0.0
2026-03-14 01:00:00,0.0
2026-03-14 02:00:00,0.0
2026-03-14 03:00:00,0.0
2026-03-14 04:00:00,0.0
2026-03-14 05:00:00,0.0
2026-03-14 06:00:00,11.073031292880062
2026-03-14 07:00:00,45.596506483656476
2026-03-14 08:00:00,82.0541671219944
2026-03-14 09:00:00,109.3495284795328
2026-03-14 10:00:00,128.1968476774979
2026-03-14 11:00:00,132.15665257228042
2026-03-14 12:00:00,128.1641932876963
2026-03-14 13:00:00,105.39029739472613
2026-03-14 14:00:00,77.51524426906494
2026-03-14 15:00:00,40.40342788953473
2026-03-14 16:00:00,8.69367612415024
2026-03-14 17:00:00,0.0
2026-03-14 18:00:00,0.0
2026-03-14 19:00:00,0.0
2026-03-14 20:00:00,0.0
2026-03-14 21:00:00,0.0
2026-03-14 22:00:00,0.0
2026-03-14 23:00:00,0.0
2026-03-15 00:00:00,0.0
2026-03-15 01:00:00,0.0
2026-03-15 02:00:00,0.0
2026-03-15 03:00:00,0.0
2026-03-15 04:00:00,0.0
2026-03-15 05:00:00,0.0
2026-03-15 06:00:00,11.796497336852033
2026-03-15 07:00:00,63.441298579326514
2026-03-15 08:00:00,82.81181186103122
2026-03-15 09:00:00,115.94831385149735
2026-03-15 10:00:00,132.1204515473133
2026-03-15 11:00:00,138.54491357950306
2026-03-15 12:00:00,163.6278388432335
2026-03-15 13:00:00,110.82476484264699
2026-03-15 14:00:00,82.20454666719002
2026-03-15 15:00:00,43.40196867695712
2026-03-15 16:00:00,10.604564630589202
2026-03-15 17:00:00,0.0
2026-03-15 18:00:00,0.0
2026-03-15 19:00:00,0.0
2026-03-15 20:00:00,0.0
2026-03-15 21:00:00,0.0
2026-03-15 22:00:00,0.0
2026-03-15 23:00:00,0.0
2026-03-16 00:00:00,0.0
2026-03-16 01:00:00,0.0
2026-03-16 02:00:00,0.0
2026-03-16 03:00:00,0.0
2026-03-16 04:00:00,0.0
2026-03-16 05:00:00,0.0
2026-03-16 06:00:00,59.30238285882546
2026-03-16 07:00:00,166.5748410918643
2026-03-16 08:00:00,247.24847485793626
2026-03-16 09:00:00,342.40449053192003
2026-03-16 10:00:00,339.0005809767092
2026-03-16 11:00:00,431.66107753715687
2026-03-16 12:00:00,382.3046108241496
2026-03-16 13:00:00,337.58912175909427
2026-03-16 14:00:00,86.00149445290245
2026-03-16 15:00:00,81.98957025402218
2026-03-16 16:00:00,11.690789530500503
2026-03-16 17:00:00,0.0
2026-03-16 18:00:00,0.0
2026-03-16 19:00:00,0.0
2026-03-16 20:00:00,0.0
2026-03-16 21:00:00,0.0
2026-03-16 22:00:00,0.0
2026-03-16 23:00:00,0.0
2026-03-17 00:00:00,0.0
2026-03-17 01:00:00,0.0
2026-03-17 02:00:00,0.0
2026-03-17 03:00:00,0.0
2026-03-17 04:00:00,0.0
2026-03-17 05:00:00,0.0
2026-03-17 06:00:00,16.05103552401975
2026-03-17 07:00:00,53.65767251900875
2026-03-17 08:00:00,93.58759295097107
2026-03-17 09:00:00,202.49673510258577
2026-03-17 10:00:00,266.38934375807844
2026-03-17 11:00:00,241.29656743042406
2026-03-17 12:00:00,383.8676610227507
2026-03-17 13:00:00,375.2278983218599
2026-03-17 14:00:00,279.9629760531527
2026-03-17 15:00:00,142.48439711761293
2026-03-17 16:00:00,47.869537466303306
2026-03-17 17:00:00,0.0
2026-03-17 18:00:00,0.0
2026-03-17 19:00:00,0.0
2026-03-17 20:00:00,0.0
2026-03-17 21:00:00,0.0
2026-03-17 22:00:00,0.0
2026-03-17 23:00:00,0.0
2026-03-18 00:00:00,0.0
2026-03-18 01:00:00,0.0
2026-03-18 02:00:00,0.0
2026-03-18 03:00:00,0.0
2026-03-18 04:00:00,0.0
2026-03-18 05:00:00,0.0
2026-03-18 06:00:00,53.092379079669634
2026-03-18 07:00:00,132.6553348573145
2026-03-18 08:00:00,273.51733854633227
2026-03-18 09:00:00,324.34735130748874
2026-03-18 10:00:00,419.7003306036922
2026-03-18 11:00:00,434.16438326896935
2026-03-18 12:00:00,413.3018310052747
2026-03-18 13:00:00,188.83572431810356
2026-03-18 14:00:00,90.17152723230222
2026-03-18 15:00:00,50.017394718029884
2026-03-18 16:00:00,22.32803827265294
2026-03-18 17:00:00,0.0
2026-03-18 18:00:00,0.0
2026-03-18 19:00:00,0.0
2026-03-18 20:00:00,0.0
2026-03-18 21:00:00,0.0
2026-03-18 22:00:00,0.0
2026-03-18 23:00:00,0.0
2026-03-19 00:00:00,0.0
2026-03-19 01:00:00,0.0
2026-03-19 02:00:00,0.0
2026-03-19 03:00:00,0.0
2026-03-19 04:00:00,0.0
2026-03-19 05:00:00,0.0
2026-03-19 06:00:00,15.970807821986536
2026-03-19 07:00:00,50.47804487358838
2026-03-19 08:00:00,86.24084243969224
2026-03-19 09:00:00,117.30851902015775
2026-03-19 10:00:00,137.94795729296823
2026-03-19 11:00:00,185.84204036602296
2026-03-19 12:00:00,244.44815448466161
2026-03-19 13:00:00,127.90116019360296
2026-03-19 14:00:00,274.9291674248675
2026-03-19 15:00:00,168.72922099476298
2026-03-19 16:00:00,57.775714096483085
2026-03-19 17:00:00,0.0
2026-03-19 18:00:00,0.0
2026-03-19 19:00:00,0.0
2026-03-19 20:00:00,0.0
2026-03-19 21:00:00,0.0
2026-03-19 22:00:00,0.0
2026-03-19 23:00:00,0.0
2026-03-20 00:00:00,0.0
2026-03-20 01:00:00,0.0
2026-03-20 02:00:00,0.0
2026-03-20 03:00:00,0.0
2026-03-20 04:00:00,0.0
2026-03-20 05:00:00,0.2927529816461476
2026-03-20 06:00:00,79.20179961000231
2026-03-20 07:00:00,193.975185455354
2026-03-20 08:00:00,297.21229259998336
2026-03-20 09:00:00,321.80568220688554
2026-03-20 10:00:00,190.00467473951332
2026-03-20 11:00:00,199.71503281199008
2026-03-20 12:00:00,337.1071168722119
2026-03-20 13:00:00,365.11113361652883
2026-03-20 14:00:00,255.8680281034549
2026-03-20 15:00:00,173.61807293642374
2026-03-20 16:00:00,59.83349662199592
2026-03-20 17:00:00,0.0
2026-03-20 18:00:00,0.0
2026-03-20 19:00:00,0.0
2026-03-20 20:00:00,0.0
2026-03-20 21:00:00,0.0
2026-03-20 22:00:00,0.0
2026-03-20 23:00:00,0.0
2026-03-21 00:00:00,0.0
2026-03-21 01:00:00,0.0
2026-03-21 02:00:00,0.0
2026-03-21 03:00:00,0.0
2026-03-21 04:00:00,0.0
2026-03-21 05:00:00,1.4332666022919105
2026-03-21 06:00:00,82.13973734077982
2026-03-21 07:00:00,199.8365074306419
2026-03-21 08:00:00,307.7789255295183
2026-03-21 09:00:00,396.33916006810927
2026-03-21 10:00:00,442.7875754458319
2026-03-21 11:00:00,458.63456104532946
2026-03-21 12:00:00,435.9548723440376
2026-03-21 13:00:00,367.56304284042074
2026-03-21 14:00:00,216.93755920769638
2026-03-21 15:00:00,157.36447574518243
2026-03-21 16:00:00,56.246149937933225
2026-03-21 17:00:00,0.0
2026-03-21 18:00:00,0.0
2026-03-21 19:00:00,0.0
2026-03-21 20:00:00,0.0
2026-03-21 21:00:00,0.0
2026-03-21 22:00:00,0.0
2026-03-21 23:00:00,0.0
2026-03-22 00:00:00,0.0
2026-03-22 01:00:00,0.0
2026-03-22 02:00:00,0.0
2026-03-22 03:00:00,0.0
2026-03-22 04:00:00,0.0
2026-03-22 05:00:00,2.550265377540271
2026-03-22 06:00:00,81.68435225964738
2026-03-22 07:00:00,199.8468026905369
2026-03-22 08:00:00,308.4965655488559
2026-03-22 09:00:00,369.2121570613164
2026-03-22 10:00:00,427.24765908499853
2026-03-22 11:00:00,463.55634391400304
2026-03-22 12:00:00,454.3967202053599
2026-03-22 13:00:00,395.6416937994498
2026-03-22 14:00:00,270.09719136877874
2026-03-22 15:00:00,151.74518159529524
2026-03-22 16:00:00,70.15415146233198
2026-03-22 17:00:00,0.0
2026-03-22 18:00:00,0.0
2026-03-22 19:00:00,0.0
2026-03-22 20:00:00,0.0
2026-03-22 21:00:00,0.0
2026-03-22 22:00:00,0.0
2026-03-22 23:00:00,0.0
2026-03-23 00:00:00,0.0
2026-03-23 01:00:00,0.0
2026-03-23 02:00:00,0.0
2026-03-23 03:00:00,0.0
2026-03-23 04:00:00,0.0
2026-03-23 05:00:00,4.962489088440412
2026-03-23 06:00:00,61.87591806669976
2026-03-23 07:00:00,173.46806102267584
2026-03-23 08:00:00,228.6642045212372
2026-03-23 09:00:00,134.19014341390638
2026-03-23 10:00:00,157.3084932980959
2026-03-23 11:00:00,155.35027730014986
2026-03-23 12:00:00,149.2881261856258
2026-03-23 13:00:00,382.0587740303837
2026-03-23 14:00:00,303.8912583687806
2026-03-23 15:00:00,192.00771760448453
2026-03-23 16:00:00,73.38784563388715
2026-03-23 17:00:00,0.270245581101398
2026-03-23 18:00:00,0.0
2026-03-23 19:00:00,0.0
2026-03-23 20:00:00,0.0
2026-03-23 21:00:00,0.0
2026-03-23 22:00:00,0.0
2026-03-23 23:00:00,0.0
2026-03-24 00:00:00,0.0
2026-03-24 01:00:00,0.0
2026-03-24 02:00:00,0.0
2026-03-24 03:00:00,0.0
2026-03-24 04:00:00,0.0
2026-03-24 05:00:00,5.984039423550807
2026-03-24 06:00:00,89.880437329242
2026-03-24 07:00:00,197.13567273013146
2026-03-24 08:00:00,221.3031541728193
2026-03-24 09:00:00,196.81158856249644
2026-03-24 10:00:00,188.39162588770589
2026-03-24 11:00:00,154.0248811954561
2026-03-24 12:00:00,144.8755213999305
2026-03-24 13:00:00,207.89319929507968
2026-03-24 14:00:00,93.50241464897786
2026-03-24 15:00:00,54.75814794303099
2026-03-24 16:00:00,19.141488594283718
2026-03-24 17:00:00,0.0
2026-03-24 18:00:00,0.0
2026-03-24 19:00:00,0.0
2026-03-24 20:00:00,0.0
2026-03-24 21:00:00,0.0
2026-03-24 22:00:00,0.0
2026-03-24 23:00:00,0.0
2026-03-25 00:00:00,0.0
2026-03-25 01:00:00,0.0
2026-03-25 02:00:00,0.0
2026-03-25 03:00:00,0.0
2026-03-25 04:00:00,0.0
2026-03-25 05:00:00,0.5085424299041034
2026-03-25 06:00:00,23.393795913934138
2026-03-25 07:00:00,83.99766184526081
2026-03-25 08:00:00,194.35100008107347
2026-03-25 09:00:00,138.78975141746923
2026-03-25 10:00:00,147.98583170732755
2026-03-25 11:00:00,156.36912513202608
2026-03-25 12:00:00,150.00073794302256
2026-03-25 13:00:00,131.76660358832117
2026-03-25 14:00:00,102.70375242274469
2026-03-25 15:00:00,72.153875290414
2026-03-25 16:00:00,55.07236695327845
2026-03-25 17:00:00,0.0
2026-03-25 18:00:00,0.0
2026-03-25 19:00:00,0.0
2026-03-25 20:00:00,0.0
2026-03-25 21:00:00,0.0
2026-03-25 22:00:00,0.0
2026-03-25 23:00:00,0.0
2026-03-26 00:00:00,0.0
2026-03-26 01:00:00,0.0
2026-03-26 02:00:00,0.0
2026-03-26 03:00:00,0.0
2026-03-26 04:00:00,0.0
2026-03-26 05:00:00,1.755788106015038
2026-03-26 06:00:00,34.431999328722576
2026-03-26 07:00:00,79.80492875236872
2026-03-26 08:00:00,153.17648480047401
2026-03-26 09:00:00,164.63849761897762
2026-03-26 10:00:00,164.3292229373244
2026-03-26 11:00:00,244.54067790560347
2026-03-26 12:00:00,218.94493171225562
2026-03-26 13:00:00,181.52775975422
2026-03-26 14:00:00,163.96499073374338
2026-03-26 15:00:00,78.2442436231556
2026-03-26 16:00:00,25.10837974760129
2026-03-26 17:00:00,3.2255008572000072
2026-03-26 18:00:00,0.0
2026-03-26 19:00:00,0.0
2026-03-26 20:00:00,0.0
2026-03-26 21:00:00,0.0
2026-03-26 22:00:00,0.0
2026-03-26 23:00:00,0.0
2026-03-27 00:00:00,0.0
2026-03-27 01:00:00,0.0
2026-03-27 02:00:00,0.0
2026-03-27 03:00:00,0.0
2026-03-27 04:00:00,0.0
2026-03-27 05:00:00,19.386739801569345
2026-03-27 06:00:00,124.67389951229408
2026-03-27 07:00:00,256.32691262479983
2026-03-27 08:00:00,370.2441205178933
2026-03-27 09:00:00,454.28465875195445
2026-03-27 10:00:00,500.3845820032248
2026-03-27 11:00:00,509.91296708545366
2026-03-27 12:00:00,486.8956816655207
2026-03-27 13:00:00,434.04187208554384
2026-03-27 14:00:00,335.67686329344855
2026-03-27 15:00:00,211.11514395743765
2026-03-27 16:00:00,85.36897060287225
2026-03-27 17:00:00,5.182441919302075
2026-03-27 18:00:00,0.0
2026-03-27 19:00:00,0.0
2026-03-27 20:00:00,0.0
2026-03-27 21:00:00,0.0
2026-03-27 22:00:00,0.0
2026-03-27 23:00:00,0.0
2026-03-28 00:00:00,0.0
2026-03-28 01:00:00,0.0
2026-03-28 02:00:00,0.0
2026-03-28 03:00:00,0.0
2026-03-28 04:00:00,0.0
2026-03-28 05:00:00,19.373254774189945
2026-03-28 06:00:00,57.351378568978724
2026-03-28 07:00:00,112.18026772102353
2026-03-28 08:00:00,111.31731273947467
2026-03-28 09:00:00,145.67969510553135
2026-03-28 10:00:00,164.58719055208695
2026-03-28 11:00:00,170.3066572261457
2026-03-28 12:00:00,163.12140179621474
2026-03-28 13:00:00,139.33690426553855
2026-03-28 14:00:00,103.761798652945
2026-03-28 15:00:00,64.36905228666414
2026-03-28 16:00:00,26.231839452991476
2026-03-28 17:00:00,0.13128342686205677
2026-03-28 18:00:00,0.0
2026-03-28 19:00:00,0.0
2026-03-28 20:00:00,0.0
2026-03-28 21:00:00,0.0
2026-03-28 22:00:00,0.0
2026-03-28 23:00:00,0.0
2026-03-29 00:00:00,0.14097494038247382
2026-03-29 01:00:00,0.14097494038247382
2026-03-29 02:00:00,0.14097494038247382
2026-03-29 03:00:00,0.1767603323821481
2026-03-29 04:00:00,0.1784818366506643
2026-03-29 05:00:00,14.90633018023254
2026-03-29 06:00:00,124.92691649410774
2026-03-29 07:00:00,253.43779157033694
2026-03-29 08:00:00,350.38517695544596
2026-03-29 09:00:00,436.96926975539077
2026-03-29 10:00:00,426.5242019610806
2026-03-29 11:00:00,328.5384168926582
2026-03-29 12:00:00,176.69091040941743
2026-03-29 13:00:00,293.1916319449432
2026-03-29 14:00:00,347.03975846860374
2026-03-29 15:00:00,223.9251552507182
2026-03-29 16:00:00,92.44612441715971
2026-03-29 17:00:00,7.731553476597437
2026-03-29 18:00:00,0.145060616748014
2026-03-29 19:00:00,0.11118873169031408
2026-03-29 20:00:00,0.10982983304617298
2026-03-29 21:00:00,0.14097488899623917
2026-03-29 22:00:00,0.14097488899623917
2026-03-29 23:00:00,0.14097494038244895
2026-03-30 00:00:00,0.0
2026-03-30 01:00:00,0.0
2026-03-30 02:00:00,0.0
2026-03-30 03:00:00,0.12096008248064491
2026-03-30 04:00:00,0.122681586749161
2026-03-30 05:00:00,5.545898509118264
2026-03-30 06:00:00,48.033893105542525
2026-03-30 07:00:00,171.58094740589132
2026-03-30 08:00:00,237.26111383314438
2026-03-30 09:00:00,372.2627593637209
2026-03-30 10:00:00,173.8535970211381
2026-03-30 11:00:00,223.8036791353307
2026-03-30 12:00:00,167.11034990993193
2026-03-30 13:00:00,144.47124936908986
2026-03-30 14:00:00,108.31642943143609
2026-03-30 15:00:00,69.87739302967977
2026-03-30 16:00:00,28.119988990862602
2026-03-30 17:00:00,1.6292929379983334
2026-03-30 18:00:00,0.0
2026-03-30 19:00:00,0.0
2026-03-30 20:00:00,0.0
2026-03-30 21:00:00,0.0
2026-03-30 22:00:00,0.0
2026-03-30 23:00:00,0.0
2026-03-31 00:00:00,0.0
2026-03-31 01:00:00,0.0
2026-03-31 02:00:00,0.0
2026-03-31 03:00:00,0.0
2026-03-31 04:00:00,0.0
2026-03-31 05:00:00,7.304961111237975
2026-03-31 06:00:00,53.20150114521472
2026-03-31 07:00:00,96.21555072045246
2026-03-31 08:00:00,170.71099639237397
2026-03-31 09:00:00,442.717907623895
2026-03-31 10:00:00,428.78248520168427
2026-03-31 11:00:00,511.2814130013684
2026-03-31 12:00:00,486.97983169967006
2026-03-31 13:00:00,427.9787275684446
2026-03-31 14:00:00,350.2110084312371
2026-03-31 15:00:00,239.1798469202603
2026-03-31 16:00:00,98.07224539464428
2026-03-31 17:00:00,13.393735919877237
2026-03-31 18:00:00,0.0
2026-03-31 19:00:00,0.0
2026-03-31 20:00:00,0.0
2026-03-31 21:00:00,0.0
2026-03-31 22:00:00,0.0
2026-03-31 23:00:00,0.0
2026-04-01 00:00:00,0.32655141251479397
2026-04-01 01:00:00,0.32655141251479397
2026-04-01 02:00:00,0.32655141251479397
2026-04-01 03:00:00,0.2870981173287335
2026-04-01 04:00:00,0.287425710433214
2026-04-01 05:00:00,36.564860792520214
2026-04-01 06:00:00,150.44927550566888
2026-04-01 07:00:00,276.3305857326767
2026-04-01 08:00:00,388.10534171852976
2026-04-01 09:00:00,463.7128310115149
2026-04-01 10:00:00,485.0501285165332
2026-04-01 11:00:00,499.6861235599462
2026-04-01 12:00:00,484.0207908585308
2026-04-01 13:00:00,440.1350867927058
2026-04-01 14:00:00,354.69102847989234
2026-04-01 15:00:00,241.61529140371124
2026-04-01 16:00:00,107.4418713279768
2026-04-01 17:00:00,16.66004469850059
2026-04-01 18:00:00,0.3095543019004859
2026-04-01 19:00:00,0.3015658062949003
2026-04-01 20:00:00,0.29320610649565054
2026-04-01 21:00:00,0.32655136112855926
2026-04-01 22:00:00,0.32655136112855926
2026-04-01 23:00:00,0.3265514125147691
2026-04-02 00:00:00,0.0
2026-04-02 01:00:00,0.0
2026-04-02 02:00:00,0.0
2026-04-02 03:00:00,0.0
2026-04-02 04:00:00,0.0
2026-04-02 05:00:00,8.422131334166131
2026-04-02 06:00:00,97.76485500940987
2026-04-02 07:00:00,84.39001003386538
2026-04-02 08:00:00,135.93079665011734
2026-04-02 09:00:00,156.273787173595
2026-04-02 10:00:00,205.34120285997454
2026-04-02 11:00:00,177.04224429669802
2026-04-02 12:00:00,171.0735168873948
2026-04-02 13:00:00,145.93759091141243
2026-04-02 14:00:00,108.86044149286474
2026-04-02 15:00:00,72.72780363566058
2026-04-02 16:00:00,30.971552431840667
2026-04-02 17:00:00,2.425989724790235
2026-04-02 18:00:00,0.0
2026-04-02 19:00:00,0.0
2026-04-02 20:00:00,0.0
2026-04-02 21:00:00,0.0
2026-04-02 22:00:00,0.0
2026-04-02 23:00:00,0.0
2026-04-03 00:00:00,0.0
2026-04-03 01:00:00,0.0
2026-04-03 02:00:00,0.0
2026-04-03 03:00:00,0.0
2026-04-03 04:00:00,0.0
2026-04-03 05:00:00,9.653404506810054
2026-04-03 06:00:00,43.91475094680384
2026-04-03 07:00:00,85.14276433658051
2026-04-03 08:00:00,127.02034742178436
2026-04-03 09:00:00,160.12506853627963
2026-04-03 10:00:00,175.6474141151819
2026-04-03 11:00:00,184.31806077024345
2026-04-03 12:00:00,174.28033044316206
2026-04-03 13:00:00,153.3200725167737
2026-04-03 14:00:00,116.46215746731592
2026-04-03 15:00:00,81.17554895667115
2026-04-03 16:00:00,35.71617105113428
2026-04-03 17:00:00,7.756922624158183
2026-04-03 18:00:00,0.0
2026-04-03 19:00:00,0.0
2026-04-03 20:00:00,0.0
2026-04-03 21:00:00,0.0
2026-04-03 22:00:00,0.0
2026-04-03 23:00:00,0.0
2026-04-04 00:00:00,0.0
2026-04-04 01:00:00,0.0
2026-04-04 02:00:00,0.0
2026-04-04 03:00:00,0.0
2026-04-04 04:00:00,0.0
2026-04-04 05:00:00,11.045519788452271
2026-04-04 06:00:00,47.59233029961912
2026-04-04 07:00:00,92.1436248099651
2026-04-04 08:00:00,133.87135720422265
2026-04-04 09:00:00,166.90841998836686
2026-04-04 10:00:00,249.08557272435462
2026-04-04 11:00:00,193.0456187595032
2026-04-04 12:00:00,181.55592137475705
2026-04-04 13:00:00,159.20887119529104
2026-04-04 14:00:00,122.75334014451421
2026-04-04 15:00:00,82.19790258786851
2026-04-04 16:00:00,86.85667568064129
2026-04-04 17:00:00,9.484361577042796
2026-04-04 18:00:00,0.0
2026-04-04 19:00:00,0.0
2026-04-04 20:00:00,0.0
2026-04-04 21:00:00,0.0
2026-04-04 22:00:00,0.0
2026-04-04 23:00:00,0.0
2026-04-05 00:00:00,0.0
2026-04-05 01:00:00,0.0
2026-04-05 02:00:00,0.0
2026-04-05 03:00:00,0.0
2026-04-05 04:00:00,0.0
2026-04-05 05:00:00,41.36425101339659
2026-04-05 06:00:00,155.05023296173172
2026-04-05 07:00:00,151.22678819548338
2026-04-05 08:00:00,131.4013826119689
2026-04-05 09:00:00,163.25821696687098
2026-04-05 10:00:00,179.11904466747282
2026-04-05 11:00:00,182.5630290415501
2026-04-05 12:00:00,175.87381621913352
2026-04-05 13:00:00,160.43195248789257
2026-04-05 14:00:00,173.58907433585594
2026-04-05 15:00:00,233.7144690539947
2026-04-05 16:00:00,45.01689699159195
2026-04-05 17:00:00,6.628746802781675
2026-04-05 18:00:00,0.0
2026-04-05 19:00:00,0.0
2026-04-05 20:00:00,0.0
2026-04-05 21:00:00,0.0
2026-04-05 22:00:00,0.0
2026-04-05 23:00:00,0.0
2026-04-06 00:00:00,0.0
2026-04-06 01:00:00,0.0
2026-04-06 02:00:00,0.0
2026-04-06 03:00:00,0.0
2026-04-06 04:00:00,0.0
2026-04-06 05:00:00,15.24517168995965
2026-04-06 06:00:00,52.85145229596429
2026-04-06 07:00:00,101.54158249831976
2026-04-06 08:00:00,135.91481961752035
2026-04-06 09:00:00,171.73865885526988
2026-04-06 10:00:00,192.6414122814057
2026-04-06 11:00:00,191.8093417424766
2026-04-06 12:00:00,184.17469634272274
2026-04-06 13:00:00,205.6566814334364
2026-04-06 14:00:00,205.9610778523938
2026-04-06 15:00:00,122.3857172199828
2026-04-06 16:00:00,39.57459384762491
2026-04-06 17:00:00,6.51512485661384
2026-04-06 18:00:00,0.0
2026-04-06 19:00:00,0.0
2026-04-06 20:00:00,0.0
2026-04-06 21:00:00,0.0
2026-04-06 22:00:00,0.0
2026-04-06 23:00:00,0.0
2026-04-07 00:00:00,0.0
2026-04-07 01:00:00,0.0
2026-04-07 02:00:00,0.0
2026-04-07 03:00:00,0.0
2026-04-07 04:00:00,0.0
2026-04-07 05:00:00,17.27583105469751
2026-04-07 06:00:00,56.3965037160194
2026-04-07 07:00:00,101.03018909101962
2026-04-07 08:00:00,139.17696074525142
2026-04-07 09:00:00,173.85147459093426
2026-04-07 10:00:00,190.7854272205583
2026-04-07 11:00:00,253.5140126500662
2026-04-07 12:00:00,230.5257996352951
2026-04-07 13:00:00,165.12054246431805
2026-04-07 14:00:00,164.17874170879207
2026-04-07 15:00:00,101.39873841955952
2026-04-07 16:00:00,40.96508977137184
2026-04-07 17:00:00,9.94887394732835
2026-04-07 18:00:00,0.0
2026-04-07 19:00:00,0.0
2026-04-07 20:00:00,0.0
2026-04-07 21:00:00,0.0
2026-04-07 22:00:00,0.0
2026-04-07 23:00:00,0.0
2026-04-08 00:00:00,0.0
2026-04-08 01:00:00,0.0
2026-04-08 02:00:00,0.0
2026-04-08 03:00:00,0.0
2026-04-08 04:00:00,0.0
2026-04-08 05:00:00,19.562422029778336
2026-04-08 06:00:00,59.12950663486439
2026-04-08 07:00:00,162.5490050990216
2026-04-08 08:00:00,248.501834571519
2026-04-08 09:00:00,505.32534421990505
2026-04-08 10:00:00,548.6539603942275
2026-04-08 11:00:00,549.7824053227389
2026-04-08 12:00:00,535.7496291240972
2026-04-08 13:00:00,488.2988320964175
2026-04-08 14:00:00,406.7831604204784
2026-04-08 15:00:00,285.8077233600845
2026-04-08 16:00:00,146.03950737445365
2026-04-08 17:00:00,37.816425704858815
2026-04-08 18:00:00,0.0
2026-04-08 19:00:00,0.0
2026-04-08 20:00:00,0.0
2026-04-08 21:00:00,0.0
2026-04-08 22:00:00,0.0
2026-04-08 23:00:00,0.0
2026-04-09 00:00:00,0.0
2026-04-09 01:00:00,0.0
2026-04-09 02:00:00,0.0
2026-04-09 03:00:00,0.0
2026-04-09 04:00:00,0.0
2026-04-09 05:00:00,70.54868025231012
2026-04-09 06:00:00,209.0018553500151
2026-04-09 07:00:00,342.7018500483649
2026-04-09 08:00:00,444.6298461258292
2026-04-09 09:00:00,523.8028836734012
2026-04-09 10:00:00,560.7030694606689
2026-04-09 11:00:00,577.0385478104083
2026-04-09 12:00:00,546.6769092434707
2026-04-09 13:00:00,495.9062624665358
2026-04-09 14:00:00,406.63036243490563
2026-04-09 15:00:00,283.43591308089424
2026-04-09 16:00:00,145.51983361400363
2026-04-09 17:00:00,43.0397145645168
2026-04-09 18:00:00,0.0
2026-04-09 19:00:00,0.0
2026-04-09 20:00:00,0.0
2026-04-09 21:00:00,0.0
2026-04-09 22:00:00,0.0
2026-04-09 23:00:00,0.0
2026-04-10 00:00:00,0.0
2026-04-10 01:00:00,0.0
2026-04-10 02:00:00,0.0
2026-04-10 03:00:00,0.0
2026-04-10 04:00:00,1.105380915086185
2026-04-10 05:00:00,68.022871728419
2026-04-10 06:00:00,194.9212915561961
2026-04-10 07:00:00,337.2493589557765
2026-04-10 08:00:00,437.15068462530473
2026-04-10 09:00:00,506.07670973461285
2026-04-10 10:00:00,547.3652355066487
2026-04-10 11:00:00,556.4878466270872
2026-04-10 12:00:00,528.9316218004304
2026-04-10 13:00:00,482.0002712826673
2026-04-10 14:00:00,396.1054904499547
2026-04-10 15:00:00,277.56993406765747
2026-04-10 16:00:00,143.3552438113775
2026-04-10 17:00:00,38.57861576736664
2026-04-10 18:00:00,0.0
2026-04-10 19:00:00,0.0
2026-04-10 20:00:00,0.0
2026-04-10 21:00:00,0.0
2026-04-10 22:00:00,0.0
2026-04-10 23:00:00,0.0
2026-04-11 00:00:00,0.0
2026-04-11 01:00:00,0.0
2026-04-11 02:00:00,0.0
2026-04-11 03:00:00,0.0
2026-04-11 04:00:00,1.9579585115789275
2026-04-11 05:00:00,74.26319073827274
2026-04-11 06:00:00,212.12236315022415
2026-04-11 07:00:00,342.52800452616947
2026-04-11 08:00:00,452.2863886558141
2026-04-11 09:00:00,522.0291417482242
2026-04-11 10:00:00,559.2538044965492
2026-04-11 11:00:00,576.9301908947294
2026-04-11 12:00:00,549.3700526757356
2026-04-11 13:00:00,494.3554758461981
2026-04-11 14:00:00,405.5245751239518
2026-04-11 15:00:00,290.377082012978
2026-04-11 16:00:00,153.66468760925198
2026-04-11 17:00:00,47.33668457225673
2026-04-11 18:00:00,0.0
2026-04-11 19:00:00,0.0
2026-04-11 20:00:00,0.0
2026-04-11 21:00:00,0.0
2026-04-11 22:00:00,0.0
2026-04-11 23:00:00,0.0
2026-04-12 00:00:00,0.0
2026-04-12 01:00:00,0.0
2026-04-12 02:00:00,0.0
2026-04-12 03:00:00,0.0
2026-04-12 04:00:00,4.070820402668507
2026-04-12 05:00:00,79.94277501386469
2026-04-12 06:00:00,215.1747876082914
2026-04-12 07:00:00,342.99729356197355
2026-04-12 08:00:00,451.675420540697
2026-04-12 09:00:00,520.1680344826674
2026-04-12 10:00:00,558.613871812907
2026-04-12 11:00:00,575.3242384106943
2026-04-12 12:00:00,542.4991017211452
2026-04-12 13:00:00,492.8723021173818
2026-04-12 14:00:00,403.5711642785752
2026-04-12 15:00:00,288.57676372534434
2026-04-12 16:00:00,153.03002147731402
2026-04-12 17:00:00,47.90201939117284
2026-04-12 18:00:00,0.0
2026-04-12 19:00:00,0.0
2026-04-12 20:00:00,0.0
2026-04-12 21:00:00,0.0
2026-04-12 22:00:00,0.0
2026-04-12 23:00:00,0.0
2026-04-13 00:00:00,0.0
2026-04-13 01:00:00,0.0
2026-04-13 02:00:00,0.0
2026-04-13 03:00:00,0.0
2026-04-13 04:00:00,3.580531525405231
2026-04-13 05:00:00,75.07961803662069
2026-04-13 06:00:00,209.0096525064339
2026-04-13 07:00:00,335.46523331584706
2026-04-13 08:00:00,419.60524438325706
2026-04-13 09:00:00,501.07791146889025
2026-04-13 10:00:00,544.9415342019023
2026-04-13 11:00:00,475.5927005758595
2026-04-13 12:00:00,477.9011548083062
2026-04-13 13:00:00,407.979271899439
2026-04-13 14:00:00,348.1415562066278
2026-04-13 15:00:00,229.02505225043416
2026-04-13 16:00:00,109.19281312921036
2026-04-13 17:00:00,36.31449345166138
2026-04-13 18:00:00,0.0
2026-04-13 19:00:00,0.0
2026-04-13 20:00:00,0.0
2026-04-13 21:00:00,0.0
2026-04-13 22:00:00,0.0
2026-04-13 23:00:00,0.0
2026-04-14 00:00:00,0.0
2026-04-14 01:00:00,0.0
2026-04-14 02:00:00,0.0
2026-04-14 03:00:00,0.0
2026-04-14 04:00:00,7.353807797376569
2026-04-14 05:00:00,81.9751798213487
2026-04-14 06:00:00,212.27336537383925
2026-04-14 07:00:00,338.567035847726
2026-04-14 08:00:00,438.9356456027585
2026-04-14 09:00:00,508.32066556288964
2026-04-14 10:00:00,553.6747772324485
2026-04-14 11:00:00,546.2316536600312
2026-04-14 12:00:00,537.1186276137439
2026-04-14 13:00:00,357.00688534306374
2026-04-14 14:00:00,308.56002304398714
2026-04-14 15:00:00,144.3784474802471
2026-04-14 16:00:00,111.99214940879668
2026-04-14 17:00:00,47.93479713299708
2026-04-14 18:00:00,0.0
2026-04-14 19:00:00,0.0
2026-04-14 20:00:00,0.0
2026-04-14 21:00:00,0.0
2026-04-14 22:00:00,0.0
2026-04-14 23:00:00,0.0
2026-04-15 00:00:00,0.0
2026-04-15 01:00:00,0.0
2026-04-15 02:00:00,0.0
2026-04-15 03:00:00,0.0
2026-04-15 04:00:00,5.226592799613067
2026-04-15 05:00:00,24.7606662457905
2026-04-15 06:00:00,61.38682905876265
2026-04-15 07:00:00,136.14052982635906
2026-04-15 08:00:00,137.8844042879661
2026-04-15 09:00:00,232.99550065802316
2026-04-15 10:00:00,292.6818754579458
2026-04-15 11:00:00,287.1010404279134
2026-04-15 12:00:00,464.57913071460104
2026-04-15 13:00:00,323.55946091467564
2026-04-15 14:00:00,243.2715341686433
2026-04-15 15:00:00,252.2665527110335
2026-04-15 16:00:00,116.8222620703728
2026-04-15 17:00:00,47.37398261415591
2026-04-15 18:00:00,0.0
2026-04-15 19:00:00,0.0
2026-04-15 20:00:00,0.0
2026-04-15 21:00:00,0.0
2026-04-15 22:00:00,0.0
2026-04-15 23:00:00,0.0
2026-04-16 00:00:00,0.0
2026-04-16 01:00:00,0.0
2026-04-16 02:00:00,0.0
2026-04-16 03:00:00,0.0
2026-04-16 04:00:00,7.643212876015435
2026-04-16 05:00:00,32.59314864275667
2026-04-16 06:00:00,165.85279684834634
2026-04-16 07:00:00,262.0924027359165
2026-04-16 08:00:00,313.4501961641722
2026-04-16 09:00:00,364.65998365617685
2026-04-16 10:00:00,452.71734363558915
2026-04-16 11:00:00,479.5815656316308
2026-04-16 12:00:00,543.6729357129199
2026-04-16 13:00:00,481.7630727613398
2026-04-16 14:00:00,399.62611078137604
2026-04-16 15:00:00,201.84768036477192
2026-04-16 16:00:00,156.4192796056118
2026-04-16 17:00:00,27.012135907410766
2026-04-16 18:00:00,0.0
2026-04-16 19:00:00,0.0
2026-04-16 20:00:00,0.0
2026-04-16 21:00:00,0.0
2026-04-16 22:00:00,0.0
2026-04-16 23:00:00,0.0
2026-04-17 00:00:00,0.0
2026-04-17 01:00:00,0.0
2026-04-17 02:00:00,0.0
2026-04-17 03:00:00,0.0
2026-04-17 04:00:00,1.9680640961079827
2026-04-17 05:00:00,34.08348690560506
2026-04-17 06:00:00,94.12439795628927
2026-04-17 07:00:00,147.13868105250285
2026-04-17 08:00:00,191.1151913632602
2026-04-17 09:00:00,198.2704075761919
2026-04-17 10:00:00,193.90534812135178
2026-04-17 11:00:00,226.34320770586984
2026-04-17 12:00:00,448.21112808746506
2026-04-17 13:00:00,404.0643935103217
2026-04-17 14:00:00,397.4292574093333
2026-04-17 15:00:00,261.4722527959246
2026-04-17 16:00:00,124.04204838430485
2026-04-17 17:00:00,47.06572575067941
2026-04-17 18:00:00,0.0
2026-04-17 19:00:00,0.0
2026-04-17 20:00:00,0.0
2026-04-17 21:00:00,0.0
2026-04-17 22:00:00,0.0
2026-04-17 23:00:00,0.0
2026-04-18 00:00:00,0.0
2026-04-18 01:00:00,0.0
2026-04-18 02:00:00,0.0
2026-04-18 03:00:00,0.0
2026-04-18 04:00:00,6.186753730021453
2026-04-18 05:00:00,33.52516687242944
2026-04-18 06:00:00,112.9581532364156
2026-04-18 07:00:00,118.31611135245466
2026-04-18 08:00:00,363.74275048601334
2026-04-18 09:00:00,449.8059715327626
2026-04-18 10:00:00,552.7790122794795
2026-04-18 11:00:00,393.4032460553306
2026-04-18 12:00:00,477.181319796073
2026-04-18 13:00:00,474.95201900442396
2026-04-18 14:00:00,361.9679618539279
2026-04-18 15:00:00,258.87353113615234
2026-04-18 16:00:00,156.03299414683926
2026-04-18 17:00:00,35.23761315052408
2026-04-18 18:00:00,0.0
2026-04-18 19:00:00,0.0
2026-04-18 20:00:00,0.0
2026-04-18 21:00:00,0.0
2026-04-18 22:00:00,0.0
2026-04-18 23:00:00,0.0
2026-04-19 00:00:00,0.0
2026-04-19 01:00:00,0.0
2026-04-19 02:00:00,0.0
2026-04-19 03:00:00,0.0
2026-04-19 04:00:00,10.100686697904658
2026-04-19 05:00:00,71.18868590794291
2026-04-19 06:00:00,193.66125887722995
2026-04-19 07:00:00,212.30021843515166
2026-04-19 08:00:00,357.1695197068674
2026-04-19 09:00:00,432.3490862675138
2026-04-19 10:00:00,449.1632172884248
2026-04-19 11:00:00,587.5923111023617
2026-04-19 12:00:00,543.74530654148
2026-04-19 13:00:00,512.4970695162248
2026-04-19 14:00:00,433.3909992408425
2026-04-19 15:00:00,318.9636716676531
2026-04-19 16:00:00,182.27872683590587
2026-04-19 17:00:00,74.29711542223117
2026-04-19 18:00:00,1.4949805000155267
2026-04-19 19:00:00,0.0
2026-04-19 20:00:00,0.0
2026-04-19 21:00:00,0.0
2026-04-19 22:00:00,0.0
2026-04-19 23:00:00,0.0
2026-04-20 00:00:00,0.0
2026-04-20 01:00:00,0.0
2026-04-20 02:00:00,0.0
2026-04-20 03:00:00,0.0
2026-04-20 04:00:00,25.987288512645385
2026-04-20 05:00:00,109.6832424522432
2026-04-20 06:00:00,248.615721167466
2026-04-20 07:00:00,368.87588930007627
2026-04-20 08:00:00,485.245571726914
2026-04-20 09:00:00,558.0721412748474
2026-04-20 10:00:00,601.0386477786127
2026-04-20 11:00:00,606.1216221486479
2026-04-20 12:00:00,578.6890964589123
2026-04-20 13:00:00,526.3148597960922
2026-04-20 14:00:00,446.3538292407183
2026-04-20 15:00:00,319.67879725783484
2026-04-20 16:00:00,188.93168677729327
2026-04-20 17:00:00,80.26340906066821
2026-04-20 18:00:00,2.4479885117400664
2026-04-20 19:00:00,0.0
2026-04-20 20:00:00,0.0
2026-04-20 21:00:00,0.0
2026-04-20 22:00:00,0.0
2026-04-20 23:00:00,0.0
2026-04-21 00:00:00,0.0
2026-04-21 01:00:00,0.0
2026-04-21 02:00:00,0.0
2026-04-21 03:00:00,0.0
2026-04-21 04:00:00,30.74409979208602
2026-04-21 05:00:00,119.09157920382145
2026-04-21 06:00:00,265.7477056494056
2026-04-21 07:00:00,393.19236918068515
2026-04-21 08:00:00,488.0128935666481
2026-04-21 09:00:00,558.2062969960986
2026-04-21 10:00:00,599.6084490268062
2026-04-21 11:00:00,600.7244734769089
2026-04-21 12:00:00,578.8590631264117
2026-04-21 13:00:00,517.937940108443
2026-04-21 14:00:00,436.4671615274807
2026-04-21 15:00:00,320.7152092101923
2026-04-21 16:00:00,185.40121261107444
2026-04-21 17:00:00,77.41476948665361
2026-04-21 18:00:00,3.5065862278930493
2026-04-21 19:00:00,0.0
2026-04-21 20:00:00,0.0
2026-04-21 21:00:00,0.0
2026-04-21 22:00:00,0.0
2026-04-21 23:00:00,0.0
2026-04-22 00:00:00,0.0
2026-04-22 01:00:00,0.0
2026-04-22 02:00:00,0.0
2026-04-22 03:00:00,0.0
2026-04-22 04:00:00,32.7722358487451
2026-04-22 05:00:00,117.88119197745964
2026-04-22 06:00:00,239.75648653744736
2026-04-22 07:00:00,296.071228802074
2026-04-22 08:00:00,441.653661866389
2026-04-22 09:00:00,535.2921430967524
2026-04-22 10:00:00,447.81226166372323
2026-04-22 11:00:00,437.00007911605155
2026-04-22 12:00:00,395.0898284256949
2026-04-22 13:00:00,357.5430161609643
2026-04-22 14:00:00,335.9184377495392
2026-04-22 15:00:00,286.0802455062322
2026-04-22 16:00:00,77.19259238911417
2026-04-22 17:00:00,64.52524678702605
2026-04-22 18:00:00,3.6932969360470103
2026-04-22 19:00:00,0.0
2026-04-22 20:00:00,0.0
2026-04-22 21:00:00,0.0
2026-04-22 22:00:00,0.0
2026-04-22 23:00:00,0.0
2026-04-23 00:00:00,0.0
2026-04-23 01:00:00,0.0
2026-04-23 02:00:00,0.0
2026-04-23 03:00:00,0.0
2026-04-23 04:00:00,35.85540046568588
2026-04-23 05:00:00,121.65430522361729
2026-04-23 06:00:00,221.08222547418956
2026-04-23 07:00:00,293.09792887910845
2026-04-23 08:00:00,340.99792611905264
2026-04-23 09:00:00,196.29042343272067
2026-04-23 10:00:00,214.1365788222018
2026-04-23 11:00:00,216.83792253087725
2026-04-23 12:00:00,479.44763743437187
2026-04-23 13:00:00,307.7555953739073
2026-04-23 14:00:00,222.85496894691207
2026-04-23 15:00:00,236.3412229038612
2026-04-23 16:00:00,182.7847419128277
2026-04-23 17:00:00,83.95112295671953
2026-04-23 18:00:00,5.625738759269258
2026-04-23 19:00:00,0.0
2026-04-23 20:00:00,0.0
2026-04-23 21:00:00,0.0
2026-04-23 22:00:00,0.0
2026-04-23 23:00:00,0.0
2026-04-24 00:00:00,0.0
2026-04-24 01:00:00,0.0
2026-04-24 02:00:00,0.0
2026-04-24 03:00:00,0.0
2026-04-24 04:00:00,35.124489589742964
2026-04-24 05:00:00,104.16481474833304
2026-04-24 06:00:00,235.63537356725604
2026-04-24 07:00:00,371.64242733745334
2026-04-24 08:00:00,484.84109188489606
2026-04-24 09:00:00,547.6164756865762
2026-04-24 10:00:00,593.6326340641614
2026-04-24 11:00:00,611.4179468376118
2026-04-24 12:00:00,585.1699986492239
2026-04-24 13:00:00,528.9012529451202
2026-04-24 14:00:00,446.98756692261117
2026-04-24 15:00:00,320.6338329409392
2026-04-24 16:00:00,166.19578702176796
2026-04-24 17:00:00,61.38613989078329
2026-04-24 18:00:00,4.651819009561215
2026-04-24 19:00:00,0.0
2026-04-24 20:00:00,0.0
2026-04-24 21:00:00,0.0
2026-04-24 22:00:00,0.0
2026-04-24 23:00:00,0.0
2026-04-25 00:00:00,0.0
2026-04-25 01:00:00,0.0
2026-04-25 02:00:00,0.0
2026-04-25 03:00:00,0.0
2026-04-25 04:00:00,16.87803396419855
2026-04-25 05:00:00,67.0293247973359
2026-04-25 06:00:00,92.73661783218034
2026-04-25 07:00:00,128.0032509292197
2026-04-25 08:00:00,452.33272765275143
2026-04-25 09:00:00,435.65989219867294
2026-04-25 10:00:00,381.5182435807799
2026-04-25 11:00:00,315.45751924780126
2026-04-25 12:00:00,588.5234150228788
2026-04-25 13:00:00,413.61064628011746
2026-04-25 14:00:00,285.9952186116228
2026-04-25 15:00:00,239.9081534051215
2026-04-25 16:00:00,191.1804316338469
2026-04-25 17:00:00,88.22139642331649
2026-04-25 18:00:00,8.278877710463382
2026-04-25 19:00:00,0.0
2026-04-25 20:00:00,0.0
2026-04-25 21:00:00,0.0
2026-04-25 22:00:00,0.0
2026-04-25 23:00:00,0.0
2026-04-26 00:00:00,0.0
2026-04-26 01:00:00,0.0
2026-04-26 02:00:00,0.0
2026-04-26 03:00:00,0.0
2026-04-26 04:00:00,49.30564524423549
2026-04-26 05:00:00,147.74580138464023
2026-04-26 06:00:00,293.8112527745143
2026-04-26 07:00:00,404.6512735670675
2026-04-26 08:00:00,434.71617690216823
2026-04-26 09:00:00,481.73581143911645
2026-04-26 10:00:00,557.4774458165291
2026-04-26 11:00:00,480.3681951333447
2026-04-26 12:00:00,393.41766778642494
2026-04-26 13:00:00,281.01892498757223
2026-04-26 14:00:00,250.77095838277353
2026-04-26 15:00:00,136.99498909578608
2026-04-26 16:00:00,98.38752678283315
2026-04-26 17:00:00,29.68808559307383
2026-04-26 18:00:00,1.9186946500560096
2026-04-26 19:00:00,0.0
2026-04-26 20:00:00,0.0
2026-04-26 21:00:00,0.0
2026-04-26 22:00:00,0.0
2026-04-26 23:00:00,0.0
2026-04-27 00:00:00,0.0
2026-04-27 01:00:00,0.0
2026-04-27 02:00:00,0.0
2026-04-27 03:00:00,0.0
2026-04-27 04:00:00,51.2355954040976
2026-04-27 05:00:00,147.71846045824495
2026-04-27 06:00:00,293.3011945159173
2026-04-27 07:00:00,413.790817127486
2026-04-27 08:00:00,515.8516674632771
2026-04-27 09:00:00,514.1794038262148
2026-04-27 10:00:00,433.0342306066788
2026-04-27 11:00:00,576.809492572394
2026-04-27 12:00:00,305.12083969766576
2026-04-27 13:00:00,193.0442503775201
2026-04-27 14:00:00,251.7144717017434
2026-04-27 15:00:00,120.17790163564626
2026-04-27 16:00:00,70.03807978799874
2026-04-27 17:00:00,41.88884237074907
2026-04-27 18:00:00,6.618361934567699
2026-04-27 19:00:00,0.0
2026-04-27 20:00:00,0.0
2026-04-27 21:00:00,0.0
2026-04-27 22:00:00,0.0
2026-04-27 23:00:00,0.0
2026-04-28 00:00:00,0.0
2026-04-28 01:00:00,0.0
2026-04-28 02:00:00,0.0
2026-04-28 03:00:00,0.0
2026-04-28 04:00:00,54.000582204146724
2026-04-28 05:00:00,147.0619971830116
2026-04-28 06:00:00,297.41381596416664
2026-04-28 07:00:00,418.4317082488369
2026-04-28 08:00:00,517.7997435239122
2026-04-28 09:00:00,323.8428787969399
2026-04-28 10:00:00,479.7531320976657
2026-04-28 11:00:00,309.42708907678366
2026-04-28 12:00:00,410.8323677550594
2026-04-28 13:00:00,439.4880999603549
2026-04-28 14:00:00,344.987888090629
2026-04-28 15:00:00,319.014396529711
2026-04-28 16:00:00,237.18997004091352
2026-04-28 17:00:00,104.45532410415005
2026-04-28 18:00:00,5.625738759269258
2026-04-28 19:00:00,0.0
2026-04-28 20:00:00,0.0
2026-04-28 21:00:00,0.0
2026-04-28 22:00:00,0.0
2026-04-28 23:00:00,0.0
2026-04-29 00:00:00,0.0
2026-04-29 01:00:00,0.0
2026-04-29 02:00:00,0.0
2026-04-29 03:00:00,0.0
2026-04-29 04:00:00,49.1339347749344
2026-04-29 05:00:00,147.33304776121915
2026-04-29 06:00:00,297.48518906590164
2026-04-29 07:00:00,413.8869529907497
2026-04-29 08:00:00,518.0376056322211
2026-04-29 09:00:00,579.448262277894
2026-04-29 10:00:00,557.5180559464711
2026-04-29 11:00:00,614.1837438077257
2026-04-29 12:00:00,564.4973047619951
2026-04-29 13:00:00,345.4165022520606
2026-04-29 14:00:00,278.491131201534
2026-04-29 15:00:00,116.15957511169948
2026-04-29 16:00:00,178.22794969236656
2026-04-29 17:00:00,37.49275794403307
2026-04-29 18:00:00,2.933182003411517
2026-04-29 19:00:00,0.0
2026-04-29 20:00:00,0.0
2026-04-29 21:00:00,0.0
2026-04-29 22:00:00,0.0
2026-04-29 23:00:00,0.0
2026-04-30 00:00:00,0.0
2026-04-30 01:00:00,0.0
2026-04-30 02:00:00,0.0
2026-04-30 03:00:00,0.0
2026-04-30 04:00:00,15.109166096945742
2026-04-30 05:00:00,57.57784237718892
2026-04-30 06:00:00,266.378905585528
2026-04-30 07:00:00,366.005686604449
2026-04-30 08:00:00,481.16243754092227
2026-04-30 09:00:00,533.995850882975
2026-04-30 10:00:00,533.008527655435
2026-04-30 11:00:00,539.4207629836892
2026-04-30 12:00:00,579.5036158140119
2026-04-30 13:00:00,538.9346811196125
2026-04-30 14:00:00,460.48009844891743
2026-04-30 15:00:00,336.6593983242545
2026-04-30 16:00:00,188.58804998875547
2026-04-30 17:00:00,95.50610132059322
2026-04-30 18:00:00,19.71865690030625
2026-04-30 19:00:00,0.0
2026-04-30 20:00:00,0.0
2026-04-30 21:00:00,0.0
2026-04-30 22:00:00,0.0
2026-04-30 23:00:00,0.0
2026-05-01 00:00:00,0.0
2026-05-01 01:00:00,0.0
2026-05-01 02:00:00,0.0
2026-05-01 03:00:00,0.0
2026-05-01 04:00:00,58.746279800241616
2026-05-01 05:00:00,166.65972501781388
2026-05-01 06:00:00,301.4016344420615
2026-05-01 07:00:00,418.4312513386045
2026-05-01 08:00:00,517.1319333058871
2026-05-01 09:00:00,585.7390939653155
2026-05-01 10:00:00,617.1312951697806
2026-05-01 11:00:00,622.9291776547441
2026-05-01 12:00:00,596.1562389812149
2026-05-01 13:00:00,546.2591669060639
2026-05-01 14:00:00,440.424699783365
2026-05-01 15:00:00,357.31381414175473
2026-05-01 16:00:00,239.51294486901674
2026-05-01 17:00:00,111.33497840623319
2026-05-01 18:00:00,24.079431561248924
2026-05-01 19:00:00,0.0
2026-05-01 20:00:00,0.0
2026-05-01 21:00:00,0.0
2026-05-01 22:00:00,0.0
2026-05-01 23:00:00,0.0
2026-05-02 00:00:00,0.0
2026-05-02 01:00:00,0.0
2026-05-02 02:00:00,0.0
2026-05-02 03:00:00,0.7567969986925202
2026-05-02 04:00:00,67.50860171430794
2026-05-02 05:00:00,182.907660290823
2026-05-02 06:00:00,311.29992654420954
2026-05-02 07:00:00,432.4532970293258
2026-05-02 08:00:00,525.5843341822667
2026-05-02 09:00:00,593.123970947526
2026-05-02 10:00:00,634.3661850614478
2026-05-02 11:00:00,630.5109293639296
2026-05-02 12:00:00,603.6154644335202
2026-05-02 13:00:00,551.0816298476283
2026-05-02 14:00:00,465.0932225930217
2026-05-02 15:00:00,354.4212905548552
2026-05-02 16:00:00,235.8908544264169
2026-05-02 17:00:00,109.7939989652314
2026-05-02 18:00:00,24.193311934459782
2026-05-02 19:00:00,0.0
2026-05-02 20:00:00,0.0
2026-05-02 21:00:00,0.0
2026-05-02 22:00:00,0.0
2026-05-02 23:00:00,0.0
2026-05-03 00:00:00,0.0
2026-05-03 01:00:00,0.0
2026-05-03 02:00:00,0.0
2026-05-03 03:00:00,0.0
2026-05-03 04:00:00,15.912645944327489
2026-05-03 05:00:00,49.73725760511248
2026-05-03 06:00:00,91.03358917007364
2026-05-03 07:00:00,131.41955368207488
2026-05-03 08:00:00,197.71095121615545
2026-05-03 09:00:00,196.1088386138836
2026-05-03 10:00:00,211.6541432037977
2026-05-03 11:00:00,213.84806021782794
2026-05-03 12:00:00,206.22196575781422
2026-05-03 13:00:00,183.3011236491815
2026-05-03 14:00:00,150.23244829503852
2026-05-03 15:00:00,127.87351109724719
2026-05-03 16:00:00,70.31952856764326
2026-05-03 17:00:00,31.79108885485669
2026-05-03 18:00:00,5.161388495806471
2026-05-03 19:00:00,0.0
2026-05-03 20:00:00,0.0
2026-05-03 21:00:00,0.0
2026-05-03 22:00:00,0.0
2026-05-03 23:00:00,0.0
2026-05-04 00:00:00,0.0
2026-05-04 01:00:00,0.0
2026-05-04 02:00:00,0.0
2026-05-04 03:00:00,0.0
2026-05-04 04:00:00,16.809822850535582
2026-05-04 05:00:00,81.4079946135465
2026-05-04 06:00:00,94.96039772656603
2026-05-04 07:00:00,135.28787920545767
2026-05-04 08:00:00,167.27309304219915
2026-05-04 09:00:00,204.56701257428213
2026-05-04 10:00:00,216.55322155102664
2026-05-04 11:00:00,500.2036539407941
2026-05-04 12:00:00,310.13690199683083
2026-05-04 13:00:00,491.3431177479187
2026-05-04 14:00:00,472.6529930148939
2026-05-04 15:00:00,308.27326743700144
2026-05-04 16:00:00,74.25420191685707
2026-05-04 17:00:00,112.0799615019188
2026-05-04 18:00:00,28.37716683520758
2026-05-04 19:00:00,0.0
2026-05-04 20:00:00,0.0
2026-05-04 21:00:00,0.0
2026-05-04 22:00:00,0.0
2026-05-04 23:00:00,0.0
2026-05-05 00:00:00,0.0
2026-05-05 01:00:00,0.0
2026-05-05 02:00:00,0.0
2026-05-05 03:00:00,1.9411313317238559
2026-05-05 04:00:00,54.771405080594334
2026-05-05 05:00:00,109.82820727847606
2026-05-05 06:00:00,293.75448353270804
2026-05-05 07:00:00,399.53881701207047
2026-05-05 08:00:00,522.4889185062539
2026-05-05 09:00:00,554.4457186719957
2026-05-05 10:00:00,583.4328791123858
2026-05-05 11:00:00,630.3840160890235
2026-05-05 12:00:00,584.4515358179865
2026-05-05 13:00:00,358.8444786018878
2026-05-05 14:00:00,271.62836705967914
2026-05-05 15:00:00,208.90063571942076
2026-05-05 16:00:00,162.45395029514037
2026-05-05 17:00:00,119.66003902714448
2026-05-05 18:00:00,15.525019969892819
2026-05-05 19:00:00,0.0
2026-05-05 20:00:00,0.0
2026-05-05 21:00:00,0.0
2026-05-05 22:00:00,0.0
2026-05-05 23:00:00,0.0
2026-05-06 00:00:00,0.0
2026-05-06 01:00:00,0.0
2026-05-06 02:00:00,0.0
2026-05-06 03:00:00,6.1320089862548155
2026-05-06 04:00:00,81.22806034127109
2026-05-06 05:00:00,209.2665524075807
2026-05-06 06:00:00,331.021633257965
2026-05-06 07:00:00,455.9064928639448
2026-05-06 08:00:00,551.0105731848032
2026-05-06 09:00:00,614.1557820498535
2026-05-06 10:00:00,652.4714113758008
2026-05-06 11:00:00,660.3801350124656
2026-05-06 12:00:00,621.7555643505561
2026-05-06 13:00:00,511.7729870494755
2026-05-06 14:00:00,486.04615243927077
2026-05-06 15:00:00,377.9923052297038
2026-05-06 16:00:00,258.4593020055677
2026-05-06 17:00:00,123.54274197180402
2026-05-06 18:00:00,35.64765417636375
2026-05-06 19:00:00,0.0
2026-05-06 20:00:00,0.0
2026-05-06 21:00:00,0.0
2026-05-06 22:00:00,0.0
2026-05-06 23:00:00,0.0
2026-05-07 00:00:00,0.0
2026-05-07 01:00:00,0.0
2026-05-07 02:00:00,0.0
2026-05-07 03:00:00,6.277105324260425
2026-05-07 04:00:00,86.10223697452494
2026-05-07 05:00:00,205.4663431125351
2026-05-07 06:00:00,331.6422518381296
2026-05-07 07:00:00,454.1972173954634
2026-05-07 08:00:00,546.489240960279
2026-05-07 09:00:00,609.6532653095458
2026-05-07 10:00:00,649.7091617749201
2026-05-07 11:00:00,656.1504030102386
2026-05-07 12:00:00,604.7289080275683
2026-05-07 13:00:00,311.8119952908521
2026-05-07 14:00:00,449.23868383647
2026-05-07 15:00:00,380.88515771842077
2026-05-07 16:00:00,258.95168440662053
2026-05-07 17:00:00,123.94674441476342
2026-05-07 18:00:00,35.786830431628175
2026-05-07 19:00:00,0.0
2026-05-07 20:00:00,0.0
2026-05-07 21:00:00,0.0
2026-05-07 22:00:00,0.0
2026-05-07 23:00:00,0.0
2026-05-08 00:00:00,0.0
2026-05-08 01:00:00,0.0
2026-05-08 02:00:00,0.0
2026-05-08 03:00:00,9.244379168399115
2026-05-08 04:00:00,85.91817377883231
2026-05-08 05:00:00,209.2338756607956
2026-05-08 06:00:00,330.8853061521398
2026-05-08 07:00:00,449.1311192053364
2026-05-08 08:00:00,541.2845818484142
2026-05-08 09:00:00,608.7669134044079
2026-05-08 10:00:00,650.331897783169
2026-05-08 11:00:00,656.5903095627187
2026-05-08 12:00:00,621.3135545113465
2026-05-08 13:00:00,574.6640663396148
2026-05-08 14:00:00,491.03099241095373
2026-05-08 15:00:00,389.35856689363055
2026-05-08 16:00:00,263.8832705016086
2026-05-08 17:00:00,131.64558079865552
2026-05-08 18:00:00,40.00358629198222
2026-05-08 19:00:00,0.0
2026-05-08 20:00:00,0.0
2026-05-08 21:00:00,0.0
2026-05-08 22:00:00,0.0
2026-05-08 23:00:00,0.0
2026-05-09 00:00:00,0.0
2026-05-09 01:00:00,0.0
2026-05-09 02:00:00,0.0
2026-05-09 03:00:00,8.066414570172897
2026-05-09 04:00:00,80.74301744496991
2026-05-09 05:00:00,200.6074739228032
2026-05-09 06:00:00,330.8268819928464
2026-05-09 07:00:00,458.3512438127498
2026-05-09 08:00:00,552.5619138341663
2026-05-09 09:00:00,611.7035253322055
2026-05-09 10:00:00,652.7394043565675
2026-05-09 11:00:00,657.4451625400607
2026-05-09 12:00:00,639.0276618080013
2026-05-09 13:00:00,580.9937182526058
2026-05-09 14:00:00,499.2980891290406
2026-05-09 15:00:00,395.5281883338069
2026-05-09 16:00:00,278.2019636611092
2026-05-09 17:00:00,136.77713840963963
2026-05-09 18:00:00,40.15503289794747
2026-05-09 19:00:00,0.0
2026-05-09 20:00:00,0.0
2026-05-09 21:00:00,0.0
2026-05-09 22:00:00,0.0
2026-05-09 23:00:00,0.0
2026-05-10 00:00:00,0.0
2026-05-10 01:00:00,0.0
2026-05-10 02:00:00,0.0
2026-05-10 03:00:00,13.578976505137149
2026-05-10 04:00:00,94.11902022965548
2026-05-10 05:00:00,139.93540683420323
2026-05-10 06:00:00,253.91861276288935
2026-05-10 07:00:00,374.5839108880958
2026-05-10 08:00:00,477.07785823689807
2026-05-10 09:00:00,598.8347469797122
2026-05-10 10:00:00,650.9592729928225
2026-05-10 11:00:00,651.2078504375318
2026-05-10 12:00:00,622.6465717968423
2026-05-10 13:00:00,572.2023163729128
2026-05-10 14:00:00,485.3927752324385
2026-05-10 15:00:00,357.81003504996784
2026-05-10 16:00:00,135.72616219398253
2026-05-10 17:00:00,39.340271254353766
2026-05-10 18:00:00,14.018218219442938
2026-05-10 19:00:00,0.0
2026-05-10 20:00:00,0.0
2026-05-10 21:00:00,0.0
2026-05-10 22:00:00,0.0
2026-05-10 23:00:00,0.0
2026-05-11 00:00:00,0.0
2026-05-11 01:00:00,0.0
2026-05-11 02:00:00,0.0
2026-05-11 03:00:00,3.710641844159045
2026-05-11 04:00:00,58.78084677185997
2026-05-11 05:00:00,63.58054428872466
2026-05-11 06:00:00,326.30458001098947
2026-05-11 07:00:00,401.34641616757926
2026-05-11 08:00:00,490.07615815246925
2026-05-11 09:00:00,576.1228622661278
2026-05-11 10:00:00,627.2940436475136
2026-05-11 11:00:00,607.3559641698472
2026-05-11 12:00:00,485.33348761979215
2026-05-11 13:00:00,531.9161978497789
2026-05-11 14:00:00,382.1080522192014
2026-05-11 15:00:00,150.74069119727304
2026-05-11 16:00:00,84.2074481837828
2026-05-11 17:00:00,71.03614132032135
2026-05-11 18:00:00,10.62377887020145
2026-05-11 19:00:00,0.0
2026-05-11 20:00:00,0.0
2026-05-11 21:00:00,0.0
2026-05-11 22:00:00,0.0
2026-05-11 23:00:00,0.0
2026-05-12 00:00:00,0.0
2026-05-12 01:00:00,0.0
2026-05-12 02:00:00,0.0
2026-05-12 03:00:00,1.9224828587991605
2026-05-12 04:00:00,25.519909621400476
2026-05-12 05:00:00,60.22806136098047
2026-05-12 06:00:00,106.035742126432
2026-05-12 07:00:00,145.61105914928183
2026-05-12 08:00:00,180.01508124801904
2026-05-12 09:00:00,207.11609309161062
2026-05-12 10:00:00,219.14361061822927
2026-05-12 11:00:00,221.93736849669403
2026-05-12 12:00:00,211.663669621195
2026-05-12 13:00:00,192.74999532384723
2026-05-12 14:00:00,161.6107793814779
2026-05-12 15:00:00,124.37659854329702
2026-05-12 16:00:00,80.3861366575096
2026-05-12 17:00:00,39.77824496863872
2026-05-12 18:00:00,11.738776011701477
2026-05-12 19:00:00,0.0
2026-05-12 20:00:00,0.0
2026-05-12 21:00:00,0.0
2026-05-12 22:00:00,0.0
2026-05-12 23:00:00,0.0
2026-05-13 00:00:00,0.0
2026-05-13 01:00:00,0.0
2026-05-13 02:00:00,0.0
2026-05-13 03:00:00,1.915710524414319
2026-05-13 04:00:00,25.83179192250417
2026-05-13 05:00:00,60.34612421355025
2026-05-13 06:00:00,106.06218902302395
2026-05-13 07:00:00,145.8274201059628
2026-05-13 08:00:00,180.06691904883468
2026-05-13 09:00:00,209.2198707505656
2026-05-13 10:00:00,221.0043540493797
2026-05-13 11:00:00,223.774509768362
2026-05-13 12:00:00,213.0741778322638
2026-05-13 13:00:00,193.59807694386177
2026-05-13 14:00:00,162.24035000366385
2026-05-13 15:00:00,125.63508655032605
2026-05-13 16:00:00,81.85273638444714
2026-05-13 17:00:00,42.16733736648155
2026-05-13 18:00:00,13.08373015134094
2026-05-13 19:00:00,0.0
2026-05-13 20:00:00,0.0
2026-05-13 21:00:00,0.0
2026-05-13 22:00:00,0.0
2026-05-13 23:00:00,0.0
2026-05-14 00:00:00,0.0
2026-05-14 01:00:00,0.0
2026-05-14 02:00:00,0.0
2026-05-14 03:00:00,5.145229309713106
2026-05-14 04:00:00,34.2150439293118
2026-05-14 05:00:00,173.95683610892945
2026-05-14 06:00:00,113.89332203036253
2026-05-14 07:00:00,224.1486926027608
2026-05-14 08:00:00,215.907211437171
2026-05-14 09:00:00,326.09591244693445
2026-05-14 10:00:00,416.0606446114268
2026-05-14 11:00:00,425.78710952031884
2026-05-14 12:00:00,544.8506919071792
2026-05-14 13:00:00,494.95115334889084
2026-05-14 14:00:00,470.93647681074555
2026-05-14 15:00:00,325.3700586895848
2026-05-14 16:00:00,183.53684633547797
2026-05-14 17:00:00,77.91661760567959
2026-05-14 18:00:00,48.255149933346814
2026-05-14 19:00:00,0.0
2026-05-14 20:00:00,0.0
2026-05-14 21:00:00,0.0
2026-05-14 22:00:00,0.0
2026-05-14 23:00:00,0.0
2026-05-15 00:00:00,0.0
2026-05-15 01:00:00,0.0
2026-05-15 02:00:00,0.0
2026-05-15 03:00:00,3.6951387481915003
2026-05-15 04:00:00,57.77350425813312
2026-05-15 05:00:00,82.00653448962078
2026-05-15 06:00:00,184.30091061122278
2026-05-15 07:00:00,386.3581738546873
2026-05-15 08:00:00,539.2122552548583
2026-05-15 09:00:00,609.6186010911917
2026-05-15 10:00:00,626.3368320470156
2026-05-15 11:00:00,579.7536941208264
2026-05-15 12:00:00,602.4291648498067
2026-05-15 13:00:00,540.0834047866781
2026-05-15 14:00:00,164.28771170020036
2026-05-15 15:00:00,127.33175918979694
2026-05-15 16:00:00,126.8830432270449
2026-05-15 17:00:00,87.45653782143526
2026-05-15 18:00:00,37.17596260865866
2026-05-15 19:00:00,0.0
2026-05-15 20:00:00,0.0
2026-05-15 21:00:00,0.0
2026-05-15 22:00:00,0.0
2026-05-15 23:00:00,0.0
2026-05-16 00:00:00,0.0
2026-05-16 01:00:00,0.0
2026-05-16 02:00:00,0.0
2026-05-16 03:00:00,9.453677768205381
2026-05-16 04:00:00,62.13937400384645
2026-05-16 05:00:00,59.23389970873632
2026-05-16 06:00:00,148.67398584130154
2026-05-16 07:00:00,235.89950448065352
2026-05-16 08:00:00,181.55580119110192
2026-05-16 09:00:00,206.5281215730778
2026-05-16 10:00:00,223.06472234530207
2026-05-16 11:00:00,232.32421632685916
2026-05-16 12:00:00,220.22048143965
2026-05-16 13:00:00,556.1428552228031
2026-05-16 14:00:00,289.7531082664129
2026-05-16 15:00:00,391.63028202029886
2026-05-16 16:00:00,281.20127601624637
2026-05-16 17:00:00,147.012706883902
2026-05-16 18:00:00,57.39894480265631
2026-05-16 19:00:00,1.0473058975371903
2026-05-16 20:00:00,0.0
2026-05-16 21:00:00,0.0
2026-05-16 22:00:00,0.0
2026-05-16 23:00:00,0.0
2026-05-17 00:00:00,0.0
2026-05-17 01:00:00,0.0
2026-05-17 02:00:00,0.0
2026-05-17 03:00:00,23.200559880211937
2026-05-17 04:00:00,102.46959085315936
2026-05-17 05:00:00,223.0864529072923
2026-05-17 06:00:00,295.66513133088694
2026-05-17 07:00:00,428.2540889552894
2026-05-17 08:00:00,503.6842917065005
2026-05-17 09:00:00,487.8408589509871
2026-05-17 10:00:00,472.62659533487727
2026-05-17 11:00:00,412.67443413829676
2026-05-17 12:00:00,223.3076299271907
2026-05-17 13:00:00,415.4332197084053
2026-05-17 14:00:00,489.96071695308433
2026-05-17 15:00:00,336.16682744886424
2026-05-17 16:00:00,282.42724952028595
2026-05-17 17:00:00,146.9832993485259
2026-05-17 18:00:00,61.864267747934534
2026-05-17 19:00:00,1.872287934792104
2026-05-17 20:00:00,0.0
2026-05-17 21:00:00,0.0
2026-05-17 22:00:00,0.0
2026-05-17 23:00:00,0.0
2026-05-18 00:00:00,0.0
2026-05-18 01:00:00,0.0
2026-05-18 02:00:00,0.0
2026-05-18 03:00:00,23.965480959029684
2026-05-18 04:00:00,75.25249238553255
2026-05-18 05:00:00,202.120917315501
2026-05-18 06:00:00,323.1605687320309
2026-05-18 07:00:00,405.5097480493746
2026-05-18 08:00:00,517.0725557815513
2026-05-18 09:00:00,554.8459194331413
2026-05-18 10:00:00,547.0100944994695
2026-05-18 11:00:00,254.00458653580168
2026-05-18 12:00:00,249.9904687433415
2026-05-18 13:00:00,350.112207281851
2026-05-18 14:00:00,321.4016893334844
2026-05-18 15:00:00,374.8911247884917
2026-05-18 16:00:00,270.0426420091071
2026-05-18 17:00:00,139.85601362838318
2026-05-18 18:00:00,40.6042927092169
2026-05-18 19:00:00,1.046443667955979
2026-05-18 20:00:00,0.0
2026-05-18 21:00:00,0.0
2026-05-18 22:00:00,0.0
2026-05-18 23:00:00,0.0
2026-05-19 00:00:00,0.0
2026-05-19 01:00:00,0.0
2026-05-19 02:00:00,0.0
2026-05-19 03:00:00,4.625394514704415
2026-05-19 04:00:00,29.798386006549208
2026-05-19 05:00:00,62.413329810178446
2026-05-19 06:00:00,173.01559859580235
2026-05-19 07:00:00,151.82921354499624
2026-05-19 08:00:00,309.09293640919003
2026-05-19 09:00:00,209.49457233101106
2026-05-19 10:00:00,223.70208322554754
2026-05-19 11:00:00,369.36064059674186
2026-05-19 12:00:00,270.5464318189878
2026-05-19 13:00:00,198.4400326572832
2026-05-19 14:00:00,164.35416384901774
2026-05-19 15:00:00,127.87397683370294
2026-05-19 16:00:00,88.12946495514431
2026-05-19 17:00:00,49.377023711209965
2026-05-19 18:00:00,47.865681904062995
2026-05-19 19:00:00,3.1697178361256992
2026-05-19 20:00:00,0.0
2026-05-19 21:00:00,0.0
2026-05-19 22:00:00,0.0
2026-05-19 23:00:00,0.0
2026-05-20 00:00:00,0.0
2026-05-20 01:00:00,0.0
2026-05-20 02:00:00,0.0
2026-05-20 03:00:00,27.81486768129063
2026-05-20 04:00:00,102.89484881275592
2026-05-20 05:00:00,221.73991717867463
2026-05-20 06:00:00,337.0976804994462
2026-05-20 07:00:00,454.2507478033205
2026-05-20 08:00:00,538.5228606831935
2026-05-20 09:00:00,544.8599860899415
2026-05-20 10:00:00,520.9775083132258
2026-05-20 11:00:00,233.1826303710723
2026-05-20 12:00:00,362.3563341150622
2026-05-20 13:00:00,559.5468804519151
2026-05-20 14:00:00,318.36823193621086
2026-05-20 15:00:00,373.51857682797964
2026-05-20 16:00:00,280.5206291484357
2026-05-20 17:00:00,142.09331849934998
2026-05-20 18:00:00,64.31358276746423
2026-05-20 19:00:00,4.533606552710919
2026-05-20 20:00:00,0.0
2026-05-20 21:00:00,0.0
2026-05-20 22:00:00,0.0
2026-05-20 23:00:00,0.0
2026-05-21 00:00:00,0.0
2026-05-21 01:00:00,0.0
2026-05-21 02:00:00,0.0
2026-05-21 03:00:00,5.57034701117537
2026-05-21 04:00:00,37.35025213553861
2026-05-21 05:00:00,65.74157150771659
2026-05-21 06:00:00,253.43484167954867
2026-05-21 07:00:00,273.166813436279
2026-05-21 08:00:00,203.3650475938471
2026-05-21 09:00:00,209.90095559190044
2026-05-21 10:00:00,220.80032128311692
2026-05-21 11:00:00,224.34855373514822
2026-05-21 12:00:00,517.3449189454159
2026-05-21 13:00:00,441.02203209469747
2026-05-21 14:00:00,332.2300260050899
2026-05-21 15:00:00,167.32017026946684
2026-05-21 16:00:00,205.2869077889882
2026-05-21 17:00:00,142.7077696730762
2026-05-21 18:00:00,66.857116424147
2026-05-21 19:00:00,3.4755604846145487
2026-05-21 20:00:00,0.0
2026-05-21 21:00:00,0.0
2026-05-21 22:00:00,0.0
2026-05-21 23:00:00,0.0
2026-05-22 00:00:00,0.0
2026-05-22 01:00:00,0.0
2026-05-22 02:00:00,0.0
2026-05-22 03:00:00,12.17254077081208
2026-05-22 04:00:00,42.01417977027921
2026-05-22 05:00:00,96.61871044065344
2026-05-22 06:00:00,273.1724411167948
2026-05-22 07:00:00,442.22914709342484
2026-05-22 08:00:00,546.2231384512489
2026-05-22 09:00:00,606.0459804705587
2026-05-22 10:00:00,647.7470941979658
2026-05-22 11:00:00,656.3903625428993
2026-05-22 12:00:00,631.794118733432
2026-05-22 13:00:00,564.4387321941277
2026-05-22 14:00:00,441.7285459603726
2026-05-22 15:00:00,340.1220530276039
2026-05-22 16:00:00,142.82131503225145
2026-05-22 17:00:00,140.87731825093226
2026-05-22 18:00:00,70.46961813057963
2026-05-22 19:00:00,5.959575200482663
2026-05-22 20:00:00,0.0
2026-05-22 21:00:00,0.0
2026-05-22 22:00:00,0.0
2026-05-22 23:00:00,0.0
2026-05-23 00:00:00,0.0
2026-05-23 01:00:00,0.0
2026-05-23 02:00:00,0.0
2026-05-23 03:00:00,33.93487686121831
2026-05-23 04:00:00,113.00874607605343
2026-05-23 05:00:00,231.09832518024433
2026-05-23 06:00:00,343.4320877366289
2026-05-23 07:00:00,455.7992463578309
2026-05-23 08:00:00,540.0743411903643
2026-05-23 09:00:00,599.2976001412716
2026-05-23 10:00:00,590.3348319994992
2026-05-23 11:00:00,588.1934448776225
2026-05-23 12:00:00,567.267561937508
2026-05-23 13:00:00,523.2301040710289
2026-05-23 14:00:00,287.27346891037683
2026-05-23 15:00:00,196.7934364049796
2026-05-23 16:00:00,195.0543244678559
2026-05-23 17:00:00,45.694648247609294
2026-05-23 18:00:00,38.16027536988293
2026-05-23 19:00:00,0.379281578563846
2026-05-23 20:00:00,0.0
2026-05-23 21:00:00,0.0
2026-05-23 22:00:00,0.0
2026-05-23 23:00:00,0.0
2026-05-24 00:00:00,0.0
2026-05-24 01:00:00,0.0
2026-05-24 02:00:00,0.0
2026-05-24 03:00:00,37.114855874939494
2026-05-24 04:00:00,118.53307976717939
2026-05-24 05:00:00,243.36437224930046
2026-05-24 06:00:00,336.9686717565876
2026-05-24 07:00:00,442.4139483986798
2026-05-24 08:00:00,544.8904638669842
2026-05-24 09:00:00,614.0418624764571
2026-05-24 10:00:00,642.481505995934
2026-05-24 11:00:00,635.4171697063733
2026-05-24 12:00:00,601.1530058430357
2026-05-24 13:00:00,542.6027207806459
2026-05-24 14:00:00,391.29617083707774
2026-05-24 15:00:00,327.70635410164215
2026-05-24 16:00:00,261.5166603599467
2026-05-24 17:00:00,160.80045220953582
2026-05-24 18:00:00,76.98173802353702
2026-05-24 19:00:00,8.058082438630322
2026-05-24 20:00:00,0.0
2026-05-24 21:00:00,0.0
2026-05-24 22:00:00,0.0
2026-05-24 23:00:00,0.0
2026-05-25 00:00:00,0.0
2026-05-25 01:00:00,0.0
2026-05-25 02:00:00,0.0
2026-05-25 03:00:00,33.33220074836994
2026-05-25 04:00:00,95.23681461947157
2026-05-25 05:00:00,143.31456095786706
2026-05-25 06:00:00,276.64223281134093
2026-05-25 07:00:00,341.21022866509946
2026-05-25 08:00:00,392.3391291859044
2026-05-25 09:00:00,492.4225387679363
2026-05-25 10:00:00,591.5633126130809
2026-05-25 11:00:00,472.71894658876226
2026-05-25 12:00:00,505.8917706271176
2026-05-25 13:00:00,487.36354973090823
2026-05-25 14:00:00,346.25553164250886
2026-05-25 15:00:00,136.13915108499612
2026-05-25 16:00:00,98.12345010492156
2026-05-25 17:00:00,75.37111241764777
2026-05-25 18:00:00,21.106888956932377
2026-05-25 19:00:00,1.8648420834874098
2026-05-25 20:00:00,0.0
2026-05-25 21:00:00,0.0
2026-05-25 22:00:00,0.0
2026-05-25 23:00:00,0.0
2026-05-26 00:00:00,0.0
2026-05-26 01:00:00,0.0
2026-05-26 02:00:00,0.0
2026-05-26 03:00:00,31.743894530107628
2026-05-26 04:00:00,116.12376415808785
2026-05-26 05:00:00,206.83675317529952
2026-05-26 06:00:00,325.91855030935466
2026-05-26 07:00:00,266.6304927829796
2026-05-26 08:00:00,483.0591238306016
2026-05-26 09:00:00,221.435008046554
2026-05-26 10:00:00,548.3376430365605
2026-05-26 11:00:00,534.1291232141939
2026-05-26 12:00:00,608.7219053006954
2026-05-26 13:00:00,573.7466405865325
2026-05-26 14:00:00,488.54535895972936
2026-05-26 15:00:00,317.0951268720171
2026-05-26 16:00:00,236.12659742299206
2026-05-26 17:00:00,115.73204316664561
2026-05-26 18:00:00,44.39599824903406
2026-05-26 19:00:00,6.449775083886377
2026-05-26 20:00:00,0.0
2026-05-26 21:00:00,0.0
2026-05-26 22:00:00,0.0
2026-05-26 23:00:00,0.0
2026-05-27 00:00:00,0.0
2026-05-27 01:00:00,0.0
2026-05-27 02:00:00,0.0
2026-05-27 03:00:00,48.310587544628945
2026-05-27 04:00:00,128.03617295890373
2026-05-27 05:00:00,260.19211391029
2026-05-27 06:00:00,380.3758323547621
2026-05-27 07:00:00,486.7854584073206
2026-05-27 08:00:00,568.8410312817182
2026-05-27 09:00:00,412.7696372504203
2026-05-27 10:00:00,325.48704512862616
2026-05-27 11:00:00,421.65962711995627
2026-05-27 12:00:00,595.8174380827447
2026-05-27 13:00:00,423.5411992477889
2026-05-27 14:00:00,249.5724756080894
2026-05-27 15:00:00,303.4902110615824
2026-05-27 16:00:00,156.11532932076022
2026-05-27 17:00:00,176.5241620417241
2026-05-27 18:00:00,57.94138101342494
2026-05-27 19:00:00,13.563842541787691
2026-05-27 20:00:00,0.0
2026-05-27 21:00:00,0.0
2026-05-27 22:00:00,0.0
2026-05-27 23:00:00,0.0
2026-05-28 00:00:00,0.0
2026-05-28 01:00:00,0.0
2026-05-28 02:00:00,0.0
2026-05-28 03:00:00,50.3439152182077
2026-05-28 04:00:00,130.07452847880185
2026-05-28 05:00:00,263.87840204285715
2026-05-28 06:00:00,380.6803736643466
2026-05-28 07:00:00,486.05923245226876
2026-05-28 08:00:00,512.4889327583942
2026-05-28 09:00:00,468.5904733294797
2026-05-28 10:00:00,543.3965577524175
2026-05-28 11:00:00,495.94049324096346
2026-05-28 12:00:00,468.7472237264201
2026-05-28 13:00:00,422.40740769276954
2026-05-28 14:00:00,408.5662328839874
2026-05-28 15:00:00,388.020595116443
2026-05-28 16:00:00,295.11246206577914
2026-05-28 17:00:00,163.8904038292168
2026-05-28 18:00:00,91.87412738777952
2026-05-28 19:00:00,14.40262273489157
2026-05-28 20:00:00,0.0
2026-05-28 21:00:00,0.0
2026-05-28 22:00:00,0.0
2026-05-28 23:00:00,0.0
2026-05-29 00:00:00,0.0
2026-05-29 01:00:00,0.0
2026-05-29 02:00:00,0.0
2026-05-29 03:00:00,43.26800484829528
2026-05-29 04:00:00,69.76911586597038
2026-05-29 05:00:00,88.93806815720693
2026-05-29 06:00:00,191.19851035538318
2026-05-29 07:00:00,305.1106958832659
2026-05-29 08:00:00,532.2107402146501
2026-05-29 09:00:00,622.6982208775369
2026-05-29 10:00:00,660.5618869927749
2026-05-29 11:00:00,661.9146515102966
2026-05-29 12:00:00,636.2029025771369
2026-05-29 13:00:00,579.3934700907973
2026-05-29 14:00:00,505.5661593251373
2026-05-29 15:00:00,405.8193353569264
2026-05-29 16:00:00,296.72426676130755
2026-05-29 17:00:00,170.369308094495
2026-05-29 18:00:00,86.43158201202557
2026-05-29 19:00:00,13.645225468388405
2026-05-29 20:00:00,0.0
2026-05-29 21:00:00,0.0
2026-05-29 22:00:00,0.0
2026-05-29 23:00:00,0.0
2026-05-30 00:00:00,0.0
2026-05-30 01:00:00,0.0
2026-05-30 02:00:00,0.0
2026-05-30 03:00:00,19.65036836320449
2026-05-30 04:00:00,86.07875091774592
2026-05-30 05:00:00,231.16082774749842
2026-05-30 06:00:00,325.24300948687886
2026-05-30 07:00:00,428.6833595578005
2026-05-30 08:00:00,490.23472520533966
2026-05-30 09:00:00,499.8893555112437
2026-05-30 10:00:00,560.1657753751479
2026-05-30 11:00:00,636.5012869531004
2026-05-30 12:00:00,587.9141938413686
2026-05-30 13:00:00,421.85863240099013
2026-05-30 14:00:00,371.25297597204855
2026-05-30 15:00:00,179.9853983301998
2026-05-30 16:00:00,94.84995664298519
2026-05-30 17:00:00,53.611459072072634
2026-05-30 18:00:00,21.19751895586287
2026-05-30 19:00:00,5.070599655934767
2026-05-30 20:00:00,0.0
2026-05-30 21:00:00,0.0
2026-05-30 22:00:00,0.0
2026-05-30 23:00:00,0.0
2026-05-31 00:00:00,0.0
2026-05-31 01:00:00,0.0
2026-05-31 02:00:00,0.0
2026-05-31 03:00:00,42.361457085966116
2026-05-31 04:00:00,122.82078555944437
2026-05-31 05:00:00,233.15796418728652
2026-05-31 06:00:00,319.4870506736001
2026-05-31 07:00:00,477.3779093579145
2026-05-31 08:00:00,566.5884311548048
2026-05-31 09:00:00,616.1758582805529
2026-05-31 10:00:00,660.7689564889605
2026-05-31 11:00:00,660.5673965883801
2026-05-31 12:00:00,635.3236580054065
2026-05-31 13:00:00,588.9379128239885
2026-05-31 14:00:00,504.3645490242389
2026-05-31 15:00:00,404.62566397379095
2026-05-31 16:00:00,302.53079865757945
2026-05-31 17:00:00,172.80900445434457
2026-05-31 18:00:00,87.92701930801914
2026-05-31 19:00:00,15.581469010264787
2026-05-31 20:00:00,0.0
2026-05-31 21:00:00,0.0
2026-05-31 22:00:00,0.0
2026-05-31 23:00:00,0.0
