Latitude (decimal degrees):	59.246
Longitude (decimal degrees):	18.035
Elevation (m):	57
Radiation database:	PVGIS-SARAH3


Slope: 42 deg. 
Azimuth: 0 deg. 
Nominal power of the PV system (c-Si) (kWp):	1.0
System losses (%):	14.0
time,P,G(i),H_sun,T2m,WS10m,Int
20220101:0011,0.0,0.0,0.0,-0.25,3.66,0.0
20220101:0111,0.0,0.0,0.0,-0.39,3.79,0.0
20220101:0211,0.0,0.0,0.0,-0.27,3.86,0.0
20220101:0311,0.0,0.0,0.0,-0.22,4.48,0.0
20220101:0411,0.0,0.0,0.0,-0.34,4.76,0.0
20220101:0511,0.0,0.0,0.0,-0.62,4.76,0.0
20220101:0611,0.0,0.0,0.0,-0.88,4.55,0.0
20220101:0711,0.0,0.0,0.0,-0.95,4.48,0.0
20220101:0811,0.0,0.0,0.0,-1.09,4.28,0.0
20220101:0911,9.4,21.52,5.21,-1.05,3.72,0.0
20220101:1011,6.94,17.93,7.33,-1.15,3.52,0.0
20220101:1111,4.62,14.34,7.64,-1.06,3.38,0.0
20220101:1211,1.56,8.97,6.1,-1.11,2.9,0.0
20220101:1311,0.0,1.65,2.84,-1.25,2.55,0.0
20220101:1411,0.0,0.0,0.0,-1.52,2.34,0.0
20220101:1511,0.0,0.0,0.0,-1.81,2.0,0.0
20220101:1611,0.0,0.0,0.0,-1.95,1.72,0.0
20220101:1711,0.0,0.0,0.0,-2.01,1.24,0.0
20220101:1811,0.0,0.0,0.0,-1.8,0.14,0.0
20220101:1911,0.0,0.0,0.0,-1.49,1.17,0.0
20220101:2011,0.0,0.0,0.0,-1.05,2.34,0.0
20220101:2111,0.0,0.0,0.0,-0.54,3.79,0.0
20220101:2211,0.0,0.0,0.0,-0.01,4.97,0.0
20220101:2311,0.0,0.0,0.0,0.19,5.86,0.0
20220102:0011,0.0,0.0,0.0,0.26,6.21,0.0
20220102:0111,0.0,0.0,0.0,0.3,6.34,0.0
20220102:0211,0.0,0.0,0.0,0.32,6.34,0.0
20220102:0311,0.0,0.0,0.0,0.57,6.48,0.0
20220102:0411,0.0,0.0,0.0,0.79,6.21,0.0
20220102:0511,0.0,0.0,0.0,1.2,5.79,0.0
20220102:0611,0.0,0.0,0.0,1.76,5.03,0.0
20220102:0711,0.0,0.0,0.0,1.95,4.48,0.0
20220102:0811,0.0,0.83,1.47,2.22,3.86,0.0
20220102:0911,60.36,82.7,5.27,2.5,3.38,0.0
20220102:1011,84.97,110.15,7.41,2.97,3.38,0.0
20220102:1111,18.36,34.07,7.73,3.6,3.38,0.0
20220102:1211,7.33,18.83,6.21,3.9,3.45,0.0
20220102:1311,0.0,1.65,2.95,4.0,3.31,0.0
20220102:1411,0.0,0.0,0.0,4.02,3.52,0.0
20220102:1511,0.0,0.0,0.0,4.02,3.79,0.0
20220102:1611,0.0,0.0,0.0,3.96,3.52,0.0
20220102:1711,0.0,0.0,0.0,3.92,3.1,0.0
20220102:1811,0.0,0.0,0.0,3.85,2.97,0.0
20220102:1911,0.0,0.0,0.0,3.63,2.76,0.0
20220102:2011,0.0,0.0,0.0,3.52,2.55,0.0
20220102:2111,0.0,0.0,0.0,3.42,2.55,0.0
20220102:2211,0.0,0.0,0.0,3.34,2.62,0.0
20220102:2311,0.0,0.0,0.0,3.28,2.69,0.0
20220103:0011,0.0,0.0,0.0,3.21,2.76,0.0
20220103:0111,0.0,0.0,0.0,3.12,2.83,0.0
20220103:0211,0.0,0.0,0.0,2.99,2.97,0.0
20220103:0311,0.0,0.0,0.0,2.98,3.17,0.0
20220103:0411,0.0,0.0,0.0,2.81,2.83,0.0
20220103:0511,0.0,0.0,0.0,2.63,2.83,0.0
20220103:0611,0.0,0.0,0.0,2.47,2.97,0.0
20220103:0711,0.0,0.0,0.0,2.75,3.17,0.0
20220103:0811,0.0,0.83,1.52,2.85,2.9,0.0
20220103:0911,6.19,17.03,5.34,2.89,2.69,0.0
20220103:1011,8.57,20.62,7.49,3.15,2.41,0.0
20220103:1111,25.92,43.43,7.83,3.17,2.28,0.0
20220103:1211,2.92,11.65,6.32,3.34,2.62,0.0
20220103:1311,0.0,2.69,3.07,3.37,2.9,0.0
20220103:1411,0.0,0.0,0.0,3.31,3.03,0.0
20220103:1511,0.0,0.0,0.0,3.33,3.24,0.0
20220103:1611,0.0,0.0,0.0,3.36,3.45,0.0
20220103:1711,0.0,0.0,0.0,3.45,3.66,0.0
20220103:1811,0.0,0.0,0.0,3.4,3.72,0.0
20220103:1911,0.0,0.0,0.0,3.61,3.59,0.0
20220103:2011,0.0,0.0,0.0,3.69,3.59,0.0
20220103:2111,0.0,0.0,0.0,3.75,3.86,0.0
20220103:2211,0.0,0.0,0.0,4.08,4.34,0.0
20220103:2311,0.0,0.0,0.0,3.84,4.83,0.0
20220104:0011,0.0,0.0,0.0,3.69,4.97,0.0
20220104:0111,0.0,0.0,0.0,3.92,5.1,0.0
20220104:0211,0.0,0.0,0.0,3.87,5.17,0.0
20220104:0311,0.0,0.0,0.0,3.41,5.17,0.0
20220104:0411,0.0,0.0,0.0,2.3,5.38,0.0
20220104:0511,0.0,0.0,0.0,0.9,5.03,0.0
20220104:0611,0.0,0.0,0.0,-0.07,4.69,0.0
20220104:0711,0.0,0.0,0.0,-0.74,4.34,0.0
20220104:0811,0.0,3.59,1.58,-0.89,4.34,0.0
20220104:0911,377.5,419.54,5.41,-0.69,4.41,0.0
20220104:1011,455.01,505.34,7.58,-0.12,4.48,0.0
20220104:1111,518.53,577.97,7.93,0.41,4.48,0.0
20220104:1211,442.28,493.82,6.43,0.69,4.28,0.0
20220104:1311,65.37,87.51,3.2,0.56,3.93,0.0
20220104:1411,0.0,0.0,0.0,0.15,3.86,0.0
20220104:1511,0.0,0.0,0.0,-0.02,3.93,0.0
20220104:1611,0.0,0.0,0.0,-0.09,3.72,0.0
20220104:1711,0.0,0.0,0.0,-0.19,3.66,0.0
20220104:1811,0.0,0.0,0.0,-0.28,3.59,0.0
20220104:1911,0.0,0.0,0.0,-0.16,3.52,0.0
20220104:2011,0.0,0.0,0.0,-0.22,3.52,0.0
20220104:2111,0.0,0.0,0.0,-0.02,3.52,0.0
20220104:2211,0.0,0.0,0.0,-0.08,3.38,0.0
20220104:2311,0.0,0.0,0.0,-0.33,3.17,0.0
20220105:0011,0.0,0.0,0.0,-0.49,3.03,0.0
20220105:0111,0.0,0.0,0.0,-0.38,3.1,0.0
20220105:0211,0.0,0.0,0.0,-0.3,3.17,0.0
20220105:0311,0.0,0.0,0.0,-0.13,3.31,0.0
20220105:0411,0.0,0.0,0.0,0.13,3.38,0.0
20220105:0511,0.0,0.0,0.0,0.15,3.31,0.0
20220105:0611,0.0,0.0,0.0,-0.05,3.17,0.0
20220105:0711,0.0,0.0,0.0,-0.36,2.97,0.0
20220105:0811,0.0,5.38,1.65,-0.42,2.69,0.0
20220105:0911,8.12,19.72,5.5,-0.43,2.41,0.0
20220105:1011,10.63,23.31,7.68,-0.26,2.28,0.0
20220105:1111,1.54,8.97,8.05,-0.13,2.55,0.0
20220105:1211,0.69,7.17,6.56,-0.29,2.76,0.0
20220105:1311,0.0,3.59,3.33,-0.51,2.97,0.0
20220105:1411,0.0,0.0,0.0,-1.03,3.59,0.0
20220105:1511,0.0,0.0,0.0,-1.8,3.86,0.0
20220105:1611,0.0,0.0,0.0,-2.88,4.55,0.0
20220105:1711,0.0,0.0,0.0,-4.03,4.9,0.0
20220105:1811,0.0,0.0,0.0,-4.82,4.83,0.0
20220105:1911,0.0,0.0,0.0,-4.86,5.03,0.0
20220105:2011,0.0,0.0,0.0,-5.08,5.24,0.0
20220105:2111,0.0,0.0,0.0,-4.92,6.21,0.0
20220105:2211,0.0,0.0,0.0,-4.6,6.69,0.0
20220105:2311,0.0,0.0,0.0,-4.33,5.93,0.0
20220106:0011,0.0,0.0,0.0,-3.94,5.66,0.0
20220106:0111,0.0,0.0,0.0,-3.68,5.38,0.0
20220106:0211,0.0,0.0,0.0,-3.71,5.17,0.0
20220106:0311,0.0,0.0,0.0,-3.99,5.1,0.0
20220106:0411,0.0,0.0,0.0,-4.36,5.66,0.0
20220106:0511,0.0,0.0,0.0,-4.75,5.24,0.0
20220106:0611,0.0,0.0,0.0,-5.16,4.97,0.0
20220106:0711,0.0,0.0,0.0,-5.92,4.9,0.0
20220106:0811,0.74,7.17,1.73,-6.33,4.83,0.0
20220106:0911,311.67,339.81,5.59,-6.31,4.69,0.0
20220106:1011,348.39,378.92,7.79,-5.99,4.34,0.0
20220106:1111,532.1,577.43,8.17,-5.67,4.34,0.0
20220106:1211,454.05,492.17,6.69,-5.51,4.62,0.0
20220106:1311,65.91,86.03,3.47,-5.59,4.41,0.0
20220106:1411,0.0,0.0,0.0,-5.99,4.28,0.0
20220106:1511,0.0,0.0,0.0,-6.32,4.14,0.0
20220106:1611,0.0,0.0,0.0,-6.5,4.07,0.0
20220106:1711,0.0,0.0,0.0,-6.63,4.07,0.0
20220106:1811,0.0,0.0,0.0,-6.69,4.07,0.0
20220106:1911,0.0,0.0,0.0,-6.68,4.07,0.0
20220106:2011,0.0,0.0,0.0,-6.77,4.14,0.0
20220106:2111,0.0,0.0,0.0,-6.83,4.21,0.0
20220106:2211,0.0,0.0,0.0,-6.89,4.14,0.0
20220106:2311,0.0,0.0,0.0,-6.9,4.0,0.0
20220107:0011,0.0,0.0,0.0,-6.93,3.86,0.0
20220107:0111,0.0,0.0,0.0,-7.0,3.59,0.0
20220107:0211,0.0,0.0,0.0,-7.08,3.38,0.0
20220107:0311,0.0,0.0,0.0,-7.17,3.17,0.0
20220107:0411,0.0,0.0,0.0,-7.23,3.03,0.0
20220107:0511,0.0,0.0,0.0,-7.28,2.83,0.0
20220107:0611,0.0,0.0,0.0,-7.34,2.55,0.0
20220107:0711,0.0,0.0,0.0,-8.08,2.41,0.0
20220107:0811,0.0,1.79,1.81,-8.23,2.0,0.0
20220107:0911,264.81,292.5,5.69,-7.91,1.38,0.0
20220107:1011,349.71,384.94,7.9,-7.16,0.97,0.0
20220107:1111,499.89,556.56,8.29,-6.37,0.69,0.0
20220107:1211,22.31,37.66,6.83,-5.75,0.76,0.0
20220107:1311,0.0,4.48,3.62,-5.26,1.17,0.0
20220107:1411,0.0,0.0,0.0,-4.95,1.79,0.0
20220107:1511,0.0,0.0,0.0,-4.52,2.34,0.0
20220107:1611,0.0,0.0,0.0,-3.93,2.83,0.0
20220107:1711,0.0,0.0,0.0,-3.25,3.17,0.0
20220107:1811,0.0,0.0,0.0,-2.63,3.45,0.0
20220107:1911,0.0,0.0,0.0,-1.55,4.41,0.0
20220107:2011,0.0,0.0,0.0,-1.07,4.76,0.0
20220107:2111,0.0,0.0,0.0,-0.66,5.03,0.0
20220107:2211,0.0,0.0,0.0,-0.22,5.03,0.0
20220107:2311,0.0,0.0,0.0,0.15,4.97,0.0
20220108:0011,0.0,0.0,0.0,0.54,4.9,0.0
20220108:0111,0.0,0.0,0.0,0.74,4.55,0.0
20220108:0211,0.0,0.0,0.0,0.7,4.21,0.0
20220108:0311,0.0,0.0,0.0,0.56,3.66,0.0
20220108:0411,0.0,0.0,0.0,0.5,3.66,0.0
20220108:0511,0.0,0.0,0.0,0.43,3.17,0.0
20220108:0611,0.0,0.0,0.0,0.34,2.62,0.0
20220108:0711,0.0,0.0,0.0,0.34,2.62,0.0
20220108:0811,0.0,0.9,1.9,0.23,2.55,0.0
20220108:0911,11.25,24.21,5.79,0.2,2.48,0.0
20220108:1011,295.03,334.34,8.02,0.25,2.34,0.0
20220108:1111,94.69,119.79,8.43,0.33,2.41,0.0
20220108:1211,99.6,125.02,6.97,0.5,2.28,0.0
20220108:1311,0.0,3.59,3.77,0.43,1.79,0.0
20220108:1411,0.0,0.0,0.0,0.13,1.52,0.0
20220108:1511,0.0,0.0,0.0,-0.08,1.24,0.0
20220108:1611,0.0,0.0,0.0,-0.21,1.31,0.0
20220108:1711,0.0,0.0,0.0,-0.34,1.38,0.0
20220108:1811,0.0,0.0,0.0,-0.5,1.24,0.0
20220108:1911,0.0,0.0,0.0,-0.68,1.52,0.0
20220108:2011,0.0,0.0,0.0,-1.19,1.17,0.0
20220108:2111,0.0,0.0,0.0,-1.94,1.31,0.0
20220108:2211,0.0,0.0,0.0,-2.09,1.79,0.0
20220108:2311,0.0,0.0,0.0,-1.54,2.07,0.0
20220109:0011,0.0,0.0,0.0,-1.19,2.48,0.0
20220109:0111,0.0,0.0,0.0,-0.82,2.69,0.0
20220109:0211,0.0,0.0,0.0,-0.63,3.17,0.0
20220109:0311,0.0,0.0,0.0,-0.65,3.59,0.0
20220109:0411,0.0,0.0,0.0,-0.81,3.66,0.0
20220109:0511,0.0,0.0,0.0,-0.88,3.59,0.0
20220109:0611,0.0,0.0,0.0,-1.09,3.59,0.0
20220109:0711,0.0,0.0,0.0,0.0,2.9,0.0
20220109:0811,0.0,0.9,2.0,-0.13,2.69,0.0
20220109:0911,155.29,184.07,5.91,0.05,2.69,0.0
20220109:1011,132.09,159.49,8.15,0.23,2.9,0.0
20220109:1111,16.59,31.38,8.57,0.41,3.03,0.0
20220109:1211,0.68,7.17,7.12,0.47,3.03,0.0
20220109:1311,0.0,3.59,3.93,0.22,3.1,0.0
20220109:1411,0.0,0.0,0.0,-0.22,3.45,0.0
20220109:1511,0.0,0.0,0.0,-0.47,3.79,0.0
20220109:1611,0.0,0.0,0.0,-0.6,3.93,0.0
20220109:1711,0.0,0.0,0.0,-0.78,3.79,0.0
20220109:1811,0.0,0.0,0.0,-0.98,3.59,0.0
20220109:1911,0.0,0.0,0.0,-1.55,3.38,0.0
20220109:2011,0.0,0.0,0.0,-1.73,3.38,0.0
20220109:2111,0.0,0.0,0.0,-2.02,3.38,0.0
20220109:2211,0.0,0.0,0.0,-1.93,3.45,0.0
20220109:2311,0.0,0.0,0.0,-1.97,3.17,0.0
20220110:0011,0.0,0.0,0.0,-2.12,3.1,0.0
20220110:0111,0.0,0.0,0.0,-2.27,2.97,0.0
20220110:0211,0.0,0.0,0.0,-2.39,2.9,0.0
20220110:0311,0.0,0.0,0.0,-2.38,2.9,0.0
20220110:0411,0.0,0.0,0.0,-2.36,2.9,0.0
20220110:0511,0.0,0.0,0.0,-2.26,2.83,0.0
20220110:0611,0.0,0.0,0.0,-1.94,2.69,0.0
20220110:0711,0.0,0.0,0.0,-1.74,2.69,0.0
20220110:0811,0.0,1.79,2.11,-1.82,2.62,0.0
20220110:0911,375.83,420.24,6.03,-1.54,2.48,0.0
20220110:1011,177.37,206.53,8.29,-1.32,2.34,0.0
20220110:1111,13.31,26.9,8.72,-1.11,2.28,0.0
20220110:1211,4.62,14.34,7.28,-1.07,2.28,0.0
20220110:1311,0.0,3.59,4.09,-1.25,2.07,0.0
20220110:1411,0.0,0.0,0.0,-1.5,1.93,0.0
20220110:1511,0.0,0.0,0.0,-1.72,1.86,0.0
20220110:1611,0.0,0.0,0.0,-1.96,1.79,0.0
20220110:1711,0.0,0.0,0.0,-2.06,1.66,0.0
20220110:1811,0.0,0.0,0.0,-2.22,1.59,0.0
20220110:1911,0.0,0.0,0.0,-2.9,1.1,0.0
20220110:2011,0.0,0.0,0.0,-3.12,0.76,0.0
20220110:2111,0.0,0.0,0.0,-2.58,0.34,0.0
20220110:2211,0.0,0.0,0.0,-2.77,0.48,0.0
20220110:2311,0.0,0.0,0.0,-4.48,1.17,0.0
20220111:0011,0.0,0.0,0.0,-5.35,1.86,0.0
20220111:0111,0.0,0.0,0.0,-4.13,2.21,0.0
20220111:0211,0.0,0.0,0.0,-2.9,2.34,0.0
20220111:0311,0.0,0.0,0.0,-2.21,2.48,0.0
20220111:0411,0.0,0.0,0.0,-1.68,2.62,0.0
20220111:0511,0.0,0.0,0.0,-1.5,2.83,0.0
20220111:0611,0.0,0.0,0.0,-1.49,2.97,0.0
20220111:0711,0.0,0.0,0.0,-1.57,3.17,0.0
20220111:0811,0.0,1.79,2.22,-1.42,3.38,0.0
20220111:0911,3.01,11.65,6.16,-0.89,3.72,0.0
20220111:1011,2.5,10.76,8.43,-0.51,3.93,0.0
20220111:1111,144.88,172.43,8.87,-0.26,4.21,0.0
20220111:1211,8.73,20.62,7.45,-0.06,4.48,0.0
20220111:1311,0.0,3.59,4.27,-0.01,4.83,0.0
20220111:1411,0.0,0.0,0.0,-0.13,4.97,0.0
20220111:1511,0.0,0.0,0.0,-0.15,4.9,0.0
20220111:1611,0.0,0.0,0.0,-0.06,4.83,0.0
20220111:1711,0.0,0.0,0.0,-0.26,4.76,0.0
20220111:1811,0.0,0.0,0.0,-0.45,4.83,0.0
20220111:1911,0.0,0.0,0.0,-0.24,4.9,0.0
20220111:2011,0.0,0.0,0.0,-0.3,4.9,0.0
20220111:2111,0.0,0.0,0.0,-0.34,4.76,0.0
20220111:2211,0.0,0.0,0.0,-0.31,4.76,0.0
20220111:2311,0.0,0.0,0.0,-0.23,4.69,0.0
20220112:0011,0.0,0.0,0.0,-0.24,4.48,0.0
20220112:0111,0.0,0.0,0.0,-0.13,4.21,0.0
20220112:0211,0.0,0.0,0.0,0.05,4.0,0.0
20220112:0311,0.0,0.0,0.0,0.2,3.93,0.0
20220112:0411,0.0,0.0,0.0,0.42,3.79,0.0
20220112:0511,0.0,0.0,0.0,0.51,3.52,0.0
20220112:0611,0.0,0.0,0.0,0.53,3.38,0.0
20220112:0711,0.0,0.0,0.0,0.53,3.59,0.0
20220112:0811,0.0,1.79,2.34,0.54,3.93,0.0
20220112:0911,9.3,21.52,6.29,0.94,4.21,0.0
20220112:1011,1.99,9.86,8.58,0.98,4.48,0.0
20220112:1111,9.92,22.41,9.04,1.2,4.62,0.0
20220112:1211,40.72,60.44,7.62,1.24,4.55,0.0
20220112:1311,236.5,271.35,4.44,1.65,4.83,0.0
20220112:1411,0.0,0.0,0.0,1.98,5.1,0.0
20220112:1511,0.0,0.0,0.0,2.32,5.17,0.0
20220112:1611,0.0,0.0,0.0,2.58,5.1,0.0
20220112:1711,0.0,0.0,0.0,2.82,5.1,0.0
20220112:1811,0.0,0.0,0.0,3.08,5.24,0.0
20220112:1911,0.0,0.0,0.0,3.01,5.66,0.0
20220112:2011,0.0,0.0,0.0,3.19,5.52,0.0
20220112:2111,0.0,0.0,0.0,3.31,5.17,0.0
20220112:2211,0.0,0.0,0.0,3.62,5.31,0.0
20220112:2311,0.0,0.0,0.0,3.96,5.72,0.0
20220113:0011,0.0,0.0,0.0,4.27,6.07,0.0
20220113:0111,0.0,0.0,0.0,4.59,6.21,0.0
20220113:0211,0.0,0.0,0.0,4.71,6.28,0.0
20220113:0311,0.0,0.0,0.0,4.67,6.28,0.0
20220113:0411,0.0,0.0,0.0,4.68,6.14,0.0
20220113:0511,0.0,0.0,0.0,4.86,6.14,0.0
20220113:0611,0.0,0.0,0.0,5.04,5.93,0.0
20220113:0711,0.0,0.0,0.0,4.92,6.21,0.0
20220113:0811,142.54,174.25,2.47,5.04,6.21,0.0
20220113:0911,145.22,176.39,6.43,5.46,6.41,0.0
20220113:1011,45.15,66.84,8.74,6.19,6.83,0.0
20220113:1111,32.76,52.47,9.21,6.88,7.1,0.0
20220113:1211,101.03,129.51,7.8,7.24,7.03,0.0
20220113:1311,282.1,326.92,4.63,7.21,6.69,0.0
20220113:1411,0.0,0.0,0.0,6.93,6.55,0.0
20220113:1511,0.0,0.0,0.0,6.57,6.62,0.0
20220113:1611,0.0,0.0,0.0,6.27,6.69,0.0
20220113:1711,0.0,0.0,0.0,6.05,6.76,0.0
20220113:1811,0.0,0.0,0.0,5.96,6.97,0.0
20220113:1911,0.0,0.0,0.0,5.93,7.31,0.0
20220113:2011,0.0,0.0,0.0,6.01,7.31,0.0
20220113:2111,0.0,0.0,0.0,6.1,7.24,0.0
20220113:2211,0.0,0.0,0.0,6.11,7.1,0.0
20220113:2311,0.0,0.0,0.0,6.1,6.97,0.0
20220114:0011,0.0,0.0,0.0,6.06,7.03,0.0
20220114:0111,0.0,0.0,0.0,6.07,7.24,0.0
20220114:0211,0.0,0.0,0.0,6.51,7.59,0.0
20220114:0311,0.0,0.0,0.0,5.65,7.86,0.0
20220114:0411,0.0,0.0,0.0,4.68,6.62,0.0
20220114:0511,0.0,0.0,0.0,4.34,7.45,0.0
20220114:0611,0.0,0.0,0.0,3.83,8.28,0.0
20220114:0711,0.0,0.0,0.0,3.29,8.14,0.0
20220114:0811,195.53,229.16,2.6,2.92,8.34,0.0
20220114:0911,436.2,485.88,6.58,2.9,8.48,0.0
20220114:1011,538.62,598.42,8.9,3.07,8.69,0.0
20220114:1111,567.46,630.81,9.38,3.18,8.76,0.0
20220114:1211,500.44,556.56,7.98,3.2,8.62,0.0
20220114:1311,324.53,365.7,4.82,3.06,8.48,0.0
20220114:1411,0.0,0.0,0.0,2.9,8.14,0.0
20220114:1511,0.0,0.0,0.0,2.68,7.59,0.0
20220114:1611,0.0,0.0,0.0,2.59,7.03,0.0
20220114:1711,0.0,0.0,0.0,2.39,6.62,0.0
20220114:1811,0.0,0.0,0.0,2.15,6.14,0.0
20220114:1911,0.0,0.0,0.0,2.43,6.97,0.0
20220114:2011,0.0,0.0,0.0,2.3,6.76,0.0
20220114:2111,0.0,0.0,0.0,2.01,6.48,0.0
20220114:2211,0.0,0.0,0.0,1.66,6.34,0.0
20220114:2311,0.0,0.0,0.0,1.34,6.21,0.0
20220115:0011,0.0,0.0,0.0,1.09,6.14,0.0
20220115:0111,0.0,0.0,0.0,0.85,6.14,0.0
20220115:0211,0.0,0.0,0.0,0.67,6.21,0.0
20220115:0311,0.0,0.0,0.0,0.46,5.79,0.0
20220115:0411,0.0,0.0,0.0,0.32,5.72,0.0
20220115:0511,0.0,0.0,0.0,0.06,5.52,0.0
20220115:0611,0.0,0.0,0.0,-0.12,5.31,0.0
20220115:0711,0.0,0.0,0.0,-0.27,4.76,0.0
20220115:0811,212.06,244.92,2.75,-0.46,4.21,0.0
20220115:0911,446.63,497.72,6.74,-0.42,3.93,0.0
20220115:1011,537.83,601.49,9.07,-0.12,3.72,0.0
20220115:1111,537.07,601.57,9.57,0.16,3.66,0.0
20220115:1211,425.32,475.42,8.18,0.34,3.79,0.0
20220115:1311,318.03,358.58,5.02,0.16,3.52,0.0
20220115:1411,0.0,0.0,0.0,-0.34,3.17,0.0
20220115:1511,0.0,0.0,0.0,-0.83,2.97,0.0
20220115:1611,0.0,0.0,0.0,-1.08,2.83,0.0
20220115:1711,0.0,0.0,0.0,-1.21,2.69,0.0
20220115:1811,0.0,0.0,0.0,-1.29,2.69,0.0
20220115:1911,0.0,0.0,0.0,-0.82,3.31,0.0
20220115:2011,0.0,0.0,0.0,-0.77,3.52,0.0
20220115:2111,0.0,0.0,0.0,-0.85,3.59,0.0
20220115:2211,0.0,0.0,0.0,-1.02,3.66,0.0
20220115:2311,0.0,0.0,0.0,-1.13,3.59,0.0
20220116:0011,0.0,0.0,0.0,-1.27,3.72,0.0
20220116:0111,0.0,0.0,0.0,-1.26,3.79,0.0
20220116:0211,0.0,0.0,0.0,-0.88,4.0,0.0
20220116:0311,0.0,0.0,0.0,-0.07,4.21,0.0
20220116:0411,0.0,0.0,0.0,1.23,4.41,0.0
20220116:0511,0.0,0.0,0.0,2.35,5.03,0.0
20220116:0611,0.0,0.0,0.0,2.9,5.52,0.0
20220116:0711,0.0,0.0,0.0,3.25,5.72,0.0
20220116:0811,0.0,1.79,2.9,3.33,5.86,0.0
20220116:0911,2.43,10.76,6.9,3.47,6.14,0.0
20220116:1011,9.79,22.41,9.25,3.64,6.34,0.0
20220116:1111,8.54,20.62,9.75,3.78,6.62,0.0
20220116:1211,1.49,8.97,8.37,3.9,6.62,0.0
20220116:1311,0.0,4.48,5.22,3.9,6.41,0.0
20220116:1411,0.0,0.0,0.0,3.84,6.0,0.0
20220116:1511,0.0,0.0,0.0,3.66,5.52,0.0
20220116:1611,0.0,0.0,0.0,3.48,4.97,0.0
20220116:1711,0.0,0.0,0.0,2.63,4.41,0.0
20220116:1811,0.0,0.0,0.0,1.52,4.0,0.0
20220116:1911,0.0,0.0,0.0,1.3,4.14,0.0
20220116:2011,0.0,0.0,0.0,1.21,4.55,0.0
20220116:2111,0.0,0.0,0.0,1.36,5.17,0.0
20220116:2211,0.0,0.0,0.0,2.03,6.34,0.0
20220116:2311,0.0,0.0,0.0,2.48,7.52,0.0
20220117:0011,0.0,0.0,0.0,2.48,7.59,0.0
20220117:0111,0.0,0.0,0.0,2.07,7.31,0.0
20220117:0211,0.0,0.0,0.0,1.29,7.52,0.0
20220117:0311,0.0,0.0,0.0,0.43,7.45,0.0
20220117:0411,0.0,0.0,0.0,0.11,7.59,0.0
20220117:0511,0.0,0.0,0.0,0.04,7.79,0.0
20220117:0611,0.0,0.0,0.0,0.13,7.93,0.0
20220117:0711,0.0,0.0,0.0,-0.13,7.24,0.0
20220117:0811,0.0,3.59,3.05,-0.15,6.97,0.0
20220117:0911,452.58,499.51,7.07,-0.09,6.76,0.0
20220117:1011,113.07,138.84,9.44,0.06,6.83,0.0
20220117:1111,369.38,409.58,9.95,0.25,6.62,0.0
20220117:1211,318.2,355.49,8.58,0.39,6.21,0.0
20220117:1311,192.44,222.91,5.43,0.25,5.45,0.0
20220117:1411,0.0,0.0,0.0,-0.16,4.9,0.0
20220117:1511,0.0,0.0,0.0,-0.58,4.97,0.0
20220117:1611,0.0,0.0,0.0,-0.43,4.9,0.0
20220117:1711,0.0,0.0,0.0,-0.16,5.03,0.0
20220117:1811,0.0,0.0,0.0,0.18,5.24,0.0
20220117:1911,0.0,0.0,0.0,0.26,5.17,0.0
20220117:2011,0.0,0.0,0.0,0.64,5.38,0.0
20220117:2111,0.0,0.0,0.0,0.7,5.31,0.0
20220117:2211,0.0,0.0,0.0,0.52,5.31,0.0
20220117:2311,0.0,0.0,0.0,0.17,5.03,0.0
20220118:0011,0.0,0.0,0.0,-0.14,4.76,0.0
20220118:0111,0.0,0.0,0.0,-0.34,4.62,0.0
20220118:0211,0.0,0.0,0.0,-0.49,4.34,0.0
20220118:0311,0.0,0.0,0.0,-0.63,3.93,0.0
20220118:0411,0.0,0.0,0.0,-0.86,3.38,0.0
20220118:0511,0.0,0.0,0.0,-1.03,3.31,0.0
20220118:0611,0.0,0.0,0.0,-1.08,3.1,0.0
20220118:0711,0.0,0.0,0.0,-1.38,2.83,0.0
20220118:0811,188.43,219.62,3.21,-1.2,2.9,0.0
20220118:0911,134.99,161.95,7.25,-0.65,3.52,0.0
20220118:1011,190.29,220.94,9.63,0.17,3.93,0.0
20220118:1111,100.4,126.14,10.15,0.81,4.07,0.0
20220118:1211,89.61,114.49,8.79,1.02,3.93,0.0
20220118:1311,0.0,5.38,5.64,0.98,4.14,0.0
20220118:1411,0.0,0.0,0.0,0.72,4.21,0.0
20220118:1511,0.0,0.0,0.0,0.28,4.07,0.0
20220118:1611,0.0,0.0,0.0,-0.03,4.14,0.0
20220118:1711,0.0,0.0,0.0,-0.21,4.0,0.0
20220118:1811,0.0,0.0,0.0,-0.09,4.07,0.0
20220118:1911,0.0,0.0,0.0,0.94,4.34,0.0
20220118:2011,0.0,0.0,0.0,1.27,4.62,0.0
20220118:2111,0.0,0.0,0.0,1.24,4.34,0.0
20220118:2211,0.0,0.0,0.0,1.15,4.21,0.0
20220118:2311,0.0,0.0,0.0,1.15,4.28,0.0
20220119:0011,0.0,0.0,0.0,1.28,4.14,0.0
20220119:0111,0.0,0.0,0.0,1.49,4.14,0.0
20220119:0211,0.0,0.0,0.0,1.83,4.28,0.0
20220119:0311,0.0,0.0,0.0,2.23,4.34,0.0
20220119:0411,0.0,0.0,0.0,2.6,4.62,0.0
20220119:0511,0.0,0.0,0.0,3.13,5.17,0.0
20220119:0611,0.0,0.0,0.0,3.6,5.86,0.0
20220119:0711,0.0,0.0,0.0,3.8,6.21,0.0
20220119:0811,1.49,8.97,3.38,4.17,6.62,0.0
20220119:0911,430.3,484.56,7.44,4.35,6.83,0.0
20220119:1011,98.07,125.26,9.83,4.65,6.83,0.0
20220119:1111,15.55,30.48,10.36,4.85,6.83,0.0
20220119:1211,2.89,11.65,9.0,4.94,6.9,0.0
20220119:1311,0.0,5.38,5.86,4.94,6.76,0.0
20220119:1411,0.0,0.0,0.0,4.88,6.76,0.0
20220119:1511,0.0,0.0,0.0,4.77,6.76,0.0
20220119:1611,0.0,0.0,0.0,4.61,6.69,0.0
20220119:1711,0.0,0.0,0.0,4.37,6.55,0.0
20220119:1811,0.0,0.0,0.0,4.01,6.48,0.0
20220119:1911,0.0,0.0,0.0,3.68,6.41,0.0
20220119:2011,0.0,0.0,0.0,3.22,6.28,0.0
20220119:2111,0.0,0.0,0.0,2.65,6.0,0.0
20220119:2211,0.0,0.0,0.0,2.03,4.83,0.0
20220119:2311,0.0,0.0,0.0,1.26,2.07,0.0
20220120:0011,0.0,0.0,0.0,-0.18,7.03,0.0
20220120:0111,0.0,0.0,0.0,-1.07,7.93,0.0
20220120:0211,0.0,0.0,0.0,-1.52,7.93,0.0
20220120:0311,0.0,0.0,0.0,-1.81,7.31,0.0
20220120:0411,0.0,0.0,0.0,-1.94,7.31,0.0
20220120:0511,0.0,0.0,0.0,-1.9,7.31,0.0
20220120:0611,0.0,0.0,0.0,-1.72,7.79,0.0
20220120:0711,0.0,0.0,0.0,-2.15,8.07,0.0
20220120:0811,123.2,148.85,3.56,-1.7,8.07,0.0
20220120:0911,467.89,511.35,7.63,-1.17,8.48,0.0
20220120:1011,546.16,595.59,10.03,-0.94,8.9,0.0
20220120:1111,205.8,234.59,10.58,-0.94,9.03,0.0
20220120:1211,286.61,318.18,9.23,-1.25,9.03,0.0
20220120:1311,73.34,95.46,6.08,-1.67,8.83,0.0
20220120:1411,0.0,0.0,0.0,-1.94,8.41,0.0
20220120:1511,0.0,0.0,0.0,-2.01,8.0,0.0
20220120:1611,0.0,0.0,0.0,-1.95,7.59,0.0
20220120:1711,0.0,0.0,0.0,-1.45,7.52,0.0
20220120:1811,0.0,0.0,0.0,-0.88,7.52,0.0
20220120:1911,0.0,0.0,0.0,-0.83,7.52,0.0
20220120:2011,0.0,0.0,0.0,-0.7,7.45,0.0
20220120:2111,0.0,0.0,0.0,-0.66,7.17,0.0
20220120:2211,0.0,0.0,0.0,-0.84,6.97,0.0
20220120:2311,0.0,0.0,0.0,-1.06,6.97,0.0
20220121:0011,0.0,0.0,0.0,-1.39,6.97,0.0
20220121:0111,0.0,0.0,0.0,-1.67,6.97,0.0
20220121:0211,0.0,0.0,0.0,-2.02,6.9,0.0
20220121:0311,0.0,0.0,0.0,-2.23,6.76,0.0
20220121:0411,0.0,0.0,0.0,-2.53,6.55,0.0
20220121:0511,0.0,0.0,0.0,-2.75,6.41,0.0
20220121:0611,0.0,0.0,0.0,-3.02,6.28,0.0
20220121:0711,0.0,0.0,0.0,-3.25,6.0,0.0
20220121:0811,206.45,235.2,3.74,-3.5,5.72,0.0
20220121:0911,318.35,350.81,7.82,-3.25,5.79,0.0
20220121:1011,370.91,406.59,10.24,-2.82,6.0,0.0
20220121:1111,300.06,332.38,10.8,-2.39,6.07,0.0
20220121:1211,224.48,253.7,9.45,-2.17,6.0,0.0
20220121:1311,198.9,227.34,6.31,-2.2,6.0,0.0
20220121:1411,0.0,0.83,1.62,-2.6,5.86,0.0
20220121:1511,0.0,0.0,0.0,-3.08,5.72,0.0
20220121:1611,0.0,0.0,0.0,-3.35,5.72,0.0
20220121:1711,0.0,0.0,0.0,-3.57,5.79,0.0
20220121:1811,0.0,0.0,0.0,-3.78,5.86,0.0
20220121:1911,0.0,0.0,0.0,-3.47,6.0,0.0
20220121:2011,0.0,0.0,0.0,-3.51,5.86,0.0
20220121:2111,0.0,0.0,0.0,-3.74,5.72,0.0
20220121:2211,0.0,0.0,0.0,-3.92,5.72,0.0
20220121:2311,0.0,0.0,0.0,-4.0,5.59,0.0
20220122:0011,0.0,0.0,0.0,-4.07,5.38,0.0
20220122:0111,0.0,0.0,0.0,-4.2,5.1,0.0
20220122:0211,0.0,0.0,0.0,-4.52,4.83,0.0
20220122:0311,0.0,0.0,0.0,-4.86,4.69,0.0
20220122:0411,0.0,0.0,0.0,-5.19,4.48,0.0
20220122:0511,0.0,0.0,0.0,-5.55,4.14,0.0
20220122:0611,0.0,0.0,0.0,-5.81,3.93,0.0
20220122:0711,0.0,0.0,0.0,-5.3,3.79,0.0
20220122:0811,5.91,16.14,3.93,-5.27,3.38,0.0
20220122:0911,15.66,29.59,8.03,-4.96,2.9,0.0
20220122:1011,19.14,34.07,10.46,-4.43,2.69,0.0
20220122:1111,15.58,29.59,11.03,-3.99,2.69,0.0
20220122:1211,2.55,10.76,9.69,-3.46,2.48,0.0
20220122:1311,0.33,6.28,6.55,-3.23,2.21,0.0
20220122:1411,0.0,0.83,1.86,-3.31,2.21,0.0
20220122:1511,0.0,0.0,0.0,-3.3,2.34,0.0
20220122:1611,0.0,0.0,0.0,-3.19,2.34,0.0
20220122:1711,0.0,0.0,0.0,-3.13,2.55,0.0
20220122:1811,0.0,0.0,0.0,-3.02,2.69,0.0
20220122:1911,0.0,0.0,0.0,-3.4,2.83,0.0
20220122:2011,0.0,0.0,0.0,-3.47,2.62,0.0
20220122:2111,0.0,0.0,0.0,-3.15,2.48,0.0
20220122:2211,0.0,0.0,0.0,-3.4,2.76,0.0
20220122:2311,0.0,0.0,0.0,-3.4,2.76,0.0
20220123:0011,0.0,0.0,0.0,-3.64,2.76,0.0
20220123:0111,0.0,0.0,0.0,-3.72,2.76,0.0
20220123:0211,0.0,0.0,0.0,-3.49,2.62,0.0
20220123:0311,0.0,0.0,0.0,-3.08,2.76,0.0
20220123:0411,0.0,0.0,0.0,-2.44,2.83,0.0
20220123:0511,0.0,0.0,0.0,-1.87,3.1,0.0
20220123:0611,0.0,0.0,0.0,-1.24,3.38,0.0
20220123:0711,0.0,0.0,0.0,-1.6,3.1,0.0
20220123:0811,1.12,8.07,4.13,-1.49,3.1,0.0
20220123:0911,12.63,26.0,8.24,-0.86,3.1,0.0
20220123:1011,23.71,40.34,10.68,-0.26,2.62,0.0
20220123:1111,17.96,33.17,11.26,0.45,2.41,0.0
20220123:1211,2.97,11.65,9.93,0.92,2.41,0.0
20220123:1311,1.53,8.97,6.79,0.94,2.9,0.0
20220123:1411,0.0,0.83,2.09,0.57,3.03,0.0
20220123:1511,0.0,0.0,0.0,0.06,3.1,0.0
20220123:1611,0.0,0.0,0.0,0.2,3.1,0.0
20220123:1711,0.0,0.0,0.0,0.17,3.17,0.0
20220123:1811,0.0,0.0,0.0,0.22,3.17,0.0
20220123:1911,0.0,0.0,0.0,-0.17,3.17,0.0
20220123:2011,0.0,0.0,0.0,0.14,3.24,0.0
20220123:2111,0.0,0.0,0.0,0.34,3.59,0.0
20220123:2211,0.0,0.0,0.0,0.64,3.79,0.0
20220123:2311,0.0,0.0,0.0,0.88,3.72,0.0
20220124:0011,0.0,0.0,0.0,1.13,3.72,0.0
20220124:0111,0.0,0.0,0.0,1.23,3.93,0.0
20220124:0211,0.0,0.0,0.0,1.29,4.21,0.0
20220124:0311,0.0,0.0,0.0,1.62,4.48,0.0
20220124:0411,0.0,0.0,0.0,2.09,4.76,0.0
20220124:0511,0.0,0.0,0.0,2.39,5.03,0.0
20220124:0611,0.0,0.0,0.0,2.37,5.1,0.0
20220124:0711,0.0,0.0,0.0,2.59,5.17,0.0
20220124:0811,0.0,3.59,4.33,2.68,5.31,0.0
20220124:0911,1.5,8.97,8.45,2.81,5.38,0.0
20220124:1011,3.44,12.55,10.91,2.97,5.31,0.0
20220124:1111,3.96,13.45,11.5,3.15,5.31,0.0
20220124:1211,2.92,11.65,10.17,3.38,5.24,0.0
20220124:1311,9.17,21.52,7.04,3.45,5.17,0.0
20220124:1411,0.0,1.65,2.34,3.34,5.1,0.0
20220124:1511,0.0,0.0,0.0,3.33,4.97,0.0
20220124:1611,0.0,0.0,0.0,3.44,4.69,0.0
20220124:1711,0.0,0.0,0.0,3.2,4.28,0.0
20220124:1811,0.0,0.0,0.0,2.79,3.93,0.0
20220124:1911,0.0,0.0,0.0,2.02,3.86,0.0
20220124:2011,0.0,0.0,0.0,1.78,3.79,0.0
20220124:2111,0.0,0.0,0.0,1.56,3.59,0.0
20220124:2211,0.0,0.0,0.0,1.47,3.45,0.0
20220124:2311,0.0,0.0,0.0,1.24,3.38,0.0
20220125:0011,0.0,0.0,0.0,0.9,3.38,0.0
20220125:0111,0.0,0.0,0.0,0.44,3.38,0.0
20220125:0211,0.0,0.0,0.0,0.06,3.38,0.0
20220125:0311,0.0,0.0,0.0,-0.27,3.45,0.0
20220125:0411,0.0,0.0,0.0,-0.54,3.45,0.0
20220125:0511,0.0,0.0,0.0,-0.77,3.24,0.0
20220125:0611,0.0,0.0,0.0,-0.91,2.83,0.0
20220125:0711,0.0,0.0,0.0,-0.89,2.83,0.0
20220125:0811,281.26,320.06,4.54,-0.83,2.9,0.0
20220125:0911,436.7,489.76,8.68,-0.49,2.76,0.0
20220125:1011,493.03,555.25,11.15,0.04,2.62,0.0
20220125:1111,523.07,592.86,11.75,0.55,2.34,0.0
20220125:1211,392.48,443.44,10.42,0.81,2.41,0.0
20220125:1311,381.35,431.87,7.29,0.6,2.28,0.0
20220125:1411,0.0,1.65,2.59,-0.06,2.21,0.0
20220125:1511,0.0,0.0,0.0,-0.79,2.07,0.0
20220125:1611,0.0,0.0,0.0,-1.32,1.86,0.0
20220125:1711,0.0,0.0,0.0,-1.76,1.66,0.0
20220125:1811,0.0,0.0,0.0,-2.08,1.59,0.0
20220125:1911,0.0,0.0,0.0,-2.28,1.86,0.0
20220125:2011,0.0,0.0,0.0,-2.36,2.0,0.0
20220125:2111,0.0,0.0,0.0,-2.25,2.28,0.0
20220125:2211,0.0,0.0,0.0,-1.92,2.55,0.0
20220125:2311,0.0,0.0,0.0,-1.6,3.03,0.0
20220126:0011,0.0,0.0,0.0,-1.35,3.52,0.0
20220126:0111,0.0,0.0,0.0,-1.13,3.86,0.0
20220126:0211,0.0,0.0,0.0,-0.84,4.07,0.0
20220126:0311,0.0,0.0,0.0,-0.49,4.48,0.0
20220126:0411,0.0,0.0,0.0,-0.53,4.62,0.0
20220126:0511,0.0,0.0,0.0,-0.44,4.62,0.0
20220126:0611,0.0,0.0,0.0,-0.04,4.83,0.0
20220126:0711,0.0,0.0,0.0,0.6,5.03,0.0
20220126:0811,0.0,4.48,4.75,1.19,4.97,0.0
20220126:0911,1.98,9.86,8.91,1.87,4.76,0.0
20220126:1011,24.14,41.24,11.39,2.31,4.55,0.0
20220126:1111,6.79,17.93,12.0,2.71,4.28,0.0
20220126:1211,13.69,27.79,10.68,3.0,4.07,0.0
20220126:1311,1.07,8.07,7.54,3.15,3.93,0.0
20220126:1411,0.0,2.48,2.84,3.09,3.72,0.0
20220126:1511,0.0,0.0,0.0,2.76,3.45,0.0
20220126:1611,0.0,0.0,0.0,2.12,3.24,0.0
20220126:1711,0.0,0.0,0.0,1.38,3.1,0.0
20220126:1811,0.0,0.0,0.0,0.75,3.31,0.0
20220126:1911,0.0,0.0,0.0,0.28,3.66,0.0
20220126:2011,0.0,0.0,0.0,0.05,3.66,0.0
20220126:2111,0.0,0.0,0.0,-0.09,3.31,0.0
20220126:2211,0.0,0.0,0.0,-0.31,3.31,0.0
20220126:2311,0.0,0.0,0.0,-0.37,3.52,0.0
20220127:0011,0.0,0.0,0.0,-0.31,3.52,0.0
20220127:0111,0.0,0.0,0.0,-0.12,3.31,0.0
20220127:0211,0.0,0.0,0.0,-0.06,3.31,0.0
20220127:0311,0.0,0.0,0.0,0.23,3.52,0.0
20220127:0411,0.0,0.0,0.0,0.7,3.93,0.0
20220127:0511,0.0,0.0,0.0,1.3,4.28,0.0
20220127:0611,0.0,0.0,0.0,1.37,4.21,0.0
20220127:0711,0.0,0.0,0.0,1.73,3.79,0.0
20220127:0811,3.99,13.45,4.97,1.93,4.41,0.0
20220127:0911,17.84,33.17,9.14,1.86,4.21,0.0
20220127:1011,11.78,25.1,11.64,2.1,3.86,0.0
20220127:1111,25.55,43.03,12.25,2.51,3.79,0.0
20220127:1211,8.57,20.62,10.94,3.14,3.93,0.0
20220127:1311,1.06,8.07,7.8,3.58,3.38,0.0
20220127:1411,0.0,2.69,3.1,3.43,2.34,0.0
20220127:1511,0.0,0.0,0.0,3.0,1.79,0.0
20220127:1611,0.0,0.0,0.0,2.53,2.48,0.0
20220127:1711,0.0,0.0,0.0,1.82,3.66,0.0
20220127:1811,0.0,0.0,0.0,1.06,4.41,0.0
20220127:1911,0.0,0.0,0.0,1.13,4.83,0.0
20220127:2011,0.0,0.0,0.0,1.02,5.17,0.0
20220127:2111,0.0,0.0,0.0,0.96,5.66,0.0
20220127:2211,0.0,0.0,0.0,0.85,5.93,0.0
20220127:2311,0.0,0.0,0.0,0.58,5.93,0.0
20220128:0011,0.0,0.0,0.0,0.23,5.93,0.0
20220128:0111,0.0,0.0,0.0,0.0,6.0,0.0
20220128:0211,0.0,0.0,0.0,-0.15,6.0,0.0
20220128:0311,0.0,0.0,0.0,-0.29,6.0,0.0
20220128:0411,0.0,0.0,0.0,-0.48,5.72,0.0
20220128:0511,0.0,0.0,0.0,-0.29,5.45,0.0
20220128:0611,0.0,0.0,0.0,0.11,5.66,0.0
20220128:0711,0.0,0.0,0.0,0.73,6.28,0.0
20220128:0811,189.04,220.82,5.2,0.82,6.21,0.0
20220128:0911,105.41,131.32,9.38,0.86,6.34,0.0
20220128:1011,615.66,685.65,11.89,1.03,6.21,0.0
20220128:1111,604.37,676.81,12.52,1.19,5.17,0.0
20220128:1211,533.79,595.79,11.2,1.25,5.31,0.0
20220128:1311,453.34,506.88,8.07,1.06,5.03,0.0
20220128:1411,0.68,7.17,3.36,0.5,4.69,0.0
20220128:1511,0.0,0.0,0.0,-0.22,4.28,0.0
20220128:1611,0.0,0.0,0.0,-0.7,4.28,0.0
20220128:1711,0.0,0.0,0.0,-0.88,4.21,0.0
20220128:1811,0.0,0.0,0.0,-1.12,3.79,0.0
20220128:1911,0.0,0.0,0.0,-1.29,3.38,0.0
20220128:2011,0.0,0.0,0.0,-1.37,2.97,0.0
20220128:2111,0.0,0.0,0.0,-1.43,2.97,0.0
20220128:2211,0.0,0.0,0.0,-1.24,2.97,0.0
20220128:2311,0.0,0.0,0.0,-0.96,3.38,0.0
20220129:0011,0.0,0.0,0.0,-0.76,3.86,0.0
20220129:0111,0.0,0.0,0.0,-0.58,4.21,0.0
20220129:0211,0.0,0.0,0.0,-0.36,4.34,0.0
20220129:0311,0.0,0.0,0.0,-0.18,4.69,0.0
20220129:0411,0.0,0.0,0.0,0.05,5.1,0.0
20220129:0511,0.0,0.0,0.0,0.27,5.59,0.0
20220129:0611,0.0,0.0,0.0,0.56,6.14,0.0
20220129:0711,0.0,0.0,0.0,0.92,6.69,0.0
20220129:0811,0.0,5.38,5.43,0.99,6.28,0.0
20220129:0911,6.27,17.03,9.63,1.03,6.48,0.0
20220129:1011,10.56,23.31,12.15,1.23,6.34,0.0
20220129:1111,11.18,24.21,12.78,1.53,6.48,0.0
20220129:1211,10.51,23.31,11.47,1.95,6.41,0.0
20220129:1311,1.51,8.97,8.34,2.38,6.34,0.0
20220129:1411,0.0,2.69,3.62,2.87,6.07,0.0
20220129:1511,0.0,0.0,0.0,3.46,5.86,0.0
20220129:1611,0.0,0.0,0.0,4.38,6.07,0.0
20220129:1711,0.0,0.0,0.0,4.99,6.62,0.0
20220129:1811,0.0,0.0,0.0,4.93,6.41,0.0
20220129:1911,0.0,0.0,0.0,4.61,5.79,0.0
20220129:2011,0.0,0.0,0.0,4.33,5.17,0.0
20220129:2111,0.0,0.0,0.0,4.2,5.03,0.0
20220129:2211,0.0,0.0,0.0,4.18,5.79,0.0
20220129:2311,0.0,0.0,0.0,3.56,6.76,0.0
20220130:0011,0.0,0.0,0.0,2.3,6.97,0.0
20220130:0111,0.0,0.0,0.0,1.56,7.17,0.0
20220130:0211,0.0,0.0,0.0,1.06,7.24,0.0
20220130:0311,0.0,0.0,0.0,0.9,8.07,0.0
20220130:0411,0.0,0.0,0.0,0.82,8.97,0.0
20220130:0511,0.0,0.0,0.0,0.59,9.79,0.0
20220130:0611,0.0,0.0,0.0,0.3,10.0,0.0
20220130:0711,0.0,0.0,0.0,0.21,9.79,0.0
20220130:0811,17.17,31.92,5.67,-0.17,9.59,0.0
20220130:0911,40.72,60.25,9.88,-0.47,8.69,0.0
20220130:1011,60.52,82.58,12.41,-0.59,8.9,0.0
20220130:1111,11.97,25.1,13.06,-0.6,9.03,0.0
20220130:1211,4.62,14.34,11.75,-0.76,8.97,0.0
20220130:1311,37.75,56.68,8.61,-1.02,8.62,0.0
20220130:1411,0.0,3.59,3.89,-1.09,9.45,0.0
20220130:1511,0.0,0.0,0.0,-1.25,8.48,0.0
20220130:1611,0.0,0.0,0.0,-1.11,8.48,0.0
20220130:1711,0.0,0.0,0.0,-1.01,8.0,0.0
20220130:1811,0.0,0.0,0.0,-0.85,7.66,0.0
20220130:1911,0.0,0.0,0.0,-0.63,6.97,0.0
20220130:2011,0.0,0.0,0.0,-0.81,6.41,0.0
20220130:2111,0.0,0.0,0.0,-1.09,6.07,0.0
20220130:2211,0.0,0.0,0.0,-1.3,5.86,0.0
20220130:2311,0.0,0.0,0.0,-1.58,5.66,0.0
20220131:0011,0.0,0.0,0.0,-1.76,5.52,0.0
20220131:0111,0.0,0.0,0.0,-1.99,5.24,0.0
20220131:0211,0.0,0.0,0.0,-2.18,4.9,0.0
20220131:0311,0.0,0.0,0.0,-2.38,4.9,0.0
20220131:0411,0.0,0.0,0.0,-2.56,4.83,0.0
20220131:0511,0.0,0.0,0.0,-2.73,4.76,0.0
20220131:0611,0.0,0.0,0.0,-2.82,4.69,0.0
20220131:0711,0.0,0.0,0.0,-2.4,4.69,0.0
20220131:0811,88.6,112.27,5.92,-2.32,4.55,0.0
20220131:0911,37.24,56.0,10.14,-2.23,5.38,0.0
20220131:1011,21.82,37.65,12.69,-2.35,5.52,0.0
20220131:1111,28.44,45.72,13.33,-2.38,5.45,0.0
20220131:1211,16.85,31.38,12.03,-2.43,5.38,0.0
20220131:1311,16.17,30.48,8.89,-2.57,5.38,0.0
20220131:1411,0.0,3.59,4.16,-2.82,5.45,0.0
20220131:1511,0.0,0.0,0.0,-3.1,5.59,0.0
20220131:1611,0.0,0.0,0.0,-3.31,5.45,0.0
20220131:1711,0.0,0.0,0.0,-3.43,5.17,0.0
20220131:1811,0.0,0.0,0.0,-3.6,4.83,0.0
20220131:1911,0.0,0.0,0.0,-3.66,4.41,0.0
20220131:2011,0.0,0.0,0.0,-3.83,4.41,0.0
20220131:2111,0.0,0.0,0.0,-3.89,4.34,0.0
20220131:2211,0.0,0.0,0.0,-4.02,4.34,0.0
20220131:2311,0.0,0.0,0.0,-4.17,4.41,0.0
20220201:0011,0.0,0.0,0.0,-4.34,4.28,0.0
20220201:0111,0.0,0.0,0.0,-4.43,4.0,0.0
20220201:0211,0.0,0.0,0.0,-4.46,3.59,0.0
20220201:0311,0.0,0.0,0.0,-4.56,3.38,0.0
20220201:0411,0.0,0.0,0.0,-4.71,3.24,0.0
20220201:0511,0.0,0.0,0.0,-4.9,3.03,0.0
20220201:0611,0.0,0.0,0.0,-5.05,2.9,0.0
20220201:0711,0.0,0.0,0.0,-5.81,2.62,0.0
20220201:0811,201.45,229.45,6.17,-5.91,2.28,0.0
20220201:0911,528.05,583.2,10.41,-5.47,2.28,0.0
20220201:1011,647.75,726.26,12.96,-4.81,2.07,0.0
20220201:1111,648.24,733.24,13.62,-4.13,1.66,0.0
20220201:1211,612.5,695.28,12.31,-3.72,1.24,0.0
20220201:1311,441.84,495.9,9.17,-3.59,1.1,0.0
20220201:1411,225.25,259.57,4.44,-3.65,1.31,0.0
20220201:1511,0.0,0.0,0.0,-4.14,1.59,0.0
20220201:1611,0.0,0.0,0.0,-4.49,1.86,0.0
20220201:1711,0.0,0.0,0.0,-4.73,2.07,0.0
20220201:1811,0.0,0.0,0.0,-4.73,2.21,0.0
20220201:1911,0.0,0.0,0.0,-4.93,2.55,0.0
20220201:2011,0.0,0.0,0.0,-4.96,2.48,0.0
20220201:2111,0.0,0.0,0.0,-4.92,2.48,0.0
20220201:2211,0.0,0.0,0.0,-5.0,2.69,0.0
20220201:2311,0.0,0.0,0.0,-5.05,2.83,0.0
20220202:0011,0.0,0.0,0.0,-4.95,2.9,0.0
20220202:0111,0.0,0.0,0.0,-5.04,2.9,0.0
20220202:0211,0.0,0.0,0.0,-5.1,2.9,0.0
20220202:0311,0.0,0.0,0.0,-5.27,2.9,0.0
20220202:0411,0.0,0.0,0.0,-5.39,2.83,0.0
20220202:0511,0.0,0.0,0.0,-5.66,2.83,0.0
20220202:0611,0.0,0.0,0.0,-5.93,2.9,0.0
20220202:0711,0.0,0.0,0.0,-6.14,3.17,0.0
20220202:0811,351.6,387.67,6.43,-6.05,3.1,0.0
20220202:0911,543.05,596.12,10.68,-5.43,3.17,0.0
20220202:1011,230.75,259.67,13.24,-4.65,3.24,0.0
20220202:1111,0.0,0.0,0.0,-3.88,3.45,0.0
20220202:1211,166.72,193.95,12.6,-3.44,3.52,0.0
20220202:1311,182.11,209.96,9.46,-3.33,3.52,0.0
20220202:1411,2.55,10.76,4.72,-3.53,3.38,0.0
20220202:1511,0.0,0.0,0.0,-4.07,3.1,0.0
20220202:1611,0.0,0.0,0.0,-4.73,2.76,0.0
20220202:1711,0.0,0.0,0.0,-5.23,2.55,0.0
20220202:1811,0.0,0.0,0.0,-5.55,2.34,0.0
20220202:1911,0.0,0.0,0.0,-5.48,2.0,0.0
20220202:2011,0.0,0.0,0.0,-5.44,1.86,0.0
20220202:2111,0.0,0.0,0.0,-5.28,1.93,0.0
20220202:2211,0.0,0.0,0.0,-4.98,2.21,0.0
20220202:2311,0.0,0.0,0.0,-4.53,2.28,0.0
20220203:0011,0.0,0.0,0.0,-4.17,2.28,0.0
20220203:0111,0.0,0.0,0.0,-4.13,2.21,0.0
20220203:0211,0.0,0.0,0.0,-4.06,2.14,0.0
20220203:0311,0.0,0.0,0.0,-4.09,2.0,0.0
20220203:0411,0.0,0.0,0.0,-4.12,1.72,0.0
20220203:0511,0.0,0.0,0.0,-4.06,1.52,0.0
20220203:0611,0.0,0.0,0.0,-4.15,1.38,0.0
20220203:0711,0.0,0.0,0.0,-4.81,1.31,0.0
20220203:0811,30.2,47.24,6.69,-5.03,1.17,0.0
20220203:0911,31.66,49.31,10.95,-4.35,0.97,0.0
20220203:1011,19.72,34.96,13.53,-3.37,1.03,0.0
20220203:1111,25.43,42.14,14.2,-2.5,1.17,0.0
20220203:1211,16.1,30.48,12.9,-2.07,1.38,0.0
20220203:1311,2.52,10.76,9.75,-2.01,1.59,0.0
20220203:1411,82.96,106.95,5.0,-2.36,1.72,0.0
20220203:1511,0.0,0.0,0.0,-2.89,2.07,0.0
20220203:1611,0.0,0.0,0.0,-3.03,2.28,0.0
20220203:1711,0.0,0.0,0.0,-2.87,2.55,0.0
20220203:1811,0.0,0.0,0.0,-2.5,3.03,0.0
20220203:1911,0.0,0.0,0.0,-2.45,3.59,0.0
20220203:2011,0.0,0.0,0.0,-1.64,4.14,0.0
20220203:2111,0.0,0.0,0.0,-0.9,4.62,0.0
20220203:2211,0.0,0.0,0.0,-0.14,4.9,0.0
20220203:2311,0.0,0.0,0.0,0.5,5.1,0.0
20220204:0011,0.0,0.0,0.0,0.96,5.52,0.0
20220204:0111,0.0,0.0,0.0,1.05,5.93,0.0
20220204:0211,0.0,0.0,0.0,1.18,6.07,0.0
20220204:0311,0.0,0.0,0.0,1.29,6.07,0.0
20220204:0411,0.0,0.0,0.0,1.27,6.21,0.0
20220204:0511,0.0,0.0,0.0,1.16,6.34,0.0
20220204:0611,0.0,0.0,0.0,1.46,6.21,0.0
20220204:0711,0.0,0.0,0.0,1.78,6.0,0.0
20220204:0811,2.45,10.76,6.96,2.05,5.72,0.0
20220204:0911,11.12,24.21,11.23,2.48,5.66,0.0
20220204:1011,22.67,39.45,13.82,2.77,5.79,0.0
20220204:1111,18.44,34.07,14.5,2.96,6.14,0.0
20220204:1211,11.09,24.21,13.2,2.99,6.14,0.0
20220204:1311,13.04,26.9,10.04,2.99,6.21,0.0
20220204:1411,0.29,6.28,5.29,2.88,6.28,0.0
20220204:1511,0.0,0.0,0.0,2.84,6.21,0.0
20220204:1611,0.0,0.0,0.0,2.92,5.93,0.0
20220204:1711,0.0,0.0,0.0,3.0,5.45,0.0
20220204:1811,0.0,0.0,0.0,3.01,4.97,0.0
20220204:1911,0.0,0.0,0.0,2.92,4.48,0.0
20220204:2011,0.0,0.0,0.0,2.71,3.72,0.0
20220204:2111,0.0,0.0,0.0,2.32,3.17,0.0
20220204:2211,0.0,0.0,0.0,1.67,2.69,0.0
20220204:2311,0.0,0.0,0.0,0.94,2.41,0.0
20220205:0011,0.0,0.0,0.0,0.44,2.9,0.0
20220205:0111,0.0,0.0,0.0,0.22,2.97,0.0
20220205:0211,0.0,0.0,0.0,0.04,3.03,0.0
20220205:0311,0.0,0.0,0.0,-0.08,3.24,0.0
20220205:0411,0.0,0.0,0.0,-0.32,3.66,0.0
20220205:0511,0.0,0.0,0.0,-0.59,4.0,0.0
20220205:0611,0.0,0.0,0.0,-1.02,4.0,0.0
20220205:0711,0.0,0.0,0.0,-1.07,3.86,0.0
20220205:0811,331.13,372.83,7.23,-0.78,4.0,0.0
20220205:0911,558.73,626.14,11.52,-0.01,4.0,0.0
20220205:1011,647.96,728.19,14.12,0.9,4.97,0.0
20220205:1111,686.23,774.5,14.8,1.55,5.24,0.0
20220205:1211,587.42,662.77,13.5,2.07,4.62,0.0
20220205:1311,465.53,524.06,10.34,2.23,4.69,0.0
20220205:1411,260.05,300.97,5.58,2.05,4.48,0.0
20220205:1511,0.0,0.0,0.0,1.48,4.41,0.0
20220205:1611,0.0,0.0,0.0,1.01,4.41,0.0
20220205:1711,0.0,0.0,0.0,0.81,4.55,0.0
20220205:1811,0.0,0.0,0.0,0.67,4.76,0.0
20220205:1911,0.0,0.0,0.0,0.67,4.55,0.0
20220205:2011,0.0,0.0,0.0,0.56,4.28,0.0
20220205:2111,0.0,0.0,0.0,0.51,4.21,0.0
20220205:2211,0.0,0.0,0.0,0.51,4.69,0.0
20220205:2311,0.0,0.0,0.0,0.52,5.17,0.0
20220206:0011,0.0,0.0,0.0,0.75,5.72,0.0
20220206:0111,0.0,0.0,0.0,0.92,6.55,0.0
20220206:0211,0.0,0.0,0.0,0.7,6.83,0.0
20220206:0311,0.0,0.0,0.0,0.94,6.55,0.0
20220206:0411,0.0,0.0,0.0,1.66,6.14,0.0
20220206:0511,0.0,0.0,0.0,1.74,6.0,0.0
20220206:0611,0.0,0.0,0.0,1.63,5.93,0.0
20220206:0711,0.0,0.9,1.83,1.64,5.93,0.0
20220206:0811,55.65,77.71,7.51,1.66,5.93,0.0
20220206:0911,265.75,302.79,11.81,1.9,5.79,0.0
20220206:1011,135.06,164.69,14.42,2.34,5.1,0.0
20220206:1111,682.26,773.97,15.1,2.67,5.24,0.0
20220206:1211,528.1,594.12,13.8,2.97,5.52,0.0
20220206:1311,172.65,204.98,10.64,3.12,5.45,0.0
20220206:1411,239.5,279.13,5.87,2.71,4.76,0.0
20220206:1511,0.0,0.0,0.0,2.15,4.28,0.0
20220206:1611,0.0,0.0,0.0,1.26,3.86,0.0
20220206:1711,0.0,0.0,0.0,0.74,3.93,0.0
20220206:1811,0.0,0.0,0.0,0.77,4.0,0.0
20220206:1911,0.0,0.0,0.0,0.77,3.66,0.0
20220206:2011,0.0,0.0,0.0,0.16,3.1,0.0
20220206:2111,0.0,0.0,0.0,-0.08,2.76,0.0
20220206:2211,0.0,0.0,0.0,0.04,2.48,0.0
20220206:2311,0.0,0.0,0.0,0.14,2.21,0.0
20220207:0011,0.0,0.0,0.0,0.07,2.14,0.0
20220207:0111,0.0,0.0,0.0,-0.3,2.14,0.0
20220207:0211,0.0,0.0,0.0,-0.46,2.21,0.0
20220207:0311,0.0,0.0,0.0,-0.75,2.41,0.0
20220207:0411,0.0,0.0,0.0,-1.07,2.62,0.0
20220207:0511,0.0,0.0,0.0,-1.31,2.62,0.0
20220207:0611,0.0,0.0,0.0,-1.5,2.76,0.0
20220207:0711,0.0,4.48,2.1,-1.82,3.1,0.0
20220207:0811,361.2,405.58,7.79,-1.48,3.31,0.0
20220207:0911,559.79,629.2,12.11,-0.64,3.17,0.0
20220207:1011,672.23,763.2,14.72,0.39,3.59,0.0
20220207:1111,684.23,777.85,15.41,1.01,3.93,0.0
20220207:1211,610.58,689.48,14.11,1.23,4.14,0.0
20220207:1311,499.66,560.8,10.94,1.06,4.34,0.0
20220207:1411,222.44,258.29,6.16,0.58,4.41,0.0
20220207:1511,0.0,0.0,0.0,-0.32,4.28,0.0
20220207:1611,0.0,0.0,0.0,-0.99,4.21,0.0
20220207:1711,0.0,0.0,0.0,-1.28,4.14,0.0
20220207:1811,0.0,0.0,0.0,-1.42,3.79,0.0
20220207:1911,0.0,0.0,0.0,-1.01,3.59,0.0
20220207:2011,0.0,0.0,0.0,-1.09,3.24,0.0
20220207:2111,0.0,0.0,0.0,-1.18,3.03,0.0
20220207:2211,0.0,0.0,0.0,-1.31,3.03,0.0
20220207:2311,0.0,0.0,0.0,-1.42,3.31,0.0
20220208:0011,0.0,0.0,0.0,-1.33,3.1,0.0
20220208:0111,0.0,0.0,0.0,-1.32,2.62,0.0
20220208:0211,0.0,0.0,0.0,-1.12,2.69,0.0
20220208:0311,0.0,0.0,0.0,-0.39,3.72,0.0
20220208:0411,0.0,0.0,0.0,0.62,5.03,0.0
20220208:0511,0.0,0.0,0.0,0.91,5.17,0.0
20220208:0611,0.0,0.0,0.0,0.94,5.17,0.0
20220208:0711,0.0,1.79,2.38,0.66,5.31,0.0
20220208:0811,26.35,43.64,8.08,0.86,5.03,0.0
20220208:0911,13.17,26.9,12.41,1.05,4.62,0.0
20220208:1011,50.64,72.62,15.04,1.58,3.93,0.0
20220208:1111,39.67,60.07,15.73,2.45,3.72,0.0
20220208:1211,157.07,188.89,14.43,3.23,4.76,0.0
20220208:1311,422.67,478.36,11.25,3.56,4.97,0.0
20220208:1411,270.55,313.91,6.46,3.4,4.69,0.0
20220208:1511,0.0,0.0,0.0,2.74,4.21,0.0
20220208:1611,0.0,0.0,0.0,1.72,3.72,0.0
20220208:1711,0.0,0.0,0.0,1.08,3.59,0.0
20220208:1811,0.0,0.0,0.0,0.66,3.66,0.0
20220208:1911,0.0,0.0,0.0,1.08,3.93,0.0
20220208:2011,0.0,0.0,0.0,0.95,3.86,0.0
20220208:2111,0.0,0.0,0.0,0.79,3.86,0.0
20220208:2211,0.0,0.0,0.0,0.61,3.93,0.0
20220208:2311,0.0,0.0,0.0,0.46,3.93,0.0
20220209:0011,0.0,0.0,0.0,0.34,4.0,0.0
20220209:0111,0.0,0.0,0.0,0.26,4.14,0.0
20220209:0211,0.0,0.0,0.0,0.26,4.34,0.0
20220209:0311,0.0,0.0,0.0,0.26,4.41,0.0
20220209:0411,0.0,0.0,0.0,0.31,4.62,0.0
20220209:0511,0.0,0.0,0.0,0.48,4.9,0.0
20220209:0611,0.0,0.0,0.0,0.71,5.03,0.0
20220209:0711,1.09,8.07,2.66,1.04,5.31,0.0
20220209:0811,41.54,61.78,8.37,1.8,5.72,0.0
20220209:0911,222.89,258.1,12.71,2.67,5.86,0.0
20220209:1011,288.13,329.21,15.35,3.59,6.07,0.0
20220209:1111,328.41,374.69,16.05,4.37,5.52,0.0
20220209:1211,287.73,331.02,14.75,4.96,5.66,0.0
20220209:1311,59.64,83.53,11.56,5.28,6.69,0.0
20220209:1411,10.31,23.31,6.76,5.41,6.55,0.0
20220209:1511,0.0,0.0,0.0,5.08,6.55,0.0
20220209:1611,0.0,0.0,0.0,4.48,6.69,0.0
20220209:1711,0.0,0.0,0.0,3.96,6.69,0.0
20220209:1811,0.0,0.0,0.0,3.4,6.48,0.0
20220209:1911,0.0,0.0,0.0,2.96,6.55,0.0
20220209:2011,0.0,0.0,0.0,2.56,6.41,0.0
20220209:2111,0.0,0.0,0.0,2.21,6.21,0.0
20220209:2211,0.0,0.0,0.0,1.88,5.93,0.0
20220209:2311,0.0,0.0,0.0,1.59,5.79,0.0
20220210:0011,0.0,0.0,0.0,1.4,5.86,0.0
20220210:0111,0.0,0.0,0.0,1.29,6.0,0.0
20220210:0211,0.0,0.0,0.0,1.28,6.28,0.0
20220210:0311,0.0,0.0,0.0,1.3,6.41,0.0
20220210:0411,0.0,0.0,0.0,1.32,6.48,0.0
20220210:0511,0.0,0.0,0.0,1.31,6.48,0.0
20220210:0611,0.0,0.0,0.0,1.26,6.48,0.0
20220210:0711,2.46,10.76,2.94,1.4,6.48,0.0
20220210:0811,382.87,430.76,8.67,1.8,6.48,0.0
20220210:0911,572.31,641.26,13.02,2.44,6.34,0.0
20220210:1011,642.82,726.86,15.67,3.09,5.72,0.0
20220210:1111,680.81,771.53,16.37,3.57,6.21,0.0
20220210:1211,613.37,694.31,15.07,3.9,5.93,0.0
20220210:1311,514.47,582.25,11.87,4.0,5.52,0.0
20220210:1411,325.58,374.67,7.07,3.75,5.17,0.0
20220210:1511,0.0,0.0,0.0,3.01,4.9,0.0
20220210:1611,0.0,0.0,0.0,2.23,4.69,0.0
20220210:1711,0.0,0.0,0.0,1.6,4.41,0.0
20220210:1811,0.0,0.0,0.0,1.09,4.28,0.0
20220210:1911,0.0,0.0,0.0,0.93,4.07,0.0
20220210:2011,0.0,0.0,0.0,0.54,4.0,0.0
20220210:2111,0.0,0.0,0.0,0.41,4.07,0.0
20220210:2211,0.0,0.0,0.0,0.22,3.93,0.0
20220210:2311,0.0,0.0,0.0,-0.04,3.38,0.0
20220211:0011,0.0,0.0,0.0,-0.39,3.17,0.0
20220211:0111,0.0,0.0,0.0,-0.63,3.31,0.0
20220211:0211,0.0,0.0,0.0,-0.91,3.38,0.0
20220211:0311,0.0,0.0,0.0,-1.17,3.31,0.0
20220211:0411,0.0,0.0,0.0,-1.4,3.17,0.0
20220211:0511,0.0,0.0,0.0,-1.61,3.17,0.0
20220211:0611,0.0,0.0,0.0,-1.8,3.17,0.0
20220211:0711,1.57,8.97,3.24,-2.13,3.24,0.0
20220211:0811,418.16,468.5,8.98,-1.76,3.1,0.0
20220211:0911,567.57,636.47,13.34,-1.18,3.24,0.0
20220211:1011,663.39,749.53,15.99,-0.54,3.59,0.0
20220211:1111,695.91,791.0,16.7,0.04,3.59,0.0
20220211:1211,630.69,714.28,15.39,0.43,3.52,0.0
20220211:1311,525.71,592.17,12.19,0.53,3.52,0.0
20220211:1411,342.51,389.72,7.37,0.2,3.38,0.0
20220211:1511,0.0,0.0,0.0,-0.64,3.38,0.0
20220211:1611,0.0,0.0,0.0,-1.44,3.31,0.0
20220211:1711,0.0,0.0,0.0,-1.88,3.31,0.0
20220211:1811,0.0,0.0,0.0,-2.13,3.52,0.0
20220211:1911,0.0,0.0,0.0,-1.94,4.07,0.0
20220211:2011,0.0,0.0,0.0,-2.1,4.0,0.0
20220211:2111,0.0,0.0,0.0,-2.22,3.79,0.0
20220211:2211,0.0,0.0,0.0,-2.2,4.07,0.0
20220211:2311,0.0,0.0,0.0,-1.99,4.48,0.0
20220212:0011,0.0,0.0,0.0,-1.75,4.76,0.0
20220212:0111,0.0,0.0,0.0,-1.41,4.97,0.0
20220212:0211,0.0,0.0,0.0,-1.09,4.9,0.0
20220212:0311,0.0,0.0,0.0,-0.83,4.9,0.0
20220212:0411,0.0,0.0,0.0,-0.39,5.03,0.0
20220212:0511,0.0,0.0,0.0,0.01,5.1,0.0
20220212:0611,0.0,0.0,0.0,0.32,5.52,0.0
20220212:0711,9.42,21.85,3.53,0.94,5.93,0.0
20220212:0811,235.95,271.75,9.28,1.67,6.14,0.0
20220212:0911,198.95,232.44,13.66,2.57,6.55,0.0
20220212:1011,324.14,367.8,16.32,3.3,6.14,0.0
20220212:1111,91.9,119.16,17.03,3.64,6.55,0.0
20220212:1211,209.93,245.28,15.72,3.49,6.34,0.0
20220212:1311,18.42,34.07,12.51,3.24,7.03,0.0
20220212:1411,17.75,33.17,7.68,2.94,6.48,0.0
20220212:1511,0.0,0.0,0.0,2.52,6.0,0.0
20220212:1611,0.0,0.0,0.0,2.23,5.79,0.0
20220212:1711,0.0,0.0,0.0,2.08,5.72,0.0
20220212:1811,0.0,0.0,0.0,1.66,5.66,0.0
20220212:1911,0.0,0.0,0.0,1.43,5.72,0.0
20220212:2011,0.0,0.0,0.0,1.51,5.86,0.0
20220212:2111,0.0,0.0,0.0,1.43,6.28,0.0
20220212:2211,0.0,0.0,0.0,1.37,6.41,0.0
20220212:2311,0.0,0.0,0.0,1.51,6.34,0.0
20220213:0011,0.0,0.0,0.0,1.59,6.48,0.0
20220213:0111,0.0,0.0,0.0,1.5,6.48,0.0
20220213:0211,0.0,0.0,0.0,1.14,6.41,0.0
20220213:0311,0.0,0.0,0.0,0.96,6.41,0.0
20220213:0411,0.0,0.0,0.0,1.01,6.76,0.0
20220213:0511,0.0,0.0,0.0,1.03,6.9,0.0
20220213:0611,0.0,0.0,0.0,1.02,7.03,0.0
20220213:0711,1.99,9.86,3.83,0.96,6.83,0.0
20220213:0811,40.02,59.99,9.6,1.35,6.9,0.0
20220213:0911,164.04,194.94,13.98,1.91,6.34,0.0
20220213:1011,96.72,123.73,16.65,2.29,6.55,0.0
20220213:1111,15.71,30.48,17.37,2.88,6.34,0.0
20220213:1211,137.08,167.71,16.05,3.47,6.07,0.0
20220213:1311,45.05,66.59,12.83,3.9,6.0,0.0
20220213:1411,3.94,13.45,7.99,4.09,6.21,0.0
20220213:1511,0.0,0.83,1.89,3.89,6.0,0.0
20220213:1611,0.0,0.0,0.0,3.71,6.14,0.0
20220213:1711,0.0,0.0,0.0,3.75,6.21,0.0
20220213:1811,0.0,0.0,0.0,3.61,6.21,0.0
20220213:1911,0.0,0.0,0.0,3.37,6.0,0.0
20220213:2011,0.0,0.0,0.0,3.23,5.79,0.0
20220213:2111,0.0,0.0,0.0,3.02,5.59,0.0
20220213:2211,0.0,0.0,0.0,3.02,5.38,0.0
20220213:2311,0.0,0.0,0.0,2.97,5.31,0.0
20220214:0011,0.0,0.0,0.0,2.54,4.83,0.0
20220214:0111,0.0,0.0,0.0,1.87,4.14,0.0
20220214:0211,0.0,0.0,0.0,1.71,3.72,0.0
20220214:0311,0.0,0.0,0.0,1.58,3.79,0.0
20220214:0411,0.0,0.0,0.0,1.68,4.07,0.0
20220214:0511,0.0,0.0,0.0,1.48,4.07,0.0
20220214:0611,0.0,0.0,0.0,1.32,4.21,0.0
20220214:0711,0.0,4.48,4.14,1.27,4.28,0.0
20220214:0811,14.48,28.69,9.91,1.37,4.41,0.0
20220214:0911,15.16,29.59,14.31,1.25,4.41,0.0
20220214:1011,49.09,70.83,16.99,1.65,4.48,0.0
20220214:1111,31.48,50.21,17.71,2.13,4.41,0.0
20220214:1211,44.24,65.45,16.39,2.56,4.21,0.0
20220214:1311,17.06,32.27,13.16,2.84,3.86,0.0
20220214:1411,6.77,17.93,8.31,3.01,3.52,0.0
20220214:1511,0.0,0.83,2.19,3.12,3.31,0.0
20220214:1611,0.0,0.0,0.0,3.17,3.24,0.0
20220214:1711,0.0,0.0,0.0,3.21,3.17,0.0
20220214:1811,0.0,0.0,0.0,3.25,3.66,0.0
20220214:1911,0.0,0.0,0.0,3.02,3.31,0.0
20220214:2011,0.0,0.0,0.0,2.88,3.52,0.0
20220214:2111,0.0,0.0,0.0,2.96,3.79,0.0
20220214:2211,0.0,0.0,0.0,3.27,4.14,0.0
20220214:2311,0.0,0.0,0.0,3.17,4.14,0.0
20220215:0011,0.0,0.0,0.0,2.76,4.0,0.0
20220215:0111,0.0,0.0,0.0,2.62,3.93,0.0
20220215:0211,0.0,0.0,0.0,2.88,4.0,0.0
20220215:0311,0.0,0.0,0.0,3.19,4.0,0.0
20220215:0411,0.0,0.0,0.0,3.38,4.0,0.0
20220215:0511,0.0,0.0,0.0,3.31,3.86,0.0
20220215:0611,0.0,0.0,0.0,3.1,3.79,0.0
20220215:0711,0.0,5.38,4.45,3.32,4.07,0.0
20220215:0811,124.54,154.39,10.23,3.59,4.55,0.0
20220215:0911,189.3,224.26,14.65,4.1,5.1,0.0
20220215:1011,194.93,230.87,17.33,4.49,5.38,0.0
20220215:1111,80.29,107.15,18.05,4.91,5.93,0.0
20220215:1211,47.5,69.93,16.72,5.29,6.21,0.0
20220215:1311,66.31,91.23,13.49,5.2,5.86,0.0
20220215:1411,298.9,346.98,8.62,5.21,5.1,0.0
20220215:1511,0.0,2.48,2.5,4.97,4.9,0.0
20220215:1611,0.0,0.0,0.0,4.1,4.9,0.0
20220215:1711,0.0,0.0,0.0,3.42,5.03,0.0
20220215:1811,0.0,0.0,0.0,2.97,5.1,0.0
20220215:1911,0.0,0.0,0.0,2.93,5.24,0.0
20220215:2011,0.0,0.0,0.0,2.85,5.1,0.0
20220215:2111,0.0,0.0,0.0,2.78,4.97,0.0
20220215:2211,0.0,0.0,0.0,2.8,4.83,0.0
20220215:2311,0.0,0.0,0.0,2.52,5.03,0.0
20220216:0011,0.0,0.0,0.0,2.04,5.24,0.0
20220216:0111,0.0,0.0,0.0,1.71,5.1,0.0
20220216:0211,0.0,0.0,0.0,1.65,5.03,0.0
20220216:0311,0.0,0.0,0.0,1.96,5.31,0.0
20220216:0411,0.0,0.0,0.0,2.55,5.93,0.0
20220216:0511,0.0,0.0,0.0,2.7,6.48,0.0
20220216:0611,0.0,0.0,0.0,2.19,6.76,0.0
20220216:0711,0.29,6.28,4.76,1.95,5.72,0.0
20220216:0811,36.49,56.03,10.56,1.76,5.17,0.0
20220216:0911,45.96,67.24,14.98,1.74,4.34,0.0
20220216:1011,82.74,108.7,17.68,2.32,5.45,0.0
20220216:1111,29.13,47.52,18.39,3.0,4.55,0.0
20220216:1211,575.92,652.52,17.06,3.31,4.97,0.0
20220216:1311,116.31,145.44,13.82,3.48,4.76,0.0
20220216:1411,375.26,429.3,8.94,3.45,4.9,0.0
20220216:1511,0.0,4.13,2.8,2.91,4.76,0.0
20220216:1611,0.0,0.0,0.0,2.07,4.28,0.0
20220216:1711,0.0,0.0,0.0,1.63,3.93,0.0
20220216:1811,0.0,0.0,0.0,1.5,3.79,0.0
20220216:1911,0.0,0.0,0.0,1.54,3.38,0.0
20220216:2011,0.0,0.0,0.0,1.35,3.38,0.0
20220216:2111,0.0,0.0,0.0,1.07,3.24,0.0
20220216:2211,0.0,0.0,0.0,0.72,3.38,0.0
20220216:2311,0.0,0.0,0.0,0.52,3.72,0.0
20220217:0011,0.0,0.0,0.0,0.41,4.14,0.0
20220217:0111,0.0,0.0,0.0,0.32,3.45,0.0
20220217:0211,0.0,0.0,0.0,0.3,3.45,0.0
20220217:0311,0.0,0.0,0.0,0.28,3.86,0.0
20220217:0411,0.0,0.0,0.0,0.28,4.41,0.0
20220217:0511,0.0,0.0,0.0,0.15,4.48,0.0
20220217:0611,0.0,0.0,0.0,0.19,4.48,0.0
20220217:0711,0.69,7.17,5.08,0.24,5.17,0.0
20220217:0811,38.19,57.72,10.89,0.34,5.66,0.0
20220217:0911,22.92,39.45,15.32,0.67,6.41,0.0
20220217:1011,53.97,76.2,18.02,1.15,6.62,0.0
20220217:1111,50.75,72.62,18.74,1.51,6.97,0.0
20220217:1211,15.14,29.59,17.41,1.65,6.41,0.0
20220217:1311,252.17,288.41,14.15,1.56,5.86,0.0
20220217:1411,32.21,50.87,9.26,1.41,5.59,0.0
20220217:1511,0.0,1.79,3.11,1.2,5.45,0.0
20220217:1611,0.0,0.0,0.0,0.77,4.55,0.0
20220217:1711,0.0,0.0,0.0,0.37,4.28,0.0
20220217:1811,0.0,0.0,0.0,0.07,3.93,0.0
20220217:1911,0.0,0.0,0.0,-0.22,3.45,0.0
20220217:2011,0.0,0.0,0.0,-0.36,3.59,0.0
20220217:2111,0.0,0.0,0.0,-0.64,3.59,0.0
20220217:2211,0.0,0.0,0.0,-0.75,3.66,0.0
20220217:2311,0.0,0.0,0.0,-0.92,3.66,0.0
20220218:0011,0.0,0.0,0.0,-0.97,3.66,0.0
20220218:0111,0.0,0.0,0.0,-1.1,3.66,0.0
20220218:0211,0.0,0.0,0.0,-1.18,3.66,0.0
20220218:0311,0.0,0.0,0.0,-1.32,3.59,0.0
20220218:0411,0.0,0.0,0.0,-1.38,3.52,0.0
20220218:0511,0.0,0.0,0.0,-1.44,3.38,0.0
20220218:0611,0.0,0.0,0.0,-1.42,3.38,0.0
20220218:0711,203.14,242.09,5.4,-0.88,3.59,0.0
20220218:0811,464.59,522.65,11.22,-0.13,3.59,0.0
20220218:0911,629.16,710.47,15.67,0.96,4.28,0.0
20220218:1011,710.46,809.34,18.37,2.07,4.69,0.0
20220218:1111,753.95,869.79,19.09,2.91,4.21,0.0
20220218:1211,671.49,771.22,17.75,3.54,4.14,0.0
20220218:1311,586.9,672.34,14.48,3.83,3.86,0.0
20220218:1411,398.37,457.65,9.58,3.61,3.79,0.0
20220218:1511,7.5,19.32,3.42,2.75,3.24,0.0
20220218:1611,0.0,0.0,0.0,1.35,3.1,0.0
20220218:1711,0.0,0.0,0.0,0.79,3.24,0.0
20220218:1811,0.0,0.0,0.0,0.7,3.03,0.0
20220218:1911,0.0,0.0,0.0,0.59,3.03,0.0
20220218:2011,0.0,0.0,0.0,0.76,2.97,0.0
20220218:2111,0.0,0.0,0.0,0.85,2.62,0.0
20220218:2211,0.0,0.0,0.0,0.79,2.34,0.0
20220218:2311,0.0,0.0,0.0,0.57,2.21,0.0
20220219:0011,0.0,0.0,0.0,0.22,2.0,0.0
20220219:0111,0.0,0.0,0.0,0.09,2.28,0.0
20220219:0211,0.0,0.0,0.0,0.09,3.03,0.0
20220219:0311,0.0,0.0,0.0,0.17,3.45,0.0
20220219:0411,0.0,0.0,0.0,0.13,3.59,0.0
20220219:0511,0.0,0.0,0.0,0.08,3.59,0.0
20220219:0611,0.0,0.0,0.0,-0.02,3.79,0.0
20220219:0711,10.64,23.31,5.73,-0.24,4.07,0.0
20220219:0811,28.84,46.62,11.56,0.04,5.38,0.0
20220219:0911,63.52,86.71,16.01,0.46,5.72,0.0
20220219:1011,112.55,140.35,18.73,0.87,5.72,0.0
20220219:1111,246.19,282.5,19.45,0.98,4.83,0.0
20220219:1211,159.5,190.49,18.1,0.94,4.48,0.0
20220219:1311,95.22,121.5,14.82,0.9,4.28,0.0
20220219:1411,54.85,76.91,9.9,0.8,3.93,0.0
20220219:1511,4.58,14.34,3.73,0.41,3.59,0.0
20220219:1611,0.0,0.0,0.0,-0.24,3.45,0.0
20220219:1711,0.0,0.0,0.0,-0.56,3.52,0.0
20220219:1811,0.0,0.0,0.0,-0.72,3.79,0.0
20220219:1911,0.0,0.0,0.0,-0.92,3.59,0.0
20220219:2011,0.0,0.0,0.0,-1.13,3.66,0.0
20220219:2111,0.0,0.0,0.0,-1.11,3.31,0.0
20220219:2211,0.0,0.0,0.0,-1.0,3.03,0.0
20220219:2311,0.0,0.0,0.0,-0.98,2.9,0.0
20220220:0011,0.0,0.0,0.0,-1.04,2.9,0.0
20220220:0111,0.0,0.0,0.0,-1.03,2.76,0.0
20220220:0211,0.0,0.0,0.0,-1.14,2.48,0.0
20220220:0311,0.0,0.0,0.0,-1.3,2.21,0.0
20220220:0411,0.0,0.0,0.0,-1.44,2.07,0.0
20220220:0511,0.0,0.0,0.0,-1.63,2.0,0.0
20220220:0611,0.0,0.0,0.0,-1.89,2.21,0.0
20220220:0711,45.32,66.03,6.06,-1.92,2.55,0.0
20220220:0811,94.88,120.01,11.9,-1.65,2.76,0.0
20220220:0911,96.09,121.52,16.37,-1.46,3.93,0.0
20220220:1011,88.42,113.91,19.09,-0.66,3.86,0.0
20220220:1111,488.23,549.44,19.81,0.11,3.24,0.0
20220220:1211,447.21,504.77,18.45,0.8,3.1,0.0
20220220:1311,462.3,522.94,15.16,1.1,3.03,0.0
20220220:1411,354.47,404.5,10.23,0.92,2.9,0.0
20220220:1511,10.19,22.96,4.04,-0.02,3.03,0.0
20220220:1611,0.0,0.0,0.0,-1.11,3.31,0.0
20220220:1711,0.0,0.0,0.0,-1.48,3.31,0.0
20220220:1811,0.0,0.0,0.0,-1.4,3.03,0.0
20220220:1911,0.0,0.0,0.0,-0.96,3.17,0.0
20220220:2011,0.0,0.0,0.0,-0.55,3.66,0.0
20220220:2111,0.0,0.0,0.0,-0.18,4.28,0.0
20220220:2211,0.0,0.0,0.0,0.13,4.76,0.0
20220220:2311,0.0,0.0,0.0,0.42,5.03,0.0
20220221:0011,0.0,0.0,0.0,0.49,5.17,0.0
20220221:0111,0.0,0.0,0.0,0.79,5.79,0.0
20220221:0211,0.0,0.0,0.0,0.86,6.41,0.0
20220221:0311,0.0,0.0,0.0,0.85,7.03,0.0
20220221:0411,0.0,0.0,0.0,0.75,7.45,0.0
20220221:0511,0.0,0.0,0.0,0.68,7.72,0.0
20220221:0611,0.0,0.0,0.0,0.67,7.72,0.0
20220221:0711,2.47,10.76,6.4,0.83,7.31,0.0
20220221:0811,16.54,31.38,12.25,1.12,6.97,0.0
20220221:0911,35.28,54.69,16.72,1.83,5.45,0.0
20220221:1011,51.2,73.51,19.45,2.46,3.79,0.0
20220221:1111,28.41,46.62,20.17,2.8,3.24,0.0
20220221:1211,11.09,24.21,18.8,2.88,3.31,0.0
20220221:1311,14.37,28.69,15.5,2.68,2.9,0.0
20220221:1411,33.78,53.05,10.55,2.46,2.14,0.0
20220221:1511,2.45,10.76,4.35,2.05,1.45,0.0
20220221:1611,0.0,0.0,0.0,1.67,2.0,0.0
20220221:1711,0.0,0.0,0.0,1.24,3.66,0.0
20220221:1811,0.0,0.0,0.0,0.64,5.93,0.0
20220221:1911,0.0,0.0,0.0,-0.52,8.34,0.0
20220221:2011,0.0,0.0,0.0,-0.8,8.62,0.0
20220221:2111,0.0,0.0,0.0,-0.93,8.48,0.0
20220221:2211,0.0,0.0,0.0,-1.07,8.28,0.0
20220221:2311,0.0,0.0,0.0,-1.2,8.14,0.0
20220222:0011,0.0,0.0,0.0,-1.41,8.0,0.0
20220222:0111,0.0,0.0,0.0,-1.58,8.34,0.0
20220222:0211,0.0,0.0,0.0,-1.95,8.14,0.0
20220222:0311,0.0,0.0,0.0,-2.54,8.21,0.0
20220222:0411,0.0,0.0,0.0,-3.11,7.93,0.0
20220222:0511,0.0,0.0,0.0,-3.5,7.38,0.0
20220222:0611,0.0,0.0,0.0,-3.82,6.76,0.0
20220222:0711,19.84,35.01,6.73,-4.11,5.66,0.0
20220222:0811,58.6,79.61,12.6,-4.07,6.0,0.0
20220222:0911,52.13,72.62,17.08,-4.17,6.0,0.0
20220222:1011,37.9,56.48,19.81,-4.19,5.72,0.0
20220222:1111,38.66,57.38,20.53,-4.14,5.17,0.0
20220222:1211,12.18,25.1,19.16,-3.98,4.69,0.0
20220222:1311,52.81,73.51,15.84,-3.87,4.41,0.0
20220222:1411,264.8,298.04,10.88,-3.81,4.0,0.0
20220222:1511,5.27,15.24,4.66,-3.85,3.38,0.0
20220222:1611,0.0,0.0,0.0,-4.16,2.41,0.0
20220222:1711,0.0,0.0,0.0,-4.25,1.79,0.0
20220222:1811,0.0,0.0,0.0,-4.67,1.17,0.0
20220222:1911,0.0,0.0,0.0,-5.2,1.17,0.0
20220222:2011,0.0,0.0,0.0,-4.62,0.69,0.0
20220222:2111,0.0,0.0,0.0,-4.42,0.76,0.0
20220222:2211,0.0,0.0,0.0,-6.04,1.24,0.0
20220222:2311,0.0,0.0,0.0,-6.87,1.52,0.0
20220223:0011,0.0,0.0,0.0,-7.22,1.66,0.0
20220223:0111,0.0,0.0,0.0,-7.29,2.0,0.0
20220223:0211,0.0,0.0,0.0,-5.43,2.14,0.0
20220223:0311,0.0,0.0,0.0,-3.92,2.28,0.0
20220223:0411,0.0,0.0,0.0,-3.16,2.34,0.0
20220223:0511,0.0,0.0,0.0,-2.73,2.21,0.0
20220223:0611,0.0,0.0,0.0,-2.34,2.07,0.0
20220223:0711,52.14,73.85,7.08,-1.75,1.59,0.0
20220223:0811,105.1,131.4,12.95,-1.42,1.66,0.0
20220223:0911,345.02,390.52,17.44,-0.66,2.0,0.0
20220223:1011,270.17,308.69,20.18,-0.02,2.97,0.0
20220223:1111,64.32,87.86,20.89,0.52,3.59,0.0
20220223:1211,52.37,74.41,19.51,0.96,4.21,0.0
20220223:1311,25.72,43.03,16.18,1.28,4.34,0.0
20220223:1411,15.82,30.48,11.21,1.48,4.21,0.0
20220223:1511,0.29,6.28,4.97,1.51,4.0,0.0
20220223:1611,0.0,0.0,0.0,0.95,3.86,0.0
20220223:1711,0.0,0.0,0.0,0.54,4.41,0.0
20220223:1811,0.0,0.0,0.0,0.72,4.83,0.0
20220223:1911,0.0,0.0,0.0,1.14,5.31,0.0
20220223:2011,0.0,0.0,0.0,1.55,5.86,0.0
20220223:2111,0.0,0.0,0.0,1.8,6.07,0.0
20220223:2211,0.0,0.0,0.0,1.98,6.55,0.0
20220223:2311,0.0,0.0,0.0,2.27,7.1,0.0
20220224:0011,0.0,0.0,0.0,2.57,7.1,0.0
20220224:0111,0.0,0.0,0.0,2.7,7.03,0.0
20220224:0211,0.0,0.0,0.0,2.84,7.17,0.0
20220224:0311,0.0,0.0,0.0,2.9,7.45,0.0
20220224:0411,0.0,0.0,0.0,3.1,7.79,0.0
20220224:0511,0.0,0.0,0.0,3.33,8.07,0.0
20220224:0611,0.0,0.0,0.0,3.41,8.21,0.0
20220224:0711,1.94,9.86,7.42,4.06,8.21,0.0
20220224:0811,29.0,47.52,13.3,4.16,8.34,0.0
20220224:0911,97.42,125.45,17.81,4.19,8.21,0.0
20220224:1011,42.38,63.65,20.55,4.46,7.79,0.0
20220224:1111,64.86,89.65,21.26,4.45,7.24,0.0
20220224:1211,40.19,60.96,19.87,3.95,6.69,0.0
20220224:1311,21.85,38.55,16.53,3.74,6.21,0.0
20220224:1411,30.53,49.31,11.53,3.59,5.86,0.0
20220224:1511,3.95,13.45,5.29,3.74,5.66,0.0
20220224:1611,0.0,0.0,0.0,3.52,5.24,0.0
20220224:1711,0.0,0.0,0.0,3.19,4.97,0.0
20220224:1811,0.0,0.0,0.0,2.9,4.83,0.0
20220224:1911,0.0,0.0,0.0,2.52,3.86,0.0
20220224:2011,0.0,0.0,0.0,2.19,3.52,0.0
20220224:2111,0.0,0.0,0.0,2.07,3.52,0.0
20220224:2211,0.0,0.0,0.0,1.93,3.45,0.0
20220224:2311,0.0,0.0,0.0,1.45,2.34,0.0
20220225:0011,0.0,0.0,0.0,0.99,1.38,0.0
20220225:0111,0.0,0.0,0.0,0.68,1.24,0.0
20220225:0211,0.0,0.0,0.0,0.44,2.28,0.0
20220225:0311,0.0,0.0,0.0,0.3,3.59,0.0
20220225:0411,0.0,0.0,0.0,0.3,3.93,0.0
20220225:0511,0.0,0.0,0.0,0.23,4.07,0.0
20220225:0611,0.0,0.0,0.0,0.16,4.41,0.0
20220225:0711,11.91,25.1,7.77,0.16,4.48,0.0
20220225:0811,112.0,139.18,13.66,0.19,4.69,0.0
20220225:0911,272.74,310.04,18.17,0.34,4.76,0.0
20220225:1011,498.58,554.94,20.92,0.5,5.86,0.0
20220225:1111,494.15,552.8,21.63,1.31,5.59,0.0
20220225:1211,432.51,485.98,20.23,1.91,5.24,0.0
20220225:1311,580.7,655.38,16.87,2.33,5.03,0.0
20220225:1411,424.59,482.55,11.86,2.38,4.55,0.0
20220225:1511,29.96,49.05,5.6,2.25,4.14,0.0
20220225:1611,0.0,0.0,0.0,1.61,3.72,0.0
20220225:1711,0.0,0.0,0.0,0.72,3.52,0.0
20220225:1811,0.0,0.0,0.0,0.27,3.45,0.0
20220225:1911,0.0,0.0,0.0,0.56,3.66,0.0
20220225:2011,0.0,0.0,0.0,0.21,3.79,0.0
20220225:2111,0.0,0.0,0.0,-0.03,4.0,0.0
20220225:2211,0.0,0.0,0.0,-0.4,4.0,0.0
20220225:2311,0.0,0.0,0.0,-0.85,4.14,0.0
20220226:0011,0.0,0.0,0.0,-1.26,4.28,0.0
20220226:0111,0.0,0.0,0.0,-1.66,4.28,0.0
20220226:0211,0.0,0.0,0.0,-2.09,4.07,0.0
20220226:0311,0.0,0.0,0.0,-2.54,3.86,0.0
20220226:0411,0.0,0.0,0.0,-2.98,3.59,0.0
20220226:0511,0.0,0.0,0.0,-3.3,3.59,0.0
20220226:0611,0.0,0.0,0.0,-3.6,3.24,0.0
20220226:0711,301.67,346.37,8.12,-3.15,3.17,0.0
20220226:0811,498.15,557.45,14.02,-2.4,2.83,0.0
20220226:0911,621.05,704.14,18.54,-1.45,2.48,0.0
20220226:1011,701.45,808.44,21.3,-0.52,2.28,0.0
20220226:1111,731.09,852.75,22.01,0.23,2.0,0.0
20220226:1211,650.12,756.14,20.6,0.68,1.59,0.0
20220226:1311,635.0,737.95,17.22,0.97,1.59,0.0
20220226:1411,305.95,353.06,12.19,0.75,1.31,0.0
20220226:1511,11.25,24.21,5.92,0.02,1.31,0.0
20220226:1611,0.0,0.0,0.0,-0.66,1.86,0.0
20220226:1711,0.0,0.0,0.0,-0.94,2.48,0.0
20220226:1811,0.0,0.0,0.0,-1.01,2.97,0.0
20220226:1911,0.0,0.0,0.0,-0.98,3.52,0.0
20220226:2011,0.0,0.0,0.0,-0.96,3.66,0.0
20220226:2111,0.0,0.0,0.0,-0.77,3.79,0.0
20220226:2211,0.0,0.0,0.0,-0.63,3.79,0.0
20220226:2311,0.0,0.0,0.0,-0.58,3.86,0.0
20220227:0011,0.0,0.0,0.0,-0.53,4.0,0.0
20220227:0111,0.0,0.0,0.0,-0.47,4.07,0.0
20220227:0211,0.0,0.0,0.0,-0.47,4.14,0.0
20220227:0311,0.0,0.0,0.0,-0.55,4.14,0.0
20220227:0411,0.0,0.0,0.0,-0.68,4.07,0.0
20220227:0511,0.0,0.0,0.0,-0.82,3.93,0.0
20220227:0611,0.0,0.0,0.0,-0.96,3.86,0.0
20220227:0711,189.32,225.58,8.48,0.04,3.93,0.0
20220227:0811,212.42,247.31,14.39,0.97,3.66,0.0
20220227:0911,360.75,409.13,18.92,1.98,3.86,0.0
20220227:1011,746.73,863.02,21.67,2.85,3.93,0.0
20220227:1111,728.88,842.9,22.38,3.54,4.07,0.0
20220227:1211,512.05,584.19,20.96,4.0,4.14,0.0
20220227:1311,539.15,615.94,17.57,4.24,4.21,0.0
20220227:1411,377.32,433.14,12.53,4.14,4.34,0.0
20220227:1511,99.65,131.71,6.24,3.63,4.28,0.0
20220227:1611,0.0,0.0,0.0,2.82,4.34,0.0
20220227:1711,0.0,0.0,0.0,2.16,4.41,0.0
20220227:1811,0.0,0.0,0.0,1.74,4.48,0.0
20220227:1911,0.0,0.0,0.0,1.58,4.69,0.0
20220227:2011,0.0,0.0,0.0,1.27,4.69,0.0
20220227:2111,0.0,0.0,0.0,1.0,4.69,0.0
20220227:2211,0.0,0.0,0.0,0.76,4.55,0.0
20220227:2311,0.0,0.0,0.0,0.45,4.14,0.0
20220228:0011,0.0,0.0,0.0,0.07,3.66,0.0
20220228:0111,0.0,0.0,0.0,-0.35,3.31,0.0
20220228:0211,0.0,0.0,0.0,-0.74,3.1,0.0
20220228:0311,0.0,0.0,0.0,-1.05,3.17,0.0
20220228:0411,0.0,0.0,0.0,-1.34,3.1,0.0
20220228:0511,0.0,0.0,0.0,-1.54,3.03,0.0
20220228:0611,0.0,1.79,1.94,-1.72,3.03,0.0
20220228:0711,301.08,347.87,8.83,-1.44,3.1,0.0
20220228:0811,527.36,594.09,14.76,-0.58,3.24,0.0
20220228:0911,662.96,754.1,19.29,0.53,3.52,0.0
20220228:1011,757.69,875.25,22.05,1.55,3.52,0.0
20220228:1111,787.36,916.89,22.76,2.39,3.52,0.0
20220228:1211,702.65,811.84,21.33,2.95,3.59,0.0
20220228:1311,645.8,742.24,17.92,3.15,3.66,0.0
20220228:1411,455.38,520.99,12.86,2.98,3.72,0.0
20220228:1511,204.88,251.24,6.56,2.35,3.93,0.0
20220228:1611,0.0,0.0,0.0,1.42,4.07,0.0
20220228:1711,0.0,0.0,0.0,0.85,4.07,0.0
20220228:1811,0.0,0.0,0.0,0.63,4.14,0.0
20220228:1911,0.0,0.0,0.0,0.84,4.14,0.0
20220228:2011,0.0,0.0,0.0,0.82,4.28,0.0
20220228:2111,0.0,0.0,0.0,0.72,4.21,0.0
20220228:2211,0.0,0.0,0.0,0.5,4.21,0.0
20220228:2311,0.0,0.0,0.0,0.28,4.28,0.0
20220301:0011,0.0,0.0,0.0,0.09,4.21,0.0
20220301:0111,0.0,0.0,0.0,-0.07,4.34,0.0
20220301:0211,0.0,0.0,0.0,-0.14,4.41,0.0
20220301:0311,0.0,0.0,0.0,-0.24,4.41,0.0
20220301:0411,0.0,0.0,0.0,-0.3,4.48,0.0
20220301:0511,0.0,0.0,0.0,-0.36,4.55,0.0
20220301:0611,0.0,3.59,2.29,-0.35,4.55,0.0
20220301:0711,281.79,326.56,9.19,0.12,4.83,0.0
20220301:0811,511.24,574.41,15.13,1.07,4.83,0.0
20220301:0911,656.78,742.68,19.67,2.02,5.17,0.0
20220301:1011,743.19,849.79,22.43,2.84,5.17,0.0
20220301:1111,773.34,891.06,23.13,3.43,4.97,0.0
20220301:1211,672.24,771.24,21.69,3.81,4.55,0.0
20220301:1311,592.33,677.45,18.27,3.97,4.28,0.0
20220301:1411,166.46,200.63,13.19,3.75,4.14,0.0
20220301:1511,23.65,41.02,6.87,3.27,4.07,0.0
20220301:1611,0.0,0.0,0.0,2.62,3.86,0.0
20220301:1711,0.0,0.0,0.0,2.25,3.79,0.0
20220301:1811,0.0,0.0,0.0,2.12,3.72,0.0
20220301:1911,0.0,0.0,0.0,1.81,3.52,0.0
20220301:2011,0.0,0.0,0.0,1.7,3.38,0.0
20220301:2111,0.0,0.0,0.0,1.61,3.17,0.0
20220301:2211,0.0,0.0,0.0,1.45,3.03,0.0
20220301:2311,0.0,0.0,0.0,0.95,2.97,0.0
20220302:0011,0.0,0.0,0.0,0.54,3.03,0.0
20220302:0111,0.0,0.0,0.0,0.26,3.1,0.0
20220302:0211,0.0,0.0,0.0,-0.04,3.03,0.0
20220302:0311,0.0,0.0,0.0,-0.1,3.03,0.0
20220302:0411,0.0,0.0,0.0,-0.36,3.1,0.0
20220302:0511,0.0,0.0,0.0,-0.48,3.1,0.0
20220302:0611,1.11,8.07,2.64,-0.66,3.17,0.0
20220302:0711,193.84,230.22,9.56,0.01,3.52,0.0
20220302:0811,412.27,465.83,15.5,0.62,3.31,0.0
20220302:0911,666.65,766.67,20.05,1.72,3.03,0.0
20220302:1011,753.57,881.44,22.82,2.83,2.97,0.0
20220302:1111,783.91,926.21,23.51,3.78,2.9,0.0
20220302:1211,728.86,858.39,22.06,4.49,2.83,0.0
20220302:1311,625.8,730.97,18.62,4.9,2.69,0.0
20220302:1411,450.77,523.66,13.53,4.92,2.69,0.0
20220302:1511,217.26,268.38,7.19,4.43,2.55,0.0
20220302:1611,0.0,0.0,0.0,3.16,2.76,0.0
20220302:1711,0.0,0.0,0.0,2.16,2.9,0.0
20220302:1811,0.0,0.0,0.0,1.54,3.03,0.0
20220302:1911,0.0,0.0,0.0,1.28,2.97,0.0
20220302:2011,0.0,0.0,0.0,1.01,3.03,0.0
20220302:2111,0.0,0.0,0.0,0.88,3.31,0.0
20220302:2211,0.0,0.0,0.0,0.63,3.52,0.0
20220302:2311,0.0,0.0,0.0,0.39,3.59,0.0
20220303:0011,0.0,0.0,0.0,0.16,3.59,0.0
20220303:0111,0.0,0.0,0.0,-0.05,3.59,0.0
20220303:0211,0.0,0.0,0.0,-0.19,3.72,0.0
20220303:0311,0.0,0.0,0.0,-0.24,3.93,0.0
20220303:0411,0.0,0.0,0.0,-0.24,4.0,0.0
20220303:0511,0.0,0.0,0.0,-0.26,4.14,0.0
20220303:0611,1.54,8.97,3.0,-0.17,4.14,0.0
20220303:0711,315.07,364.11,9.92,0.42,4.28,0.0
20220303:0811,540.69,610.71,15.87,1.16,4.14,0.0
20220303:0911,689.12,783.57,20.44,1.94,4.69,0.0
20220303:1011,776.1,893.42,23.2,2.71,4.69,0.0
20220303:1111,754.64,871.21,23.9,3.18,4.41,0.0
20220303:1211,567.73,646.8,22.43,3.44,4.41,0.0
20220303:1311,577.06,659.09,18.97,3.7,4.21,0.0
20220303:1411,445.44,509.18,13.86,3.44,4.21,0.0
20220303:1511,224.52,273.49,7.51,2.83,4.07,0.0
20220303:1611,0.0,0.0,0.0,1.72,4.0,0.0
20220303:1711,0.0,0.0,0.0,0.56,3.93,0.0
20220303:1811,0.0,0.0,0.0,-0.12,3.66,0.0
20220303:1911,0.0,0.0,0.0,-0.46,3.59,0.0
20220303:2011,0.0,0.0,0.0,-0.76,3.38,0.0
20220303:2111,0.0,0.0,0.0,-0.99,3.31,0.0
20220303:2211,0.0,0.0,0.0,-1.17,3.31,0.0
20220303:2311,0.0,0.0,0.0,-1.31,3.31,0.0
20220304:0011,0.0,0.0,0.0,-1.43,3.38,0.0
20220304:0111,0.0,0.0,0.0,-1.53,3.24,0.0
20220304:0211,0.0,0.0,0.0,-1.66,3.1,0.0
20220304:0311,0.0,0.0,0.0,-1.75,3.03,0.0
20220304:0411,0.0,0.0,0.0,-1.82,3.1,0.0
20220304:0511,0.0,0.0,0.0,-1.85,3.1,0.0
20220304:0611,6.03,17.2,3.36,-1.81,2.97,0.0
20220304:0711,325.66,374.81,10.29,-1.68,2.55,0.0
20220304:0811,544.43,617.81,16.25,-0.51,2.48,0.0
20220304:0911,693.13,800.67,20.82,0.53,2.41,0.0
20220304:1011,783.46,926.57,23.59,1.37,2.0,0.0
20220304:1111,797.12,954.21,24.28,1.97,1.66,0.0
20220304:1211,746.38,894.89,22.8,2.24,1.17,0.0
20220304:1311,631.94,751.4,19.33,2.3,0.62,0.0
20220304:1411,459.35,540.07,14.19,2.17,0.28,0.0
20220304:1511,235.58,288.35,7.83,1.64,0.62,0.0
20220304:1611,0.0,0.0,0.0,0.63,1.17,0.0
20220304:1711,0.0,0.0,0.0,-0.52,1.31,0.0
20220304:1811,0.0,0.0,0.0,-1.07,1.52,0.0
20220304:1911,0.0,0.0,0.0,-1.19,1.79,0.0
20220304:2011,0.0,0.0,0.0,-1.59,2.0,0.0
20220304:2111,0.0,0.0,0.0,-1.89,2.07,0.0
20220304:2211,0.0,0.0,0.0,-2.11,2.14,0.0
20220304:2311,0.0,0.0,0.0,-2.34,2.21,0.0
20220305:0011,0.0,0.0,0.0,-2.97,2.34,0.0
20220305:0111,0.0,0.0,0.0,-3.01,2.41,0.0
20220305:0211,0.0,0.0,0.0,-3.03,2.48,0.0
20220305:0311,0.0,0.0,0.0,-2.88,2.55,0.0
20220305:0411,0.0,0.0,0.0,-2.87,2.69,0.0
20220305:0511,0.0,0.0,0.0,-2.87,2.76,0.0
20220305:0611,7.06,18.62,3.73,-2.86,2.83,0.0
20220305:0711,340.05,389.19,10.66,-2.27,2.83,0.0
20220305:0811,546.17,616.13,16.63,-0.91,2.97,0.0
20220305:0911,693.4,793.91,21.21,0.49,3.17,0.0
20220305:1011,791.25,921.69,23.98,1.83,3.31,0.0
20220305:1111,818.76,959.68,24.66,2.8,3.52,0.0
20220305:1211,770.12,896.62,23.17,3.36,3.79,0.0
20220305:1311,635.46,729.81,19.68,3.54,3.93,0.0
20220305:1411,481.76,552.28,14.53,3.37,3.72,0.0
20220305:1511,183.92,226.17,8.15,2.57,3.72,0.0
20220305:1611,0.0,0.0,0.0,1.24,3.86,0.0
20220305:1711,0.0,0.0,0.0,0.12,3.86,0.0
20220305:1811,0.0,0.0,0.0,-0.31,3.93,0.0
20220305:1911,0.0,0.0,0.0,-0.41,3.86,0.0
20220305:2011,0.0,0.0,0.0,-0.58,3.59,0.0
20220305:2111,0.0,0.0,0.0,-0.82,3.38,0.0
20220305:2211,0.0,0.0,0.0,-1.09,3.24,0.0
20220305:2311,0.0,0.0,0.0,-1.34,3.1,0.0
20220306:0011,0.0,0.0,0.0,-1.56,3.1,0.0
20220306:0111,0.0,0.0,0.0,-1.79,3.03,0.0
20220306:0211,0.0,0.0,0.0,-1.87,2.83,0.0
20220306:0311,0.0,0.0,0.0,-1.78,2.83,0.0
20220306:0411,0.0,0.0,0.0,-1.6,2.97,0.0
20220306:0511,0.0,0.0,0.0,-1.6,3.03,0.0
20220306:0611,15.83,31.79,4.09,-1.77,3.03,0.0
20220306:0711,331.14,380.48,11.03,-1.21,2.97,0.0
20220306:0811,545.14,615.31,17.01,-0.06,3.38,0.0
20220306:0911,706.55,810.83,21.6,1.27,3.45,0.0
20220306:1011,791.42,923.69,24.37,2.57,3.45,0.0
20220306:1111,808.55,949.51,25.05,3.61,3.59,0.0
20220306:1211,763.0,891.82,23.55,4.31,3.79,0.0
20220306:1311,651.78,752.94,20.03,4.63,4.0,0.0
20220306:1411,461.25,530.85,14.86,4.61,3.93,0.0
20220306:1511,242.59,295.14,8.47,3.98,3.93,0.0
20220306:1611,0.0,0.0,0.0,2.74,4.07,0.0
20220306:1711,0.0,0.0,0.0,1.66,4.28,0.0
20220306:1811,0.0,0.0,0.0,1.3,4.55,0.0
20220306:1911,0.0,0.0,0.0,1.26,4.48,0.0
20220306:2011,0.0,0.0,0.0,1.12,4.41,0.0
20220306:2111,0.0,0.0,0.0,1.01,4.41,0.0
20220306:2211,0.0,0.0,0.0,0.89,4.34,0.0
20220306:2311,0.0,0.0,0.0,0.68,4.28,0.0
20220307:0011,0.0,0.0,0.0,0.52,4.55,0.0
20220307:0111,0.0,0.0,0.0,0.44,4.55,0.0
20220307:0211,0.0,0.0,0.0,0.3,4.34,0.0
20220307:0311,0.0,0.0,0.0,0.12,4.28,0.0
20220307:0411,0.0,0.0,0.0,-0.08,4.0,0.0
20220307:0511,0.0,0.0,0.0,-0.37,3.31,0.0
20220307:0611,16.61,32.79,4.46,-0.49,2.97,0.0
20220307:0711,326.57,377.44,11.41,-0.03,2.76,0.0
20220307:0811,531.58,604.64,17.4,1.11,2.97,0.0
20220307:0911,682.21,791.15,21.99,2.28,2.69,0.0
20220307:1011,725.98,856.35,24.77,3.35,2.28,0.0
20220307:1111,784.99,939.6,25.44,4.23,2.21,0.0
20220307:1211,712.39,851.87,23.92,4.97,1.79,0.0
20220307:1311,606.5,717.63,20.39,5.41,1.66,0.0
20220307:1411,331.55,389.47,15.2,5.56,1.59,0.0
20220307:1511,116.07,151.02,8.78,5.06,1.45,0.0
20220307:1611,0.0,0.0,0.0,4.27,1.86,0.0
20220307:1711,0.0,0.0,0.0,3.14,2.21,0.0
20220307:1811,0.0,0.0,0.0,2.56,2.41,0.0
20220307:1911,0.0,0.0,0.0,2.11,2.21,0.0
20220307:2011,0.0,0.0,0.0,1.77,2.21,0.0
20220307:2111,0.0,0.0,0.0,1.46,2.28,0.0
20220307:2211,0.0,0.0,0.0,1.05,2.28,0.0
20220307:2311,0.0,0.0,0.0,0.67,2.28,0.0
20220308:0011,0.0,0.0,0.0,0.14,2.41,0.0
20220308:0111,0.0,0.0,0.0,-0.04,2.48,0.0
20220308:0211,0.0,0.0,0.0,-0.13,2.34,0.0
20220308:0311,0.0,0.0,0.0,-0.35,2.28,0.0
20220308:0411,0.0,0.0,0.0,-0.52,2.41,0.0
20220308:0511,0.0,0.0,0.0,-0.62,2.48,0.0
20220308:0611,11.57,25.02,4.83,-0.63,2.55,0.0
20220308:0711,217.54,256.15,11.78,-0.09,2.28,0.0
20220308:0811,310.12,355.32,17.78,1.23,2.41,0.0
20220308:0911,386.14,442.29,22.38,2.42,2.34,0.0
20220308:1011,431.54,497.38,25.16,3.66,2.34,0.0
20220308:1111,757.58,904.69,25.82,4.74,2.28,0.0
20220308:1211,706.92,841.6,24.29,5.65,2.28,0.0
20220308:1311,558.97,656.34,20.74,5.98,2.14,0.0
20220308:1411,436.12,511.29,15.53,5.96,2.0,0.0
20220308:1511,201.11,249.09,9.1,5.02,2.21,0.0
20220308:1611,0.0,1.79,1.88,3.53,2.48,0.0
20220308:1711,0.0,0.0,0.0,2.32,2.55,0.0
20220308:1811,0.0,0.0,0.0,1.71,2.48,0.0
20220308:1911,0.0,0.0,0.0,1.57,2.41,0.0
20220308:2011,0.0,0.0,0.0,1.03,2.28,0.0
20220308:2111,0.0,0.0,0.0,0.66,2.21,0.0
20220308:2211,0.0,0.0,0.0,0.38,2.34,0.0
20220308:2311,0.0,0.0,0.0,0.12,2.41,0.0
20220309:0011,0.0,0.0,0.0,-0.04,2.55,0.0
20220309:0111,0.0,0.0,0.0,-0.08,2.55,0.0
20220309:0211,0.0,0.0,0.0,-0.13,2.55,0.0
20220309:0311,0.0,0.0,0.0,-0.21,2.48,0.0
20220309:0411,0.0,0.0,0.0,-0.31,2.41,0.0
20220309:0511,0.0,0.0,0.0,-0.39,2.21,0.0
20220309:0611,31.2,52.35,5.2,-0.4,2.0,0.0
20220309:0711,353.14,409.53,12.16,-0.46,1.45,0.0
20220309:0811,552.02,638.89,18.17,1.11,1.38,0.0
20220309:0911,694.76,821.73,22.77,2.57,1.52,0.0
20220309:1011,774.42,928.38,25.56,3.51,1.79,0.0
20220309:1111,772.16,921.84,26.21,3.84,2.14,0.0
20220309:1211,747.51,883.54,24.67,3.76,2.48,0.0
20220309:1311,80.82,107.42,21.1,3.05,2.55,0.0
20220309:1411,49.6,71.72,15.87,2.41,2.62,0.0
20220309:1511,17.15,32.27,9.42,1.74,2.48,0.0
20220309:1611,0.0,0.9,2.19,0.92,2.41,0.0
20220309:1711,0.0,0.0,0.0,0.33,2.62,0.0
20220309:1811,0.0,0.0,0.0,0.47,2.9,0.0
20220309:1911,0.0,0.0,0.0,0.33,3.38,0.0
20220309:2011,0.0,0.0,0.0,0.34,3.79,0.0
20220309:2111,0.0,0.0,0.0,0.34,3.93,0.0
20220309:2211,0.0,0.0,0.0,0.34,3.93,0.0
20220309:2311,0.0,0.0,0.0,0.37,3.72,0.0
20220310:0011,0.0,0.0,0.0,0.33,3.45,0.0
20220310:0111,0.0,0.0,0.0,0.32,3.24,0.0
20220310:0211,0.0,0.0,0.0,0.45,3.17,0.0
20220310:0311,0.0,0.0,0.0,0.51,3.31,0.0
20220310:0411,0.0,0.0,0.0,0.54,3.52,0.0
20220310:0511,0.0,0.0,0.0,0.58,3.79,0.0
20220310:0611,0.68,7.17,5.57,0.71,4.0,0.0
20220310:0711,13.82,27.79,12.54,1.27,4.55,0.0
20220310:0811,42.94,63.65,18.56,1.57,5.17,0.0
20220310:0911,77.64,103.1,23.17,1.74,5.38,0.0
20220310:1011,94.49,121.93,25.95,2.07,5.45,0.0
20220310:1111,144.53,176.43,26.6,2.37,5.72,0.0
20220310:1211,359.02,406.94,25.04,2.72,5.86,0.0
20220310:1311,192.93,227.86,21.45,2.73,5.79,0.0
20220310:1411,246.23,285.09,16.2,2.53,5.66,0.0
20220310:1511,247.81,296.92,9.74,2.13,5.24,0.0
20220310:1611,0.0,2.69,2.5,1.42,5.03,0.0
20220310:1711,0.0,0.0,0.0,0.75,4.83,0.0
20220310:1811,0.0,0.0,0.0,0.55,4.76,0.0
20220310:1911,0.0,0.0,0.0,0.44,4.21,0.0
20220310:2011,0.0,0.0,0.0,0.4,4.41,0.0
20220310:2111,0.0,0.0,0.0,0.33,4.55,0.0
20220310:2211,0.0,0.0,0.0,0.22,4.55,0.0
20220310:2311,0.0,0.0,0.0,0.06,4.55,0.0
20220311:0011,0.0,0.0,0.0,-0.16,4.55,0.0
20220311:0111,0.0,0.0,0.0,-0.4,4.28,0.0
20220311:0211,0.0,0.0,0.0,-0.65,3.93,0.0
20220311:0311,0.0,0.0,0.0,-0.91,3.59,0.0
20220311:0411,0.0,0.0,0.0,-1.1,3.38,0.0
20220311:0511,0.0,0.0,0.0,-1.23,3.31,0.0
20220311:0611,34.61,55.78,5.95,-1.15,3.38,0.0
20220311:0711,339.26,388.86,12.92,-0.57,3.31,0.0
20220311:0811,526.66,594.77,18.95,0.57,3.66,0.0
20220311:0911,692.67,795.35,23.56,1.78,3.59,0.0
20220311:1011,736.24,854.27,26.35,2.87,3.66,0.0
20220311:1111,751.47,874.95,26.99,3.72,3.93,0.0
20220311:1211,779.44,910.33,25.42,4.22,4.07,0.0
20220311:1311,616.43,710.3,21.81,4.39,3.93,0.0
20220311:1411,466.9,537.45,16.54,4.21,3.59,0.0
20220311:1511,254.42,307.63,10.06,3.54,3.38,0.0
20220311:1611,0.0,4.48,2.81,2.25,3.31,0.0
20220311:1711,0.0,0.0,0.0,1.07,3.1,0.0
20220311:1811,0.0,0.0,0.0,0.6,2.76,0.0
20220311:1911,0.0,0.0,0.0,0.66,2.76,0.0
20220311:2011,0.0,0.0,0.0,0.5,2.69,0.0
20220311:2111,0.0,0.0,0.0,0.31,2.69,0.0
20220311:2211,0.0,0.0,0.0,0.22,2.76,0.0
20220311:2311,0.0,0.0,0.0,0.12,2.83,0.0
20220312:0011,0.0,0.0,0.0,0.01,2.83,0.0
20220312:0111,0.0,0.0,0.0,-0.19,2.76,0.0
20220312:0211,0.0,0.0,0.0,-0.43,2.69,0.0
20220312:0311,0.0,0.0,0.0,-0.72,2.62,0.0
20220312:0411,0.0,0.0,0.0,-0.99,2.48,0.0
20220312:0511,0.0,0.0,0.0,-1.26,2.34,0.0
20220312:0611,20.22,36.48,6.32,-1.29,2.14,0.0
20220312:0711,357.74,413.32,13.31,-0.74,1.52,0.0
20220312:0811,583.09,673.95,19.34,0.67,1.59,0.0
20220312:0911,692.52,815.11,23.96,2.23,1.72,0.0
20220312:1011,697.93,826.62,26.75,3.62,1.93,0.0
20220312:1111,756.89,909.19,27.39,4.84,2.0,0.0
20220312:1211,734.85,882.95,25.79,5.5,1.93,0.0
20220312:1311,640.02,760.66,22.16,5.88,1.86,0.0
20220312:1411,488.28,574.86,16.87,5.69,1.72,0.0
20220312:1511,275.29,335.08,10.38,4.56,2.14,0.0
20220312:1611,2.43,10.76,3.11,2.97,2.48,0.0
20220312:1711,0.0,0.0,0.0,1.71,2.55,0.0
20220312:1811,0.0,0.0,0.0,0.93,2.34,0.0
20220312:1911,0.0,0.0,0.0,0.39,2.34,0.0
20220312:2011,0.0,0.0,0.0,0.17,2.21,0.0
20220312:2111,0.0,0.0,0.0,0.06,2.0,0.0
20220312:2211,0.0,0.0,0.0,0.0,1.79,0.0
20220312:2311,0.0,0.0,0.0,-0.1,1.66,0.0
20220313:0011,0.0,0.0,0.0,-0.35,1.79,0.0
20220313:0111,0.0,0.0,0.0,-0.61,2.0,0.0
20220313:0211,0.0,0.0,0.0,-0.77,2.07,0.0
20220313:0311,0.0,0.0,0.0,-0.9,2.0,0.0
20220313:0411,0.0,0.0,0.0,-1.23,1.93,0.0
20220313:0511,0.0,0.0,0.0,-1.4,1.86,0.0
20220313:0611,43.11,65.97,6.7,-1.42,1.79,0.0
20220313:0711,315.52,365.93,13.69,-0.22,1.45,0.0
20220313:0811,574.54,670.35,19.73,1.83,1.24,0.0
20220313:0911,715.7,858.68,24.36,3.83,1.31,0.0
20220313:1011,795.49,970.74,27.15,5.47,1.66,0.0
20220313:1111,813.69,994.09,27.78,6.5,2.07,0.0
20220313:1211,774.46,937.11,26.17,6.93,2.34,0.0
20220313:1311,670.21,797.47,22.52,6.81,2.41,0.0
20220313:1411,502.3,590.56,17.21,6.19,2.21,0.0
20220313:1511,279.77,340.09,10.7,4.78,2.41,0.0
20220313:1611,2.43,10.76,3.42,2.91,2.62,0.0
20220313:1711,0.0,0.0,0.0,1.56,2.69,0.0
20220313:1811,0.0,0.0,0.0,0.81,2.48,0.0
20220313:1911,0.0,0.0,0.0,0.47,2.69,0.0
20220313:2011,0.0,0.0,0.0,0.27,2.69,0.0
20220313:2111,0.0,0.0,0.0,0.17,2.62,0.0
20220313:2211,0.0,0.0,0.0,0.08,2.55,0.0
20220313:2311,0.0,0.0,0.0,0.0,2.48,0.0
20220314:0011,0.0,0.0,0.0,-0.07,2.41,0.0
20220314:0111,0.0,0.0,0.0,-0.11,2.34,0.0
20220314:0211,0.0,0.0,0.0,-0.15,2.28,0.0
20220314:0311,0.0,0.0,0.0,-0.19,2.07,0.0
20220314:0411,0.0,0.0,0.0,-0.25,2.07,0.0
20220314:0511,0.0,0.0,0.0,-0.3,2.0,0.0
20220314:0611,126.23,170.44,7.08,-0.17,2.07,0.0
20220314:0711,391.71,454.21,14.07,0.82,1.86,0.0
20220314:0811,583.92,677.63,20.12,2.69,2.07,0.0
20220314:0911,723.68,854.3,24.76,4.13,2.48,0.0
20220314:1011,807.01,966.16,27.55,5.14,2.76,0.0
20220314:1111,818.17,981.89,28.17,5.8,2.97,0.0
20220314:1211,780.24,932.21,26.55,6.11,2.97,0.0
20220314:1311,672.06,792.79,22.87,6.07,2.83,0.0
20220314:1411,501.84,586.94,17.54,5.66,2.48,0.0
20220314:1511,275.28,334.39,11.01,4.62,2.41,0.0
20220314:1611,3.97,13.45,3.73,2.94,2.62,0.0
20220314:1711,0.0,0.0,0.0,1.83,2.69,0.0
20220314:1811,0.0,0.0,0.0,1.2,2.55,0.0
20220314:1911,0.0,0.0,0.0,1.17,2.62,0.0
20220314:2011,0.0,0.0,0.0,0.88,2.69,0.0
20220314:2111,0.0,0.0,0.0,0.62,2.69,0.0
20220314:2211,0.0,0.0,0.0,0.37,2.76,0.0
20220314:2311,0.0,0.0,0.0,0.12,2.69,0.0
20220315:0011,0.0,0.0,0.0,-0.1,2.48,0.0
20220315:0111,0.0,0.0,0.0,-0.24,2.34,0.0
20220315:0211,0.0,0.0,0.0,-0.28,2.21,0.0
20220315:0311,0.0,0.0,0.0,-0.23,2.14,0.0
20220315:0411,0.0,0.0,0.0,-0.1,2.21,0.0
20220315:0511,0.0,0.0,0.0,0.01,2.34,0.0
20220315:0611,119.65,161.39,7.46,0.25,2.41,0.0
20220315:0711,393.86,455.73,14.46,1.58,2.62,0.0
20220315:0811,596.71,689.57,20.52,3.05,2.76,0.0
20220315:0911,737.13,867.16,25.16,4.11,2.9,0.0
20220315:1011,817.8,977.29,27.95,4.85,2.9,0.0
20220315:1111,830.6,1000.59,28.56,5.35,2.69,0.0
20220315:1211,788.13,943.46,26.92,5.5,2.69,0.0
20220315:1311,682.49,802.52,23.23,5.19,2.83,0.0
20220315:1411,514.03,596.71,17.88,4.53,2.83,0.0
20220315:1511,288.49,347.98,11.33,3.58,2.55,0.0
20220315:1611,6.93,18.84,4.03,2.09,2.62,0.0
20220315:1711,0.0,0.0,0.0,0.86,2.76,0.0
20220315:1811,0.0,0.0,0.0,0.49,2.83,0.0
20220315:1911,0.0,0.0,0.0,0.5,2.48,0.0
20220315:2011,0.0,0.0,0.0,0.49,2.48,0.0
20220315:2111,0.0,0.0,0.0,0.52,2.41,0.0
20220315:2211,0.0,0.0,0.0,0.55,2.34,0.0
20220315:2311,0.0,0.0,0.0,0.6,2.21,0.0
20220316:0011,0.0,0.0,0.0,0.63,2.07,0.0
20220316:0111,0.0,0.0,0.0,0.61,1.86,0.0
20220316:0211,0.0,0.0,0.0,0.69,1.66,0.0
20220316:0311,0.0,0.0,0.0,0.42,1.72,0.0
20220316:0411,0.0,0.0,0.0,0.13,1.93,0.0
20220316:0511,0.0,0.0,0.0,-0.3,1.93,0.0
20220316:0611,102.1,138.96,7.84,0.17,1.86,0.0
20220316:0711,354.73,414.32,14.85,1.15,0.97,0.0
20220316:0811,542.52,637.07,20.91,3.1,0.97,0.0
20220316:0911,684.45,819.48,25.56,4.41,1.31,0.0
20220316:1011,768.11,932.38,28.35,5.4,1.66,0.0
20220316:1111,799.99,974.57,28.95,5.97,1.93,0.0
20220316:1211,769.95,932.45,27.3,6.17,2.0,0.0
20220316:1311,658.81,783.44,23.58,5.93,2.0,0.0
20220316:1411,487.87,572.31,18.21,5.32,1.86,0.0
20220316:1511,262.4,319.22,11.65,4.18,1.72,0.0
20220316:1611,5.64,16.14,4.34,2.41,2.0,0.0
20220316:1711,0.0,0.0,0.0,1.21,2.14,0.0
20220316:1811,0.0,0.0,0.0,0.5,2.14,0.0
20220316:1911,0.0,0.0,0.0,0.41,2.14,0.0
20220316:2011,0.0,0.0,0.0,0.28,2.07,0.0
20220316:2111,0.0,0.0,0.0,0.16,2.0,0.0
20220316:2211,0.0,0.0,0.0,0.06,2.0,0.0
20220316:2311,0.0,0.0,0.0,-0.03,2.07,0.0
20220317:0011,0.0,0.0,0.0,-0.12,2.14,0.0
20220317:0111,0.0,0.0,0.0,-0.1,2.28,0.0
20220317:0211,0.0,0.0,0.0,-0.06,2.21,0.0
20220317:0311,0.0,0.0,0.0,-0.05,2.14,0.0
20220317:0411,0.0,0.0,0.0,-0.12,2.07,0.0
20220317:0511,0.0,0.0,0.0,-0.1,2.07,0.0
20220317:0611,40.09,61.49,8.22,0.21,2.07,0.0
20220317:0711,229.11,269.26,15.23,1.39,2.69,0.0
20220317:0811,436.63,499.11,21.31,2.99,3.24,0.0
20220317:0911,601.93,692.87,25.96,4.12,3.86,0.0
20220317:1011,794.22,930.31,28.75,4.89,4.34,0.0
20220317:1111,545.04,626.32,29.35,5.23,4.69,0.0
20220317:1211,390.88,448.88,27.67,5.22,4.9,0.0
20220317:1311,121.57,153.29,23.94,5.03,4.9,0.0
20220317:1411,37.76,58.27,18.54,4.65,4.69,0.0
20220317:1511,15.61,30.48,11.96,4.04,5.1,0.0
20220317:1611,0.28,6.28,4.65,3.17,5.24,0.0
20220317:1711,0.0,0.0,0.0,2.5,5.59,0.0
20220317:1811,0.0,0.0,0.0,2.26,5.86,0.0
20220317:1911,0.0,0.0,0.0,2.44,5.86,0.0
20220317:2011,0.0,0.0,0.0,2.47,5.93,0.0
20220317:2111,0.0,0.0,0.0,2.6,5.93,0.0
20220317:2211,0.0,0.0,0.0,2.95,6.07,0.0
20220317:2311,0.0,0.0,0.0,3.25,6.14,0.0
20220318:0011,0.0,0.0,0.0,3.4,6.07,0.0
20220318:0111,0.0,0.0,0.0,3.44,5.72,0.0
20220318:0211,0.0,0.0,0.0,3.35,5.24,0.0
20220318:0311,0.0,0.0,0.0,3.16,4.76,0.0
20220318:0411,0.0,0.0,0.0,3.17,4.41,0.0
20220318:0511,0.0,0.0,0.0,3.11,4.28,0.0
20220318:0611,164.22,217.21,8.6,3.43,4.28,0.0
20220318:0711,403.05,467.78,15.62,4.26,4.07,0.0
20220318:0811,251.46,293.92,21.7,4.64,4.62,0.0
20220318:0911,135.6,168.86,26.36,5.07,4.62,0.0
20220318:1011,101.7,131.79,29.15,5.53,4.97,0.0
20220318:1111,263.49,309.45,29.74,6.02,4.97,0.0
20220318:1211,115.96,148.38,28.05,6.57,4.28,0.0
20220318:1311,111.03,143.11,24.29,7.3,4.55,0.0
20220318:1411,32.08,52.0,18.87,7.57,4.34,0.0
20220318:1511,110.27,143.89,12.28,7.15,3.86,0.0
20220318:1611,7.82,19.72,4.95,6.23,4.14,0.0
20220318:1711,0.0,0.0,0.0,5.26,3.72,0.0
20220318:1811,0.0,0.0,0.0,4.13,3.31,0.0
20220318:1911,0.0,0.0,0.0,3.15,3.72,0.0
20220318:2011,0.0,0.0,0.0,2.57,3.72,0.0
20220318:2111,0.0,0.0,0.0,2.04,3.59,0.0
20220318:2211,0.0,0.0,0.0,1.58,3.31,0.0
20220318:2311,0.0,0.0,0.0,1.18,3.17,0.0
20220319:0011,0.0,0.0,0.0,0.84,2.97,0.0
20220319:0111,0.0,0.0,0.0,0.57,2.62,0.0
20220319:0211,0.0,0.0,0.0,0.31,2.41,0.0
20220319:0311,0.0,0.0,0.0,0.1,2.14,0.0
20220319:0411,0.0,0.0,0.0,-0.1,1.93,0.0
20220319:0511,0.0,0.0,0.0,-0.28,1.66,0.0
20220319:0611,160.56,209.72,8.98,-0.21,1.24,0.0
20220319:0711,414.44,482.33,16.01,1.21,1.38,0.0
20220319:0811,605.02,710.45,22.1,3.63,1.66,0.0
20220319:0911,725.36,869.15,26.77,5.73,2.07,0.0
20220319:1011,792.54,956.04,29.56,7.09,2.83,0.0
20220319:1111,805.0,969.53,30.13,7.82,3.38,0.0
20220319:1211,788.13,945.8,28.42,8.22,3.59,0.0
20220319:1311,680.06,805.88,24.64,8.36,3.59,0.0
20220319:1411,512.37,602.78,19.21,8.14,3.31,0.0
20220319:1511,291.93,356.57,12.59,7.42,3.24,0.0
20220319:1611,17.52,35.49,5.25,6.06,3.24,0.0
20220319:1711,0.0,0.0,0.0,4.56,3.31,0.0
20220319:1811,0.0,0.0,0.0,3.64,3.24,0.0
20220319:1911,0.0,0.0,0.0,3.1,2.83,0.0
20220319:2011,0.0,0.0,0.0,2.49,2.69,0.0
20220319:2111,0.0,0.0,0.0,1.99,2.48,0.0
20220319:2211,0.0,0.0,0.0,1.53,2.41,0.0
20220319:2311,0.0,0.0,0.0,1.09,2.34,0.0
20220320:0011,0.0,0.0,0.0,0.77,2.28,0.0
20220320:0111,0.0,0.0,0.0,0.54,2.14,0.0
20220320:0211,0.0,0.0,0.0,0.38,2.07,0.0
20220320:0311,0.0,0.0,0.0,0.27,2.0,0.0
20220320:0411,0.0,0.0,0.0,0.2,2.07,0.0
20220320:0511,0.0,0.83,1.82,0.18,2.14,0.0
20220320:0611,163.38,212.63,9.36,0.52,2.0,0.0
20220320:0711,406.6,475.21,16.4,2.53,1.52,0.0
20220320:0811,600.39,710.48,22.49,4.9,1.52,0.0
20220320:0911,722.55,879.84,27.17,6.86,1.45,0.0
20220320:1011,777.52,966.71,29.96,8.38,1.38,0.0
20220320:1111,797.54,995.03,30.53,9.32,1.66,0.0
20220320:1211,746.82,919.49,28.8,9.66,1.93,0.0
20220320:1311,663.51,804.18,24.99,9.64,2.07,0.0
20220320:1411,502.58,600.08,19.54,9.31,2.14,0.0
20220320:1511,289.72,356.56,12.9,8.32,2.41,0.0
20220320:1611,20.46,39.81,5.56,6.52,2.9,0.0
20220320:1711,0.0,0.0,0.0,4.56,3.03,0.0
20220320:1811,0.0,0.0,0.0,3.29,2.97,0.0
20220320:1911,0.0,0.0,0.0,2.49,2.62,0.0
20220320:2011,0.0,0.0,0.0,1.83,2.62,0.0
20220320:2111,0.0,0.0,0.0,1.37,2.83,0.0
20220320:2211,0.0,0.0,0.0,1.1,2.83,0.0
20220320:2311,0.0,0.0,0.0,0.92,2.83,0.0
20220321:0011,0.0,0.0,0.0,0.81,2.9,0.0
20220321:0111,0.0,0.0,0.0,0.73,3.03,0.0
20220321:0211,0.0,0.0,0.0,0.66,3.1,0.0
20220321:0311,0.0,0.0,0.0,0.56,3.1,0.0
20220321:0411,0.0,0.0,0.0,0.46,3.03,0.0
20220321:0511,0.0,1.79,2.2,0.34,2.9,0.0
20220321:0611,167.11,216.08,9.74,0.75,2.62,0.0
20220321:0711,413.84,479.68,16.79,2.28,2.41,0.0
20220321:0811,614.3,715.74,22.89,3.99,2.55,0.0
20220321:0911,736.54,874.49,27.57,5.51,2.76,0.0
20220321:1011,823.35,994.8,30.36,6.68,2.9,0.0
20220321:1111,835.54,1013.93,30.92,7.48,3.03,0.0
20220321:1211,785.14,945.63,29.17,7.93,3.17,0.0
20220321:1311,688.28,816.85,25.35,8.03,3.38,0.0
20220321:1411,524.0,615.95,19.87,7.73,3.24,0.0
20220321:1511,303.29,369.36,13.22,6.95,3.03,0.0
20220321:1611,25.7,47.19,5.86,5.55,3.1,0.0
20220321:1711,0.0,0.0,0.0,3.83,3.17,0.0
20220321:1811,0.0,0.0,0.0,2.76,3.1,0.0
20220321:1911,0.0,0.0,0.0,2.37,2.9,0.0
20220321:2011,0.0,0.0,0.0,1.8,2.83,0.0
20220321:2111,0.0,0.0,0.0,1.38,2.83,0.0
20220321:2211,0.0,0.0,0.0,1.1,2.76,0.0
20220321:2311,0.0,0.0,0.0,0.89,2.76,0.0
20220322:0011,0.0,0.0,0.0,0.72,2.76,0.0
20220322:0111,0.0,0.0,0.0,0.52,2.69,0.0
20220322:0211,0.0,0.0,0.0,0.37,2.62,0.0
20220322:0311,0.0,0.0,0.0,0.24,2.55,0.0
20220322:0411,0.0,0.0,0.0,0.14,2.48,0.0
20220322:0511,0.0,2.69,2.58,0.07,2.48,0.0
20220322:0611,139.76,181.34,10.13,0.5,2.28,0.0
20220322:0711,394.79,457.6,17.18,2.3,2.34,0.0
20220322:0811,599.18,697.01,23.29,4.07,2.62,0.0
20220322:0911,737.84,875.59,27.97,5.52,2.83,0.0
20220322:1011,818.73,986.76,30.76,6.69,3.03,0.0
20220322:1111,842.12,1019.72,31.31,7.43,3.24,0.0
20220322:1211,795.93,956.97,29.54,7.82,3.38,0.0
20220322:1311,692.31,821.41,25.7,7.88,3.38,0.0
20220322:1411,527.58,620.65,20.19,7.62,3.1,0.0
20220322:1511,300.95,366.12,13.53,6.85,3.1,0.0
20220322:1611,25.47,46.25,6.16,5.51,3.24,0.0
20220322:1711,0.0,0.0,0.0,4.16,3.38,0.0
20220322:1811,0.0,0.0,0.0,3.4,3.45,0.0
20220322:1911,0.0,0.0,0.0,3.47,3.24,0.0
20220322:2011,0.0,0.0,0.0,3.09,3.24,0.0
20220322:2111,0.0,0.0,0.0,2.45,3.31,0.0
20220322:2211,0.0,0.0,0.0,1.86,3.45,0.0
20220322:2311,0.0,0.0,0.0,1.39,3.66,0.0
20220323:0011,0.0,0.0,0.0,1.09,3.79,0.0
20220323:0111,0.0,0.0,0.0,0.84,3.86,0.0
20220323:0211,0.0,0.0,0.0,0.62,4.0,0.0
20220323:0311,0.0,0.0,0.0,0.44,3.86,0.0
20220323:0411,0.0,0.0,0.0,0.33,3.79,0.0
20220323:0511,0.68,7.17,2.96,0.27,3.72,0.0
20220323:0611,175.75,224.75,10.51,0.79,3.72,0.0
20220323:0711,413.57,474.82,17.56,2.14,3.79,0.0
20220323:0811,621.76,714.61,23.68,3.68,3.93,0.0
20220323:0911,757.52,888.03,28.37,5.21,3.93,0.0
20220323:1011,817.6,974.8,31.16,6.58,3.79,0.0
20220323:1111,834.68,1006.08,31.7,7.7,3.59,0.0
20220323:1211,790.96,949.94,29.92,8.58,3.72,0.0
20220323:1311,665.07,787.78,26.05,9.17,3.93,0.0
20220323:1411,508.71,599.34,20.52,9.57,4.07,0.0
20220323:1511,298.9,367.15,13.84,9.44,3.66,0.0
20220323:1611,66.88,114.83,6.46,8.65,3.38,0.0
20220323:1711,0.0,0.0,0.0,6.95,3.31,0.0
20220323:1811,0.0,0.0,0.0,5.69,3.59,0.0
20220323:1911,0.0,0.0,0.0,4.88,3.03,0.0
20220323:2011,0.0,0.0,0.0,4.26,3.17,0.0
20220323:2111,0.0,0.0,0.0,3.75,3.31,0.0
20220323:2211,0.0,0.0,0.0,3.3,3.24,0.0
20220323:2311,0.0,0.0,0.0,2.8,3.17,0.0
20220324:0011,0.0,0.0,0.0,2.33,3.17,0.0
20220324:0111,0.0,0.0,0.0,1.99,3.24,0.0
20220324:0211,0.0,0.0,0.0,1.65,3.24,0.0
20220324:0311,0.0,0.0,0.0,1.36,3.24,0.0
20220324:0411,0.0,0.0,0.0,1.12,3.31,0.0
20220324:0511,1.99,9.86,3.34,0.98,3.45,0.0
20220324:0611,192.22,245.38,10.89,1.53,3.52,0.0
20220324:0711,416.62,481.06,17.95,2.84,3.24,0.0
20220324:0811,606.87,704.04,24.08,4.8,3.31,0.0
20220324:0911,741.41,881.49,28.78,6.85,3.24,0.0
20220324:1011,802.13,973.15,31.56,8.78,3.17,0.0
20220324:1111,813.34,997.15,32.09,10.39,3.17,0.0
20220324:1211,763.97,934.56,30.29,11.62,3.24,0.0
20220324:1311,644.79,779.93,26.39,12.41,3.24,0.0
20220324:1411,497.15,598.54,20.85,12.67,3.03,0.0
20220324:1511,273.33,342.02,14.15,12.39,2.76,0.0
20220324:1611,46.11,79.46,6.77,11.18,2.55,0.0
20220324:1711,0.0,0.0,0.0,9.3,2.83,0.0
20220324:1811,0.0,0.0,0.0,7.74,2.97,0.0
20220324:1911,0.0,0.0,0.0,7.32,3.17,0.0
20220324:2011,0.0,0.0,0.0,6.44,3.17,0.0
20220324:2111,0.0,0.0,0.0,5.74,3.17,0.0
20220324:2211,0.0,0.0,0.0,5.14,2.97,0.0
20220324:2311,0.0,0.0,0.0,4.61,3.03,0.0
20220325:0011,0.0,0.0,0.0,4.18,3.03,0.0
20220325:0111,0.0,0.0,0.0,3.75,2.76,0.0
20220325:0211,0.0,0.0,0.0,3.29,2.97,0.0
20220325:0311,0.0,0.0,0.0,3.07,3.31,0.0
20220325:0411,0.0,0.0,0.0,2.91,3.24,0.0
20220325:0511,0.0,2.69,3.72,2.81,3.38,0.0
20220325:0611,21.86,38.55,11.27,3.52,3.66,0.0
20220325:0711,78.53,105.62,18.34,5.17,3.72,0.0
20220325:0811,142.29,177.56,24.47,6.85,4.0,0.0
20220325:0911,576.29,673.75,29.18,8.31,4.41,0.0
20220325:1011,696.82,827.02,31.96,9.34,4.41,0.0
20220325:1111,768.03,923.39,32.48,10.62,4.48,0.0
20220325:1211,711.84,857.24,30.66,12.0,4.34,0.0
20220325:1311,337.78,404.47,26.74,12.89,4.21,0.0
20220325:1411,172.47,216.3,21.17,12.94,3.86,0.0
20220325:1511,129.72,169.57,14.46,12.34,3.59,0.0
20220325:1611,15.32,31.31,7.06,11.18,4.0,0.0
20220325:1711,0.0,0.0,0.0,10.0,4.69,0.0
20220325:1811,0.0,0.0,0.0,9.04,4.76,0.0
20220325:1911,0.0,0.0,0.0,8.65,5.45,0.0
20220325:2011,0.0,0.0,0.0,8.29,5.59,0.0
20220325:2111,0.0,0.0,0.0,7.94,5.38,0.0
20220325:2211,0.0,0.0,0.0,7.75,5.24,0.0
20220325:2311,0.0,0.0,0.0,7.72,5.72,0.0
20220326:0011,0.0,0.0,0.0,7.85,6.76,0.0
20220326:0111,0.0,0.0,0.0,7.11,7.31,0.0
20220326:0211,0.0,0.0,0.0,5.94,7.1,0.0
20220326:0311,0.0,0.0,0.0,5.04,7.03,0.0
20220326:0411,0.0,0.0,0.0,4.4,6.9,0.0
20220326:0511,5.88,17.25,4.1,3.95,6.83,0.0
20220326:0611,219.74,278.68,11.65,4.02,7.03,0.0
20220326:0711,460.36,526.39,18.73,4.35,7.1,0.0
20220326:0811,664.0,751.22,24.87,4.73,8.21,0.0
20220326:0911,794.93,907.73,29.58,5.13,8.14,0.0
20220326:1011,856.17,985.1,32.36,5.66,8.28,0.0
20220326:1111,461.1,525.48,32.87,6.16,8.48,0.0
20220326:1211,449.62,512.94,31.03,6.22,8.07,0.0
20220326:1311,170.79,207.27,27.09,5.86,7.66,0.0
20220326:1411,243.34,285.29,21.5,5.48,7.52,0.0
20220326:1511,282.94,337.81,14.77,4.96,6.34,0.0
20220326:1611,84.78,138.94,7.36,4.39,5.24,0.0
20220326:1711,0.0,0.0,0.0,3.41,4.97,0.0
20220326:1811,0.0,0.0,0.0,2.31,3.93,0.0
20220326:1911,0.0,0.0,0.0,1.31,3.45,0.0
20220326:2011,0.0,0.0,0.0,0.69,2.28,0.0
20220326:2111,0.0,0.0,0.0,0.49,1.66,0.0
20220326:2211,0.0,0.0,0.0,0.27,1.86,0.0
20220326:2311,0.0,0.0,0.0,0.0,2.0,0.0
20220327:0011,0.0,0.0,0.0,-0.08,2.0,0.0
20220327:0111,0.0,0.0,0.0,-0.09,1.86,0.0
20220327:0211,0.0,0.0,0.0,-0.03,1.59,0.0
20220327:0311,0.0,0.0,0.0,-0.08,1.72,0.0
20220327:0411,0.0,0.0,0.0,0.0,2.0,0.0
20220327:0511,0.3,6.28,4.47,0.23,2.41,0.0
20220327:0611,27.95,45.72,12.03,0.86,2.83,0.0
20220327:0711,79.57,105.24,19.11,1.25,2.83,0.0
20220327:0811,98.51,126.62,25.26,2.08,3.1,0.0
20220327:0911,179.31,215.34,29.98,2.75,3.31,0.0
20220327:1011,267.98,313.38,32.76,4.09,3.72,0.0
20220327:1111,510.34,588.54,33.26,5.16,4.07,0.0
20220327:1211,301.67,351.96,31.4,5.73,4.41,0.0
20220327:1311,105.57,136.5,27.43,6.26,4.69,0.0
20220327:1411,87.97,116.94,21.82,6.81,4.55,0.0
20220327:1511,35.85,56.48,15.07,6.9,4.21,0.0
20220327:1611,52.82,86.09,7.66,6.84,4.41,0.0
20220327:1711,0.0,0.0,0.0,6.8,4.9,0.0
20220327:1811,0.0,0.0,0.0,6.75,5.45,0.0
20220327:1911,0.0,0.0,0.0,6.55,5.79,0.0
20220327:2011,0.0,0.0,0.0,6.93,6.0,0.0
20220327:2111,0.0,0.0,0.0,7.16,6.41,0.0
20220327:2211,0.0,0.0,0.0,7.15,6.55,0.0
20220327:2311,0.0,0.0,0.0,7.13,6.55,0.0
20220328:0011,0.0,0.0,0.0,6.99,6.48,0.0
20220328:0111,0.0,0.0,0.0,6.67,6.21,0.0
20220328:0211,0.0,0.0,0.0,6.3,6.21,0.0
20220328:0311,0.0,0.0,0.0,5.99,6.21,0.0
20220328:0411,0.0,0.0,0.0,5.71,6.21,0.0
20220328:0511,3.9,13.45,4.85,5.57,6.07,0.0
20220328:0611,208.24,265.76,12.41,6.1,5.93,0.0
20220328:0711,304.77,358.46,19.5,7.47,5.52,0.0
20220328:0811,97.41,128.39,25.65,8.44,5.52,0.0
20220328:0911,121.54,156.22,30.37,9.43,5.86,0.0
20220328:1011,194.76,238.03,33.16,10.03,7.38,0.0
20220328:1111,746.35,878.77,33.65,10.36,7.03,0.0
20220328:1211,791.83,935.47,31.77,10.87,7.17,0.0
20220328:1311,629.51,732.45,27.78,10.74,8.07,0.0
20220328:1411,494.96,574.38,22.14,9.93,8.0,0.0
20220328:1511,158.92,199.72,15.38,9.05,7.1,0.0
20220328:1611,86.81,142.88,7.96,7.94,6.62,0.0
20220328:1711,0.0,0.0,0.0,6.75,6.21,0.0
20220328:1811,0.0,0.0,0.0,5.65,5.59,0.0
20220328:1911,0.0,0.0,0.0,4.24,4.76,0.0
20220328:2011,0.0,0.0,0.0,2.6,3.86,0.0
20220328:2111,0.0,0.0,0.0,1.26,3.38,0.0
20220328:2211,0.0,0.0,0.0,0.12,3.1,0.0
20220328:2311,0.0,0.0,0.0,-0.52,2.9,0.0
20220329:0011,0.0,0.0,0.0,-0.95,2.69,0.0
20220329:0111,0.0,0.0,0.0,-1.23,2.55,0.0
20220329:0211,0.0,0.0,0.0,-1.35,2.62,0.0
20220329:0311,0.0,0.0,0.0,-1.36,2.69,0.0
20220329:0411,0.0,0.0,0.0,-1.4,2.69,0.0
20220329:0511,0.7,7.17,5.23,-1.36,2.69,0.0
20220329:0611,82.06,108.62,12.79,-1.22,2.9,0.0
20220329:0711,188.43,221.34,19.88,-1.43,3.31,0.0
20220329:0811,241.38,278.2,26.05,-0.89,3.1,0.0
20220329:0911,393.55,445.9,30.77,-0.16,2.9,0.0
20220329:1011,153.54,186.07,33.56,0.42,2.62,0.0
20220329:1111,129.73,160.48,34.03,0.82,2.48,0.0
20220329:1211,151.64,184.51,32.13,1.08,2.41,0.0
20220329:1311,239.04,278.79,28.12,1.03,2.41,0.0
20220329:1411,198.18,233.44,22.47,0.41,2.83,0.0
20220329:1511,134.48,165.62,15.68,-0.44,3.45,0.0
20220329:1611,94.52,148.91,8.25,-1.14,3.45,0.0
20220329:1711,0.0,0.0,0.0,-1.72,2.97,0.0
20220329:1811,0.0,0.0,0.0,-2.11,2.83,0.0
20220329:1911,0.0,0.0,0.0,-2.71,2.76,0.0
20220329:2011,0.0,0.0,0.0,-2.84,2.41,0.0
20220329:2111,0.0,0.0,0.0,-2.96,2.14,0.0
20220329:2211,0.0,0.0,0.0,-3.09,2.14,0.0
20220329:2311,0.0,0.0,0.0,-3.17,2.41,0.0
20220330:0011,0.0,0.0,0.0,-3.21,2.9,0.0
20220330:0111,0.0,0.0,0.0,-3.25,3.1,0.0
20220330:0211,0.0,0.0,0.0,-3.26,3.17,0.0
20220330:0311,0.0,0.0,0.0,-3.26,3.24,0.0
20220330:0411,0.0,0.0,0.0,-3.29,3.17,0.0
20220330:0511,18.02,35.88,5.6,-3.2,3.1,0.0
20220330:0611,253.21,309.68,13.17,-2.54,3.31,0.0
20220330:0711,496.78,560.56,20.27,-1.91,3.38,0.0
20220330:0811,697.93,793.95,26.44,-0.96,3.31,0.0
20220330:0911,829.6,962.18,31.17,0.04,3.38,0.0
20220330:1011,900.95,1060.06,33.95,0.9,3.45,0.0
20220330:1111,905.79,1076.74,34.42,1.48,3.03,0.0
20220330:1211,799.5,942.51,32.5,1.97,2.69,0.0
20220330:1311,509.91,585.09,28.46,2.15,2.62,0.0
20220330:1411,348.06,400.24,22.78,2.09,2.69,0.0
20220330:1511,77.29,103.26,15.99,1.97,2.48,0.0
20220330:1611,48.31,74.71,8.55,1.38,1.66,0.0
20220330:1711,0.0,0.0,0.0,0.78,1.1,0.0
20220330:1811,0.0,0.0,0.0,0.26,0.69,0.0
20220330:1911,0.0,0.0,0.0,-0.99,0.83,0.0
20220330:2011,0.0,0.0,0.0,0.0,0.21,0.0
20220330:2111,0.0,0.0,0.0,-0.59,0.69,0.0
20220330:2211,0.0,0.0,0.0,-2.12,1.17,0.0
20220330:2311,0.0,0.0,0.0,-2.64,1.52,0.0
20220331:0011,0.0,0.0,0.0,-2.49,1.66,0.0
20220331:0111,0.0,0.0,0.0,-2.23,1.79,0.0
20220331:0211,0.0,0.0,0.0,-1.84,1.86,0.0
20220331:0311,0.0,0.0,0.0,-2.09,1.79,0.0
20220331:0411,0.0,0.0,0.0,-2.63,1.45,0.0
20220331:0511,18.63,35.58,5.97,-2.99,1.1,0.0
20220331:0611,237.76,294.43,13.55,-1.5,0.9,0.0
20220331:0711,467.5,545.98,20.65,-0.53,0.28,0.0
20220331:0811,652.27,780.71,26.83,0.88,0.21,0.0
20220331:0911,569.66,675.87,31.56,1.71,0.28,0.0
20220331:1011,227.71,270.81,34.35,2.39,0.69,0.0
20220331:1111,183.31,221.31,34.8,2.65,1.31,0.0
20220331:1211,306.45,356.91,32.86,2.77,1.79,0.0
20220331:1311,361.17,416.68,28.8,2.59,2.14,0.0
20220331:1411,413.11,475.07,23.1,2.0,2.21,0.0
20220331:1511,163.71,200.17,16.29,1.55,2.14,0.0
20220331:1611,5.12,15.24,8.84,0.93,2.07,0.0
20220331:1711,0.0,0.0,0.0,0.38,1.59,0.0
20220331:1811,0.0,0.0,0.0,-0.4,0.97,0.0
20220331:1911,0.0,0.0,0.0,-1.37,1.17,0.0
20220331:2011,0.0,0.0,0.0,-1.46,0.9,0.0
20220331:2111,0.0,0.0,0.0,-0.88,0.69,0.0
20220331:2211,0.0,0.0,0.0,-1.14,0.76,0.0
20220331:2311,0.0,0.0,0.0,-1.57,0.97,0.0
20220401:0011,0.0,0.0,0.0,-1.61,0.9,0.0
20220401:0111,0.0,0.0,0.0,-1.47,0.83,0.0
20220401:0211,0.0,0.0,0.0,-2.11,1.1,0.0
20220401:0311,0.0,0.0,0.0,-2.18,1.72,0.0
20220401:0411,0.0,0.0,0.0,-1.99,2.07,0.0
20220401:0511,10.11,22.41,6.35,-2.32,2.21,0.0
20220401:0611,175.25,216.68,13.92,-1.31,2.07,0.0
20220401:0711,306.28,352.09,21.03,-0.43,2.0,0.0
20220401:0811,403.86,460.31,27.22,0.25,2.07,0.0
20220401:0911,71.32,95.93,31.96,0.8,2.34,0.0
20220401:1011,281.0,325.3,34.74,1.19,2.55,0.0
20220401:1111,187.52,224.09,35.18,1.77,2.69,0.0
20220401:1211,26.37,43.93,33.22,1.7,2.69,0.0
20220401:1311,71.09,95.93,29.14,1.56,2.69,0.0
20220401:1411,126.54,156.88,23.42,1.27,2.69,0.0
20220401:1511,242.84,288.59,16.59,0.92,2.69,0.0
20220401:1611,9.96,22.41,9.14,0.31,2.41,0.0
20220401:1711,0.0,0.0,0.0,-0.37,2.21,0.0
20220401:1811,0.0,0.0,0.0,-0.68,2.14,0.0
20220401:1911,0.0,0.0,0.0,-1.8,2.62,0.0
20220401:2011,0.0,0.0,0.0,-1.92,2.48,0.0
20220401:2111,0.0,0.0,0.0,-2.0,2.28,0.0
20220401:2211,0.0,0.0,0.0,-2.08,2.14,0.0
20220401:2311,0.0,0.0,0.0,-2.17,2.07,0.0
20220402:0011,0.0,0.0,0.0,-2.36,2.14,0.0
20220402:0111,0.0,0.0,0.0,-2.6,2.21,0.0
20220402:0211,0.0,0.0,0.0,-2.81,2.41,0.0
20220402:0311,0.0,0.0,0.0,-3.01,2.55,0.0
20220402:0411,0.0,0.0,0.0,-3.09,2.55,0.0
20220402:0511,23.81,42.7,6.72,-2.96,2.28,0.0
20220402:0611,246.4,300.9,14.29,-2.19,1.79,0.0
20220402:0711,469.51,539.78,21.41,-1.08,1.31,0.0
20220402:0811,645.63,755.98,27.6,0.23,1.1,0.0
20220402:0911,767.09,925.45,32.35,1.19,0.9,0.0
20220402:1011,769.5,929.77,35.13,2.2,1.17,0.0
20220402:1111,623.44,740.25,35.56,2.73,1.03,0.0
20220402:1211,780.19,948.67,33.59,3.21,1.17,0.0
20220402:1311,672.26,798.95,29.48,3.51,1.45,0.0
20220402:1411,542.56,636.32,23.74,3.82,1.66,0.0
20220402:1511,328.14,394.76,16.89,3.88,1.72,0.0
20220402:1611,97.21,152.49,9.43,3.18,2.07,0.0
20220402:1711,0.0,1.65,1.77,2.08,2.55,0.0
20220402:1811,0.0,0.0,0.0,1.26,2.62,0.0
20220402:1911,0.0,0.0,0.0,-0.48,3.52,0.0
20220402:2011,0.0,0.0,0.0,-0.68,3.38,0.0
20220402:2111,0.0,0.0,0.0,-0.76,3.31,0.0
20220402:2211,0.0,0.0,0.0,-0.87,3.17,0.0
20220402:2311,0.0,0.0,0.0,-1.03,3.17,0.0
20220403:0011,0.0,0.0,0.0,-1.16,3.1,0.0
20220403:0111,0.0,0.0,0.0,-1.31,3.1,0.0
20220403:0211,0.0,0.0,0.0,-1.44,3.03,0.0
20220403:0311,0.0,0.0,0.0,-1.59,2.97,0.0
20220403:0411,0.0,0.0,0.0,-1.74,2.83,0.0
20220403:0511,39.89,81.69,7.09,-1.65,2.62,0.0
20220403:0611,248.31,304.11,14.67,-0.67,2.34,0.0
20220403:0711,466.34,536.83,21.79,0.94,2.14,0.0
20220403:0811,636.12,740.07,27.99,2.52,2.28,0.0
20220403:0911,781.79,928.54,32.74,3.83,2.62,0.0
20220403:1011,850.64,1023.47,35.52,4.9,2.9,0.0
20220403:1111,761.46,903.74,35.94,5.82,3.45,0.0
20220403:1211,340.31,397.56,33.94,6.2,3.52,0.0
20220403:1311,274.37,323.29,29.81,6.34,3.72,0.0
20220403:1411,213.98,255.92,24.05,5.89,3.72,0.0
20220403:1511,80.26,108.0,17.19,5.55,3.38,0.0
20220403:1611,30.44,50.08,9.72,4.87,3.1,0.0
20220403:1711,0.0,1.65,2.06,3.19,2.9,0.0
20220403:1811,0.0,0.0,0.0,2.04,3.03,0.0
20220403:1911,0.0,0.0,0.0,1.4,3.1,0.0
20220403:2011,0.0,0.0,0.0,1.07,3.03,0.0
20220403:2111,0.0,0.0,0.0,0.9,3.1,0.0
20220403:2211,0.0,0.0,0.0,0.8,3.38,0.0
20220403:2311,0.0,0.0,0.0,0.74,3.59,0.0
20220404:0011,0.0,0.0,0.0,0.64,3.52,0.0
20220404:0111,0.0,0.0,0.0,0.62,3.45,0.0
20220404:0211,0.0,0.0,0.0,0.53,3.38,0.0
20220404:0311,0.0,0.0,0.0,0.4,3.31,0.0
20220404:0411,0.0,0.0,0.0,0.18,3.31,0.0
20220404:0511,1.54,8.97,7.45,0.33,3.03,0.0
20220404:0611,36.15,55.58,15.04,0.86,2.76,0.0
20220404:0711,90.38,117.37,22.16,1.78,3.79,0.0
20220404:0811,105.54,134.52,28.37,2.52,3.86,0.0
20220404:0911,146.29,179.64,33.13,3.02,3.79,0.0
20220404:1011,183.27,219.86,35.91,3.04,4.34,0.0
20220404:1111,165.75,200.35,36.32,2.65,4.9,0.0
20220404:1211,159.02,192.37,34.3,2.0,5.03,0.0
20220404:1311,128.25,158.84,30.15,1.93,5.1,0.0
20220404:1411,86.54,112.96,24.36,1.6,4.97,0.0
20220404:1511,51.52,73.51,17.49,1.32,5.03,0.0
20220404:1611,9.93,22.41,10.01,1.08,4.9,0.0
20220404:1711,0.0,0.83,2.35,0.89,3.86,0.0
20220404:1811,0.0,0.0,0.0,0.72,2.14,0.0
20220404:1911,0.0,0.0,0.0,0.62,0.76,0.0
20220404:2011,0.0,0.0,0.0,0.52,1.66,0.0
20220404:2111,0.0,0.0,0.0,0.26,5.03,0.0
20220404:2211,0.0,0.0,0.0,-0.22,6.55,0.0
20220404:2311,0.0,0.0,0.0,-0.81,7.17,0.0
20220405:0011,0.0,0.0,0.0,-1.18,7.17,0.0
20220405:0111,0.0,0.0,0.0,-1.26,7.03,0.0
20220405:0211,0.0,0.0,0.0,-1.24,6.9,0.0
20220405:0311,0.0,0.0,0.0,-1.27,7.03,0.0
20220405:0411,0.0,0.0,0.0,-1.42,6.55,0.0
20220405:0511,23.76,41.29,7.82,-1.67,6.83,0.0
20220405:0611,52.79,74.14,15.4,-1.63,6.69,0.0
20220405:0711,203.1,234.93,22.54,-1.7,8.21,0.0
20220405:0811,422.86,468.05,28.75,-1.03,7.79,0.0
20220405:0911,731.28,816.2,33.52,-0.17,7.17,0.0
20220405:1011,770.2,867.68,36.3,0.58,6.83,0.0
20220405:1111,405.01,456.26,36.7,1.09,6.07,0.0
20220405:1211,201.28,237.57,34.66,1.76,5.45,0.0
20220405:1311,59.9,83.38,30.48,2.36,5.38,0.0
20220405:1411,340.41,388.87,24.67,2.6,5.24,0.0
20220405:1511,184.4,222.0,17.78,1.97,5.45,0.0
20220405:1611,72.54,106.7,10.3,1.17,4.55,0.0
20220405:1711,0.0,3.31,2.64,0.61,4.34,0.0
20220405:1811,0.0,0.0,0.0,-0.21,3.93,0.0
20220405:1911,0.0,0.0,0.0,-1.26,3.93,0.0
20220405:2011,0.0,0.0,0.0,-1.8,3.93,0.0
20220405:2111,0.0,0.0,0.0,-2.26,4.14,0.0
20220405:2211,0.0,0.0,0.0,-2.5,4.48,0.0
20220405:2311,0.0,0.0,0.0,-2.63,4.41,0.0
20220406:0011,0.0,0.0,0.0,-2.73,4.07,0.0
20220406:0111,0.0,0.0,0.0,-2.83,3.66,0.0
20220406:0211,0.0,0.0,0.0,-2.73,3.66,0.0
20220406:0311,0.0,0.0,0.0,-2.6,4.07,0.0
20220406:0411,0.0,0.0,0.0,-2.43,4.48,0.0
20220406:0511,49.59,94.45,8.18,-2.09,4.41,0.0
20220406:0611,269.38,324.92,15.77,-1.17,3.79,0.0
20220406:0711,477.67,541.21,22.91,0.09,3.86,0.0
20220406:0811,613.77,699.83,29.13,1.49,3.72,0.0
20220406:0911,767.26,892.0,33.9,2.83,3.86,0.0
20220406:1011,859.99,1014.55,36.68,3.94,4.14,0.0
20220406:1111,839.78,991.51,37.07,4.8,4.28,0.0
20220406:1211,703.7,820.4,35.01,5.27,4.34,0.0
20220406:1311,462.09,531.44,30.81,5.29,4.55,0.0
20220406:1411,370.86,428.15,24.98,5.0,4.48,0.0
20220406:1511,180.99,220.86,18.07,4.4,4.28,0.0
20220406:1611,55.35,82.03,10.58,3.25,4.14,0.0
20220406:1711,0.0,2.48,2.93,1.93,4.07,0.0
20220406:1811,0.0,0.0,0.0,0.91,3.72,0.0
20220406:1911,0.0,0.0,0.0,0.47,2.83,0.0
20220406:2011,0.0,0.0,0.0,0.12,2.41,0.0
20220406:2111,0.0,0.0,0.0,-0.02,2.07,0.0
20220406:2211,0.0,0.0,0.0,-0.17,2.0,0.0
20220406:2311,0.0,0.0,0.0,-0.3,2.07,0.0
20220407:0011,0.0,0.0,0.0,-0.34,2.34,0.0
20220407:0111,0.0,0.0,0.0,-0.19,2.69,0.0
20220407:0211,0.0,0.0,0.0,-0.09,2.69,0.0
20220407:0311,0.0,0.0,0.0,0.0,2.9,0.0
20220407:0411,0.0,0.0,0.0,0.04,3.03,0.0
20220407:0511,1.1,8.07,8.55,0.23,3.59,0.0
20220407:0611,15.88,30.48,16.13,0.72,4.55,0.0
20220407:0711,103.65,131.54,23.28,1.25,5.24,0.0
20220407:0811,80.94,106.69,29.51,1.55,5.52,0.0
20220407:0911,154.93,187.57,34.29,1.66,5.59,0.0
20220407:1011,129.0,159.58,37.06,1.77,5.66,0.0
20220407:1111,138.76,170.34,37.44,1.93,5.66,0.0
20220407:1211,86.62,112.96,35.36,1.55,5.66,0.0
20220407:1311,135.12,165.91,31.14,1.51,5.93,0.0
20220407:1411,77.81,103.1,25.29,1.25,5.17,0.0
20220407:1511,27.94,45.72,18.37,1.14,4.83,0.0
20220407:1611,9.28,21.52,10.87,1.31,4.28,0.0
20220407:1711,0.0,1.65,3.22,1.85,4.14,0.0
20220407:1811,0.0,0.0,0.0,2.45,4.34,0.0
20220407:1911,0.0,0.0,0.0,2.78,5.93,0.0
20220407:2011,0.0,0.0,0.0,3.4,6.21,0.0
20220407:2111,0.0,0.0,0.0,3.64,5.72,0.0
20220407:2211,0.0,0.0,0.0,3.5,5.03,0.0
20220407:2311,0.0,0.0,0.0,3.27,4.41,0.0
20220408:0011,0.0,0.0,0.0,2.81,4.14,0.0
20220408:0111,0.0,0.0,0.0,2.5,3.86,0.0
20220408:0211,0.0,0.0,0.0,2.39,3.38,0.0
20220408:0311,0.0,0.0,0.0,2.39,3.31,0.0
20220408:0411,0.0,0.0,0.0,2.38,3.45,0.0
20220408:0511,38.91,63.32,8.91,2.58,3.52,0.0
20220408:0611,11.74,25.1,16.5,2.81,3.66,0.0
20220408:0711,101.4,129.67,23.65,1.74,2.9,0.0
20220408:0811,243.01,282.37,29.89,1.17,3.66,0.0
20220408:0911,162.54,195.67,34.67,1.33,5.03,0.0
20220408:1011,161.47,194.68,37.44,1.72,6.07,0.0
20220408:1111,100.43,128.2,37.81,1.82,6.97,0.0
20220408:1211,91.48,118.34,35.71,1.85,7.45,0.0
20220408:1311,80.11,105.79,31.46,1.88,7.31,0.0
20220408:1411,60.79,84.27,25.59,2.22,7.03,0.0
20220408:1511,71.46,96.32,18.66,2.01,5.93,0.0
20220408:1611,51.43,75.7,11.15,1.28,5.1,0.0
20220408:1711,0.44,6.61,3.5,0.46,5.17,0.0
20220408:1811,0.0,0.0,0.0,0.01,5.31,0.0
20220408:1911,0.0,0.0,0.0,0.13,5.59,0.0
20220408:2011,0.0,0.0,0.0,0.17,5.86,0.0
20220408:2111,0.0,0.0,0.0,0.15,5.72,0.0
20220408:2211,0.0,0.0,0.0,-0.03,5.38,0.0
20220408:2311,0.0,0.0,0.0,-0.19,5.24,0.0
20220409:0011,0.0,0.0,0.0,-0.48,5.17,0.0
20220409:0111,0.0,0.0,0.0,-0.85,5.03,0.0
20220409:0211,0.0,0.0,0.0,-1.03,4.97,0.0
20220409:0311,0.0,0.0,0.0,-1.17,4.83,0.0
20220409:0411,0.0,0.0,0.0,-1.29,4.62,0.0
20220409:0511,57.84,105.81,9.26,-1.04,4.55,0.0
20220409:0611,268.66,322.55,16.86,-0.31,4.76,0.0
20220409:0711,361.25,408.59,24.01,0.82,6.14,0.0
20220409:0811,261.04,300.17,30.26,1.29,6.34,0.0
20220409:0911,150.5,182.95,35.05,1.93,5.93,0.0
20220409:1011,133.46,164.96,37.82,2.59,5.93,0.0
20220409:1111,303.06,349.53,38.18,3.06,5.38,0.0
20220409:1211,198.48,236.58,36.06,3.6,5.31,0.0
20220409:1311,148.22,182.03,31.79,3.87,5.03,0.0
20220409:1411,98.33,127.2,25.9,4.06,5.03,0.0
20220409:1511,85.39,112.84,18.95,3.66,3.86,0.0
20220409:1611,92.8,137.32,11.43,3.77,3.59,0.0
20220409:1711,3.35,12.4,3.79,3.14,3.31,0.0
20220409:1811,0.0,0.0,0.0,1.99,3.24,0.0
20220409:1911,0.0,0.0,0.0,1.18,3.59,0.0
20220409:2011,0.0,0.0,0.0,0.84,3.79,0.0
20220409:2111,0.0,0.0,0.0,0.72,4.0,0.0
20220409:2211,0.0,0.0,0.0,0.6,3.86,0.0
20220409:2311,0.0,0.0,0.0,0.37,3.79,0.0
20220410:0011,0.0,0.0,0.0,0.18,3.79,0.0
20220410:0111,0.0,0.0,0.0,0.0,3.59,0.0
20220410:0211,0.0,0.0,0.0,-0.14,3.45,0.0
20220410:0311,0.0,0.0,0.0,-0.34,3.31,0.0
20220410:0411,0.0,0.83,2.0,-0.53,3.17,0.0
20220410:0511,54.53,88.39,9.62,-0.27,3.1,0.0
20220410:0611,276.64,334.93,17.21,0.75,3.17,0.0
20220410:0711,457.66,524.89,24.37,2.52,3.52,0.0
20220410:0811,666.71,772.85,30.63,3.93,3.59,0.0
20220410:0911,741.13,871.05,35.42,5.53,3.86,0.0
20220410:1011,704.35,829.01,38.2,6.4,4.0,0.0
20220410:1111,528.51,617.06,38.55,7.04,3.93,0.0
20220410:1211,477.1,556.91,36.41,7.35,3.86,0.0
20220410:1311,409.29,478.69,32.11,7.9,3.86,0.0
20220410:1411,305.46,360.36,26.2,7.88,4.07,0.0
20220410:1511,199.94,245.68,19.24,7.54,3.86,0.0
20220410:1611,89.86,133.98,11.72,7.0,3.52,0.0
20220410:1711,1.52,9.1,4.07,6.05,3.31,0.0
20220410:1811,0.0,0.0,0.0,4.75,3.31,0.0
20220410:1911,0.0,0.0,0.0,4.74,4.07,0.0
20220410:2011,0.0,0.0,0.0,4.29,3.79,0.0
20220410:2111,0.0,0.0,0.0,3.73,3.52,0.0
20220410:2211,0.0,0.0,0.0,3.27,3.45,0.0
20220410:2311,0.0,0.0,0.0,2.72,3.38,0.0
20220411:0011,0.0,0.0,0.0,2.14,3.24,0.0
20220411:0111,0.0,0.0,0.0,1.45,3.03,0.0
20220411:0211,0.0,0.0,0.0,0.85,2.97,0.0
20220411:0311,0.0,0.0,0.0,0.47,2.83,0.0
20220411:0411,0.0,2.48,2.36,0.17,2.62,0.0
20220411:0511,63.53,115.14,9.97,0.48,2.41,0.0
20220411:0611,283.52,345.53,17.57,1.85,2.28,0.0
20220411:0711,501.62,586.93,24.73,4.13,2.07,0.0
20220411:0811,672.12,800.91,31.0,5.84,2.07,0.0
20220411:0911,788.77,960.9,35.8,7.29,2.28,0.0
20220411:1011,849.13,1051.12,38.57,8.35,2.34,0.0
20220411:1111,853.1,1060.76,38.91,9.01,2.34,0.0
20220411:1211,804.35,992.1,36.75,9.24,2.34,0.0
20220411:1311,584.17,699.0,32.43,9.2,2.41,0.0
20220411:1411,540.7,644.52,26.5,9.05,2.55,0.0
20220411:1511,334.91,409.72,19.52,8.83,2.48,0.0
20220411:1611,99.19,150.63,12.0,8.27,2.07,0.0
20220411:1711,6.25,17.36,4.35,6.92,2.14,0.0
20220411:1811,0.0,0.0,0.0,5.64,2.41,0.0
20220411:1911,0.0,0.0,0.0,4.34,2.34,0.0
20220411:2011,0.0,0.0,0.0,3.67,2.34,0.0
20220411:2111,0.0,0.0,0.0,3.12,2.48,0.0
20220411:2211,0.0,0.0,0.0,2.52,2.62,0.0
20220411:2311,0.0,0.0,0.0,1.78,2.76,0.0
20220412:0011,0.0,0.0,0.0,1.14,2.62,0.0
20220412:0111,0.0,0.0,0.0,0.68,2.48,0.0
20220412:0211,0.0,0.0,0.0,0.35,2.48,0.0
20220412:0311,0.0,0.0,0.0,0.13,2.41,0.0
20220412:0411,0.0,2.48,2.71,-0.04,2.34,0.0
20220412:0511,66.21,116.32,10.32,0.3,2.0,0.0
20220412:0611,272.38,332.0,17.92,1.63,1.72,0.0
20220412:0711,490.17,575.32,25.09,3.53,1.38,0.0
20220412:0811,629.21,752.6,31.36,5.46,1.31,0.0
20220412:0911,720.38,881.79,36.17,6.95,1.31,0.0
20220412:1011,775.11,963.34,38.95,7.95,1.38,0.0
20220412:1111,826.72,1054.98,39.27,8.61,0.9,0.0
20220412:1211,776.01,986.43,37.09,9.11,0.69,0.0
20220412:1311,678.62,843.25,32.75,8.92,0.69,0.0
20220412:1411,511.84,619.85,26.8,8.69,0.83,0.0
20220412:1511,326.08,401.05,19.81,8.29,1.24,0.0
20220412:1611,96.88,145.22,12.27,7.51,1.31,0.0
20220412:1711,7.34,19.02,4.63,6.48,1.72,0.0
20220412:1811,0.0,0.0,0.0,5.25,1.93,0.0
20220412:1911,0.0,0.0,0.0,4.48,2.28,0.0
20220412:2011,0.0,0.0,0.0,3.89,2.07,0.0
20220412:2111,0.0,0.0,0.0,3.38,2.0,0.0
20220412:2211,0.0,0.0,0.0,3.01,1.86,0.0
20220412:2311,0.0,0.0,0.0,2.7,1.86,0.0
20220413:0011,0.0,0.0,0.0,2.28,2.07,0.0
20220413:0111,0.0,0.0,0.0,2.12,1.93,0.0
20220413:0211,0.0,0.0,0.0,1.96,1.45,0.0
20220413:0311,0.0,0.0,0.0,1.98,1.66,0.0
20220413:0411,0.0,1.65,3.06,1.87,1.72,0.0
20220413:0511,3.46,12.55,10.66,2.12,1.52,0.0
20220413:0611,23.3,40.34,18.27,2.99,1.31,0.0
20220413:0711,58.51,82.48,25.45,3.92,2.34,0.0
20220413:0811,124.83,157.69,31.72,4.85,2.41,0.0
20220413:0911,367.33,430.36,36.54,6.28,2.76,0.0
20220413:1011,609.31,720.11,39.31,7.08,3.03,0.0
20220413:1111,336.81,397.42,39.63,7.29,2.97,0.0
20220413:1211,136.37,172.13,37.43,7.19,2.97,0.0
20220413:1311,51.56,75.31,33.07,7.02,3.17,0.0
20220413:1411,35.94,56.48,27.09,6.23,2.9,0.0
20220413:1511,24.43,42.14,20.09,5.58,2.76,0.0
20220413:1611,10.35,23.31,12.55,4.55,2.69,0.0
20220413:1711,0.0,4.96,4.91,3.76,2.9,0.0
20220413:1811,0.0,0.0,0.0,3.24,3.03,0.0
20220413:1911,0.0,0.0,0.0,3.01,2.76,0.0
20220413:2011,0.0,0.0,0.0,2.95,3.17,0.0
20220413:2111,0.0,0.0,0.0,2.96,2.9,0.0
20220413:2211,0.0,0.0,0.0,2.96,2.69,0.0
20220413:2311,0.0,0.0,0.0,2.96,2.9,0.0
20220414:0011,0.0,0.0,0.0,2.96,3.03,0.0
20220414:0111,0.0,0.0,0.0,2.77,3.03,0.0
20220414:0211,0.0,0.0,0.0,2.63,2.76,0.0
20220414:0311,0.0,0.0,0.0,2.78,2.83,0.0
20220414:0411,0.0,1.65,3.4,2.36,2.83,0.0
20220414:0511,2.44,10.76,11.01,2.67,2.69,0.0
20220414:0611,10.44,23.31,18.61,3.07,2.07,0.0
20220414:0711,23.17,40.34,25.8,4.25,2.48,0.0
20220414:0811,44.48,66.34,32.08,4.63,2.41,0.0
20220414:0911,34.7,54.69,36.91,4.87,2.83,0.0
20220414:1011,109.34,140.75,39.68,5.59,2.76,0.0
20220414:1111,82.67,111.17,39.99,6.8,3.1,0.0
20220414:1211,92.27,121.93,37.77,6.51,3.17,0.0
20220414:1311,49.49,72.62,33.38,6.2,3.31,0.0
20220414:1411,56.53,80.69,27.39,5.67,3.31,0.0
20220414:1511,79.46,106.84,20.37,5.16,3.17,0.0
20220414:1611,14.88,29.59,12.83,4.73,3.17,0.0
20220414:1711,4.29,14.06,5.18,4.22,3.17,0.0
20220414:1811,0.0,0.0,0.0,3.83,3.38,0.0
20220414:1911,0.0,0.0,0.0,3.57,4.07,0.0
20220414:2011,0.0,0.0,0.0,3.26,4.21,0.0
20220414:2111,0.0,0.0,0.0,2.97,4.34,0.0
20220414:2211,0.0,0.0,0.0,2.77,4.28,0.0
20220414:2311,0.0,0.0,0.0,2.7,4.0,0.0
20220415:0011,0.0,0.0,0.0,2.62,3.93,0.0
20220415:0111,0.0,0.0,0.0,2.44,4.0,0.0
20220415:0211,0.0,0.0,0.0,2.17,4.07,0.0
20220415:0311,0.0,0.0,0.0,1.93,4.0,0.0
20220415:0411,0.0,2.48,3.74,1.65,4.28,0.0
20220415:0511,39.66,60.61,11.35,1.45,4.69,0.0
20220415:0611,176.67,214.87,18.95,1.54,4.69,0.0
20220415:0711,486.33,554.22,26.14,2.62,4.76,0.0
20220415:0811,692.24,797.79,32.44,4.13,4.69,0.0
20220415:0911,790.35,922.48,37.27,5.71,5.31,0.0
20220415:1011,634.03,735.09,40.04,6.56,5.59,0.0
20220415:1111,826.08,976.23,40.34,7.11,5.31,0.0
20220415:1211,839.67,995.04,38.1,7.47,5.17,0.0
20220415:1311,726.57,852.27,33.69,7.67,5.03,0.0
20220415:1411,559.69,651.26,27.68,7.59,5.03,0.0
20220415:1511,346.33,416.05,20.65,7.26,4.76,0.0
20220415:1611,116.96,178.74,13.1,6.73,4.07,0.0
20220415:1711,9.6,22.32,5.46,5.82,3.66,0.0
20220415:1811,0.0,0.0,0.0,4.57,3.38,0.0
20220415:1911,0.0,0.0,0.0,3.49,3.03,0.0
20220415:2011,0.0,0.0,0.0,2.69,2.9,0.0
20220415:2111,0.0,0.0,0.0,2.02,2.83,0.0
20220415:2211,0.0,0.0,0.0,1.5,2.83,0.0
20220415:2311,0.0,0.0,0.0,1.1,2.76,0.0
20220416:0011,0.0,0.0,0.0,0.75,2.76,0.0
20220416:0111,0.0,0.0,0.0,0.45,2.83,0.0
20220416:0211,0.0,0.0,0.0,0.31,2.83,0.0
20220416:0311,0.0,0.0,0.0,0.28,2.69,0.0
20220416:0411,3.9,13.23,4.08,0.32,2.41,0.0
20220416:0511,77.85,129.95,11.69,0.83,2.0,0.0
20220416:0611,261.01,317.02,19.29,2.19,1.59,0.0
20220416:0711,510.62,601.22,26.49,3.95,1.38,0.0
20220416:0811,662.87,801.61,32.79,5.94,1.1,0.0
20220416:0911,767.47,967.23,37.63,7.32,0.55,0.0
20220416:1011,811.18,1049.8,40.41,8.27,0.28,0.0
20220416:1111,722.58,902.14,40.69,9.0,1.03,0.0
20220416:1211,669.24,820.45,38.44,9.43,1.59,0.0
20220416:1311,699.72,850.2,34.0,9.44,2.28,0.0
20220416:1411,409.94,485.58,27.97,8.72,2.62,0.0
20220416:1511,217.67,267.11,20.93,7.87,2.69,0.0
20220416:1611,34.33,54.69,13.37,6.93,2.48,0.0
20220416:1711,9.03,21.5,5.73,5.83,2.76,0.0
20220416:1811,0.0,0.0,0.0,4.71,2.83,0.0
20220416:1911,0.0,0.0,0.0,4.28,2.83,0.0
20220416:2011,0.0,0.0,0.0,3.94,2.55,0.0
20220416:2111,0.0,0.0,0.0,3.61,2.21,0.0
20220416:2211,0.0,0.0,0.0,3.47,2.07,0.0
20220416:2311,0.0,0.0,0.0,3.34,1.93,0.0
20220417:0011,0.0,0.0,0.0,3.29,1.66,0.0
20220417:0111,0.0,0.0,0.0,3.2,1.38,0.0
20220417:0211,0.0,0.0,0.0,3.09,1.03,0.0
20220417:0311,0.0,0.0,0.0,2.87,0.97,0.0
20220417:0411,0.0,3.31,4.42,2.49,0.76,0.0
20220417:0511,17.69,33.17,12.02,3.09,0.55,0.0
20220417:0611,287.85,355.67,19.63,4.59,0.76,0.0
20220417:0711,496.57,593.02,26.83,6.1,0.97,0.0
20220417:0811,452.8,538.66,33.14,7.74,1.45,0.0
20220417:0911,415.04,493.07,37.99,8.15,1.86,0.0
20220417:1011,572.98,687.05,40.76,8.66,2.14,0.0
20220417:1111,843.36,1046.35,41.04,8.98,2.34,0.0
20220417:1211,772.55,948.69,38.76,9.6,2.41,0.0
20220417:1311,691.31,836.14,34.31,9.74,2.62,0.0
20220417:1411,536.46,639.53,28.26,9.7,2.83,0.0
20220417:1511,329.32,402.24,21.2,9.15,2.9,0.0
20220417:1611,113.02,171.8,13.64,8.17,2.62,0.0
20220417:1711,11.83,25.63,6.01,7.02,2.48,0.0
20220417:1811,0.0,0.0,0.0,5.61,2.55,0.0
20220417:1911,0.0,0.0,0.0,5.4,2.83,0.0
20220417:2011,0.0,0.0,0.0,4.73,2.76,0.0
20220417:2111,0.0,0.0,0.0,4.19,2.69,0.0
20220417:2211,0.0,0.0,0.0,3.79,2.76,0.0
20220417:2311,0.0,0.0,0.0,3.54,2.9,0.0
20220418:0011,0.0,0.0,0.0,3.33,3.03,0.0
20220418:0111,0.0,0.0,0.0,3.24,3.1,0.0
20220418:0211,0.0,0.0,0.0,3.16,3.17,0.0
20220418:0311,0.0,0.0,0.0,3.15,3.03,0.0
20220418:0411,0.09,5.79,4.75,3.22,2.9,0.0
20220418:0511,69.65,103.68,12.35,3.9,2.55,0.0
20220418:0611,265.26,324.91,19.96,5.25,2.41,0.0
20220418:0711,484.29,572.61,27.17,6.9,2.14,0.0
20220418:0811,650.59,784.46,33.49,8.71,2.07,0.0
20220418:0911,765.94,951.04,38.34,10.64,2.0,0.0
20220418:1011,815.17,1035.25,41.12,12.38,1.86,0.0
20220418:1111,809.64,1042.68,41.38,13.65,1.52,0.0
20220418:1211,746.16,956.79,39.09,14.23,1.24,0.0
20220418:1311,633.57,792.08,34.61,14.43,1.52,0.0
20220418:1411,487.58,598.17,28.54,14.3,1.86,0.0
20220418:1511,301.8,378.41,21.47,13.68,2.0,0.0
20220418:1611,101.28,151.94,13.91,12.59,1.59,0.0
20220418:1711,13.92,28.94,6.28,10.76,1.66,0.0
20220418:1811,0.0,0.0,0.0,8.83,1.72,0.0
20220418:1911,0.0,0.0,0.0,7.42,1.66,0.0
20220418:2011,0.0,0.0,0.0,6.31,1.86,0.0
20220418:2111,0.0,0.0,0.0,5.37,2.14,0.0
20220418:2211,0.0,0.0,0.0,4.63,2.34,0.0
20220418:2311,0.0,0.0,0.0,4.27,2.48,0.0
20220419:0011,0.0,0.0,0.0,4.03,2.34,0.0
20220419:0111,0.0,0.0,0.0,3.9,2.48,0.0
20220419:0211,0.0,0.0,0.0,3.71,2.62,0.0
20220419:0311,0.0,0.0,0.0,3.63,2.41,0.0
20220419:0411,6.38,17.36,5.08,3.53,2.28,0.0
20220419:0511,84.11,140.66,12.68,4.2,1.93,0.0
20220419:0611,298.98,367.49,20.29,5.66,2.0,0.0
20220419:0711,506.81,601.73,27.5,7.05,1.93,0.0
20220419:0811,662.57,797.76,33.83,8.11,2.07,0.0
20220419:0911,780.64,959.16,38.69,8.91,2.21,0.0
20220419:1011,839.17,1043.49,41.47,9.52,2.34,0.0
20220419:1111,841.77,1046.99,41.73,9.9,2.48,0.0
20220419:1211,770.77,946.7,39.42,10.07,2.55,0.0
20220419:1311,657.51,795.07,34.92,10.08,2.48,0.0
20220419:1411,538.75,644.58,28.83,9.86,2.55,0.0
20220419:1511,334.56,409.51,21.75,9.36,2.62,0.0
20220419:1611,116.53,176.69,14.18,8.58,2.41,0.0
20220419:1711,13.57,28.11,6.55,7.54,2.28,0.0
20220419:1811,0.0,0.0,0.0,6.27,2.48,0.0
20220419:1911,0.0,0.0,0.0,5.69,2.34,0.0
20220419:2011,0.0,0.0,0.0,5.09,2.69,0.0
20220419:2111,0.0,0.0,0.0,4.78,2.97,0.0
20220419:2211,0.0,0.0,0.0,4.63,3.03,0.0
20220419:2311,0.0,0.0,0.0,4.62,3.03,0.0
20220420:0011,0.0,0.0,0.0,4.62,3.1,0.0
20220420:0111,0.0,0.0,0.0,4.61,3.1,0.0
20220420:0211,0.0,0.0,0.0,4.48,2.97,0.0
20220420:0311,0.0,0.0,0.0,4.26,2.97,0.0
20220420:0411,6.9,18.19,5.4,4.11,2.9,0.0
20220420:0511,86.64,142.7,13.0,4.83,2.55,0.0
20220420:0611,301.47,369.95,20.61,6.29,2.62,0.0
20220420:0711,510.95,603.91,27.83,8.11,3.03,0.0
20220420:0811,679.91,809.53,34.17,9.27,3.72,0.0
20220420:0911,790.41,949.56,39.04,9.82,4.41,0.0
20220420:1011,863.26,1044.53,41.82,10.01,4.76,0.0
20220420:1111,844.95,1019.38,42.07,9.95,4.83,0.0
20220420:1211,803.38,964.37,39.74,9.72,4.62,0.0
20220420:1311,674.04,798.82,35.22,9.5,4.34,0.0
20220420:1411,509.28,599.6,29.11,9.39,4.21,0.0
20220420:1511,326.23,396.34,22.02,9.25,4.07,0.0
20220420:1611,111.43,163.33,14.44,9.05,3.72,0.0
20220420:1711,17.77,33.9,6.81,8.51,4.0,0.0
20220420:1811,0.0,0.0,0.0,7.77,4.21,0.0
20220420:1911,0.0,0.0,0.0,7.21,4.0,0.0
20220420:2011,0.0,0.0,0.0,6.82,4.34,0.0
20220420:2111,0.0,0.0,0.0,6.45,4.55,0.0
20220420:2211,0.0,0.0,0.0,6.12,4.48,0.0
20220420:2311,0.0,0.0,0.0,5.79,4.28,0.0
20220421:0011,0.0,0.0,0.0,5.5,4.07,0.0
20220421:0111,0.0,0.0,0.0,5.17,3.93,0.0
20220421:0211,0.0,0.0,0.0,4.89,3.79,0.0
20220421:0311,0.0,0.0,0.0,4.63,3.72,0.0
20220421:0411,7.98,19.84,5.72,4.52,3.66,0.0
20220421:0511,90.03,147.61,13.32,5.08,3.59,0.0
20220421:0611,301.76,367.29,20.93,6.18,4.14,0.0
20220421:0711,519.65,608.4,28.16,7.72,4.21,0.0
20220421:0811,683.09,806.77,34.5,8.63,4.34,0.0
20220421:0911,802.6,962.57,39.38,9.32,4.48,0.0
20220421:1011,847.69,1026.53,42.16,9.87,4.48,0.0
20220421:1111,840.76,1019.5,42.4,10.26,4.48,0.0
20220421:1211,794.02,957.89,40.05,10.43,4.41,0.0
20220421:1311,675.36,804.66,35.51,10.36,4.28,0.0
20220421:1411,547.16,647.45,29.39,10.12,4.21,0.0
20220421:1511,341.8,416.03,22.28,9.69,4.0,0.0
20220421:1611,120.24,181.48,14.7,9.14,3.72,0.0
20220421:1711,14.11,28.94,7.08,8.44,3.52,0.0
20220421:1811,0.0,0.0,0.0,7.51,3.38,0.0
20220421:1911,0.0,0.0,0.0,7.19,3.31,0.0
20220421:2011,0.0,0.0,0.0,6.52,3.31,0.0
20220421:2111,0.0,0.0,0.0,5.96,3.31,0.0
20220421:2211,0.0,0.0,0.0,5.48,3.24,0.0
20220421:2311,0.0,0.0,0.0,5.04,3.17,0.0
20220422:0011,0.0,0.0,0.0,4.62,3.03,0.0
20220422:0111,0.0,0.0,0.0,4.28,2.97,0.0
20220422:0211,0.0,0.0,0.0,3.97,2.9,0.0
20220422:0311,0.0,0.0,0.0,3.71,2.83,0.0
20220422:0411,13.26,27.29,6.04,3.66,2.9,0.0
20220422:0511,93.58,152.96,13.63,4.5,2.69,0.0
20220422:0611,305.14,372.63,21.25,6.04,2.9,0.0
20220422:0711,517.5,610.81,28.48,7.98,3.17,0.0
20220422:0811,681.01,814.05,34.84,9.29,3.38,0.0
20220422:0911,784.61,952.26,39.72,10.26,3.66,0.0
20220422:1011,842.37,1034.1,42.5,10.88,3.72,0.0
20220422:1111,834.63,1027.04,42.73,11.32,3.66,0.0
20220422:1211,792.77,972.04,40.37,11.61,3.52,0.0
20220422:1311,679.65,822.59,35.81,11.71,3.38,0.0
20220422:1411,541.14,648.07,29.67,11.54,3.45,0.0
20220422:1511,343.9,422.36,22.55,10.95,3.31,0.0
20220422:1611,122.88,186.83,14.97,10.05,3.03,0.0
20220422:1711,15.27,30.59,7.34,8.97,3.1,0.0
20220422:1811,0.0,0.0,0.0,7.67,3.38,0.0
20220422:1911,0.0,0.0,0.0,6.78,3.79,0.0
20220422:2011,0.0,0.0,0.0,5.86,3.79,0.0
20220422:2111,0.0,0.0,0.0,5.16,3.66,0.0
20220422:2211,0.0,0.0,0.0,4.67,3.52,0.0
20220422:2311,0.0,0.0,0.0,4.35,3.52,0.0
20220423:0011,0.0,0.0,0.0,4.1,3.66,0.0
20220423:0111,0.0,0.0,0.0,3.78,3.79,0.0
20220423:0211,0.0,0.0,0.0,3.6,3.86,0.0
20220423:0311,0.0,0.0,0.0,3.49,3.93,0.0
20220423:0411,15.71,30.59,6.35,3.72,4.21,0.0
20220423:0511,80.41,114.96,13.94,4.68,4.34,0.0
20220423:0611,233.93,283.72,21.56,5.68,5.03,0.0
20220423:0711,381.27,444.36,28.8,6.92,4.69,0.0
20220423:0811,597.77,696.23,35.16,7.54,4.83,0.0
20220423:0911,409.85,478.84,40.05,8.2,5.03,0.0
20220423:1011,446.76,523.48,42.84,9.09,5.24,0.0
20220423:1111,314.89,373.67,43.06,9.6,5.38,0.0
20220423:1211,677.14,798.71,40.68,9.65,5.52,0.0
20220423:1311,477.5,558.24,36.1,9.48,5.52,0.0
20220423:1411,250.41,300.07,29.94,9.39,5.45,0.0
20220423:1511,170.23,212.08,22.81,9.23,5.31,0.0
20220423:1611,55.12,80.51,15.22,8.81,4.97,0.0
20220423:1711,20.94,38.04,7.6,8.19,4.76,0.0
20220423:1811,0.0,0.0,0.0,7.32,4.76,0.0
20220423:1911,0.0,0.0,0.0,5.92,4.21,0.0
20220423:2011,0.0,0.0,0.0,5.18,3.93,0.0
20220423:2111,0.0,0.0,0.0,4.8,3.79,0.0
20220423:2211,0.0,0.0,0.0,4.56,3.72,0.0
20220423:2311,0.0,0.0,0.0,4.51,3.72,0.0
20220424:0011,0.0,0.0,0.0,4.65,3.93,0.0
20220424:0111,0.0,0.0,0.0,4.82,4.07,0.0
20220424:0211,0.0,0.0,0.0,4.58,4.14,0.0
20220424:0311,0.0,0.0,0.0,4.2,4.21,0.0
20220424:0411,13.87,28.11,6.66,3.7,4.34,0.0
20220424:0511,98.91,158.19,14.25,3.87,4.21,0.0
20220424:0611,175.36,214.56,21.87,4.42,4.83,0.0
20220424:0711,308.79,359.78,29.12,5.26,4.9,0.0
20220424:0811,474.22,545.61,35.49,5.98,5.52,0.0
20220424:0911,383.12,443.9,40.39,6.43,5.72,0.0
20220424:1011,578.94,670.5,43.18,6.73,5.66,0.0
20220424:1111,867.09,1027.74,43.39,7.13,5.45,0.0
20220424:1211,819.36,971.29,40.99,7.66,5.03,0.0
20220424:1311,705.86,828.87,36.39,8.16,5.03,0.0
20220424:1411,550.81,641.66,30.21,7.79,4.97,0.0
20220424:1511,352.65,422.82,23.07,7.26,4.83,0.0
20220424:1611,128.27,190.59,15.48,6.81,4.76,0.0
20220424:1711,16.13,31.42,7.86,6.14,4.41,0.0
20220424:1811,0.0,0.0,0.0,5.31,4.14,0.0
20220424:1911,0.0,0.0,0.0,4.41,3.93,0.0
20220424:2011,0.0,0.0,0.0,3.85,3.72,0.0
20220424:2111,0.0,0.0,0.0,3.4,3.52,0.0
20220424:2211,0.0,0.0,0.0,3.01,3.45,0.0
20220424:2311,0.0,0.0,0.0,2.72,3.38,0.0
20220425:0011,0.0,0.0,0.0,2.35,3.31,0.0
20220425:0111,0.0,0.0,0.0,2.0,3.45,0.0
20220425:0211,0.0,0.0,0.0,1.7,3.52,0.0
20220425:0311,0.0,0.0,0.0,1.46,3.45,0.0
20220425:0411,15.27,29.77,6.97,1.44,3.24,0.0
20220425:0511,101.6,160.35,14.55,2.13,3.1,0.0
20220425:0611,313.59,377.31,22.18,3.56,2.97,0.0
20220425:0711,525.18,614.78,29.43,5.42,2.69,0.0
20220425:0811,679.45,814.13,35.8,7.23,2.28,0.0
20220425:0911,775.25,956.77,40.71,8.87,1.93,0.0
20220425:1011,817.7,1029.85,43.51,10.17,1.72,0.0
20220425:1111,804.68,1029.83,43.71,11.14,1.17,0.0
20220425:1211,691.13,882.94,41.3,11.7,0.41,0.0
20220425:1311,648.65,824.61,36.67,11.89,0.21,0.0
20220425:1411,513.88,631.49,30.48,11.86,0.97,0.0
20220425:1511,330.26,408.79,23.33,11.22,2.0,0.0
20220425:1611,90.23,126.15,15.74,9.7,2.34,0.0
20220425:1711,25.38,43.82,8.12,8.36,2.07,0.0
20220425:1811,0.0,0.0,0.0,7.35,1.66,0.0
20220425:1911,0.0,0.0,0.0,7.57,1.52,0.0
20220425:2011,0.0,0.0,0.0,7.54,0.48,0.0
20220425:2111,0.0,0.0,0.0,6.72,1.86,0.0
20220425:2211,0.0,0.0,0.0,6.73,2.48,0.0
20220425:2311,0.0,0.0,0.0,6.77,2.55,0.0
20220426:0011,0.0,0.0,0.0,6.91,2.55,0.0
20220426:0111,0.0,0.0,0.0,7.0,2.69,0.0
20220426:0211,0.0,0.0,0.0,6.69,3.17,0.0
20220426:0311,0.0,0.0,0.0,5.93,3.52,0.0
20220426:0411,17.44,33.07,7.27,5.31,3.59,0.0
20220426:0511,103.15,164.34,14.85,5.09,3.52,0.0
20220426:0611,317.01,383.7,22.48,5.6,3.59,0.0
20220426:0711,526.25,614.39,29.73,6.41,3.66,0.0
20220426:0811,690.21,817.86,36.12,7.36,3.38,0.0
20220426:0911,601.82,713.99,41.04,8.52,3.38,0.0
20220426:1011,474.89,563.62,43.83,8.92,2.9,0.0
20220426:1111,625.71,752.85,44.03,9.14,2.62,0.0
20220426:1211,411.92,489.81,41.6,9.07,2.55,0.0
20220426:1311,299.3,357.05,36.96,8.61,2.83,0.0
20220426:1411,82.26,111.17,30.75,7.78,2.97,0.0
20220426:1511,118.49,152.04,23.59,7.04,3.1,0.0
20220426:1611,35.23,55.58,15.99,6.05,2.97,0.0
20220426:1711,26.47,44.65,8.38,5.17,2.34,0.0
20220426:1811,0.0,0.0,0.0,4.64,1.72,0.0
20220426:1911,0.0,0.0,0.0,4.21,1.24,0.0
20220426:2011,0.0,0.0,0.0,3.72,1.17,0.0
20220426:2111,0.0,0.0,0.0,3.03,1.17,0.0
20220426:2211,0.0,0.0,0.0,2.86,0.76,0.0
20220426:2311,0.0,0.0,0.0,3.67,0.48,0.0
20220427:0011,0.0,0.0,0.0,2.4,0.9,0.0
20220427:0111,0.0,0.0,0.0,1.32,1.17,0.0
20220427:0211,0.0,0.0,0.0,0.53,1.52,0.0
20220427:0311,0.0,0.0,0.0,1.28,2.0,0.0
20220427:0411,0.43,6.61,7.57,1.44,2.28,0.0
20220427:0511,82.13,112.49,15.14,1.94,2.34,0.0
20220427:0611,247.7,297.24,22.77,2.91,2.55,0.0
20220427:0711,309.34,364.43,30.03,4.07,1.24,0.0
20220427:0811,550.49,656.15,36.43,4.73,0.83,0.0
20220427:0911,441.86,524.27,41.36,5.59,0.97,0.0
20220427:1011,0.0,0.0,0.0,5.85,1.1,0.0
20220427:1111,437.52,521.33,44.35,6.6,1.1,0.0
20220427:1211,464.25,556.78,41.9,6.99,0.76,0.0
20220427:1311,147.07,185.33,37.24,7.22,0.69,0.0
20220427:1411,346.52,416.18,31.01,7.2,0.34,0.0
20220427:1511,173.62,215.03,23.84,6.64,1.86,0.0
20220427:1611,96.49,130.81,16.24,5.15,3.24,0.0
20220427:1711,22.71,39.69,8.63,3.83,3.66,0.0
20220427:1811,0.0,0.0,0.0,3.01,3.45,0.0
20220427:1911,0.0,0.0,0.0,2.5,3.52,0.0
20220427:2011,0.0,0.0,0.0,2.16,3.45,0.0
20220427:2111,0.0,0.0,0.0,2.05,3.31,0.0
20220427:2211,0.0,0.0,0.0,2.05,3.24,0.0
20220427:2311,0.0,0.0,0.0,2.18,2.97,0.0
20220428:0011,0.0,0.0,0.0,2.32,2.62,0.0
20220428:0111,0.0,0.0,0.0,2.33,2.41,0.0
20220428:0211,0.0,0.0,0.0,2.37,2.34,0.0
20220428:0311,0.0,0.0,0.0,2.36,2.41,0.0
20220428:0411,2.44,10.75,7.86,2.4,2.48,0.0
20220428:0511,96.88,134.69,15.43,3.35,2.07,0.0
20220428:0611,154.1,191.72,23.06,5.09,2.14,0.0
20220428:0711,254.66,304.45,30.33,7.04,2.69,0.0
20220428:0811,208.08,253.02,36.74,8.07,3.31,0.0
20220428:0911,606.96,720.08,41.67,8.51,3.45,0.0
20220428:1011,503.72,596.81,44.47,9.15,3.45,0.0
20220428:1111,139.48,177.51,44.66,9.88,3.38,0.0
20220428:1211,151.22,190.96,42.2,9.89,3.17,0.0
20220428:1311,278.71,336.3,37.52,10.38,2.9,0.0
20220428:1411,448.21,537.14,31.27,10.61,2.41,0.0
20220428:1511,323.34,398.01,24.09,10.75,2.34,0.0
20220428:1611,122.23,175.75,16.49,10.53,1.72,0.0
20220428:1711,21.98,39.69,8.88,9.89,1.52,0.0
20220428:1811,0.0,0.0,0.0,8.51,1.52,0.0
20220428:1911,0.0,0.0,0.0,6.29,2.76,0.0
20220428:2011,0.0,0.0,0.0,5.36,2.14,0.0
20220428:2111,0.0,0.0,0.0,4.81,1.45,0.0
20220428:2211,0.0,0.0,0.0,4.72,0.69,0.0
20220428:2311,0.0,0.0,0.0,4.88,0.41,0.0
20220429:0011,0.0,0.0,0.0,3.05,1.1,0.0
20220429:0111,0.0,0.0,0.0,2.0,1.52,0.0
20220429:0211,0.0,0.0,0.0,2.01,1.86,0.0
20220429:0311,0.0,0.0,0.0,2.45,2.07,0.0
20220429:0411,0.78,7.44,8.15,2.46,2.21,0.0
20220429:0511,111.54,168.89,15.72,3.11,1.86,0.0
20220429:0611,229.97,278.68,23.35,4.25,1.86,0.0
20220429:0711,482.91,562.85,30.62,4.73,2.62,0.0
20220429:0811,489.53,572.62,37.04,5.57,2.48,0.0
20220429:0911,620.15,737.96,41.98,6.47,2.28,0.0
20220429:1011,698.6,848.85,44.79,7.36,1.86,0.0
20220429:1111,660.59,814.71,44.97,7.98,0.9,0.0
20220429:1211,677.83,853.0,42.49,8.74,0.28,0.0
20220429:1311,672.32,834.99,37.79,8.62,0.62,0.0
20220429:1411,539.25,645.52,31.53,8.56,1.93,0.0
20220429:1511,355.27,428.36,24.34,7.38,3.38,0.0
20220429:1611,136.06,200.21,16.73,6.19,3.45,0.0
20220429:1711,19.97,36.38,9.13,5.2,3.24,0.0
20220429:1811,0.0,1.65,1.91,4.39,2.97,0.0
20220429:1911,0.0,0.0,0.0,3.64,3.52,0.0
20220429:2011,0.0,0.0,0.0,3.29,3.03,0.0
20220429:2111,0.0,0.0,0.0,2.99,2.76,0.0
20220429:2211,0.0,0.0,0.0,2.78,2.69,0.0
20220429:2311,0.0,0.0,0.0,2.72,2.69,0.0
20220430:0011,0.0,0.0,0.0,2.61,2.62,0.0
20220430:0111,0.0,0.0,0.0,2.56,2.55,0.0
20220430:0211,0.0,0.0,0.0,2.51,2.41,0.0
20220430:0311,0.0,0.0,0.0,2.51,2.34,0.0
20220430:0411,18.94,34.73,8.43,2.73,2.14,0.0
20220430:0511,113.69,177.46,16.0,3.76,1.93,0.0
20220430:0611,231.35,281.04,23.63,5.34,2.34,0.0
20220430:0711,416.68,489.99,30.91,6.89,2.69,0.0
20220430:0811,659.66,784.63,37.33,8.08,3.1,0.0
20220430:0911,652.77,779.65,42.29,9.0,3.38,0.0
20220430:1011,849.21,1039.69,45.1,9.48,3.45,0.0
20220430:1111,685.54,823.56,45.27,9.78,3.66,0.0
20220430:1211,91.78,122.82,42.78,9.67,4.21,0.0
20220430:1311,64.72,91.45,38.06,9.43,4.34,0.0
20220430:1411,125.35,160.59,31.79,9.11,4.41,0.0
20220430:1511,251.03,305.37,24.59,8.88,4.07,0.0
20220430:1611,115.57,159.47,16.98,8.4,3.52,0.0
20220430:1711,32.09,52.09,9.38,7.72,2.83,0.0
20220430:1811,0.0,0.83,2.16,6.81,2.62,0.0
20220430:1911,0.0,0.0,0.0,6.03,2.41,0.0
20220430:2011,0.0,0.0,0.0,5.67,2.21,0.0
20220430:2111,0.0,0.0,0.0,5.44,2.07,0.0
20220430:2211,0.0,0.0,0.0,5.25,2.0,0.0
20220430:2311,0.0,0.0,0.0,4.99,2.0,0.0
20220501:0011,0.0,0.0,0.0,4.63,2.07,0.0
20220501:0111,0.0,0.0,0.0,4.43,2.07,0.0
20220501:0211,0.0,0.0,0.0,4.42,2.07,0.0
20220501:0311,0.0,0.0,0.0,4.39,2.14,0.0
20220501:0411,0.77,7.44,8.71,4.29,2.28,0.0
20220501:0511,20.96,37.65,16.27,5.16,2.14,0.0
20220501:0611,314.65,383.1,23.91,6.52,2.34,0.0
20220501:0711,521.86,623.21,31.19,8.12,1.93,0.0
20220501:0811,674.4,823.44,37.62,9.35,1.72,0.0
20220501:0911,646.94,792.44,42.59,10.28,1.79,0.0
20220501:1011,676.05,840.5,45.4,10.52,1.31,0.0
20220501:1111,703.62,888.62,45.57,10.97,0.9,0.0
20220501:1211,645.24,802.93,43.06,10.86,1.03,0.0
20220501:1311,478.5,576.22,38.33,10.32,1.79,0.0
20220501:1411,331.16,395.82,32.04,9.42,2.48,0.0
20220501:1511,338.65,412.03,24.83,8.64,2.62,0.0
20220501:1611,137.53,203.93,17.22,8.07,2.48,0.0
20220501:1711,21.0,38.04,9.62,7.42,2.34,0.0
20220501:1811,0.0,2.48,2.41,6.54,2.69,0.0
20220501:1911,0.0,0.0,0.0,6.23,2.97,0.0
20220501:2011,0.0,0.0,0.0,5.82,2.97,0.0
20220501:2111,0.0,0.0,0.0,5.64,3.03,0.0
20220501:2211,0.0,0.0,0.0,5.53,3.1,0.0
20220501:2311,0.0,0.0,0.0,5.45,3.1,0.0
20220502:0011,0.0,0.0,0.0,5.27,3.17,0.0
20220502:0111,0.0,0.0,0.0,5.19,3.31,0.0
20220502:0211,0.0,0.0,0.0,5.25,3.38,0.0
20220502:0311,0.0,0.83,1.85,5.15,3.38,0.0
20220502:0411,14.34,28.94,8.98,5.38,3.24,0.0
20220502:0511,70.5,98.14,16.54,6.33,3.03,0.0
20220502:0611,279.89,340.75,24.18,7.84,3.45,0.0
20220502:0711,530.81,627.68,31.47,9.67,4.07,0.0
20220502:0811,681.66,811.61,37.91,11.11,4.9,0.0
20220502:0911,793.5,954.44,42.88,12.04,5.66,0.0
20220502:1011,759.95,915.45,45.71,12.94,6.0,0.0
20220502:1111,654.76,785.7,45.87,13.76,6.14,0.0
20220502:1211,584.36,700.55,43.35,14.41,6.07,0.0
20220502:1311,125.13,164.06,38.59,14.91,6.14,0.0
20220502:1411,84.37,116.55,32.29,14.69,5.79,0.0
20220502:1511,129.64,169.36,25.07,14.35,4.83,0.0
20220502:1611,60.48,88.45,17.46,14.06,4.21,0.0
20220502:1711,6.01,17.36,9.86,13.44,4.0,0.0
20220502:1811,0.0,1.65,2.66,12.58,4.28,0.0
20220502:1911,0.0,0.0,0.0,11.16,3.38,0.0
20220502:2011,0.0,0.0,0.0,10.38,3.38,0.0
20220502:2111,0.0,0.0,0.0,9.9,3.45,0.0
20220502:2211,0.0,0.0,0.0,9.22,3.59,0.0
20220502:2311,0.0,0.0,0.0,8.36,3.79,0.0
20220503:0011,0.0,0.0,0.0,7.45,3.93,0.0
20220503:0111,0.0,0.0,0.0,6.58,3.86,0.0
20220503:0211,0.0,0.0,0.0,5.84,3.86,0.0
20220503:0311,0.0,0.83,2.12,5.19,3.93,0.0
20220503:0411,20.02,36.38,9.25,4.88,4.07,0.0
20220503:0511,122.36,188.96,16.81,5.03,4.48,0.0
20220503:0611,342.6,410.11,24.45,5.43,4.97,0.0
20220503:0711,549.4,636.15,31.74,6.01,4.83,0.0
20220503:0811,712.83,836.58,38.19,6.94,4.48,0.0
20220503:0911,821.3,980.38,43.18,7.98,4.55,0.0
20220503:1011,876.47,1059.61,46.0,9.04,4.62,0.0
20220503:1111,870.14,1063.39,46.16,9.84,4.0,0.0
20220503:1211,811.97,999.34,43.62,10.29,2.97,0.0
20220503:1311,645.22,784.69,38.86,10.21,2.14,0.0
20220503:1411,512.76,619.18,32.54,10.14,1.72,0.0
20220503:1511,308.16,378.89,25.31,9.75,1.52,0.0
20220503:1611,138.98,203.29,17.69,9.19,1.52,0.0
20220503:1711,34.64,55.4,10.1,8.27,1.66,0.0
20220503:1811,0.0,4.96,2.91,7.07,2.07,0.0
20220503:1911,0.0,0.0,0.0,6.38,1.31,0.0
20220503:2011,0.0,0.0,0.0,5.53,1.31,0.0
20220503:2111,0.0,0.0,0.0,4.91,1.38,0.0
20220503:2211,0.0,0.0,0.0,4.26,1.38,0.0
20220503:2311,0.0,0.0,0.0,3.9,1.59,0.0
20220504:0011,0.0,0.0,0.0,3.82,2.21,0.0
20220504:0111,0.0,0.0,0.0,3.35,2.41,0.0
20220504:0211,0.0,0.0,0.0,2.87,2.55,0.0
20220504:0311,0.0,0.83,2.39,2.5,2.62,0.0
20220504:0411,24.14,41.34,9.51,2.71,2.41,0.0
20220504:0511,121.53,176.84,17.07,3.82,2.14,0.0
20220504:0611,313.54,379.76,24.71,5.33,1.86,0.0
20220504:0711,518.08,623.35,32.01,6.94,0.83,0.0
20220504:0811,673.59,825.25,38.47,7.93,1.1,0.0
20220504:0911,728.57,892.43,43.46,8.39,1.86,0.0
20220504:1011,753.52,920.53,46.3,9.11,2.62,0.0
20220504:1111,697.24,842.53,46.45,9.62,3.17,0.0
20220504:1211,769.18,932.38,43.9,10.01,3.59,0.0
20220504:1311,672.03,797.98,39.11,9.55,4.28,0.0
20220504:1411,461.04,541.65,32.78,9.21,4.62,0.0
20220504:1511,280.5,338.88,25.55,8.6,4.48,0.0
20220504:1611,68.26,95.43,17.93,7.8,4.14,0.0
20220504:1711,12.42,26.46,10.34,7.11,3.93,0.0
20220504:1811,0.0,2.48,3.16,6.61,4.41,0.0
20220504:1911,0.0,0.0,0.0,6.17,4.48,0.0
20220504:2011,0.0,0.0,0.0,6.11,4.83,0.0
20220504:2111,0.0,0.0,0.0,6.24,5.03,0.0
20220504:2211,0.0,0.0,0.0,6.33,5.17,0.0
20220504:2311,0.0,0.0,0.0,6.19,5.1,0.0
20220505:0011,0.0,0.0,0.0,5.81,5.1,0.0
20220505:0111,0.0,0.0,0.0,5.79,4.97,0.0
20220505:0211,0.0,0.0,0.0,5.92,4.69,0.0
20220505:0311,0.0,1.65,2.66,5.89,4.28,0.0
20220505:0411,1.53,9.1,9.77,5.93,3.93,0.0
20220505:0511,48.64,71.72,17.33,6.57,3.38,0.0
20220505:0611,266.17,323.67,24.96,7.8,3.52,0.0
20220505:0711,489.31,578.46,32.27,9.22,3.59,0.0
20220505:0811,654.69,782.09,38.74,10.49,3.86,0.0
20220505:0911,766.56,930.2,43.75,11.49,4.07,0.0
20220505:1011,819.82,1003.91,46.58,12.2,4.28,0.0
20220505:1111,822.28,1007.58,46.74,12.54,4.41,0.0
20220505:1211,795.64,970.23,44.17,12.49,4.41,0.0
20220505:1311,689.17,831.05,39.37,12.51,4.28,0.0
20220505:1411,541.51,648.47,33.02,12.63,4.21,0.0
20220505:1511,356.04,437.87,25.78,12.41,4.07,0.0
20220505:1611,138.89,208.05,18.16,12.22,3.86,0.0
20220505:1711,23.68,42.17,10.57,11.9,3.79,0.0
20220505:1811,1.07,8.27,3.4,11.28,3.38,0.0
20220505:1911,0.0,0.0,0.0,11.01,3.38,0.0
20220505:2011,0.0,0.0,0.0,10.76,3.1,0.0
20220505:2111,0.0,0.0,0.0,10.14,2.76,0.0
20220505:2211,0.0,0.0,0.0,9.38,2.62,0.0
20220505:2311,0.0,0.0,0.0,8.87,2.69,0.0
20220506:0011,0.0,0.0,0.0,8.23,2.69,0.0
20220506:0111,0.0,0.0,0.0,7.77,2.62,0.0
20220506:0211,0.0,0.0,0.0,7.24,2.62,0.0
20220506:0311,0.0,1.65,2.92,6.91,2.48,0.0
20220506:0411,6.24,17.36,10.02,7.18,2.21,0.0
20220506:0511,120.89,184.69,17.58,8.24,2.14,0.0
20220506:0611,295.92,364.02,25.21,9.31,2.21,0.0
20220506:0711,488.98,587.59,32.53,10.64,2.34,0.0
20220506:0811,658.74,803.91,39.01,11.91,2.55,0.0
20220506:0911,754.59,936.14,44.02,12.88,2.76,0.0
20220506:1011,805.37,1009.68,46.87,13.75,2.97,0.0
20220506:1111,655.83,809.27,47.02,14.45,3.1,0.0
20220506:1211,544.9,662.78,44.44,14.6,3.66,0.0
20220506:1311,606.59,735.01,39.62,14.29,4.14,0.0
20220506:1411,539.23,649.73,33.26,14.17,4.41,0.0
20220506:1511,352.19,435.03,26.01,13.75,4.48,0.0
20220506:1611,140.44,210.97,18.39,13.28,4.41,0.0
20220506:1711,24.9,43.82,10.8,12.35,4.28,0.0
20220506:1811,1.86,9.92,3.64,11.26,4.41,0.0
20220506:1911,0.0,0.0,0.0,10.21,4.07,0.0
20220506:2011,0.0,0.0,0.0,9.75,3.93,0.0
20220506:2111,0.0,0.0,0.0,9.67,3.72,0.0
20220506:2211,0.0,0.0,0.0,9.82,3.72,0.0
20220506:2311,0.0,0.0,0.0,10.01,3.93,0.0
20220507:0011,0.0,0.0,0.0,10.01,3.86,0.0
20220507:0111,0.0,0.0,0.0,10.03,3.86,0.0
20220507:0211,0.0,0.0,0.0,10.07,4.0,0.0
20220507:0311,0.0,1.65,3.17,10.11,3.93,0.0
20220507:0411,1.47,9.1,10.27,10.26,4.07,0.0
20220507:0511,17.72,34.07,17.82,10.4,4.21,0.0
20220507:0611,31.65,52.0,25.46,10.21,4.14,0.0
20220507:0711,186.55,230.51,32.78,10.18,4.14,0.0
20220507:0811,140.04,178.05,39.27,10.3,4.69,0.0
20220507:0911,146.22,185.58,44.29,10.75,4.28,0.0
20220507:1011,77.02,106.69,47.15,11.51,3.66,0.0
20220507:1111,106.84,139.86,47.29,9.67,5.31,0.0
20220507:1211,116.66,149.72,44.7,7.64,5.38,0.0
20220507:1311,338.71,399.49,39.87,7.97,3.86,0.0
20220507:1411,372.0,441.57,33.5,9.13,3.03,0.0
20220507:1511,271.42,332.51,26.24,10.04,2.62,0.0
20220507:1611,130.32,181.53,18.61,10.39,1.86,0.0
20220507:1711,21.95,39.69,11.03,10.1,1.03,0.0
20220507:1811,0.0,2.48,3.87,8.73,2.14,0.0
20220507:1911,0.0,0.0,0.0,8.04,1.93,0.0
20220507:2011,0.0,0.0,0.0,7.16,1.79,0.0
20220507:2111,0.0,0.0,0.0,6.58,1.24,0.0
20220507:2211,0.0,0.0,0.0,5.8,1.03,0.0
20220507:2311,0.0,0.0,0.0,5.22,1.1,0.0
20220508:0011,0.0,0.0,0.0,5.08,1.59,0.0
20220508:0111,0.0,0.0,0.0,5.23,2.0,0.0
20220508:0211,0.0,0.0,0.0,5.0,2.21,0.0
20220508:0311,0.0,2.48,3.42,4.71,2.48,0.0
20220508:0411,35.96,56.23,10.51,4.77,2.34,0.0
20220508:0511,129.64,195.71,18.06,5.5,2.0,0.0
20220508:0611,348.25,424.17,25.7,6.42,1.86,0.0
20220508:0711,544.03,650.68,33.03,7.26,1.59,0.0
20220508:0811,697.87,846.55,39.53,8.84,2.21,0.0
20220508:0911,796.81,983.89,44.56,9.98,2.48,0.0
20220508:1011,843.55,1048.63,47.42,10.83,2.9,0.0
20220508:1111,772.8,955.89,47.56,11.27,2.76,0.0
20220508:1211,687.01,846.73,44.96,11.67,2.28,0.0
20220508:1311,630.96,772.05,40.11,11.33,2.0,0.0
20220508:1411,456.82,548.02,33.73,11.07,2.69,0.0
20220508:1511,356.87,432.79,26.46,9.56,3.93,0.0
20220508:1611,148.91,218.42,18.83,8.17,3.79,0.0
20220508:1711,24.92,43.0,11.26,7.09,3.45,0.0
20220508:1811,4.24,14.06,4.1,6.27,2.83,0.0
20220508:1911,0.0,0.0,0.0,6.24,3.03,0.0
20220508:2011,0.0,0.0,0.0,5.7,2.97,0.0
20220508:2111,0.0,0.0,0.0,5.45,2.97,0.0
20220508:2211,0.0,0.0,0.0,5.35,3.24,0.0
20220508:2311,0.0,0.0,0.0,5.27,3.38,0.0
20220509:0011,0.0,0.0,0.0,5.21,3.52,0.0
20220509:0111,0.0,0.0,0.0,5.16,3.59,0.0
20220509:0211,0.0,0.0,0.0,5.13,3.59,0.0
20220509:0311,0.0,2.48,3.66,5.11,3.45,0.0
20220509:0411,35.15,55.4,10.75,5.66,3.38,0.0
20220509:0511,128.57,189.65,18.29,6.97,3.38,0.0
20220509:0611,305.48,371.11,25.94,8.46,3.72,0.0
20220509:0711,327.82,390.1,33.27,9.31,3.59,0.0
20220509:0811,539.17,641.83,39.78,10.57,3.66,0.0
20220509:0911,593.27,711.73,44.82,11.51,3.86,0.0
20220509:1011,811.13,990.64,47.69,12.16,4.48,0.0
20220509:1111,861.32,1055.23,47.83,12.54,4.9,0.0
20220509:1211,796.26,966.78,45.22,12.95,5.17,0.0
20220509:1311,698.56,839.13,40.35,13.16,5.31,0.0
20220509:1411,544.67,648.95,33.96,13.09,5.52,0.0
20220509:1511,358.05,437.82,26.68,12.55,5.52,0.0
20220509:1611,144.26,211.64,19.05,11.69,5.24,0.0
20220509:1711,27.05,46.3,11.48,10.73,4.97,0.0
20220509:1811,4.14,14.06,4.33,9.71,4.83,0.0
20220509:1911,0.0,0.0,0.0,8.68,4.34,0.0
20220509:2011,0.0,0.0,0.0,8.16,4.14,0.0
20220509:2111,0.0,0.0,0.0,7.88,3.86,0.0
20220509:2211,0.0,0.0,0.0,7.74,3.66,0.0
20220509:2311,0.0,0.0,0.0,7.7,3.72,0.0
20220510:0011,0.0,0.0,0.0,7.86,3.93,0.0
20220510:0111,0.0,0.0,0.0,8.14,4.07,0.0
20220510:0211,0.0,0.0,0.0,8.2,4.48,0.0
20220510:0311,0.0,2.48,3.9,8.18,4.9,0.0
20220510:0411,17.17,33.07,10.98,8.32,5.1,0.0
20220510:0511,76.37,105.36,18.52,8.61,4.83,0.0
20220510:0611,125.72,161.05,26.17,9.1,5.45,0.0
20220510:0711,435.13,510.67,33.5,9.28,5.17,0.0
20220510:0811,340.87,403.58,40.02,10.01,5.38,0.0
20220510:0911,237.88,288.35,45.08,10.47,5.52,0.0
20220510:1011,381.08,451.87,47.95,11.03,5.79,0.0
20220510:1111,477.82,565.47,48.09,11.66,6.0,0.0
20220510:1211,577.5,683.31,45.47,11.79,6.21,0.0
20220510:1311,372.68,442.35,40.59,12.05,6.55,0.0
20220510:1411,161.83,203.85,34.18,12.4,6.83,0.0
20220510:1511,64.88,92.34,26.9,11.67,6.48,0.0
20220510:1611,24.53,43.03,19.27,10.64,5.86,0.0
20220510:1711,2.3,10.75,11.7,10.24,6.14,0.0
20220510:1811,0.37,6.61,4.56,10.16,6.07,0.0
20220510:1911,0.0,0.0,0.0,9.27,5.79,0.0
20220510:2011,0.0,0.0,0.0,9.19,5.93,0.0
20220510:2111,0.0,0.0,0.0,8.83,5.93,0.0
20220510:2211,0.0,0.0,0.0,8.92,5.86,0.0
20220510:2311,0.0,0.0,0.0,9.47,5.45,0.0
20220511:0011,0.0,0.0,0.0,9.56,5.24,0.0
20220511:0111,0.0,0.0,0.0,9.57,4.97,0.0
20220511:0211,0.0,0.0,0.0,9.53,4.34,0.0
20220511:0311,0.0,2.48,4.13,9.54,4.21,0.0
20220511:0411,2.32,10.75,11.21,9.22,4.69,0.0
20220511:0511,53.39,78.0,18.75,9.05,4.76,0.0
20220511:0611,117.96,152.38,26.39,9.54,6.28,0.0
20220511:0711,287.33,343.94,33.73,10.87,5.86,0.0
20220511:0811,383.19,455.92,40.26,12.09,5.52,0.0
20220511:0911,655.2,788.06,45.33,13.44,5.31,0.0
20220511:1011,613.95,740.33,48.21,14.24,5.38,0.0
20220511:1111,724.82,878.41,48.35,14.35,5.79,0.0
20220511:1211,633.94,762.74,45.71,14.32,5.79,0.0
20220511:1311,294.26,358.04,40.82,14.6,5.59,0.0
20220511:1411,353.89,427.91,34.41,14.42,4.69,0.0
20220511:1511,241.68,300.99,27.12,14.1,4.07,0.0
20220511:1611,137.98,194.94,19.48,13.46,3.93,0.0
20220511:1711,5.54,16.54,11.92,12.37,4.07,0.0
20220511:1811,2.28,10.75,4.78,11.44,3.79,0.0
20220511:1911,0.0,0.0,0.0,9.56,3.45,0.0
20220511:2011,0.0,0.0,0.0,9.45,3.72,0.0
20220511:2111,0.0,0.0,0.0,9.48,4.34,0.0
20220511:2211,0.0,0.0,0.0,9.33,4.07,0.0
20220511:2311,0.0,0.0,0.0,8.88,3.45,0.0
20220512:0011,0.0,0.0,0.0,8.52,3.66,0.0
20220512:0111,0.0,0.0,0.0,8.37,3.79,0.0
20220512:0211,0.0,0.0,0.0,8.44,3.45,0.0
20220512:0311,0.0,3.31,4.36,8.28,3.66,0.0
20220512:0411,2.33,10.75,11.43,8.42,3.79,0.0
20220512:0511,31.89,52.0,18.96,8.67,4.07,0.0
20220512:0611,311.8,377.55,26.61,9.29,5.59,0.0
20220512:0711,141.11,178.68,33.95,9.89,5.66,0.0
20220512:0811,386.84,458.32,40.49,11.26,5.66,0.0
20220512:0911,210.6,259.77,45.57,12.41,5.79,0.0
20220512:1011,207.63,257.78,48.46,13.59,5.79,0.0
20220512:1111,573.54,689.72,48.6,14.68,6.0,0.0
20220512:1211,475.03,571.06,45.96,15.33,6.28,0.0
20220512:1311,339.9,412.28,41.05,15.9,6.48,0.0
20220512:1411,502.25,604.49,34.62,16.07,6.41,0.0
20220512:1511,314.48,389.63,27.33,15.78,6.07,0.0
20220512:1611,146.56,218.54,19.69,14.9,5.1,0.0
20220512:1711,34.99,57.05,12.13,14.34,5.03,0.0
20220512:1811,5.5,16.54,5.0,13.51,5.17,0.0
20220512:1911,0.0,0.0,0.0,12.29,4.83,0.0
20220512:2011,0.0,0.0,0.0,11.34,4.9,0.0
20220512:2111,0.0,0.0,0.0,10.55,4.97,0.0
20220512:2211,0.0,0.0,0.0,9.92,4.9,0.0
20220512:2311,0.0,0.0,0.0,9.41,4.62,0.0
20220513:0011,0.0,0.0,0.0,8.92,4.34,0.0
20220513:0111,0.0,0.0,0.0,8.53,4.14,0.0
20220513:0211,0.0,0.0,0.0,8.23,4.0,0.0
20220513:0311,0.0,3.31,4.58,7.98,3.86,0.0
20220513:0411,44.96,67.8,11.64,8.22,3.79,0.0
20220513:0511,122.96,167.56,19.18,8.89,3.79,0.0
20220513:0611,340.85,416.58,26.82,9.77,3.79,0.0
20220513:0711,537.94,643.5,34.17,11.23,3.52,0.0
20220513:0811,667.57,808.97,40.72,12.54,3.59,0.0
20220513:0911,661.29,806.2,45.81,13.44,3.72,0.0
20220513:1011,689.71,845.55,48.71,14.11,3.93,0.0
20220513:1111,535.51,648.39,48.85,14.14,4.14,0.0
20220513:1211,206.87,258.24,46.19,14.24,4.55,0.0
20220513:1311,90.58,123.72,41.28,14.22,4.48,0.0
20220513:1411,105.88,141.65,34.84,14.33,4.34,0.0
20220513:1511,224.97,281.26,27.54,14.5,4.41,0.0
20220513:1611,84.24,117.02,19.9,13.93,4.07,0.0
20220513:1711,47.91,72.76,12.34,13.37,4.41,0.0
20220513:1811,4.06,14.06,5.22,12.73,3.79,0.0
20220513:1911,0.0,0.0,0.0,11.56,3.72,0.0
20220513:2011,0.0,0.0,0.0,10.83,3.66,0.0
20220513:2111,0.0,0.0,0.0,10.17,3.72,0.0
20220513:2211,0.0,0.0,0.0,9.76,3.86,0.0
20220513:2311,0.0,0.0,0.0,9.65,4.0,0.0
20220514:0011,0.0,0.0,0.0,9.4,3.93,0.0
20220514:0111,0.0,0.0,0.0,9.2,3.59,0.0
20220514:0211,0.0,0.0,0.0,8.89,3.45,0.0
20220514:0311,0.0,3.31,4.8,8.41,3.52,0.0
20220514:0411,3.7,13.23,11.85,8.16,3.38,0.0
20220514:0511,58.04,83.38,19.38,8.57,3.72,0.0
20220514:0611,183.32,227.33,27.03,8.96,3.52,0.0
20220514:0711,287.44,346.29,34.39,10.29,3.03,0.0
20220514:0811,357.07,427.82,40.94,11.57,3.72,0.0
20220514:0911,453.7,544.95,46.05,12.66,3.79,0.0
20220514:1011,716.33,880.11,48.95,13.39,3.59,0.0
20220514:1111,752.42,931.36,49.09,14.22,3.66,0.0
20220514:1211,672.4,826.27,46.43,14.69,3.66,0.0
20220514:1311,127.68,167.65,41.5,15.07,3.72,0.0
20220514:1411,267.02,328.99,35.05,15.25,4.0,0.0
20220514:1511,42.28,66.34,27.75,15.09,4.07,0.0
20220514:1611,91.39,125.28,20.11,12.87,3.72,0.0
20220514:1711,29.52,49.61,12.55,11.46,2.76,0.0
20220514:1811,1.08,8.27,5.43,10.74,1.03,0.0
20220514:1911,0.0,0.0,0.0,9.18,1.1,0.0
20220514:2011,0.0,0.0,0.0,8.35,1.86,0.0
20220514:2111,0.0,0.0,0.0,7.95,2.21,0.0
20220514:2211,0.0,0.0,0.0,7.8,2.48,0.0
20220514:2311,0.0,0.0,0.0,7.74,2.62,0.0
20220515:0011,0.0,0.0,0.0,7.68,2.55,0.0
20220515:0111,0.0,0.0,0.0,7.68,2.28,0.0
20220515:0211,0.0,0.0,0.0,7.64,2.34,0.0
20220515:0311,0.0,3.31,5.01,7.43,2.69,0.0
20220515:0411,44.3,66.97,12.05,7.92,2.83,0.0
20220515:0511,137.06,208.54,19.58,9.03,2.62,0.0
20220515:0611,351.49,432.14,27.23,10.08,2.83,0.0
20220515:0711,539.86,650.86,34.59,10.25,2.14,0.0
20220515:0811,680.43,837.87,41.16,11.56,2.0,0.0
20220515:0911,785.61,982.83,46.27,12.73,2.48,0.0
20220515:1011,808.1,1011.73,49.19,13.69,3.1,0.0
20220515:1111,789.98,993.29,49.33,13.94,2.76,0.0
20220515:1211,455.11,554.29,46.66,13.78,2.62,0.0
20220515:1311,578.43,708.59,41.72,13.95,2.62,0.0
20220515:1411,510.48,621.2,35.26,14.26,3.03,0.0
20220515:1511,340.85,423.81,27.95,14.2,2.97,0.0
20220515:1611,133.82,183.66,20.31,13.92,2.41,0.0
20220515:1711,46.39,71.11,12.75,13.54,1.79,0.0
20220515:1811,10.35,23.98,5.64,12.36,1.03,0.0
20220515:1911,0.0,0.0,0.0,11.13,1.59,0.0
20220515:2011,0.0,0.0,0.0,9.89,1.24,0.0
20220515:2111,0.0,0.0,0.0,8.86,1.03,0.0
20220515:2211,0.0,0.0,0.0,8.76,1.24,0.0
20220515:2311,0.0,0.0,0.0,8.46,1.72,0.0
20220516:0011,0.0,0.0,0.0,7.91,2.41,0.0
20220516:0111,0.0,0.0,0.0,7.56,3.24,0.0
20220516:0211,0.0,0.0,0.0,7.11,3.66,0.0
20220516:0311,9.55,22.32,5.21,6.6,3.52,0.0
20220516:0411,26.94,45.48,12.25,6.65,2.97,0.0
20220516:0511,141.57,212.54,19.78,7.08,3.79,0.0
20220516:0611,361.41,437.06,27.43,7.66,3.79,0.0
20220516:0711,552.02,652.51,34.79,8.1,3.24,0.0
20220516:0811,708.07,847.67,41.37,9.3,3.59,0.0
20220516:0911,811.87,988.3,46.5,10.64,3.93,0.0
20220516:1011,856.48,1063.78,49.42,11.47,3.31,0.0
20220516:1111,781.89,974.54,49.56,12.23,2.69,0.0
20220516:1211,600.5,737.18,46.88,12.22,2.07,0.0
20220516:1311,292.1,357.05,41.93,11.97,1.66,0.0
20220516:1411,184.51,232.02,35.46,11.96,1.31,0.0
20220516:1511,322.33,401.72,28.15,11.79,0.76,0.0
20220516:1611,151.55,213.37,20.51,11.24,0.83,0.0
20220516:1711,51.91,76.9,12.95,10.48,1.59,0.0
20220516:1811,14.03,28.94,5.85,9.43,2.21,0.0
20220516:1911,0.0,0.0,0.0,8.58,1.1,0.0
20220516:2011,0.0,0.0,0.0,7.64,0.76,0.0
20220516:2111,0.0,0.0,0.0,7.86,0.34,0.0
20220516:2211,0.0,0.0,0.0,7.24,0.97,0.0
20220516:2311,0.0,0.0,0.0,7.12,1.45,0.0
20220517:0011,0.0,0.0,0.0,7.15,1.86,0.0
20220517:0111,0.0,0.0,0.0,6.75,2.41,0.0
20220517:0211,0.0,0.0,0.0,6.4,2.83,0.0
20220517:0311,10.74,23.98,5.41,5.91,3.31,0.0
20220517:0411,32.38,52.09,12.44,5.98,3.38,0.0
20220517:0511,142.81,213.57,19.97,6.49,3.66,0.0
20220517:0611,361.67,438.02,27.61,7.52,3.31,0.0
20220517:0711,548.25,649.68,34.99,8.19,2.97,0.0
20220517:0811,390.41,462.98,41.57,9.22,3.31,0.0
20220517:0911,510.15,606.94,46.71,9.94,3.52,0.0
20220517:1011,520.52,621.97,49.65,10.22,3.31,0.0
20220517:1111,514.18,616.99,49.79,10.71,3.03,0.0
20220517:1211,619.86,752.15,47.1,11.14,2.76,0.0
20220517:1311,666.01,813.63,42.14,11.51,2.48,0.0
20220517:1411,534.68,648.36,35.66,11.55,2.14,0.0
20220517:1511,363.62,449.22,28.34,11.29,1.86,0.0
20220517:1611,159.6,234.77,20.7,10.62,1.86,0.0
20220517:1711,29.11,48.78,13.15,9.66,1.86,0.0
20220517:1811,11.15,24.81,6.05,8.56,1.59,0.0
20220517:1911,0.0,0.0,0.0,7.4,1.31,0.0
20220517:2011,0.0,0.0,0.0,6.46,1.66,0.0
20220517:2111,0.0,0.0,0.0,5.84,2.28,0.0
20220517:2211,0.0,0.0,0.0,5.38,2.76,0.0
20220517:2311,0.0,0.0,0.0,5.13,3.03,0.0
20220518:0011,0.0,0.0,0.0,5.05,3.31,0.0
20220518:0111,0.0,0.0,0.0,5.08,3.38,0.0
20220518:0211,0.0,0.0,0.0,5.19,3.38,0.0
20220518:0311,10.19,23.15,5.6,5.39,3.24,0.0
20220518:0411,30.99,50.44,12.63,6.21,3.03,0.0
20220518:0511,141.81,213.08,20.15,7.75,3.03,0.0
20220518:0611,352.97,432.38,27.8,9.7,3.03,0.0
20220518:0711,537.37,648.36,35.18,11.78,2.83,0.0
20220518:0811,685.55,840.07,41.77,13.46,3.17,0.0
20220518:0911,785.53,978.84,46.92,14.6,3.45,0.0
20220518:1011,841.58,1059.86,49.87,15.53,3.72,0.0
20220518:1111,851.07,1075.35,50.01,16.4,3.93,0.0
20220518:1211,805.94,1012.41,47.32,17.17,4.14,0.0
20220518:1311,706.04,875.14,42.35,17.71,4.41,0.0
20220518:1411,509.99,624.99,35.86,17.94,4.62,0.0
20220518:1511,259.16,326.3,28.53,17.67,4.62,0.0
20220518:1611,147.18,206.99,20.89,16.82,4.55,0.0
20220518:1711,17.68,34.73,13.34,15.89,4.62,0.0
20220518:1811,0.0,4.96,6.25,14.71,4.0,0.0
20220518:1911,0.0,0.0,0.0,13.63,4.0,0.0
20220518:2011,0.0,0.0,0.0,13.13,3.66,0.0
20220518:2111,0.0,0.0,0.0,12.92,3.31,0.0
20220518:2211,0.0,0.0,0.0,12.39,3.17,0.0
20220518:2311,0.0,0.0,0.0,11.87,3.24,0.0
20220519:0011,0.0,0.0,0.0,11.65,3.45,0.0
20220519:0111,0.0,0.0,0.0,11.63,3.52,0.0
20220519:0211,0.0,0.0,0.0,11.7,3.72,0.0
20220519:0311,0.0,4.13,5.79,11.44,3.79,0.0
20220519:0411,47.62,71.94,12.81,11.59,3.72,0.0
20220519:0511,137.17,200.71,20.33,12.24,3.59,0.0
20220519:0611,307.7,382.04,27.98,13.24,3.31,0.0
20220519:0711,479.06,589.39,35.36,15.26,2.21,0.0
20220519:0811,597.14,747.66,41.96,16.79,2.07,0.0
20220519:0911,695.0,895.94,47.13,17.92,1.59,0.0
20220519:1011,774.14,1031.21,50.08,18.87,1.1,0.0
20220519:1111,784.74,1034.78,50.22,19.06,1.66,0.0
20220519:1211,663.9,852.66,47.53,19.32,2.0,0.0
20220519:1311,580.27,729.23,42.55,19.03,2.62,0.0
20220519:1411,185.7,238.84,36.05,18.4,2.9,0.0
20220519:1511,179.69,231.97,28.72,17.56,2.55,0.0
20220519:1611,133.69,183.87,21.08,15.74,2.28,0.0
20220519:1711,35.59,57.88,13.53,14.24,2.21,0.0
20220519:1811,10.33,23.98,6.45,12.77,2.07,0.0
20220519:1911,0.0,0.0,0.0,11.47,2.55,0.0
20220519:2011,0.0,0.0,0.0,10.56,2.83,0.0
20220519:2111,0.0,0.0,0.0,10.22,2.07,0.0
20220519:2211,0.0,0.0,0.0,10.08,2.0,0.0
20220519:2311,0.0,0.0,0.0,10.01,2.21,0.0
20220520:0011,0.0,0.0,0.0,9.89,2.28,0.0
20220520:0111,0.0,0.0,0.0,9.69,2.28,0.0
20220520:0211,0.0,0.0,0.0,9.47,2.28,0.0
20220520:0311,0.0,4.13,5.97,8.9,2.28,0.0
20220520:0411,3.23,12.4,12.99,8.54,2.41,0.0
20220520:0511,33.36,53.79,20.5,8.44,2.97,0.0
20220520:0611,48.93,72.62,28.15,8.49,3.31,0.0
20220520:0711,57.19,82.48,35.54,8.7,2.83,0.0
20220520:0811,136.81,173.93,42.15,8.93,2.9,0.0
20220520:0911,117.24,151.51,47.32,9.01,3.86,0.0
20220520:1011,114.95,148.82,50.29,8.93,4.07,0.0
20220520:1111,108.69,141.65,50.44,8.82,4.07,0.0
20220520:1211,127.64,163.17,47.73,8.95,4.28,0.0
20220520:1311,102.25,134.48,42.74,9.09,4.14,0.0
20220520:1411,155.84,195.08,36.24,9.11,4.14,0.0
20220520:1511,275.31,332.82,28.91,8.83,4.0,0.0
20220520:1611,89.67,120.69,21.26,8.88,3.72,0.0
20220520:1711,54.62,79.38,13.72,8.61,3.86,0.0
20220520:1811,14.12,28.94,6.64,8.4,4.07,0.0
20220520:1911,0.0,0.0,0.0,8.03,3.31,0.0
20220520:2011,0.0,0.0,0.0,7.31,2.69,0.0
20220520:2111,0.0,0.0,0.0,6.85,2.97,0.0
20220520:2211,0.0,0.0,0.0,6.65,3.17,0.0
20220520:2311,0.0,0.0,0.0,6.58,2.97,0.0
20220521:0011,0.0,0.0,0.0,6.49,3.1,0.0
20220521:0111,0.0,0.0,0.0,6.5,3.17,0.0
20220521:0211,0.0,0.0,0.0,6.65,3.24,0.0
20220521:0311,0.0,4.96,6.14,6.78,3.45,0.0
20220521:0411,3.73,13.23,13.15,7.19,3.72,0.0
20220521:0511,45.36,68.14,20.66,7.81,4.34,0.0
20220521:0611,33.38,53.79,28.31,8.53,4.62,0.0
20220521:0711,104.76,137.17,35.71,8.91,4.55,0.0
20220521:0811,85.07,114.76,42.33,9.03,4.83,0.0
20220521:0911,343.6,407.17,47.52,9.36,4.83,0.0
20220521:1011,273.99,328.96,50.49,9.69,4.83,0.0
20220521:1111,416.96,493.27,50.64,10.12,4.97,0.0
20220521:1211,389.0,461.75,47.93,10.64,4.9,0.0
20220521:1311,459.95,544.39,42.94,10.97,4.97,0.0
20220521:1411,282.27,339.63,36.43,11.11,4.9,0.0
20220521:1511,202.29,250.32,29.09,11.09,4.55,0.0
20220521:1611,116.81,154.94,21.44,10.96,4.0,0.0
20220521:1711,54.01,79.38,13.9,10.85,3.52,0.0
20220521:1811,6.12,17.36,6.82,10.45,3.31,0.0
20220521:1911,0.0,0.0,0.0,10.08,2.97,0.0
20220521:2011,0.0,0.0,0.0,9.32,3.17,0.0
20220521:2111,0.0,0.0,0.0,8.83,3.1,0.0
20220521:2211,0.0,0.0,0.0,8.43,2.97,0.0
20220521:2311,0.0,0.0,0.0,8.16,2.76,0.0
20220522:0011,0.0,0.0,0.0,7.96,2.55,0.0
20220522:0111,0.0,0.0,0.0,7.78,2.41,0.0
20220522:0211,0.0,0.0,0.0,7.64,2.28,0.0
20220522:0311,0.0,4.96,6.31,7.63,2.07,0.0
20220522:0411,15.96,31.42,13.32,7.79,1.66,0.0
20220522:0511,118.88,157.9,20.82,8.34,1.38,0.0
20220522:0611,91.59,122.82,28.47,9.19,1.52,0.0
20220522:0711,202.24,249.67,35.87,9.94,2.0,0.0
20220522:0811,332.79,401.04,42.5,10.34,2.07,0.0
20220522:0911,492.95,595.99,47.7,10.94,2.07,0.0
20220522:1011,633.13,775.93,50.69,10.81,2.0,0.0
20220522:1111,703.7,871.32,50.84,11.24,2.07,0.0
20220522:1211,679.28,835.93,48.13,11.73,2.34,0.0
20220522:1311,667.51,815.92,43.12,11.84,2.55,0.0
20220522:1411,548.23,661.66,36.61,11.63,2.69,0.0
20220522:1511,379.63,465.53,29.26,10.93,2.69,0.0
20220522:1611,163.18,236.28,21.62,10.48,2.48,0.0
20220522:1711,31.73,52.09,14.08,9.81,2.07,0.0
20220522:1811,14.65,29.77,7.01,9.06,1.59,0.0
20220522:1911,0.0,0.0,0.0,8.16,1.45,0.0
20220522:2011,0.0,0.0,0.0,7.34,1.38,0.0
20220522:2111,0.0,0.0,0.0,6.91,1.24,0.0
20220522:2211,0.0,0.0,0.0,6.15,1.1,0.0
20220522:2311,0.0,0.0,0.0,5.81,1.03,0.0
20220523:0011,0.0,0.0,0.0,5.2,1.31,0.0
20220523:0111,0.0,0.0,0.0,5.41,1.93,0.0
20220523:0211,0.0,0.0,0.0,5.87,2.14,0.0
20220523:0311,16.76,32.25,6.47,5.76,2.07,0.0
20220523:0411,38.38,59.53,13.47,6.39,1.72,0.0
20220523:0511,144.61,215.01,20.97,8.13,1.45,0.0
20220523:0611,350.02,432.57,28.63,9.7,1.52,0.0
20220523:0711,526.64,640.64,36.03,10.79,1.52,0.0
20220523:0811,677.12,838.22,42.67,11.79,1.72,0.0
20220523:0911,775.23,974.91,47.88,12.64,2.07,0.0
20220523:1011,827.66,1048.41,50.88,13.23,2.41,0.0
20220523:1111,842.88,1065.08,51.04,13.63,2.83,0.0
20220523:1211,799.09,997.15,48.32,13.78,3.17,0.0
20220523:1311,711.22,873.31,43.31,13.74,3.38,0.0
20220523:1411,560.97,679.6,36.78,13.43,3.38,0.0
20220523:1511,376.56,464.29,29.44,13.0,3.38,0.0
20220523:1611,163.9,237.55,21.79,12.39,3.38,0.0
20220523:1711,56.62,82.69,14.25,11.4,3.24,0.0
20220523:1811,15.15,30.59,7.19,10.45,3.03,0.0
20220523:1911,0.0,0.0,0.0,9.31,2.76,0.0
20220523:2011,0.0,0.0,0.0,8.45,2.69,0.0
20220523:2111,0.0,0.0,0.0,8.09,2.76,0.0
20220523:2211,0.0,0.0,0.0,7.91,2.76,0.0
20220523:2311,0.0,0.0,0.0,7.76,2.55,0.0
20220524:0011,0.0,0.0,0.0,7.71,2.41,0.0
20220524:0111,0.0,0.0,0.0,7.61,2.55,0.0
20220524:0211,0.0,0.0,0.0,7.38,2.9,0.0
20220524:0311,17.86,33.9,6.63,7.38,2.76,0.0
20220524:0411,44.22,66.97,13.62,8.15,2.14,0.0
20220524:0511,143.83,212.53,21.12,9.48,2.21,0.0
20220524:0611,342.01,421.28,28.77,10.77,2.69,0.0
20220524:0711,528.37,635.08,36.18,12.16,3.45,0.0
20220524:0811,686.36,830.68,42.83,12.95,4.14,0.0
20220524:0911,751.95,917.35,48.06,13.4,4.48,0.0
20220524:1011,834.08,1027.09,51.06,13.7,4.69,0.0
20220524:1111,845.47,1043.78,51.22,14.05,4.76,0.0
20220524:1211,800.25,983.4,48.51,14.29,4.69,0.0
20220524:1311,712.95,866.97,43.49,14.48,4.76,0.0
20220524:1411,557.05,670.48,36.96,14.2,4.76,0.0
20220524:1511,370.4,455.51,29.6,13.87,4.76,0.0
20220524:1611,161.84,231.09,21.96,13.65,4.9,0.0
20220524:1711,22.19,41.5,14.43,13.23,4.76,0.0
20220524:1811,19.84,37.21,7.36,12.67,5.52,0.0
20220524:1911,0.0,0.0,0.0,11.84,5.1,0.0
20220524:2011,0.0,0.0,0.0,11.53,5.17,0.0
20220524:2111,0.0,0.0,0.0,10.8,4.55,0.0
20220524:2211,0.0,0.0,0.0,10.68,4.21,0.0
20220524:2311,0.0,0.0,0.0,10.77,4.07,0.0
20220525:0011,0.0,0.0,0.0,10.75,4.28,0.0
20220525:0111,0.0,0.0,0.0,10.63,4.21,0.0
20220525:0211,0.0,0.0,0.0,10.45,3.93,0.0
20220525:0311,0.0,4.96,6.78,10.28,3.45,0.0
20220525:0411,3.65,13.23,13.77,10.33,3.03,0.0
20220525:0511,96.89,130.69,21.26,10.96,3.31,0.0
20220525:0611,122.52,159.94,28.91,12.1,2.76,0.0
20220525:0711,256.13,313.1,36.33,12.55,3.66,0.0
20220525:0811,377.03,455.26,42.99,13.9,4.21,0.0
20220525:0911,403.27,489.84,48.22,14.95,4.0,0.0
20220525:1011,487.28,594.73,51.24,15.86,4.0,0.0
20220525:1111,448.42,546.63,51.41,16.31,4.55,0.0
20220525:1211,594.18,724.45,48.69,16.36,5.03,0.0
20220525:1311,465.71,564.17,43.66,16.02,5.03,0.0
20220525:1411,193.71,244.11,37.12,15.71,5.1,0.0
20220525:1511,243.59,304.02,29.77,15.16,4.21,0.0
20220525:1611,40.94,64.55,22.12,14.47,3.24,0.0
20220525:1711,27.97,49.78,14.59,14.36,3.03,0.0
20220525:1811,16.66,33.07,7.53,13.85,2.97,0.0
20220525:1911,0.0,0.0,0.0,12.59,2.48,0.0
20220525:2011,0.0,0.0,0.0,12.06,2.21,0.0
20220525:2111,0.0,0.0,0.0,11.57,2.28,0.0
20220525:2211,0.0,0.0,0.0,11.22,2.48,0.0
20220525:2311,0.0,0.0,0.0,10.67,2.69,0.0
20220526:0011,0.0,0.0,0.0,10.25,2.69,0.0
20220526:0111,0.0,0.0,0.0,9.81,2.62,0.0
20220526:0211,0.0,0.0,0.0,9.48,2.48,0.0
20220526:0311,15.84,31.42,6.92,9.37,2.28,0.0
20220526:0411,54.86,80.2,13.9,9.89,1.93,0.0
20220526:0511,144.51,205.0,21.4,10.97,2.07,0.0
20220526:0611,341.85,424.5,29.05,12.15,2.48,0.0
20220526:0711,480.07,579.64,36.47,12.71,3.03,0.0
20220526:0811,563.57,682.02,43.13,13.14,3.38,0.0
20220526:0911,571.31,693.21,48.38,13.5,3.59,0.0
20220526:1011,264.73,325.17,51.41,13.63,3.72,0.0
20220526:1111,353.28,428.32,51.59,13.62,3.93,0.0
20220526:1211,241.86,297.59,48.86,13.08,4.0,0.0
20220526:1311,93.54,126.41,43.83,12.49,3.52,0.0
20220526:1411,189.75,237.59,37.29,12.35,2.41,0.0
20220526:1511,204.08,255.96,29.93,12.96,2.34,0.0
20220526:1611,153.21,208.09,22.28,12.94,2.07,0.0
20220526:1711,53.9,80.02,14.75,12.63,1.79,0.0
20220526:1811,4.56,14.88,7.7,12.06,1.52,0.0
20220526:1911,0.0,0.0,0.0,11.63,2.14,0.0
20220526:2011,0.0,0.0,0.0,11.19,2.62,0.0
20220526:2111,0.0,0.0,0.0,10.64,2.97,0.0
20220526:2211,0.0,0.0,0.0,10.25,3.1,0.0
20220526:2311,0.0,0.0,0.0,10.04,2.97,0.0
20220527:0011,0.0,0.0,0.0,9.89,2.83,0.0
20220527:0111,0.0,0.0,0.0,9.46,2.69,0.0
20220527:0211,0.0,0.0,0.0,9.26,2.55,0.0
20220527:0311,0.06,5.79,7.06,9.11,2.76,0.0
20220527:0411,4.17,14.06,14.04,8.8,3.1,0.0
20220527:0511,45.78,69.03,21.52,9.05,2.9,0.0
20220527:0611,305.62,372.55,29.18,9.28,2.97,0.0
20220527:0711,398.3,474.78,36.6,10.36,3.38,0.0
20220527:0811,361.17,431.68,43.28,10.57,3.38,0.0
20220527:0911,280.96,339.96,48.54,10.89,3.45,0.0
20220527:1011,376.75,452.68,51.58,11.39,3.31,0.0
20220527:1111,432.91,521.61,51.76,12.05,3.1,0.0
20220527:1211,256.13,314.7,49.03,12.53,2.69,0.0
20220527:1311,168.06,213.36,43.99,13.03,2.41,0.0
20220527:1411,161.57,206.05,37.45,13.3,2.34,0.0
20220527:1511,344.03,427.85,30.09,13.52,2.0,0.0
20220527:1611,152.77,207.57,22.44,13.16,1.79,0.0
20220527:1711,53.49,79.18,14.91,11.52,2.07,0.0
20220527:1811,16.32,32.25,7.86,10.83,2.28,0.0
20220527:1911,0.0,0.83,1.61,9.96,2.69,0.0
20220527:2011,0.0,0.0,0.0,9.26,2.62,0.0
20220527:2111,0.0,0.0,0.0,8.98,2.55,0.0
20220527:2211,0.0,0.0,0.0,8.82,2.41,0.0
20220527:2311,0.0,0.0,0.0,8.75,2.28,0.0
20220528:0011,0.0,0.0,0.0,8.59,2.34,0.0
20220528:0111,0.0,0.0,0.0,8.6,2.41,0.0
20220528:0211,0.0,0.0,0.0,8.62,2.48,0.0
20220528:0311,0.07,5.79,7.19,8.7,2.55,0.0
20220528:0411,4.17,14.06,14.16,8.87,2.69,0.0
20220528:0511,20.56,37.65,21.65,8.94,2.97,0.0
20220528:0611,46.43,69.93,29.3,9.42,2.76,0.0
20220528:0711,76.64,105.79,36.73,10.29,3.03,0.0
20220528:0811,106.72,140.75,43.41,10.89,3.38,0.0
20220528:0911,218.08,269.02,48.68,11.7,3.38,0.0
20220528:1011,253.76,310.99,51.74,12.06,3.03,0.0
20220528:1111,161.21,203.51,51.92,11.22,3.17,0.0
20220528:1211,197.56,243.6,49.2,9.59,2.83,0.0
20220528:1311,135.82,173.03,44.15,9.2,2.83,0.0
20220528:1411,151.8,191.02,37.6,8.94,2.55,0.0
20220528:1511,108.89,142.65,30.24,9.43,2.28,0.0
20220528:1611,103.17,137.48,22.59,10.02,2.14,0.0
20220528:1711,21.1,38.55,15.07,10.14,2.34,0.0
20220528:1811,0.72,7.44,8.01,9.49,2.48,0.0
20220528:1911,0.0,0.83,1.77,9.2,2.0,0.0
20220528:2011,0.0,0.0,0.0,9.0,2.28,0.0
20220528:2111,0.0,0.0,0.0,8.79,2.48,0.0
20220528:2211,0.0,0.0,0.0,8.69,2.69,0.0
20220528:2311,0.0,0.0,0.0,8.59,2.9,0.0
20220529:0011,0.0,0.0,0.0,8.53,3.1,0.0
20220529:0111,0.0,0.0,0.0,8.35,3.17,0.0
20220529:0211,0.0,0.0,0.0,7.95,3.24,0.0
20220529:0311,0.07,5.79,7.32,7.74,3.17,0.0
20220529:0411,46.37,69.46,14.28,7.99,3.03,0.0
20220529:0511,147.49,217.7,21.76,8.47,3.1,0.0
20220529:0611,314.21,381.99,29.42,9.14,3.38,0.0
20220529:0711,356.04,426.36,36.85,9.86,2.55,0.0
20220529:0811,362.94,435.91,43.54,10.45,2.41,0.0
20220529:0911,333.38,402.62,48.83,10.91,2.41,0.0
20220529:1011,229.05,282.69,51.89,11.36,2.0,0.0
20220529:1111,381.81,465.24,52.08,11.7,1.45,0.0
20220529:1211,524.24,648.34,49.36,12.04,0.9,0.0
20220529:1311,323.58,399.15,44.31,12.35,0.41,0.0
20220529:1411,198.98,251.07,37.75,12.51,0.14,0.0
20220529:1511,196.61,249.05,30.39,12.61,0.28,0.0
20220529:1611,98.96,134.42,22.74,12.71,0.41,0.0
20220529:1711,24.13,47.82,15.21,12.46,1.03,0.0
20220529:1811,17.45,33.9,8.17,11.62,1.72,0.0
20220529:1911,0.0,1.65,1.92,10.31,1.86,0.0
20220529:2011,0.0,0.0,0.0,9.49,2.0,0.0
20220529:2111,0.0,0.0,0.0,9.02,1.93,0.0
20220529:2211,0.0,0.0,0.0,8.88,1.72,0.0
20220529:2311,0.0,0.0,0.0,8.84,1.59,0.0
20220530:0011,0.0,0.0,0.0,8.77,1.79,0.0
20220530:0111,0.0,0.0,0.0,8.51,1.93,0.0
20220530:0211,0.0,0.0,0.0,8.24,2.0,0.0
20220530:0311,22.18,39.69,7.44,8.24,2.28,0.0
20220530:0411,37.25,58.71,14.4,8.84,2.14,0.0
20220530:0511,148.52,207.35,21.87,9.83,2.55,0.0
20220530:0611,335.84,412.36,29.53,10.59,2.97,0.0
20220530:0711,313.17,377.01,36.96,10.64,2.97,0.0
20220530:0811,327.15,393.91,43.66,11.21,3.17,0.0
20220530:0911,351.99,422.96,48.96,11.09,3.24,0.0
20220530:1011,142.34,181.99,52.04,11.5,3.45,0.0
20220530:1111,110.25,145.24,52.24,11.7,3.72,0.0
20220530:1211,202.9,251.66,49.51,11.74,3.45,0.0
20220530:1311,173.43,217.83,44.46,11.55,3.03,0.0
20220530:1411,248.62,304.37,37.9,11.62,2.62,0.0
20220530:1511,241.63,298.24,30.53,11.57,2.55,0.0
20220530:1611,172.29,247.81,22.88,11.53,2.28,0.0
20220530:1711,66.15,95.29,15.36,11.25,2.21,0.0
20220530:1811,25.72,44.65,8.31,10.68,1.93,0.0
20220530:1911,0.0,0.83,2.07,9.87,2.41,0.0
20220530:2011,0.0,0.0,0.0,9.29,2.41,0.0
20220530:2111,0.0,0.0,0.0,9.01,2.28,0.0
20220530:2211,0.0,0.0,0.0,8.89,2.21,0.0
20220530:2311,0.0,0.0,0.0,8.82,2.34,0.0
20220531:0011,0.0,0.0,0.0,8.74,2.76,0.0
20220531:0111,0.0,0.0,0.0,8.63,3.03,0.0
20220531:0211,0.0,0.0,0.0,8.38,3.45,0.0
20220531:0311,0.07,5.79,7.55,8.01,3.52,0.0
20220531:0411,4.2,14.06,14.5,7.69,3.59,0.0
20220531:0511,18.63,34.96,21.98,7.89,3.45,0.0
20220531:0611,48.19,71.72,29.63,8.4,3.1,0.0
20220531:0711,116.29,150.62,37.07,9.07,3.24,0.0
20220531:0811,90.92,121.93,43.78,9.74,3.72,0.0
20220531:0911,149.2,189.17,49.09,10.77,3.72,0.0
20220531:1011,167.35,210.68,52.18,11.48,3.38,0.0
20220531:1111,147.17,188.27,52.38,12.18,2.97,0.0
20220531:1211,155.68,198.13,49.66,12.21,2.9,0.0
20220531:1311,203.95,254.6,44.6,12.53,2.14,0.0
20220531:1411,171.25,216.5,38.04,12.64,2.55,0.0
20220531:1511,134.71,173.66,30.67,11.6,2.62,0.0
20220531:1611,64.76,92.34,23.02,11.32,2.55,0.0
20220531:1711,24.41,43.03,15.5,11.28,2.55,0.0
20220531:1811,13.32,28.11,8.46,11.07,2.69,0.0
20220531:1911,0.0,0.83,2.22,10.78,2.69,0.0
20220531:2011,0.0,0.0,0.0,10.22,2.76,0.0
20220531:2111,0.0,0.0,0.0,10.0,3.03,0.0
20220531:2211,0.0,0.0,0.0,10.23,3.24,0.0
20220531:2311,0.0,0.0,0.0,10.18,3.38,0.0
20220601:0011,0.0,0.0,0.0,9.91,3.45,0.0
20220601:0111,0.0,0.0,0.0,9.74,3.52,0.0
20220601:0211,0.0,0.83,1.56,9.67,3.38,0.0
20220601:0311,0.38,6.61,7.66,9.69,3.38,0.0
20220601:0411,19.48,36.38,14.6,9.99,3.52,0.0
20220601:0511,24.53,43.03,22.08,10.49,4.07,0.0
20220601:0611,150.68,190.88,29.73,10.79,4.41,0.0
20220601:0711,495.22,590.98,37.17,11.73,4.14,0.0
20220601:0811,510.17,615.12,43.89,13.32,3.72,0.0
20220601:0911,577.95,700.05,49.21,14.31,4.41,0.0
20220601:1011,781.37,961.94,52.31,14.66,4.69,0.0
20220601:1111,840.41,1039.71,52.52,15.01,4.97,0.0
20220601:1211,795.76,974.39,49.8,14.62,5.17,0.0
20220601:1311,707.42,857.52,44.74,14.52,5.1,0.0
20220601:1411,559.46,674.21,38.18,14.22,4.55,0.0
20220601:1511,366.8,452.95,30.8,14.45,4.0,0.0
20220601:1611,168.66,237.6,23.15,14.25,3.17,0.0
20220601:1711,66.51,96.16,15.63,13.63,2.69,0.0
20220601:1811,24.87,43.82,8.59,12.44,3.1,0.0
20220601:1911,0.0,0.83,2.36,11.2,2.28,0.0
20220601:2011,0.0,0.0,0.0,10.51,2.28,0.0
20220601:2111,0.0,0.0,0.0,10.03,2.34,0.0
20220601:2211,0.0,0.0,0.0,9.9,2.41,0.0
20220601:2311,0.0,0.0,0.0,9.4,2.69,0.0
20220602:0011,0.0,0.0,0.0,9.51,2.97,0.0
20220602:0111,0.0,0.0,0.0,9.07,3.31,0.0
20220602:0211,0.0,0.83,1.67,9.0,4.0,0.0
20220602:0311,0.38,6.61,7.76,8.9,4.34,0.0
20220602:0411,4.66,14.88,14.7,8.83,4.41,0.0
20220602:0511,29.71,49.31,22.17,8.85,4.48,0.0
20220602:0611,58.75,84.27,29.82,8.92,4.55,0.0
20220602:0711,52.62,77.1,37.26,9.05,4.55,0.0
20220602:0811,83.39,112.96,43.99,9.29,4.69,0.0
20220602:0911,131.54,167.65,49.32,9.41,5.45,0.0
20220602:1011,146.36,184.68,52.44,9.61,4.83,0.0
20220602:1111,146.97,185.58,52.66,10.09,5.52,0.0
20220602:1211,165.71,207.1,49.94,10.1,4.55,0.0
20220602:1311,145.63,184.68,44.88,10.57,4.55,0.0
20220602:1411,106.81,140.75,38.31,11.01,4.34,0.0
20220602:1511,58.06,84.27,30.93,11.25,4.14,0.0
20220602:1611,50.4,75.31,23.28,11.78,4.07,0.0
20220602:1711,68.55,98.4,15.77,11.98,4.0,0.0
20220602:1811,26.87,46.3,8.73,11.95,3.72,0.0
20220602:1911,0.0,1.65,2.49,11.53,2.9,0.0
20220602:2011,0.0,0.0,0.0,11.27,2.83,0.0
20220602:2111,0.0,0.0,0.0,11.08,2.9,0.0
20220602:2211,0.0,0.0,0.0,10.89,3.1,0.0
20220602:2311,0.0,0.0,0.0,10.64,3.17,0.0
20220603:0011,0.0,0.0,0.0,10.16,3.24,0.0
20220603:0111,0.0,0.0,0.0,9.8,3.24,0.0
20220603:0211,0.0,0.83,1.77,9.43,3.24,0.0
20220603:0311,17.68,33.9,7.85,9.42,3.31,0.0
20220603:0411,40.43,62.84,14.79,10.05,3.03,0.0
20220603:0511,147.09,213.26,22.25,11.16,3.79,0.0
20220603:0611,311.37,383.88,29.91,12.16,3.52,0.0
20220603:0711,302.41,367.87,37.35,13.25,3.66,0.0
20220603:0811,354.46,430.76,44.09,14.28,3.66,0.0
20220603:0911,525.16,637.7,49.43,14.6,3.93,0.0
20220603:1011,282.51,348.38,52.56,15.32,3.86,0.0
20220603:1111,379.19,464.68,52.79,15.88,3.59,0.0
20220603:1211,338.77,417.02,50.07,16.39,3.59,0.0
20220603:1311,70.59,101.31,45.01,16.72,3.72,0.0
20220603:1411,445.01,545.03,38.43,16.86,3.79,0.0
20220603:1511,110.7,148.91,31.06,16.76,3.72,0.0
20220603:1611,172.7,251.91,23.41,16.03,3.17,0.0
20220603:1711,58.86,89.87,15.89,13.9,3.17,0.0
20220603:1811,26.01,45.48,8.85,13.36,2.41,0.0
20220603:1911,0.0,1.65,2.62,13.43,2.07,0.0
20220603:2011,0.0,0.0,0.0,12.66,2.48,0.0
20220603:2111,0.0,0.0,0.0,11.99,2.76,0.0
20220603:2211,0.0,0.0,0.0,11.57,2.9,0.0
20220603:2311,0.0,0.0,0.0,11.14,2.97,0.0
20220604:0011,0.0,0.0,0.0,10.72,2.83,0.0
20220604:0111,0.0,0.0,0.0,10.39,2.55,0.0
20220604:0211,0.0,0.83,1.86,10.13,2.41,0.0
20220604:0311,0.37,6.61,7.94,10.13,2.14,0.0
20220604:0411,4.6,14.88,14.87,10.68,1.93,0.0
20220604:0511,60.86,87.86,22.33,11.6,2.28,0.0
20220604:0611,333.73,413.67,29.99,12.34,2.9,0.0
20220604:0711,512.8,626.05,37.44,14.35,2.76,0.0
20220604:0811,565.07,699.3,44.18,15.46,2.28,0.0
20220604:0911,678.84,858.04,49.53,16.18,2.07,0.0
20220604:1011,530.81,665.64,52.67,16.86,1.79,0.0
20220604:1111,639.13,819.3,52.91,17.1,1.31,0.0
20220604:1211,639.3,827.92,50.19,17.49,0.83,0.0
20220604:1311,595.31,765.91,45.13,17.6,0.69,0.0
20220604:1411,500.2,635.02,38.56,17.57,0.69,0.0
20220604:1511,352.32,450.98,31.18,17.46,0.76,0.0
20220604:1611,166.7,236.46,23.53,17.15,1.38,0.0
20220604:1711,46.11,77.32,16.01,16.42,1.93,0.0
20220604:1811,0.67,7.44,8.98,15.56,2.41,0.0
20220604:1911,0.0,1.65,2.75,15.12,2.76,0.0
20220604:2011,0.0,0.0,0.0,14.31,3.03,0.0
20220604:2111,0.0,0.0,0.0,13.81,3.03,0.0
20220604:2211,0.0,0.0,0.0,13.33,2.97,0.0
20220604:2311,0.0,0.0,0.0,12.96,2.83,0.0
20220605:0011,0.0,0.0,0.0,12.59,2.76,0.0
20220605:0111,0.0,0.0,0.0,12.18,2.9,0.0
20220605:0211,0.0,0.83,1.95,11.88,2.97,0.0
20220605:0311,0.36,6.61,8.02,11.89,2.76,0.0
20220605:0411,41.91,65.32,14.94,12.59,2.41,0.0
20220605:0511,82.03,114.06,22.4,13.93,2.62,0.0
20220605:0611,257.16,322.99,30.06,15.25,2.9,0.0
20220605:0711,514.01,631.36,37.51,16.48,3.31,0.0
20220605:0811,655.22,813.61,44.26,17.53,3.59,0.0
20220605:0911,744.81,940.37,49.63,18.59,3.66,0.0
20220605:1011,807.15,1036.8,52.78,19.45,3.45,0.0
20220605:1111,736.3,942.58,53.03,20.07,3.31,0.0
20220605:1211,488.85,616.46,50.31,20.18,2.48,0.0
20220605:1311,538.6,689.66,45.25,20.25,1.38,0.0
20220605:1411,297.5,371.77,38.67,18.84,3.45,0.0
20220605:1511,346.27,428.25,31.3,16.02,5.17,0.0
20220605:1611,167.2,226.75,23.65,14.38,4.9,0.0
20220605:1711,68.87,100.39,16.13,13.67,4.14,0.0
20220605:1811,29.27,49.61,9.09,13.22,3.59,0.0
20220605:1911,0.0,1.65,2.87,12.31,3.24,0.0
20220605:2011,0.0,0.0,0.0,11.57,3.38,0.0
20220605:2111,0.0,0.0,0.0,11.05,3.24,0.0
20220605:2211,0.0,0.0,0.0,10.86,3.24,0.0
20220605:2311,0.0,0.0,0.0,10.77,3.24,0.0
20220606:0011,0.0,0.0,0.0,10.76,3.17,0.0
20220606:0111,0.0,0.0,0.0,10.9,3.24,0.0
20220606:0211,0.0,0.83,2.03,10.76,3.38,0.0
20220606:0311,0.37,6.61,8.09,10.84,3.52,0.0
20220606:0411,35.53,57.05,15.01,11.14,3.72,0.0
20220606:0511,120.34,159.87,22.47,11.73,3.79,0.0
20220606:0611,263.22,324.43,30.13,12.22,4.07,0.0
20220606:0711,362.53,435.57,37.58,12.5,4.34,0.0
20220606:0811,458.15,548.75,44.34,12.78,4.34,0.0
20220606:0911,637.26,770.7,49.72,12.95,4.21,0.0
20220606:1011,652.83,792.96,52.88,13.41,4.28,0.0
20220606:1111,649.77,790.67,53.14,13.56,4.14,0.0
20220606:1211,783.66,965.58,50.43,14.22,4.21,0.0
20220606:1311,681.9,831.65,45.36,14.38,4.07,0.0
20220606:1411,480.63,581.5,38.79,14.36,3.86,0.0
20220606:1511,274.68,339.91,31.41,14.16,3.59,0.0
20220606:1611,144.43,191.28,23.76,13.75,3.31,0.0
20220606:1711,25.54,44.83,16.24,13.27,2.97,0.0
20220606:1811,21.68,39.69,9.21,12.69,2.55,0.0
20220606:1911,0.0,2.48,2.98,11.9,2.28,0.0
20220606:2011,0.0,0.0,0.0,11.36,2.14,0.0
20220606:2111,0.0,0.0,0.0,11.11,2.0,0.0
20220606:2211,0.0,0.0,0.0,11.02,1.86,0.0
20220606:2311,0.0,0.0,0.0,10.96,1.93,0.0
20220607:0011,0.0,0.0,0.0,10.86,2.14,0.0
20220607:0111,0.0,0.0,0.0,10.64,2.34,0.0
20220607:0211,0.0,0.83,2.11,10.55,2.48,0.0
20220607:0311,0.37,6.61,8.16,10.71,2.55,0.0
20220607:0411,4.57,14.88,15.08,11.56,2.48,0.0
20220607:0511,56.82,83.38,22.53,12.7,2.83,0.0
20220607:0611,239.43,299.34,30.19,13.81,2.9,0.0
20220607:0711,173.66,220.95,37.65,14.84,3.38,0.0
20220607:0811,185.19,235.11,44.41,15.47,3.31,0.0
20220607:0911,235.49,293.75,49.8,15.07,3.03,0.0
20220607:1011,264.59,328.92,52.97,15.49,2.83,0.0
20220607:1111,160.0,206.2,53.24,15.38,2.41,0.0
20220607:1211,256.31,319.96,50.53,15.76,2.41,0.0
20220607:1311,62.52,91.45,45.47,15.99,2.34,0.0
20220607:1411,56.64,84.27,38.89,15.84,2.28,0.0
20220607:1511,58.91,86.96,31.51,15.74,2.62,0.0
20220607:1611,42.98,67.24,23.86,14.99,2.76,0.0
20220607:1711,33.07,54.69,16.35,14.34,2.69,0.0
20220607:1811,17.29,33.9,9.31,13.53,2.69,0.0
20220607:1911,0.0,3.31,3.09,12.38,2.28,0.0
20220607:2011,0.0,0.0,0.0,12.25,1.72,0.0
20220607:2111,0.0,0.0,0.0,11.86,2.07,0.0
20220607:2211,0.0,0.0,0.0,11.52,2.14,0.0
20220607:2311,0.0,0.0,0.0,11.39,2.07,0.0
20220608:0011,0.0,0.0,0.0,11.45,2.0,0.0
20220608:0111,0.0,0.0,0.0,11.38,1.86,0.0
20220608:0211,0.0,0.83,2.18,11.31,1.72,0.0
20220608:0311,0.36,6.61,8.22,11.47,1.59,0.0
20220608:0411,4.56,14.88,15.13,12.02,1.79,0.0
20220608:0511,80.95,112.25,22.59,12.71,2.34,0.0
20220608:0611,269.14,335.81,30.24,13.76,2.69,0.0
20220608:0711,486.69,594.55,37.7,14.99,2.97,0.0
20220608:0811,551.88,675.39,44.48,15.99,3.66,0.0
20220608:0911,754.97,937.61,49.87,16.59,4.28,0.0
20220608:1011,791.8,984.19,53.06,16.7,4.83,0.0
20220608:1111,658.37,808.58,53.34,16.74,5.03,0.0
20220608:1211,597.97,730.63,50.64,16.86,5.17,0.0
20220608:1311,467.9,569.04,45.57,16.73,5.03,0.0
20220608:1411,323.84,396.83,38.99,16.41,4.76,0.0
20220608:1511,342.42,425.18,31.61,16.59,4.69,0.0
20220608:1611,55.1,82.48,23.96,16.5,4.34,0.0
20220608:1711,70.07,103.03,16.45,15.99,3.79,0.0
20220608:1811,30.26,51.26,9.42,15.24,3.93,0.0
20220608:1911,0.0,3.31,3.19,14.47,2.97,0.0
20220608:2011,0.0,0.0,0.0,13.79,2.97,0.0
20220608:2111,0.0,0.0,0.0,13.32,2.97,0.0
20220608:2211,0.0,0.0,0.0,13.12,2.83,0.0
20220608:2311,0.0,0.0,0.0,12.84,2.9,0.0
20220609:0011,0.0,0.0,0.0,12.49,2.97,0.0
20220609:0111,0.0,0.0,0.0,12.29,2.97,0.0
20220609:0211,0.0,0.83,2.24,12.04,2.9,0.0
20220609:0311,19.88,37.21,8.28,12.03,2.76,0.0
20220609:0411,34.59,56.23,15.19,12.54,2.55,0.0
20220609:0511,146.38,208.92,22.64,13.41,2.83,0.0
20220609:0611,328.54,411.83,30.29,14.49,2.83,0.0
20220609:0711,450.0,549.41,37.76,15.62,3.45,0.0
20220609:0811,537.66,660.7,44.53,16.5,3.38,0.0
20220609:0911,685.6,859.37,49.94,17.29,3.17,0.0
20220609:1011,646.01,812.54,53.14,18.06,3.03,0.0
20220609:1111,628.11,789.92,53.43,18.21,2.97,0.0
20220609:1211,602.8,757.69,50.73,18.68,2.9,0.0
20220609:1311,496.29,618.11,45.67,18.7,2.9,0.0
20220609:1411,433.34,538.9,39.09,18.82,2.9,0.0
20220609:1511,321.64,407.01,31.71,18.5,2.55,0.0
20220609:1611,166.24,230.12,24.06,18.14,2.21,0.0
20220609:1711,37.8,71.08,16.54,17.92,2.14,0.0
20220609:1811,21.16,39.69,9.51,17.18,2.14,0.0
20220609:1911,0.03,5.79,3.29,16.23,2.34,0.0
20220609:2011,0.0,0.0,0.0,15.22,2.55,0.0
20220609:2111,0.0,0.0,0.0,14.4,2.48,0.0
20220609:2211,0.0,0.0,0.0,13.9,2.28,0.0
20220609:2311,0.0,0.0,0.0,13.58,2.07,0.0
20220610:0011,0.0,0.0,0.0,13.47,1.86,0.0
20220610:0111,0.0,0.0,0.0,13.39,1.59,0.0
20220610:0211,0.0,0.83,2.3,13.13,1.24,0.0
20220610:0311,0.35,6.61,8.33,13.06,1.1,0.0
20220610:0411,6.51,18.19,15.23,13.63,1.1,0.0
20220610:0511,45.91,70.83,22.68,14.61,1.59,0.0
20220610:0611,42.18,66.34,30.33,15.17,1.79,0.0
20220610:0711,232.92,292.33,37.8,15.88,2.21,0.0
20220610:0811,355.18,438.45,44.58,15.74,2.07,0.0
20220610:0911,466.98,578.42,50.0,15.86,1.93,0.0
20220610:1011,358.95,446.68,53.21,16.51,1.72,0.0
20220610:1111,754.93,972.08,53.51,17.35,2.07,0.0
20220610:1211,721.28,914.27,50.82,17.69,2.76,0.0
20220610:1311,649.83,808.94,45.76,17.15,3.1,0.0
20220610:1411,441.24,543.46,39.18,16.98,2.97,0.0
20220610:1511,359.24,452.02,31.8,17.48,2.83,0.0
20220610:1611,170.99,241.54,24.15,17.67,2.97,0.0
20220610:1711,41.2,74.93,16.64,17.43,2.48,0.0
20220610:1811,30.57,52.09,9.6,17.14,2.28,0.0
20220610:1911,0.0,1.65,3.38,16.86,2.48,0.0
20220610:2011,0.0,0.0,0.0,16.1,2.9,0.0
20220610:2111,0.0,0.0,0.0,15.47,3.17,0.0
20220610:2211,0.0,0.0,0.0,14.81,3.1,0.0
20220610:2311,0.0,0.0,0.0,14.11,2.83,0.0
20220611:0011,0.0,0.0,0.0,13.57,2.55,0.0
20220611:0111,0.0,0.0,0.0,13.08,2.41,0.0
20220611:0211,0.0,0.83,2.34,12.66,2.48,0.0
20220611:0311,21.06,38.86,8.37,12.64,2.48,0.0
20220611:0411,37.09,59.53,15.27,13.31,2.41,0.0
20220611:0511,144.29,213.43,22.71,14.48,2.69,0.0
20220611:0611,312.25,392.81,30.37,15.46,2.83,0.0
20220611:0711,458.72,562.36,37.84,16.25,3.31,0.0
20220611:0811,247.95,309.96,44.63,17.12,4.0,0.0
20220611:0911,611.42,753.67,50.06,17.56,4.48,0.0
20220611:1011,512.77,629.63,53.28,17.87,4.83,0.0
20220611:1111,106.32,144.34,53.59,18.14,5.17,0.0
20220611:1211,566.95,698.24,50.9,18.44,4.97,0.0
20220611:1311,368.08,454.06,45.85,18.53,4.62,0.0
20220611:1411,248.85,313.18,39.27,19.01,4.34,0.0
20220611:1511,315.48,396.87,31.89,18.83,4.07,0.0
20220611:1611,174.78,247.96,24.24,18.62,3.86,0.0
20220611:1711,32.56,66.57,16.72,18.18,3.1,0.0
20220611:1811,26.1,46.3,9.69,17.41,2.76,0.0
20220611:1911,3.95,14.06,3.46,16.74,2.69,0.0
20220611:2011,0.0,0.0,0.0,15.74,2.62,0.0
20220611:2111,0.0,0.0,0.0,14.91,2.76,0.0
20220611:2211,0.0,0.0,0.0,14.34,2.76,0.0
20220611:2311,0.0,0.0,0.0,13.91,2.83,0.0
20220612:0011,0.0,0.0,0.0,13.6,2.9,0.0
20220612:0111,0.0,0.0,0.0,13.38,3.1,0.0
20220612:0211,0.0,0.83,2.39,13.19,3.24,0.0
20220612:0311,1.83,9.92,8.41,13.25,3.38,0.0
20220612:0411,8.1,20.67,15.3,13.61,3.24,0.0
20220612:0511,142.99,216.01,22.74,14.17,3.86,0.0
20220612:0611,343.25,429.65,30.4,14.87,3.79,0.0
20220612:0711,505.81,613.41,37.87,15.61,4.62,0.0
20220612:0811,581.65,709.69,44.67,16.37,4.55,0.0
20220612:0911,658.14,809.47,50.1,16.78,4.69,0.0
20220612:1011,714.0,882.66,53.34,16.93,4.9,0.0
20220612:1111,814.26,1017.18,53.66,17.5,5.03,0.0
20220612:1211,577.17,710.64,50.98,18.16,4.9,0.0
20220612:1311,450.12,552.48,45.93,18.54,5.03,0.0
20220612:1411,476.45,583.56,39.35,18.62,5.38,0.0
20220612:1511,369.75,461.15,31.97,18.16,5.31,0.0
20220612:1611,81.89,115.39,24.32,17.99,4.97,0.0
20220612:1711,68.91,104.12,16.8,17.41,4.41,0.0
20220612:1811,23.09,42.17,9.77,16.76,4.21,0.0
20220612:1911,4.46,14.88,3.54,15.67,4.34,0.0
20220612:2011,0.0,0.0,0.0,14.94,4.28,0.0
20220612:2111,0.0,0.0,0.0,14.29,4.28,0.0
20220612:2211,0.0,0.0,0.0,13.7,4.14,0.0
20220612:2311,0.0,0.0,0.0,13.12,3.79,0.0
20220613:0011,0.0,0.0,0.0,12.63,3.52,0.0
20220613:0111,0.0,0.0,0.0,12.24,3.66,0.0
20220613:0211,0.0,1.65,2.42,12.02,3.79,0.0
20220613:0311,9.82,23.15,8.44,12.09,3.79,0.0
20220613:0411,48.14,72.76,15.33,12.36,4.21,0.0
20220613:0511,134.01,178.74,22.77,12.73,4.97,0.0
20220613:0611,200.39,251.04,30.42,13.47,4.69,0.0
20220613:0711,297.59,363.32,37.9,14.32,4.28,0.0
20220613:0811,510.14,618.84,44.7,15.37,4.34,0.0
20220613:0911,524.09,639.13,50.15,16.01,4.34,0.0
20220613:1011,445.81,544.74,53.39,16.28,4.21,0.0
20220613:1111,385.26,473.32,53.72,16.87,4.0,0.0
20220613:1211,357.51,441.06,51.05,17.4,3.86,0.0
20220613:1311,414.22,510.12,46.0,17.78,3.79,0.0
20220613:1411,476.05,585.92,39.42,17.93,3.86,0.0
20220613:1511,253.24,318.35,32.04,17.35,3.93,0.0
20220613:1611,175.68,239.29,24.39,15.31,3.59,0.0
20220613:1711,74.84,108.27,16.88,15.51,2.83,0.0
20220613:1811,32.11,53.75,9.84,15.51,2.07,0.0
20220613:1911,4.48,14.88,3.62,14.88,2.69,0.0
20220613:2011,0.0,0.0,0.0,14.24,2.62,0.0
20220613:2111,0.0,0.0,0.0,13.81,2.69,0.0
20220613:2211,0.0,0.0,0.0,13.3,2.62,0.0
20220613:2311,0.0,0.0,0.0,12.78,2.34,0.0
20220614:0011,0.0,0.0,0.0,12.39,2.34,0.0
20220614:0111,0.0,0.0,0.0,12.14,2.28,0.0
20220614:0211,0.0,1.65,2.45,11.91,2.21,0.0
20220614:0311,0.7,7.44,8.47,11.97,2.07,0.0
20220614:0411,27.4,47.13,15.35,12.51,1.93,0.0
20220614:0511,145.09,211.7,22.79,13.25,1.79,0.0
20220614:0611,304.26,382.91,30.44,14.43,1.86,0.0
20220614:0711,484.51,600.67,37.92,16.05,1.93,0.0
20220614:0811,623.06,779.48,44.73,16.81,2.34,0.0
20220614:0911,677.52,845.67,50.18,16.59,3.17,0.0
20220614:1011,207.32,260.6,53.44,14.61,2.76,0.0
20220614:1111,89.55,123.72,53.78,15.91,2.34,0.0
20220614:1211,633.62,801.71,51.11,16.93,1.93,0.0
20220614:1311,423.05,530.19,46.07,18.05,1.59,0.0
20220614:1411,190.68,245.68,39.49,18.04,1.52,0.0
20220614:1511,363.67,464.25,32.11,18.27,1.31,0.0
20220614:1611,176.24,251.19,24.46,18.18,0.97,0.0
20220614:1711,39.61,75.62,16.95,17.64,0.48,0.0
20220614:1811,21.95,40.52,9.91,15.38,0.48,0.0
20220614:1911,4.96,15.71,3.68,15.05,1.79,0.0
20220614:2011,0.0,0.0,0.0,14.38,2.14,0.0
20220614:2111,0.0,0.0,0.0,13.93,2.21,0.0
20220614:2211,0.0,0.0,0.0,13.6,2.34,0.0
20220614:2311,0.0,0.0,0.0,13.34,2.34,0.0
20220615:0011,0.0,0.0,0.0,13.12,2.41,0.0
20220615:0111,0.0,0.0,0.0,12.94,2.34,0.0
20220615:0211,0.0,1.65,2.48,12.77,2.28,0.0
20220615:0311,10.89,24.81,8.48,12.74,2.14,0.0
20220615:0411,33.79,55.4,15.36,13.2,1.72,0.0
20220615:0511,140.21,214.72,22.8,14.36,1.79,0.0
20220615:0611,335.59,426.47,30.45,15.52,1.79,0.0
20220615:0711,507.23,635.4,37.93,16.21,1.24,0.0
20220615:0811,621.25,807.37,44.75,17.41,0.34,0.0
20220615:0911,718.61,951.54,50.21,18.36,0.69,0.0
20220615:1011,732.58,960.81,53.48,19.01,1.45,0.0
20220615:1111,687.52,888.69,53.83,19.28,1.93,0.0
20220615:1211,477.51,600.84,51.17,19.44,2.28,0.0
20220615:1311,595.32,756.56,46.13,19.14,1.93,0.0
20220615:1411,305.86,384.53,39.56,18.28,1.66,0.0
20220615:1511,320.62,409.08,32.18,17.96,0.9,0.0
20220615:1611,154.93,210.03,24.53,17.81,1.1,0.0
20220615:1711,25.66,45.72,17.01,17.3,1.45,0.0
20220615:1811,6.4,18.19,9.98,16.53,1.17,0.0
20220615:1911,1.39,9.1,3.74,16.1,1.24,0.0
20220615:2011,0.0,0.0,0.0,15.61,1.38,0.0
20220615:2111,0.0,0.0,0.0,15.1,1.31,0.0
20220615:2211,0.0,0.0,0.0,14.42,1.38,0.0
20220615:2311,0.0,0.0,0.0,13.98,1.59,0.0
20220616:0011,0.0,0.0,0.0,14.14,1.79,0.0
20220616:0111,0.0,0.0,0.0,13.92,2.0,0.0
20220616:0211,0.0,1.65,2.49,13.71,1.93,0.0
20220616:0311,0.68,7.44,8.5,13.7,1.72,0.0
20220616:0411,5.99,17.36,15.37,14.01,1.45,0.0
20220616:0511,69.51,99.51,22.81,14.81,1.38,0.0
20220616:0611,220.64,281.36,30.46,15.79,1.24,0.0
20220616:0711,167.78,217.84,37.94,17.27,1.24,0.0
20220616:0811,212.14,272.37,44.76,17.95,0.76,0.0
20220616:0911,470.57,601.13,50.23,18.69,0.62,0.0
20220616:1011,433.26,556.3,53.51,18.7,0.14,0.0
20220616:1111,422.01,536.44,53.87,18.29,0.62,0.0
20220616:1211,89.55,124.62,51.22,17.28,1.52,0.0
20220616:1311,192.13,245.91,46.19,17.1,2.14,0.0
20220616:1411,386.1,481.8,39.61,17.99,1.93,0.0
20220616:1511,346.95,445.08,32.24,18.36,0.69,0.0
20220616:1611,94.96,131.63,24.58,17.63,1.66,0.0
20220616:1711,62.1,98.41,17.07,16.14,1.52,0.0
20220616:1811,31.39,52.92,10.03,15.73,0.83,0.0
20220616:1911,0.67,7.44,3.8,15.67,1.66,0.0
20220616:2011,0.0,0.0,0.0,15.27,1.79,0.0
20220616:2111,0.0,0.0,0.0,14.87,2.0,0.0
20220616:2211,0.0,0.0,0.0,14.44,2.21,0.0
20220616:2311,0.0,0.0,0.0,14.04,2.21,0.0
20220617:0011,0.0,0.0,0.0,13.72,2.07,0.0
20220617:0111,0.0,0.0,0.0,13.38,2.14,0.0
20220617:0211,0.0,1.65,2.5,13.01,2.41,0.0
20220617:0311,0.69,7.44,8.5,12.97,2.34,0.0
20220617:0411,5.0,15.71,15.38,13.64,2.07,0.0
20220617:0511,141.76,196.89,22.81,14.83,1.86,0.0
20220617:0611,317.81,405.12,30.46,16.23,1.66,0.0
20220617:0711,495.82,629.88,37.94,17.61,0.69,0.0
20220617:0811,613.8,801.4,44.77,18.83,0.41,0.0
20220617:0911,686.18,911.11,50.25,19.72,0.62,0.0
20220617:1011,338.32,431.53,53.53,20.0,0.9,0.0
20220617:1111,531.62,682.0,53.91,20.16,1.38,0.0
20220617:1211,166.72,218.75,51.27,19.89,1.93,0.0
20220617:1311,440.52,552.63,46.24,19.59,2.34,0.0
20220617:1411,534.42,668.5,39.67,19.62,2.97,0.0
20220617:1511,376.85,477.31,32.29,19.6,3.31,0.0
20220617:1611,133.68,180.57,24.64,18.8,2.9,0.0
20220617:1711,57.94,86.93,17.12,18.33,3.03,0.0
20220617:1811,6.35,18.19,10.09,17.85,2.9,0.0
20220617:1911,0.0,3.31,3.85,15.99,3.1,0.0
20220617:2011,0.0,0.0,0.0,15.72,3.1,0.0
20220617:2111,0.0,0.0,0.0,15.92,3.17,0.0
20220617:2211,0.0,0.0,0.0,16.12,3.38,0.0
20220617:2311,0.0,0.0,0.0,15.8,3.38,0.0
20220618:0011,0.0,0.0,0.0,15.37,2.97,0.0
20220618:0111,0.0,0.0,0.0,14.86,2.76,0.0
20220618:0211,0.0,1.65,2.51,13.36,3.59,0.0
20220618:0311,0.69,7.44,8.5,13.51,4.62,0.0
20220618:0411,5.01,15.71,15.37,13.59,4.9,0.0
20220618:0511,13.52,28.69,22.8,14.07,4.97,0.0
20220618:0611,45.4,69.93,30.45,14.27,4.76,0.0
20220618:0711,123.61,162.27,37.94,14.56,4.97,0.0
20220618:0811,95.57,130.0,44.77,15.17,5.03,0.0
20220618:0911,100.89,137.17,50.25,16.76,4.83,0.0
20220618:1011,276.28,344.81,53.55,18.55,5.17,0.0
20220618:1111,149.69,196.34,53.94,19.2,5.1,0.0
20220618:1211,142.65,188.27,51.31,19.53,5.17,0.0
20220618:1311,387.0,478.9,46.28,19.81,5.03,0.0
20220618:1411,493.76,610.79,39.71,20.42,5.03,0.0
20220618:1511,366.94,462.83,32.34,20.73,5.31,0.0
20220618:1611,180.4,260.56,24.69,20.63,5.31,0.0
20220618:1711,30.29,68.21,17.17,19.97,5.24,0.0
20220618:1811,24.71,44.65,10.13,18.72,5.31,0.0
20220618:1911,5.86,17.36,3.89,17.49,5.17,0.0
20220618:2011,0.0,0.0,0.0,16.34,5.24,0.0
20220618:2111,0.0,0.0,0.0,15.5,5.38,0.0
20220618:2211,0.0,0.0,0.0,14.9,5.17,0.0
20220618:2311,0.0,0.0,0.0,14.39,4.76,0.0
20220619:0011,0.0,0.0,0.0,13.92,3.79,0.0
20220619:0111,0.0,0.0,0.0,13.32,3.24,0.0
20220619:0211,0.0,1.65,2.51,12.84,3.24,0.0
20220619:0311,0.69,7.44,8.5,12.68,3.17,0.0
20220619:0411,5.02,15.71,15.36,13.04,2.97,0.0
20220619:0511,143.06,213.41,22.79,13.85,3.03,0.0
20220619:0611,314.49,395.24,30.44,14.88,2.69,0.0
20220619:0711,508.38,630.98,37.93,14.8,1.45,0.0
20220619:0811,497.6,616.29,44.76,15.68,1.93,0.0
20220619:0911,521.57,647.21,50.26,16.38,2.41,0.0
20220619:1011,497.91,620.92,53.56,17.06,2.21,0.0
20220619:1111,641.64,808.94,53.96,18.13,2.9,0.0
20220619:1211,692.06,873.56,51.34,18.84,3.45,0.0
20220619:1311,630.02,789.05,46.32,18.88,3.38,0.0
20220619:1411,487.03,606.58,39.75,19.05,3.03,0.0
20220619:1511,322.38,408.28,32.38,19.26,2.76,0.0
20220619:1611,184.4,265.16,24.73,19.15,2.55,0.0
20220619:1711,29.14,67.73,17.21,18.64,2.07,0.0
20220619:1811,23.57,43.0,10.17,17.65,2.34,0.0
20220619:1911,5.41,16.54,3.93,16.27,2.9,0.0
20220619:2011,0.0,0.0,0.0,15.53,2.83,0.0
20220619:2111,0.0,0.0,0.0,14.67,2.48,0.0
20220619:2211,0.0,0.0,0.0,13.83,2.69,0.0
20220619:2311,0.0,0.0,0.0,13.04,2.76,0.0
20220620:0011,0.0,0.0,0.0,12.52,2.55,0.0
20220620:0111,0.0,0.0,0.0,12.35,2.28,0.0
20220620:0211,0.0,1.65,2.5,12.19,2.28,0.0
20220620:0311,0.7,7.44,8.48,12.17,2.28,0.0
20220620:0411,5.03,15.71,15.35,12.63,2.28,0.0
20220620:0511,40.4,63.65,22.77,13.44,2.62,0.0
20220620:0611,114.69,152.43,30.42,14.34,2.34,0.0
20220620:0711,154.66,198.86,37.92,14.23,2.41,0.0
20220620:0811,190.34,241.3,44.75,14.81,2.14,0.0
20220620:0911,174.75,223.68,50.25,15.28,2.0,0.0
20220620:1011,238.56,300.1,53.57,16.02,1.93,0.0
20220620:1111,451.89,560.82,53.98,16.33,2.07,0.0
20220620:1211,243.47,307.27,51.36,16.81,1.72,0.0
20220620:1311,301.93,377.34,46.35,17.07,1.86,0.0
20220620:1411,306.49,380.25,39.79,16.34,2.34,0.0
20220620:1511,217.86,275.37,32.42,15.54,2.0,0.0
20220620:1611,180.29,247.69,24.77,15.35,0.97,0.0
20220620:1711,71.1,107.71,17.25,14.99,0.28,0.0
20220620:1811,34.74,57.05,10.21,14.85,0.14,0.0
20220620:1911,6.49,18.19,3.96,14.17,0.83,0.0
20220620:2011,0.0,0.0,0.0,13.47,0.69,0.0
20220620:2111,0.0,0.0,0.0,13.62,0.21,0.0
20220620:2211,0.0,0.0,0.0,13.44,0.55,0.0
20220620:2311,0.0,0.0,0.0,12.7,0.69,0.0
20220621:0011,0.0,0.0,0.0,12.58,0.69,0.0
20220621:0111,0.0,0.0,0.0,11.56,0.9,0.0
20220621:0211,0.0,1.65,2.48,10.39,1.17,0.0
20220621:0311,25.04,43.82,8.46,10.87,1.31,0.0
20220621:0411,59.12,85.99,15.33,11.78,1.1,0.0
20220621:0511,138.2,212.87,22.75,13.41,1.24,0.0
20220621:0611,333.7,424.46,30.4,15.03,1.52,0.0
20220621:0711,498.31,629.25,37.89,16.73,0.83,0.0
20220621:0811,596.25,775.79,44.73,18.05,0.28,0.0
20220621:0911,598.49,781.72,50.24,18.96,0.48,0.0
20220621:1011,688.08,901.67,53.57,19.64,1.31,0.0
20220621:1111,564.53,718.27,53.98,19.76,2.14,0.0
20220621:1211,564.83,706.11,51.38,18.92,3.31,0.0
20220621:1311,391.98,485.41,46.37,18.53,3.59,0.0
20220621:1411,482.1,597.16,39.82,18.54,3.38,0.0
20220621:1511,386.68,488.28,32.45,18.83,3.1,0.0
20220621:1611,185.19,265.64,24.8,18.83,3.03,0.0
20220621:1711,34.79,73.75,17.28,18.16,2.97,0.0
20220621:1811,31.84,53.75,10.23,17.33,3.17,0.0
20220621:1911,5.91,17.36,3.99,16.25,3.17,0.0
20220621:2011,0.0,0.0,0.0,15.44,3.52,0.0
20220621:2111,0.0,0.0,0.0,14.99,3.72,0.0
20220621:2211,0.0,0.0,0.0,14.88,3.66,0.0
20220621:2311,0.0,0.0,0.0,14.73,3.45,0.0
20220622:0011,0.0,0.0,0.0,14.54,3.24,0.0
20220622:0111,0.0,0.0,0.0,14.39,2.76,0.0
20220622:0211,0.0,1.65,2.46,14.24,2.28,0.0
20220622:0311,0.68,7.44,8.44,14.28,1.93,0.0
20220622:0411,4.97,15.71,15.3,14.51,1.86,0.0
20220622:0511,12.19,26.9,22.72,14.91,1.79,0.0
20220622:0611,96.64,131.79,30.37,14.99,1.59,0.0
20220622:0711,281.84,351.63,37.87,15.53,1.31,0.0
20220622:0811,457.69,569.23,44.71,16.52,1.66,0.0
20220622:0911,464.39,578.41,50.22,17.26,2.07,0.0
20220622:1011,105.99,144.34,53.56,17.77,2.21,0.0
20220622:1111,174.05,225.92,53.99,18.5,2.28,0.0
20220622:1211,195.96,252.44,51.4,19.03,2.48,0.0
20220622:1311,196.27,253.02,46.39,19.55,2.76,0.0
20220622:1411,182.97,236.97,39.84,19.57,2.9,0.0
20220622:1511,248.6,316.68,32.47,19.44,2.97,0.0
20220622:1611,157.04,212.64,24.82,19.11,2.9,0.0
20220622:1711,72.1,105.44,17.3,18.6,3.03,0.0
20220622:1811,34.29,57.05,10.26,18.08,3.24,0.0
20220622:1911,6.4,18.19,4.0,16.66,3.24,0.0
20220622:2011,0.0,0.0,0.0,15.86,2.97,0.0
20220622:2111,0.0,0.0,0.0,15.27,2.83,0.0
20220622:2211,0.0,0.0,0.0,14.95,2.55,0.0
20220622:2311,0.0,0.0,0.0,14.62,2.34,0.0
20220623:0011,0.0,0.0,0.0,14.46,2.14,0.0
20220623:0111,0.0,0.0,0.0,14.27,2.28,0.0
20220623:0211,0.0,0.83,2.44,14.05,2.34,0.0
20220623:0311,4.02,14.06,8.41,14.19,2.41,0.0
20220623:0411,60.42,88.47,15.27,14.77,2.48,0.0
20220623:0511,17.24,34.07,22.69,15.36,2.76,0.0
20220623:0611,234.85,297.11,30.34,15.95,2.97,0.0
20220623:0711,183.13,233.45,37.83,16.77,4.28,0.0
20220623:0811,525.9,645.31,44.68,17.51,4.14,0.0
20220623:0911,738.11,923.59,50.2,18.34,4.21,0.0
20220623:1011,791.56,1004.74,53.54,19.39,4.14,0.0
20220623:1111,795.44,1013.82,53.98,19.87,4.07,0.0
20220623:1211,752.82,956.96,51.4,20.74,4.14,0.0
20220623:1311,657.85,828.65,46.41,21.54,4.28,0.0
20220623:1411,536.03,670.62,39.86,22.07,4.48,0.0
20220623:1511,293.15,374.55,32.49,22.32,4.34,0.0
20220623:1611,180.01,261.16,24.84,22.11,4.0,0.0
20220623:1711,36.33,75.97,17.32,21.33,3.79,0.0
20220623:1811,25.1,45.48,10.27,20.33,3.72,0.0
20220623:1911,6.29,18.19,4.02,19.41,3.59,0.0
20220623:2011,0.0,0.0,0.0,18.5,3.38,0.0
20220623:2111,0.0,0.0,0.0,17.91,3.03,0.0
20220623:2211,0.0,0.0,0.0,17.38,2.76,0.0
20220623:2311,0.0,0.0,0.0,16.87,2.62,0.0
20220624:0011,0.0,0.0,0.0,16.42,2.48,0.0
20220624:0111,0.0,0.0,0.0,16.04,2.34,0.0
20220624:0211,1.4,9.1,2.4,15.65,2.28,0.0
20220624:0311,19.5,37.21,8.37,15.57,2.0,0.0
20220624:0411,33.92,56.23,15.23,16.22,1.66,0.0
20220624:0511,132.05,207.21,22.65,17.3,1.66,0.0
20220624:0611,322.81,417.27,30.3,18.59,1.79,0.0
20220624:0711,497.84,624.5,37.79,19.39,2.48,0.0
20220624:0811,626.8,792.57,44.64,20.51,3.03,0.0
20220624:0911,725.62,930.02,50.17,21.32,3.38,0.0
20220624:1011,782.08,1011.49,53.52,21.94,3.66,0.0
20220624:1111,782.71,1015.09,53.97,22.38,3.66,0.0
20220624:1211,743.41,958.28,51.4,22.63,3.72,0.0
20220624:1311,658.01,835.11,46.41,22.46,4.0,0.0
20220624:1411,534.3,668.66,39.87,21.84,4.28,0.0
20220624:1511,379.85,482.03,32.51,21.06,4.07,0.0
20220624:1611,182.6,262.47,24.86,20.28,3.59,0.0
20220624:1711,37.42,77.08,17.33,19.56,3.17,0.0
20220624:1811,25.3,45.48,10.28,18.75,2.9,0.0
20220624:1911,6.36,18.19,4.02,17.61,2.97,0.0
20220624:2011,0.0,0.0,0.0,16.85,2.97,0.0
20220624:2111,0.0,0.0,0.0,16.61,2.97,0.0
20220624:2211,0.0,0.0,0.0,16.68,2.97,0.0
20220624:2311,0.0,0.0,0.0,16.78,2.97,0.0
20220625:0011,0.0,0.0,0.0,16.72,2.69,0.0
20220625:0111,0.0,0.0,0.0,16.48,2.62,0.0
20220625:0211,1.79,9.92,2.36,16.28,2.83,0.0
20220625:0311,21.88,40.52,8.33,16.41,2.97,0.0
20220625:0411,38.33,62.01,15.18,17.22,2.69,0.0
20220625:0511,134.55,205.61,22.6,18.38,2.76,0.0
20220625:0611,321.16,414.19,30.25,19.52,2.9,0.0
20220625:0711,494.3,619.11,37.75,20.39,3.24,0.0
20220625:0811,617.03,779.6,44.6,21.17,3.38,0.0
20220625:0911,722.57,926.99,50.13,21.83,3.52,0.0
20220625:1011,773.53,1002.76,53.49,22.35,3.59,0.0
20220625:1111,779.75,1012.03,53.95,22.71,3.72,0.0
20220625:1211,739.97,955.4,51.39,22.8,3.66,0.0
20220625:1311,652.69,833.85,46.41,22.98,3.59,0.0
20220625:1411,531.88,672.37,39.88,22.8,3.59,0.0
20220625:1511,376.81,482.84,32.51,22.43,3.45,0.0
20220625:1611,182.29,263.64,24.86,21.86,3.24,0.0
20220625:1711,38.32,78.83,17.34,21.1,3.03,0.0
20220625:1811,25.73,46.3,10.29,20.19,2.97,0.0
20220625:1911,6.3,18.19,4.02,19.14,2.83,0.0
20220625:2011,0.0,0.0,0.0,18.2,2.9,0.0
20220625:2111,0.0,0.0,0.0,17.65,2.76,0.0
20220625:2211,0.0,0.0,0.0,17.3,2.62,0.0
20220625:2311,0.0,0.0,0.0,17.11,2.41,0.0
20220626:0011,0.0,0.0,0.0,17.02,2.34,0.0
20220626:0111,0.0,0.0,0.0,16.89,2.41,0.0
20220626:0211,1.39,9.1,2.32,16.83,2.41,0.0
20220626:0311,21.79,40.52,8.28,17.05,2.14,0.0
20220626:0411,38.18,62.01,15.13,17.78,1.59,0.0
20220626:0511,128.65,202.76,22.55,19.36,1.17,0.0
20220626:0611,311.11,408.11,30.2,20.98,1.38,0.0
20220626:0711,476.03,607.37,37.7,21.64,1.79,0.0
20220626:0811,593.2,764.89,44.55,22.62,2.07,0.0
20220626:0911,683.67,893.25,50.09,23.38,2.41,0.0
20220626:1011,743.91,978.69,53.46,23.88,2.83,0.0
20220626:1111,729.14,954.2,53.93,24.09,3.17,0.0
20220626:1211,725.17,945.64,51.38,24.23,3.31,0.0
20220626:1311,636.41,819.25,46.41,24.07,3.24,0.0
20220626:1411,515.85,657.03,39.88,23.83,3.17,0.0
20220626:1511,365.83,472.53,32.51,23.73,3.1,0.0
20220626:1611,179.47,261.22,24.87,23.18,2.9,0.0
20220626:1711,40.44,81.1,17.34,22.39,2.69,0.0
20220626:1811,27.4,48.78,10.28,21.43,2.48,0.0
20220626:1911,6.25,18.19,4.02,20.3,2.41,0.0
20220626:2011,0.0,0.0,0.0,19.27,2.34,0.0
20220626:2111,0.0,0.0,0.0,18.58,2.34,0.0
20220626:2211,0.0,0.0,0.0,18.21,2.41,0.0
20220626:2311,0.0,0.0,0.0,18.0,2.55,0.0
20220627:0011,0.0,0.0,0.0,17.88,2.76,0.0
20220627:0111,0.0,0.0,0.0,17.89,2.9,0.0
20220627:0211,1.76,9.92,2.27,17.9,2.76,0.0
20220627:0311,23.5,43.0,8.23,18.25,2.55,0.0
20220627:0411,51.74,79.38,15.08,19.15,2.28,0.0
20220627:0511,130.29,201.55,22.5,20.35,2.34,0.0
20220627:0611,300.02,391.2,30.15,21.4,2.41,0.0
20220627:0711,451.32,573.93,37.65,22.62,2.55,0.0
20220627:0811,582.68,747.86,44.5,23.38,2.69,0.0
20220627:0911,686.78,896.9,50.04,23.81,2.62,0.0
20220627:1011,742.09,976.65,53.41,24.39,2.97,0.0
20220627:1111,756.76,993.0,53.89,25.01,3.59,0.0
20220627:1211,717.8,932.42,51.36,24.93,3.86,0.0
20220627:1311,637.66,818.61,46.4,24.63,3.79,0.0
20220627:1411,512.81,651.82,39.87,24.24,3.66,0.0
20220627:1511,362.87,467.8,32.51,23.71,3.38,0.0
20220627:1611,179.91,260.03,24.86,23.06,3.1,0.0
20220627:1711,47.98,88.89,17.34,22.51,2.97,0.0
20220627:1811,31.09,53.75,10.27,21.86,2.83,0.0
20220627:1911,6.24,18.19,4.0,20.77,3.38,0.0
20220627:2011,0.0,0.0,0.0,20.02,3.59,0.0
20220627:2111,0.0,0.0,0.0,19.66,3.59,0.0
20220627:2211,0.0,0.0,0.0,19.55,3.72,0.0
20220627:2311,0.0,0.0,0.0,19.51,3.66,0.0
20220628:0011,0.0,0.0,0.0,19.49,3.52,0.0
20220628:0111,0.0,0.0,0.0,19.49,3.52,0.0
20220628:0211,0.98,8.27,2.21,19.52,3.52,0.0
20220628:0311,0.31,6.61,8.17,19.88,3.52,0.0
20220628:0411,58.09,87.65,15.02,20.6,3.45,0.0
20220628:0511,131.67,192.78,22.43,21.43,3.24,0.0
20220628:0611,0.0,0.0,0.0,22.19,3.45,0.0
20220628:0711,0.0,0.0,0.0,22.75,3.66,0.0
20220628:0811,0.0,0.0,0.0,23.58,4.0,0.0
20220628:0911,682.2,875.44,49.98,24.06,4.14,0.0
20220628:1011,737.4,954.39,53.36,24.34,4.21,0.0
20220628:1111,653.87,840.0,53.86,24.59,4.34,0.0
20220628:1211,700.55,898.68,51.33,24.24,4.55,0.0
20220628:1311,545.44,690.49,46.38,24.24,4.62,0.0
20220628:1411,395.98,500.47,39.86,23.99,4.41,0.0
20220628:1511,324.23,416.84,32.5,23.74,3.93,0.0
20220628:1611,176.29,251.63,24.85,23.54,3.24,0.0
20220628:1711,32.28,55.58,17.32,23.11,2.48,0.0
20220628:1811,13.06,28.94,10.26,22.34,1.52,0.0
20220628:1911,1.32,9.1,3.98,21.79,1.72,0.0
20220628:2011,0.0,0.0,0.0,20.76,3.03,0.0
20220628:2111,0.0,0.0,0.0,19.51,3.79,0.0
20220628:2211,0.0,0.0,0.0,18.21,3.72,0.0
20220628:2311,0.0,0.0,0.0,17.43,3.38,0.0
20220629:0011,0.0,0.0,0.0,16.95,3.31,0.0
20220629:0111,0.0,0.0,0.0,16.73,3.24,0.0
20220629:0211,1.01,8.27,2.15,16.54,3.24,0.0
20220629:0311,0.33,6.61,8.1,16.54,3.17,0.0
20220629:0411,4.42,14.88,14.95,16.74,3.03,0.0
20220629:0511,0.0,0.0,0.0,16.89,2.97,0.0
20220629:0611,0.0,0.0,0.0,17.57,2.83,0.0
20220629:0711,0.0,0.0,0.0,19.35,2.55,0.0
20220629:0811,456.47,571.6,44.37,19.97,2.69,0.0
20220629:0911,670.1,864.37,49.92,20.91,2.21,0.0
20220629:1011,520.67,672.78,53.31,21.94,1.38,0.0
20220629:1111,166.1,221.44,53.81,22.25,0.69,0.0
20220629:1211,65.3,97.72,51.29,22.59,0.55,0.0
20220629:1311,125.45,171.24,46.35,22.16,1.1,0.0
20220629:1411,58.36,88.76,39.84,22.01,0.9,0.0
20220629:1511,81.29,117.44,32.48,22.21,0.34,0.0
20220629:1611,154.96,215.72,24.84,22.23,0.28,0.0
20220629:1711,69.1,103.97,17.31,22.25,0.55,0.0
20220629:1811,18.86,37.21,10.24,21.64,0.9,0.0
20220629:1911,4.8,15.71,3.96,20.1,0.97,0.0
20220629:2011,0.0,0.0,0.0,19.82,1.03,0.0
20220629:2111,0.0,0.0,0.0,19.57,1.38,0.0
20220629:2211,0.0,0.0,0.0,19.32,1.45,0.0
20220629:2311,0.0,0.0,0.0,19.2,1.17,0.0
20220630:0011,0.0,0.0,0.0,19.07,1.45,0.0
20220630:0111,0.0,0.0,0.0,18.83,1.72,0.0
20220630:0211,0.99,8.27,2.08,18.76,1.72,0.0
20220630:0311,0.32,6.61,8.03,18.91,1.45,0.0
20220630:0411,4.35,14.88,14.88,19.44,1.24,0.0
20220630:0511,48.93,76.2,22.3,20.12,1.72,0.0
20220630:0611,112.59,154.22,29.95,20.63,2.0,0.0
20220630:0711,163.5,216.51,37.45,21.64,1.72,0.0
20220630:0811,327.86,417.94,44.3,22.53,2.28,0.0
20220630:0911,176.18,231.32,49.85,21.3,2.21,0.0
20220630:1011,560.22,720.0,53.25,22.02,2.14,0.0
20220630:1111,559.39,715.16,53.76,23.01,3.1,0.0
20220630:1211,514.18,653.72,51.25,23.64,3.66,0.0
20220630:1311,365.5,462.59,46.32,23.24,3.79,0.0
20220630:1411,358.78,454.02,39.81,23.25,3.79,0.0
20220630:1511,70.54,104.0,32.46,23.24,4.14,0.0
20220630:1611,83.15,118.76,24.81,21.32,3.72,0.0
20220630:1711,71.17,105.75,17.28,21.06,2.83,0.0
20220630:1811,33.17,56.23,10.21,20.69,2.55,0.0
20220630:1911,5.75,17.36,3.93,20.45,2.62,0.0
20220630:2011,0.0,0.0,0.0,19.62,2.97,0.0
20220630:2111,0.0,0.0,0.0,19.05,2.9,0.0
20220630:2211,0.0,0.0,0.0,18.73,2.76,0.0
20220630:2311,0.0,0.0,0.0,18.38,2.76,0.0
20220701:0011,0.0,0.0,0.0,18.36,2.97,0.0
20220701:0111,0.0,0.0,0.0,18.44,2.41,0.0
20220701:0211,0.64,7.44,2.0,18.48,2.41,0.0
20220701:0311,0.31,6.61,7.96,19.07,3.52,0.0
20220701:0411,3.87,14.06,14.8,19.88,4.69,0.0
20220701:0511,10.65,25.1,22.22,20.26,5.79,0.0
20220701:0611,68.9,100.41,29.87,19.95,6.55,0.0
20220701:0711,65.89,96.82,37.37,19.62,3.66,0.0
20220701:0811,83.51,118.34,44.23,19.99,3.79,0.0
20220701:0911,164.61,215.61,49.78,20.46,3.86,0.0
20220701:1011,338.57,426.46,53.18,21.39,3.72,0.0
20220701:1111,330.27,415.67,53.7,21.64,4.41,0.0
20220701:1211,203.82,263.81,51.2,21.98,4.41,0.0
20220701:1311,212.21,273.67,46.28,22.12,4.69,0.0
20220701:1411,434.16,544.44,39.78,22.64,4.41,0.0
20220701:1511,276.53,354.66,32.43,22.7,4.07,0.0
20220701:1611,171.57,239.73,24.79,22.39,3.38,0.0
20220701:1711,56.57,97.03,17.25,22.15,2.83,0.0
20220701:1811,32.35,55.4,10.18,21.76,2.14,0.0
20220701:1911,4.31,14.88,3.89,20.81,1.93,0.0
20220701:2011,0.0,0.0,0.0,19.94,2.34,0.0
20220701:2111,0.0,0.0,0.0,19.48,2.69,0.0
20220701:2211,0.0,0.0,0.0,19.32,2.69,0.0
20220701:2311,0.0,0.0,0.0,19.26,2.41,0.0
20220702:0011,0.0,0.0,0.0,19.2,3.1,0.0
20220702:0111,0.0,0.0,0.0,19.51,3.45,0.0
20220702:0211,0.63,7.44,1.92,19.79,3.24,0.0
20220702:0311,0.31,6.61,7.87,19.9,3.59,0.0
20220702:0411,21.46,40.52,14.72,19.94,2.41,0.0
20220702:0511,123.44,174.41,22.14,20.33,3.59,0.0
20220702:0611,165.35,217.51,29.79,21.02,4.62,0.0
20220702:0711,257.87,324.96,37.29,20.62,5.86,0.0
20220702:0811,174.28,227.47,44.15,21.32,4.9,0.0
20220702:0911,338.87,425.55,49.7,21.82,4.76,0.0
20220702:1011,329.79,414.59,53.1,21.77,4.9,0.0
20220702:1111,199.42,257.93,53.63,21.52,4.69,0.0
20220702:1211,75.16,108.48,51.15,20.75,4.83,0.0
20220702:1311,528.5,654.79,46.24,19.93,4.55,0.0
20220702:1411,471.3,584.24,39.74,20.04,4.21,0.0
20220702:1511,368.24,466.69,32.4,21.2,4.21,0.0
20220702:1611,181.53,259.24,24.75,21.51,4.0,0.0
20220702:1711,42.96,84.03,17.22,21.32,3.93,0.0
20220702:1811,26.9,47.96,10.14,20.75,3.66,0.0
20220702:1911,5.79,17.36,3.84,19.64,3.52,0.0
20220702:2011,0.0,0.0,0.0,18.8,3.31,0.0
20220702:2111,0.0,0.0,0.0,18.01,2.69,0.0
20220702:2211,0.0,0.0,0.0,17.38,2.48,0.0
20220702:2311,0.0,0.0,0.0,16.93,2.48,0.0
20220703:0011,0.0,0.0,0.0,16.57,2.48,0.0
20220703:0111,0.0,0.0,0.0,16.29,2.48,0.0
20220703:0211,0.66,7.44,1.83,16.09,2.48,0.0
20220703:0311,21.9,40.52,7.79,16.09,2.34,0.0
20220703:0411,38.41,62.01,14.63,16.7,2.14,0.0
20220703:0511,127.11,199.12,22.05,17.69,2.55,0.0
20220703:0611,310.58,399.01,29.7,18.57,3.1,0.0
20220703:0711,476.35,592.95,37.2,19.39,3.38,0.0
20220703:0811,507.64,632.59,44.06,20.12,3.72,0.0
20220703:0911,581.49,728.13,49.61,20.89,4.34,0.0
20220703:1011,747.15,950.71,53.02,21.31,4.48,0.0
20220703:1111,710.96,901.53,53.56,21.35,4.55,0.0
20220703:1211,253.01,321.74,51.09,21.13,4.28,0.0
20220703:1311,428.0,534.17,46.19,21.19,4.28,0.0
20220703:1411,153.91,203.52,39.7,21.37,4.07,0.0
20220703:1511,335.16,424.53,32.36,20.96,4.07,0.0
20220703:1611,50.37,78.0,24.71,20.55,3.86,0.0
20220703:1711,54.3,95.19,17.18,20.05,3.72,0.0
20220703:1811,27.09,47.96,10.09,19.39,3.52,0.0
20220703:1911,5.33,16.54,3.79,18.62,2.83,0.0
20220703:2011,0.0,0.0,0.0,18.15,2.69,0.0
20220703:2111,0.0,0.0,0.0,17.72,2.55,0.0
20220703:2211,0.0,0.0,0.0,17.54,2.55,0.0
20220703:2311,0.0,0.0,0.0,17.18,2.76,0.0
20220704:0011,0.0,0.0,0.0,16.99,3.03,0.0
20220704:0111,0.0,0.0,0.0,16.83,3.03,0.0
20220704:0211,0.33,6.61,1.74,16.64,3.17,0.0
20220704:0311,22.46,41.34,7.69,16.74,3.24,0.0
20220704:0411,49.59,76.07,14.54,17.36,3.31,0.0
20220704:0511,116.53,161.0,21.96,18.03,4.21,0.0
20220704:0611,272.61,347.09,29.61,18.58,4.69,0.0
20220704:0711,117.35,157.79,37.11,18.65,4.76,0.0
20220704:0811,217.06,275.07,43.97,18.72,4.9,0.0
20220704:0911,155.59,203.51,49.52,19.38,4.97,0.0
20220704:1011,88.16,123.72,52.93,19.96,5.52,0.0
20220704:1111,503.23,618.37,53.48,18.77,5.45,0.0
20220704:1211,65.85,96.82,51.02,20.06,5.24,0.0
20220704:1311,244.46,307.55,46.13,19.25,5.66,0.0
20220704:1411,139.48,184.08,39.65,18.58,3.93,0.0
20220704:1511,243.56,309.51,32.31,19.08,3.24,0.0
20220704:1611,28.08,49.31,24.67,19.56,2.48,0.0
20220704:1711,8.36,21.52,17.13,19.38,2.28,0.0
20220704:1811,31.53,53.75,10.04,19.04,2.21,0.0
20220704:1911,0.32,6.61,3.73,18.07,1.93,0.0
20220704:2011,0.0,0.0,0.0,17.58,2.14,0.0
20220704:2111,0.0,0.0,0.0,17.18,2.21,0.0
20220704:2211,0.0,0.0,0.0,17.0,2.28,0.0
20220704:2311,0.0,0.0,0.0,16.71,2.97,0.0
20220705:0011,0.0,0.0,0.0,16.13,3.17,0.0
20220705:0111,0.0,0.0,0.0,15.67,3.24,0.0
20220705:0211,0.03,5.79,1.64,15.11,3.52,0.0
20220705:0311,0.34,6.61,7.6,14.91,3.79,0.0
20220705:0411,56.42,83.51,14.44,14.77,4.34,0.0
20220705:0511,127.22,196.88,21.86,15.0,4.34,0.0
20220705:0611,264.01,331.53,29.51,15.47,4.48,0.0
20220705:0711,429.65,521.5,37.01,15.78,4.83,0.0
20220705:0811,360.46,439.06,43.87,16.32,5.31,0.0
20220705:0911,359.04,438.71,49.42,16.96,5.66,0.0
20220705:1011,439.01,535.44,52.84,17.35,5.66,0.0
20220705:1111,517.03,632.86,53.39,17.83,5.38,0.0
20220705:1211,663.87,816.96,50.94,18.14,5.66,0.0
20220705:1311,105.47,143.44,46.06,18.42,5.59,0.0
20220705:1411,326.09,403.12,39.59,18.79,5.31,0.0
20220705:1511,97.7,134.48,32.26,18.79,5.38,0.0
20220705:1611,143.23,191.92,24.61,18.76,5.17,0.0
20220705:1711,50.4,91.24,17.07,18.28,4.21,0.0
20220705:1811,33.71,56.23,9.98,17.75,3.72,0.0
20220705:1911,5.39,16.54,3.67,16.73,3.72,0.0
20220705:2011,0.0,0.0,0.0,16.25,3.52,0.0
20220705:2111,0.0,0.0,0.0,15.81,3.45,0.0
20220705:2211,0.0,0.0,0.0,15.33,3.59,0.0
20220705:2311,0.0,0.0,0.0,14.72,3.66,0.0
20220706:0011,0.0,0.0,0.0,14.31,3.66,0.0
20220706:0111,0.0,0.0,0.0,14.03,3.66,0.0
20220706:0211,0.0,4.96,1.54,13.73,3.52,0.0
20220706:0311,20.95,38.86,7.49,13.72,3.38,0.0
20220706:0411,39.0,62.01,14.34,13.96,3.59,0.0
20220706:0511,126.33,195.1,21.76,14.44,3.72,0.0
20220706:0611,313.78,396.34,29.41,15.16,3.45,0.0
20220706:0711,407.51,499.63,36.91,15.77,3.03,0.0
20220706:0811,593.97,733.93,43.76,16.67,3.17,0.0
20220706:0911,628.72,781.91,49.31,17.37,3.45,0.0
20220706:1011,598.92,745.2,52.74,17.88,3.59,0.0
20220706:1111,376.58,467.87,53.3,18.53,3.38,0.0
20220706:1211,717.15,911.59,50.86,19.17,3.17,0.0
20220706:1311,107.37,147.03,45.99,19.79,3.03,0.0
20220706:1411,76.07,109.38,39.53,19.92,3.31,0.0
20220706:1511,145.98,192.95,32.2,19.8,3.66,0.0
20220706:1611,141.55,190.47,24.56,18.94,3.59,0.0
20220706:1711,47.55,88.62,17.01,18.36,3.17,0.0
20220706:1811,25.39,45.48,9.92,18.05,2.48,0.0
20220706:1911,5.37,16.54,3.6,17.49,3.1,0.0
20220706:2011,0.0,0.0,0.0,16.88,3.38,0.0
20220706:2111,0.0,0.0,0.0,16.17,3.45,0.0
20220706:2211,0.0,0.0,0.0,15.48,3.59,0.0
20220706:2311,0.0,0.0,0.0,14.86,3.72,0.0
20220707:0011,0.0,0.0,0.0,14.25,3.66,0.0
20220707:0111,0.0,0.0,0.0,13.91,3.38,0.0
20220707:0211,0.0,4.96,1.43,13.57,3.03,0.0
20220707:0311,0.04,5.79,7.38,13.5,2.69,0.0
20220707:0411,4.04,14.06,14.23,13.62,2.9,0.0
20220707:0511,27.56,47.52,21.65,13.74,3.03,0.0
20220707:0611,73.05,103.1,29.3,13.8,2.9,0.0
20220707:0711,91.65,125.51,36.8,14.6,2.34,0.0
20220707:0811,144.95,188.27,43.65,14.93,2.21,0.0
20220707:0911,122.5,162.27,49.21,15.25,2.0,0.0
20220707:1011,99.67,135.38,52.63,15.0,1.59,0.0
20220707:1111,138.72,181.1,53.2,14.4,1.17,0.0
20220707:1211,70.14,100.41,50.77,14.81,0.62,0.0
20220707:1311,94.06,129.1,45.92,14.94,0.34,0.0
20220707:1411,76.04,107.58,39.46,15.15,0.83,0.0
20220707:1511,55.1,82.48,32.13,15.77,1.24,0.0
20220707:1611,135.5,180.93,24.49,15.87,1.52,0.0
20220707:1711,6.82,18.83,16.95,15.94,1.66,0.0
20220707:1811,18.87,36.38,9.85,15.68,1.03,0.0
20220707:1911,0.67,7.44,3.52,14.82,1.66,0.0
20220707:2011,0.0,0.0,0.0,14.73,1.38,0.0
20220707:2111,0.0,0.0,0.0,14.27,1.03,0.0
20220707:2211,0.0,0.0,0.0,13.72,1.31,0.0
20220707:2311,0.0,0.0,0.0,12.71,1.72,0.0
20220708:0011,0.0,0.0,0.0,12.6,2.07,0.0
20220708:0111,0.0,0.0,0.0,12.36,2.28,0.0
20220708:0211,0.0,0.0,0.0,12.2,2.28,0.0
20220708:0311,0.05,5.79,7.27,12.36,2.28,0.0
20220708:0411,11.45,25.63,14.12,12.88,2.0,0.0
20220708:0511,81.4,113.53,21.54,13.72,1.72,0.0
20220708:0611,189.84,242.5,29.19,14.61,1.59,0.0
20220708:0711,447.61,565.68,36.69,16.07,0.28,0.0
20220708:0811,575.87,741.14,43.54,17.32,0.41,0.0
20220708:0911,400.96,508.65,49.09,18.02,0.48,0.0
20220708:1011,61.43,91.45,52.51,19.0,0.83,0.0
20220708:1111,276.86,352.55,53.09,19.41,1.31,0.0
20220708:1211,554.44,707.04,50.68,19.64,1.72,0.0
20220708:1311,417.59,526.06,45.83,19.45,1.72,0.0
20220708:1411,431.27,542.07,39.38,19.07,1.72,0.0
20220708:1511,219.72,281.81,32.06,18.76,1.79,0.0
20220708:1611,155.41,209.83,24.42,18.62,2.21,0.0
20220708:1711,71.63,105.02,16.87,17.56,1.93,0.0
20220708:1811,30.54,52.09,9.77,17.18,1.72,0.0
20220708:1911,4.9,15.71,3.44,16.97,2.48,0.0
20220708:2011,0.0,0.0,0.0,16.49,2.55,0.0
20220708:2111,0.0,0.0,0.0,16.09,2.69,0.0
20220708:2211,0.0,0.0,0.0,15.92,2.62,0.0
20220708:2311,0.0,0.0,0.0,15.82,2.62,0.0
20220709:0011,0.0,0.0,0.0,15.8,2.48,0.0
20220709:0111,0.0,0.0,0.0,15.79,2.28,0.0
20220709:0211,0.0,0.0,0.0,15.69,2.34,0.0
20220709:0311,0.03,5.79,7.15,15.61,2.41,0.0
20220709:0411,3.98,14.06,14.0,15.68,2.41,0.0
20220709:0511,31.42,52.89,21.42,15.75,2.21,0.0
20220709:0611,59.49,87.86,29.07,16.07,1.86,0.0
20220709:0711,308.87,383.82,36.57,17.7,3.31,0.0
20220709:0811,575.41,716.82,43.42,18.55,3.17,0.0
20220709:0911,530.04,658.1,48.97,18.96,3.79,0.0
20220709:1011,702.22,883.42,52.4,19.3,4.14,0.0
20220709:1111,378.95,472.1,52.98,19.89,4.07,0.0
20220709:1211,174.79,227.31,50.58,20.12,4.14,0.0
20220709:1311,614.07,768.95,45.74,20.32,4.0,0.0
20220709:1411,199.3,256.46,39.3,20.25,3.86,0.0
20220709:1511,42.8,68.14,31.99,19.32,3.79,0.0
20220709:1611,141.96,190.6,24.34,18.17,3.17,0.0
20220709:1711,58.53,98.41,16.79,18.02,2.62,0.0
20220709:1811,13.99,29.77,9.69,17.51,1.93,0.0
20220709:1911,0.0,3.31,3.35,15.71,2.28,0.0
20220709:2011,0.0,0.0,0.0,15.6,1.72,0.0
20220709:2111,0.0,0.0,0.0,15.45,1.93,0.0
20220709:2211,0.0,0.0,0.0,14.87,2.34,0.0
20220709:2311,0.0,0.0,0.0,14.29,2.55,0.0
20220710:0011,0.0,0.0,0.0,13.87,2.55,0.0
20220710:0111,0.0,0.0,0.0,13.44,2.83,0.0
20220710:0211,0.0,0.0,0.0,12.97,3.1,0.0
20220710:0311,17.97,34.73,7.03,12.75,3.03,0.0
20220710:0411,33.23,54.57,13.88,12.83,2.9,0.0
20220710:0511,126.89,175.59,21.3,13.34,3.1,0.0
20220710:0611,299.02,375.91,28.95,13.96,3.1,0.0
20220710:0711,347.77,425.27,36.45,14.23,2.62,0.0
20220710:0811,445.88,544.71,43.3,14.92,2.76,0.0
20220710:0911,496.63,611.55,48.84,15.81,2.69,0.0
20220710:1011,262.89,329.68,52.27,16.54,2.0,0.0
20220710:1111,256.21,324.15,52.86,17.36,1.31,0.0
20220710:1211,334.03,421.28,50.47,17.66,0.83,0.0
20220710:1311,490.54,624.36,45.64,17.61,0.55,0.0
20220710:1411,287.23,365.4,39.21,17.76,0.07,0.0
20220710:1511,59.56,88.76,31.9,17.62,0.14,0.0
20220710:1611,151.43,204.11,24.26,17.06,0.48,0.0
20220710:1711,53.24,80.78,16.71,16.71,0.9,0.0
20220710:1811,20.1,38.04,9.6,15.61,1.52,0.0
20220710:1911,3.08,12.4,3.25,15.32,1.45,0.0
20220710:2011,0.0,0.0,0.0,14.79,1.79,0.0
20220710:2111,0.0,0.0,0.0,14.34,2.14,0.0
20220710:2211,0.0,0.0,0.0,13.91,2.34,0.0
20220710:2311,0.0,0.0,0.0,13.65,2.48,0.0
20220711:0011,0.0,0.0,0.0,13.33,2.62,0.0
20220711:0111,0.0,0.0,0.0,13.0,2.76,0.0
20220711:0211,0.0,0.0,0.0,12.71,2.83,0.0
20220711:0311,17.35,33.9,6.9,12.8,2.69,0.0
20220711:0411,41.12,64.49,13.75,13.26,2.76,0.0
20220711:0511,121.36,190.92,21.18,14.24,2.97,0.0
20220711:0611,275.0,347.08,28.83,15.38,3.45,0.0
20220711:0711,404.17,499.12,36.32,16.8,2.69,0.0
20220711:0811,501.31,623.35,43.17,17.97,2.62,0.0
20220711:0911,505.39,633.85,48.71,18.89,2.41,0.0
20220711:1011,393.13,493.5,52.14,19.45,2.34,0.0
20220711:1111,352.36,444.25,52.73,19.72,2.07,0.0
20220711:1211,394.56,498.38,50.35,20.28,2.0,0.0
20220711:1311,174.92,229.04,45.54,20.35,1.86,0.0
20220711:1411,194.85,252.62,39.12,20.14,1.86,0.0
20220711:1511,142.24,189.37,31.81,19.51,1.31,0.0
20220711:1611,13.2,28.69,24.17,18.07,0.83,0.0
20220711:1711,58.78,87.99,16.62,17.37,1.1,0.0
20220711:1811,25.52,45.48,9.5,16.8,1.1,0.0
20220711:1911,3.95,14.06,3.15,16.75,1.17,0.0
20220711:2011,0.0,0.0,0.0,16.06,1.79,0.0
20220711:2111,0.0,0.0,0.0,15.29,2.28,0.0
20220711:2211,0.0,0.0,0.0,14.78,2.55,0.0
20220711:2311,0.0,0.0,0.0,14.44,2.62,0.0
20220712:0011,0.0,0.0,0.0,14.22,2.48,0.0
20220712:0111,0.0,0.0,0.0,14.13,2.48,0.0
20220712:0211,0.0,0.0,0.0,13.99,2.69,0.0
20220712:0311,15.45,31.42,6.77,13.93,2.69,0.0
20220712:0411,36.24,58.71,13.62,14.41,2.69,0.0
20220712:0511,120.23,191.58,21.05,15.58,2.62,0.0
20220712:0611,314.69,403.68,28.7,17.06,2.69,0.0
20220712:0711,487.26,605.68,36.19,18.66,3.17,0.0
20220712:0811,634.91,797.76,43.03,20.05,3.52,0.0
20220712:0911,721.32,921.78,48.57,21.23,3.59,0.0
20220712:1011,771.07,1001.34,52.0,22.16,3.38,0.0
20220712:1111,749.0,979.76,52.6,22.84,2.97,0.0
20220712:1211,704.33,922.29,50.23,23.3,2.55,0.0
20220712:1311,575.55,746.01,45.43,23.57,2.07,0.0
20220712:1411,515.5,666.65,39.02,23.74,1.72,0.0
20220712:1511,369.08,482.21,31.72,23.71,1.38,0.0
20220712:1611,186.01,271.52,24.08,23.35,1.03,0.0
20220712:1711,36.84,78.97,16.52,22.12,0.97,0.0
20220712:1811,22.55,42.17,9.4,20.81,0.97,0.0
20220712:1911,3.42,13.23,3.04,19.69,1.52,0.0
20220712:2011,0.0,0.0,0.0,18.36,1.31,0.0
20220712:2111,0.0,0.0,0.0,17.59,1.45,0.0
20220712:2211,0.0,0.0,0.0,17.15,1.72,0.0
20220712:2311,0.0,0.0,0.0,16.78,2.34,0.0
20220713:0011,0.0,0.0,0.0,16.37,2.62,0.0
20220713:0111,0.0,0.0,0.0,15.83,2.76,0.0
20220713:0211,0.0,0.0,0.0,15.58,2.76,0.0
20220713:0311,11.85,26.46,6.63,15.61,2.83,0.0
20220713:0411,43.83,68.63,13.49,16.18,2.83,0.0
20220713:0511,118.33,185.55,20.91,17.11,2.69,0.0
20220713:0611,290.38,375.02,28.57,18.46,2.41,0.0
20220713:0711,467.39,588.22,36.06,19.88,2.28,0.0
20220713:0811,609.54,781.06,42.9,21.13,2.07,0.0
20220713:0911,707.68,919.58,48.43,22.18,2.55,0.0
20220713:1011,761.3,993.65,51.86,22.9,3.17,0.0
20220713:1111,759.38,988.51,52.46,23.26,3.52,0.0
20220713:1211,680.3,870.86,50.1,23.44,4.21,0.0
20220713:1311,374.2,471.4,45.31,23.23,4.69,0.0
20220713:1411,350.01,439.27,38.91,22.48,5.03,0.0
20220713:1511,270.09,344.52,31.61,21.98,4.83,0.0
20220713:1611,159.22,218.41,23.97,21.91,4.21,0.0
20220713:1711,65.91,98.8,16.42,21.28,4.48,0.0
20220713:1811,0.98,8.27,9.29,20.32,4.69,0.0
20220713:1911,0.0,1.65,2.92,19.43,4.83,0.0
20220713:2011,0.0,0.0,0.0,18.42,4.97,0.0
20220713:2111,0.0,0.0,0.0,17.34,5.03,0.0
20220713:2211,0.0,0.0,0.0,16.58,4.28,0.0
20220713:2311,0.0,0.0,0.0,16.08,4.14,0.0
20220714:0011,0.0,0.0,0.0,15.78,4.21,0.0
20220714:0111,0.0,0.0,0.0,15.44,4.14,0.0
20220714:0211,0.0,0.0,0.0,14.95,3.79,0.0
20220714:0311,17.81,34.73,6.48,14.44,3.59,0.0
20220714:0411,40.25,63.67,13.35,14.34,3.31,0.0
20220714:0511,123.55,185.38,20.78,14.71,3.31,0.0
20220714:0611,281.3,356.15,28.43,15.49,3.17,0.0
20220714:0711,485.4,597.24,35.92,16.06,2.83,0.0
20220714:0811,581.63,718.5,42.75,17.28,3.45,0.0
20220714:0911,575.78,714.4,48.28,18.2,3.72,0.0
20220714:1011,479.33,593.92,51.71,18.6,3.72,0.0
20220714:1111,271.11,340.83,52.32,19.04,3.79,0.0
20220714:1211,96.19,133.58,49.97,19.87,3.52,0.0
20220714:1311,434.8,544.34,45.19,20.41,3.1,0.0
20220714:1411,44.34,69.93,38.79,18.88,4.55,0.0
20220714:1511,21.03,39.45,31.5,17.09,4.9,0.0
20220714:1611,60.84,89.65,23.87,16.98,3.79,0.0
20220714:1711,71.61,107.51,16.31,16.81,3.72,0.0
20220714:1811,28.29,48.78,9.17,15.4,3.03,0.0
20220714:1911,2.64,11.58,2.8,15.15,2.62,0.0
20220714:2011,0.0,0.0,0.0,14.45,2.9,0.0
20220714:2111,0.0,0.0,0.0,14.17,2.97,0.0
20220714:2211,0.0,0.0,0.0,13.98,3.38,0.0
20220714:2311,0.0,0.0,0.0,13.77,3.59,0.0
20220715:0011,0.0,0.0,0.0,13.44,3.59,0.0
20220715:0111,0.0,0.0,0.0,13.04,3.66,0.0
20220715:0211,0.0,0.0,0.0,12.51,3.86,0.0
20220715:0311,0.0,4.96,6.34,12.04,4.0,0.0
20220715:0411,46.84,71.11,13.2,12.08,4.07,0.0
20220715:0511,118.57,186.26,20.63,12.44,4.48,0.0
20220715:0611,301.94,376.7,28.29,12.99,4.41,0.0
20220715:0711,470.31,565.72,35.77,13.65,4.48,0.0
20220715:0811,503.05,606.26,42.6,14.66,4.76,0.0
20220715:0911,383.19,464.64,48.13,15.37,5.1,0.0
20220715:1011,520.8,631.14,51.55,15.53,5.1,0.0
20220715:1111,668.14,815.85,52.17,15.64,5.17,0.0
20220715:1211,563.86,684.14,49.83,15.79,5.24,0.0
20220715:1311,562.23,679.81,45.06,15.88,5.59,0.0
20220715:1411,346.6,420.96,38.67,15.71,5.59,0.0
20220715:1511,306.86,377.4,31.39,15.41,5.38,0.0
20220715:1611,184.93,249.94,23.75,15.27,5.31,0.0
20220715:1711,71.27,106.59,16.19,15.05,5.03,0.0
20220715:1811,28.43,48.78,9.05,14.61,4.34,0.0
20220715:1911,0.0,4.13,2.67,13.6,3.66,0.0
20220715:2011,0.0,0.0,0.0,13.18,2.69,0.0
20220715:2111,0.0,0.0,0.0,12.9,2.48,0.0
20220715:2211,0.0,0.0,0.0,12.6,2.83,0.0
20220715:2311,0.0,0.0,0.0,12.59,3.03,0.0
20220716:0011,0.0,0.0,0.0,12.52,3.24,0.0
20220716:0111,0.0,0.0,0.0,12.23,3.24,0.0
20220716:0211,0.0,0.0,0.0,11.84,3.1,0.0
20220716:0311,0.0,4.96,6.18,11.69,2.9,0.0
20220716:0411,6.06,17.36,13.05,11.95,2.55,0.0
20220716:0511,124.14,176.4,20.49,12.6,2.69,0.0
20220716:0611,280.38,352.08,28.14,13.4,2.9,0.0
20220716:0711,391.32,473.89,35.62,13.83,3.66,0.0
20220716:0811,495.67,600.5,42.45,14.86,4.0,0.0
20220716:0911,606.12,743.73,47.97,15.71,3.79,0.0
20220716:1011,392.28,480.3,51.39,16.14,3.79,0.0
20220716:1111,398.32,486.09,52.01,15.95,4.28,0.0
20220716:1211,490.67,595.9,49.68,15.83,4.76,0.0
20220716:1311,245.94,304.87,44.93,15.54,4.62,0.0
20220716:1411,259.24,320.08,38.55,15.75,4.9,0.0
20220716:1511,290.86,359.31,31.27,15.7,4.9,0.0
20220716:1611,164.24,217.92,23.63,15.3,4.83,0.0
20220716:1711,45.91,70.88,16.07,15.01,4.69,0.0
20220716:1811,29.71,50.44,8.92,14.67,4.34,0.0
20220716:1911,0.0,2.48,2.54,13.72,3.31,0.0
20220716:2011,0.0,0.0,0.0,13.38,3.52,0.0
20220716:2111,0.0,0.0,0.0,13.36,3.72,0.0
20220716:2211,0.0,0.0,0.0,13.31,3.79,0.0
20220716:2311,0.0,0.0,0.0,13.17,3.86,0.0
20220717:0011,0.0,0.0,0.0,13.02,4.0,0.0
20220717:0111,0.0,0.0,0.0,12.97,3.93,0.0
20220717:0211,0.0,0.0,0.0,12.54,3.72,0.0
20220717:0311,15.01,30.59,6.03,12.18,3.59,0.0
20220717:0411,35.98,57.88,12.9,12.27,3.24,0.0
20220717:0511,115.32,183.42,20.34,12.91,3.52,0.0
20220717:0611,303.49,381.86,27.99,13.83,3.66,0.0
20220717:0711,435.04,532.6,35.47,14.79,2.55,0.0
20220717:0811,566.99,699.78,42.29,15.89,2.69,0.0
20220717:0911,711.4,895.62,47.81,17.04,2.9,0.0
20220717:1011,740.85,938.54,51.22,18.25,3.38,0.0
20220717:1111,676.26,850.49,51.85,19.12,3.86,0.0
20220717:1211,704.57,895.6,49.53,19.24,3.1,0.0
20220717:1311,566.13,711.79,44.78,19.63,2.83,0.0
20220717:1411,511.82,638.93,38.42,19.54,3.03,0.0
20220717:1511,242.65,308.48,31.14,19.27,3.38,0.0
20220717:1611,163.39,221.86,23.51,18.91,3.24,0.0
20220717:1711,66.11,103.04,15.94,18.46,3.24,0.0
20220717:1811,27.34,47.96,8.79,17.61,3.03,0.0
20220717:1911,0.0,1.65,2.4,16.96,2.48,0.0
20220717:2011,0.0,0.0,0.0,16.55,2.41,0.0
20220717:2111,0.0,0.0,0.0,16.16,2.28,0.0
20220717:2211,0.0,0.0,0.0,15.76,2.14,0.0
20220717:2311,0.0,0.0,0.0,15.47,2.07,0.0
20220718:0011,0.0,0.0,0.0,15.18,2.07,0.0
20220718:0111,0.0,0.0,0.0,14.95,2.07,0.0
20220718:0211,0.0,0.0,0.0,14.77,2.14,0.0
20220718:0311,0.0,4.13,5.87,14.5,2.14,0.0
20220718:0411,42.75,66.97,12.74,14.82,1.86,0.0
20220718:0511,115.88,177.03,20.18,15.7,1.66,0.0
20220718:0611,204.86,264.18,27.83,16.92,1.59,0.0
20220718:0711,460.76,573.91,35.31,18.45,2.62,0.0
20220718:0811,178.28,231.22,42.13,19.35,2.83,0.0
20220718:0911,484.88,606.78,47.64,19.67,2.9,0.0
20220718:1011,130.44,174.82,51.05,20.16,3.24,0.0
20220718:1111,166.31,217.86,51.68,20.35,3.31,0.0
20220718:1211,162.61,213.89,49.37,20.73,3.03,0.0
20220718:1311,336.03,422.84,44.64,20.98,3.17,0.0
20220718:1411,302.36,380.39,38.28,20.34,3.17,0.0
20220718:1511,120.52,162.75,31.01,19.7,2.9,0.0
20220718:1611,130.13,176.98,23.37,19.17,2.69,0.0
20220718:1711,57.95,95.69,15.8,19.04,2.55,0.0
20220718:1811,25.92,46.3,8.65,18.69,2.62,0.0
20220718:1911,0.0,0.83,2.25,17.98,3.24,0.0
20220718:2011,0.0,0.0,0.0,17.64,3.03,0.0
20220718:2111,0.0,0.0,0.0,17.38,2.9,0.0
20220718:2211,0.0,0.0,0.0,17.26,2.9,0.0
20220718:2311,0.0,0.0,0.0,17.04,3.03,0.0
20220719:0011,0.0,0.0,0.0,16.73,2.97,0.0
20220719:0111,0.0,0.0,0.0,16.28,2.83,0.0
20220719:0211,0.0,0.0,0.0,15.81,2.55,0.0
20220719:0311,10.73,24.81,5.7,15.52,2.28,0.0
20220719:0411,41.22,65.32,12.58,15.8,2.0,0.0
20220719:0511,114.69,175.58,20.02,16.69,2.07,0.0
20220719:0611,292.08,378.62,27.68,17.82,1.86,0.0
20220719:0711,453.36,572.21,35.15,18.76,1.38,0.0
20220719:0811,541.27,693.51,41.96,20.05,1.17,0.0
20220719:0911,486.57,623.34,47.47,20.85,1.24,0.0
20220719:1011,456.11,584.98,50.87,20.65,0.97,0.0
20220719:1111,407.4,519.64,51.5,20.61,1.17,0.0
20220719:1211,212.97,275.71,49.2,20.73,1.66,0.0
20220719:1311,209.46,269.98,44.48,20.09,2.07,0.0
20220719:1411,126.92,170.68,38.13,19.97,2.55,0.0
20220719:1511,227.44,290.66,30.87,19.34,2.9,0.0
20220719:1611,178.11,248.2,23.24,18.73,3.03,0.0
20220719:1711,49.29,87.25,15.66,18.0,3.03,0.0
20220719:1811,26.1,46.3,8.51,17.37,2.48,0.0
20220719:1911,0.0,0.83,2.1,16.26,2.76,0.0
20220719:2011,0.0,0.0,0.0,15.64,2.62,0.0
20220719:2111,0.0,0.0,0.0,15.36,2.83,0.0
20220719:2211,0.0,0.0,0.0,15.3,2.69,0.0
20220719:2311,0.0,0.0,0.0,15.24,2.41,0.0
20220720:0011,0.0,0.0,0.0,15.19,2.28,0.0
20220720:0111,0.0,0.0,0.0,15.22,2.21,0.0
20220720:0211,0.0,0.0,0.0,15.21,2.14,0.0
20220720:0311,0.0,4.13,5.53,15.33,2.07,0.0
20220720:0411,2.62,11.58,12.42,16.04,2.0,0.0
20220720:0511,76.1,109.13,19.86,17.35,2.41,0.0
20220720:0611,269.43,348.18,27.51,18.59,2.69,0.0
20220720:0711,437.82,547.39,34.99,19.89,2.97,0.0
20220720:0811,588.84,740.32,41.79,20.84,3.38,0.0
20220720:0911,685.7,874.09,47.29,21.85,3.66,0.0
20220720:1011,743.94,958.13,50.69,22.62,3.86,0.0
20220720:1111,749.65,965.64,51.32,23.02,4.14,0.0
20220720:1211,714.91,914.43,49.03,23.21,4.41,0.0
20220720:1311,626.51,792.1,44.32,23.28,4.62,0.0
20220720:1411,505.45,635.75,37.98,23.42,4.48,0.0
20220720:1511,341.36,437.37,30.72,23.45,4.07,0.0
20220720:1611,170.67,241.92,23.09,23.07,3.79,0.0
20220720:1711,54.18,92.11,15.52,22.28,3.52,0.0
20220720:1811,21.93,41.34,8.35,21.21,3.45,0.0
20220720:1911,0.0,0.83,1.94,19.88,3.72,0.0
20220720:2011,0.0,0.0,0.0,19.03,3.66,0.0
20220720:2111,0.0,0.0,0.0,18.54,3.79,0.0
20220720:2211,0.0,0.0,0.0,18.39,4.0,0.0
20220720:2311,0.0,0.0,0.0,18.31,3.93,0.0
20220721:0011,0.0,0.0,0.0,18.3,3.86,0.0
20220721:0111,0.0,0.0,0.0,18.24,3.59,0.0
20220721:0211,0.0,0.0,0.0,18.11,3.31,0.0
20220721:0311,0.0,4.13,5.36,17.95,3.1,0.0
20220721:0411,43.35,68.63,12.25,18.4,2.9,0.0
20220721:0511,111.92,168.87,19.69,19.6,2.48,0.0
20220721:0611,267.94,351.65,27.35,21.23,2.28,0.0
20220721:0711,432.25,549.02,34.82,22.57,2.62,0.0
20220721:0811,572.32,733.5,41.62,23.84,2.9,0.0
20220721:0911,671.16,871.59,47.11,24.87,3.31,0.0
20220721:1011,730.12,955.54,50.5,25.55,3.72,0.0
20220721:1111,731.46,956.25,51.13,25.96,4.07,0.0
20220721:1211,673.96,877.59,48.85,26.37,3.93,0.0
20220721:1311,610.17,789.57,44.15,26.47,3.72,0.0
20220721:1411,462.43,591.81,37.82,26.13,3.79,0.0
20220721:1511,340.68,440.97,30.57,25.41,3.93,0.0
20220721:1611,170.23,244.23,22.94,24.82,3.93,0.0
20220721:1711,51.34,89.52,15.36,23.41,3.59,0.0
20220721:1811,23.63,43.82,8.19,22.26,3.72,0.0
20220721:1911,0.0,3.31,1.77,21.49,4.07,0.0
20220721:2011,0.0,0.0,0.0,20.74,3.72,0.0
20220721:2111,0.0,0.0,0.0,20.44,3.31,0.0
20220721:2211,0.0,0.0,0.0,20.58,3.45,0.0
20220721:2311,0.0,0.0,0.0,21.09,3.66,0.0
20220722:0011,0.0,0.0,0.0,21.23,3.24,0.0
20220722:0111,0.0,0.0,0.0,20.71,2.34,0.0
20220722:0211,0.0,0.0,0.0,20.11,2.34,0.0
20220722:0311,0.0,3.31,5.18,19.81,2.9,0.0
20220722:0411,8.3,21.5,12.08,20.44,3.03,0.0
20220722:0511,91.8,132.5,19.52,21.4,2.41,0.0
20220722:0611,198.56,263.11,27.18,22.45,1.93,0.0
20220722:0711,260.16,332.2,34.65,20.92,2.07,0.0
20220722:0811,380.59,481.57,41.44,21.36,2.07,0.0
20220722:0911,344.31,437.16,46.92,22.12,2.48,0.0
20220722:1011,228.98,295.45,50.31,22.37,3.24,0.0
20220722:1111,484.06,611.5,50.94,22.47,3.59,0.0
20220722:1211,258.71,329.89,48.66,21.89,3.86,0.0
20220722:1311,339.14,425.78,43.98,20.96,3.45,0.0
20220722:1411,328.01,411.18,37.66,21.02,3.93,0.0
20220722:1511,132.93,178.09,30.41,20.76,3.86,0.0
20220722:1611,90.7,128.08,22.78,20.77,3.45,0.0
20220722:1711,23.96,43.93,15.2,20.16,2.62,0.0
20220722:1811,23.32,43.0,8.03,19.66,2.21,0.0
20220722:1911,0.0,0.83,1.6,19.24,1.72,0.0
20220722:2011,0.0,0.0,0.0,18.79,1.72,0.0
20220722:2111,0.0,0.0,0.0,18.31,1.72,0.0
20220722:2211,0.0,0.0,0.0,17.94,1.93,0.0
20220722:2311,0.0,0.0,0.0,17.65,1.66,0.0
20220723:0011,0.0,0.0,0.0,17.47,1.59,0.0
20220723:0111,0.0,0.0,0.0,17.18,1.86,0.0
20220723:0211,0.0,0.0,0.0,16.71,1.93,0.0
20220723:0311,0.0,3.31,5.0,16.18,2.28,0.0
20220723:0411,11.27,25.63,11.9,15.74,2.62,0.0
20220723:0511,14.67,30.48,19.35,15.36,2.9,0.0
20220723:0611,82.3,114.76,27.0,15.38,2.97,0.0
20220723:0711,141.59,184.13,34.47,15.32,3.24,0.0
20220723:0811,178.36,227.78,41.26,16.02,3.03,0.0
20220723:0911,131.49,173.93,46.73,17.01,2.55,0.0
20220723:1011,149.95,196.34,50.11,17.68,2.48,0.0
20220723:1111,132.99,176.62,50.74,17.77,1.79,0.0
20220723:1211,97.77,134.48,48.47,17.74,2.41,0.0
20220723:1311,84.27,118.34,43.8,17.79,2.55,0.0
20220723:1411,61.88,91.45,37.49,18.07,2.34,0.0
20220723:1511,118.49,159.41,30.25,18.06,2.21,0.0
20220723:1611,35.22,58.27,22.62,18.08,2.21,0.0
20220723:1711,6.75,18.83,15.04,17.73,1.79,0.0
20220723:1811,0.66,7.44,7.86,17.18,1.24,0.0
20220723:1911,0.0,0.83,1.42,15.74,2.28,0.0
20220723:2011,0.0,0.0,0.0,15.69,2.21,0.0
20220723:2111,0.0,0.0,0.0,15.62,2.0,0.0
20220723:2211,0.0,0.0,0.0,15.56,2.0,0.0
20220723:2311,0.0,0.0,0.0,15.48,2.14,0.0
20220724:0011,0.0,0.0,0.0,15.19,2.34,0.0
20220724:0111,0.0,0.0,0.0,15.09,2.48,0.0
20220724:0211,0.0,0.0,0.0,14.95,2.48,0.0
20220724:0311,0.0,3.31,4.81,14.9,2.41,0.0
20220724:0411,2.22,10.75,11.72,15.06,2.34,0.0
20220724:0511,67.99,98.32,19.17,15.47,2.28,0.0
20220724:0611,294.26,378.07,26.83,16.1,2.28,0.0
20220724:0711,438.95,547.11,34.29,17.6,2.0,0.0
20220724:0811,525.8,662.11,41.07,18.8,1.86,0.0
20220724:0911,564.99,717.94,46.53,20.09,2.14,0.0
20220724:1011,611.46,786.98,49.9,21.03,2.07,0.0
20220724:1111,708.37,940.94,50.53,21.82,1.38,0.0
20220724:1211,679.5,900.13,48.28,22.0,1.24,0.0
20220724:1311,521.09,668.85,43.61,22.41,1.86,0.0
20220724:1411,438.79,558.17,37.31,22.65,2.28,0.0
20220724:1511,235.79,306.05,30.08,22.81,2.62,0.0
20220724:1611,164.2,230.85,22.45,22.3,3.1,0.0
20220724:1711,35.27,59.17,14.87,21.83,3.38,0.0
20220724:1811,0.97,8.27,7.68,20.72,3.38,0.0
20220724:1911,0.0,0.0,0.0,19.03,3.52,0.0
20220724:2011,0.0,0.0,0.0,18.15,2.62,0.0
20220724:2111,0.0,0.0,0.0,17.35,2.14,0.0
20220724:2211,0.0,0.0,0.0,16.74,2.07,0.0
20220724:2311,0.0,0.0,0.0,16.46,2.0,0.0
20220725:0011,0.0,0.0,0.0,16.32,2.14,0.0
20220725:0111,0.0,0.0,0.0,16.38,2.14,0.0
20220725:0211,0.0,0.0,0.0,16.42,2.21,0.0
20220725:0311,0.0,3.31,4.62,16.44,2.28,0.0
20220725:0411,16.39,33.07,11.54,16.8,2.34,0.0
20220725:0511,27.02,47.52,18.99,17.45,2.69,0.0
20220725:0611,246.54,317.62,26.65,18.48,3.66,0.0
20220725:0711,334.09,414.9,34.1,19.12,4.21,0.0
20220725:0811,257.64,324.07,40.88,19.28,3.93,0.0
20220725:0911,221.6,282.26,46.33,19.94,4.41,0.0
20220725:1011,102.36,140.75,49.69,19.8,4.48,0.0
20220725:1111,0.0,0.0,0.0,19.52,4.48,0.0
20220725:1211,320.87,398.84,48.07,19.41,4.9,0.0
20220725:1311,89.24,124.62,43.42,19.21,5.59,0.0
20220725:1411,36.0,59.17,37.13,18.14,5.86,0.0
20220725:1511,128.79,170.63,29.9,18.0,5.72,0.0
20220725:1611,98.3,135.76,22.28,18.25,5.79,0.0
20220725:1711,23.57,43.03,14.69,18.26,5.72,0.0
20220725:1811,21.05,39.69,7.5,18.49,6.0,0.0
20220725:1911,0.0,0.0,0.0,18.84,4.97,0.0
20220725:2011,0.0,0.0,0.0,18.7,4.69,0.0
20220725:2111,0.0,0.0,0.0,18.43,4.48,0.0
20220725:2211,0.0,0.0,0.0,18.1,4.21,0.0
20220725:2311,0.0,0.0,0.0,17.94,4.14,0.0
20220726:0011,0.0,0.0,0.0,17.61,4.28,0.0
20220726:0111,0.0,0.0,0.0,17.17,4.62,0.0
20220726:0211,0.0,0.0,0.0,17.29,4.69,0.0
20220726:0311,0.0,3.31,4.43,17.4,4.28,0.0
20220726:0411,3.94,14.06,11.35,17.32,4.41,0.0
20220726:0511,8.47,21.52,18.81,17.32,4.07,0.0
20220726:0611,18.98,36.76,26.46,17.65,3.72,0.0
20220726:0711,228.3,286.96,33.92,17.66,4.34,0.0
20220726:0811,306.34,379.62,40.68,17.84,3.79,0.0
20220726:0911,572.82,712.44,46.12,18.63,3.52,0.0
20220726:1011,741.63,943.7,49.48,19.95,3.66,0.0
20220726:1111,450.72,562.0,50.11,20.54,4.0,0.0
20220726:1211,73.66,106.69,47.86,20.8,4.76,0.0
20220726:1311,456.99,565.27,43.22,20.64,5.17,0.0
20220726:1411,176.83,229.07,36.94,20.49,5.79,0.0
20220726:1511,147.03,193.93,29.72,20.23,5.72,0.0
20220726:1611,152.0,208.83,22.1,20.07,5.59,0.0
20220726:1711,33.77,69.27,14.51,19.41,5.1,0.0
20220726:1811,19.22,37.21,7.31,18.64,5.17,0.0
20220726:1911,0.0,0.0,0.0,17.11,4.76,0.0
20220726:2011,0.0,0.0,0.0,16.3,4.41,0.0
20220726:2111,0.0,0.0,0.0,15.95,4.41,0.0
20220726:2211,0.0,0.0,0.0,15.83,4.41,0.0
20220726:2311,0.0,0.0,0.0,15.82,4.41,0.0
20220727:0011,0.0,0.0,0.0,15.52,4.55,0.0
20220727:0111,0.0,0.0,0.0,15.12,4.76,0.0
20220727:0211,0.0,0.0,0.0,14.7,4.76,0.0
20220727:0311,0.0,2.48,4.23,14.43,4.48,0.0
20220727:0411,1.81,9.92,11.16,14.54,3.79,0.0
20220727:0511,19.26,36.76,18.62,14.94,3.66,0.0
20220727:0611,98.11,133.74,26.28,15.95,3.38,0.0
20220727:0711,167.32,215.18,33.73,16.43,2.97,0.0
20220727:0811,221.77,280.04,40.48,16.92,2.48,0.0
20220727:0911,245.16,309.71,45.91,17.96,2.28,0.0
20220727:1011,702.97,904.97,49.26,18.58,2.0,0.0
20220727:1111,205.89,264.55,49.88,18.91,2.0,0.0
20220727:1211,186.98,241.68,47.65,18.95,2.28,0.0
20220727:1311,147.26,193.25,43.02,18.15,3.03,0.0
20220727:1411,61.34,90.55,36.75,17.69,3.38,0.0
20220727:1511,68.7,99.51,29.53,17.7,3.03,0.0
20220727:1611,73.73,105.64,21.91,17.49,2.62,0.0
20220727:1711,45.2,70.86,14.32,17.32,2.41,0.0
20220727:1811,5.39,16.54,7.12,16.87,2.14,0.0
20220727:1911,0.0,0.0,0.0,15.82,1.86,0.0
20220727:2011,0.0,0.0,0.0,15.55,1.31,0.0
20220727:2111,0.0,0.0,0.0,15.53,1.17,0.0
20220727:2211,0.0,0.0,0.0,15.52,1.72,0.0
20220727:2311,0.0,0.0,0.0,15.26,2.28,0.0
20220728:0011,0.0,0.0,0.0,15.0,2.41,0.0
20220728:0111,0.0,0.0,0.0,14.77,2.48,0.0
20220728:0211,0.0,0.0,0.0,14.38,2.83,0.0
20220728:0311,0.0,2.48,4.03,13.87,3.1,0.0
20220728:0411,2.24,10.75,10.96,13.59,3.31,0.0
20220728:0511,102.76,171.53,18.43,13.54,3.66,0.0
20220728:0611,300.58,380.26,26.09,13.9,3.59,0.0
20220728:0711,475.52,576.73,33.53,14.29,3.59,0.0
20220728:0811,485.04,589.87,40.28,15.35,3.66,0.0
20220728:0911,556.72,684.35,45.69,16.25,3.45,0.0
20220728:1011,497.72,614.63,49.03,16.89,3.03,0.0
20220728:1111,650.49,818.06,49.66,17.84,2.97,0.0
20220728:1211,741.14,949.86,47.43,18.73,2.62,0.0
20220728:1311,625.16,796.68,42.81,19.45,2.07,0.0
20220728:1411,469.57,595.9,36.55,19.64,1.24,0.0
20220728:1511,324.5,413.82,29.33,19.3,1.52,0.0
20220728:1611,170.64,237.9,21.72,18.03,2.9,0.0
20220728:1711,45.69,79.64,14.12,16.76,3.24,0.0
20220728:1811,17.67,34.73,6.92,15.86,2.9,0.0
20220728:1911,0.0,0.0,0.0,15.85,1.86,0.0
20220728:2011,0.0,0.0,0.0,15.29,2.0,0.0
20220728:2111,0.0,0.0,0.0,14.99,1.79,0.0
20220728:2211,0.0,0.0,0.0,14.87,1.59,0.0
20220728:2311,0.0,0.0,0.0,14.81,1.45,0.0
20220729:0011,0.0,0.0,0.0,14.57,1.31,0.0
20220729:0111,0.0,0.0,0.0,13.87,1.1,0.0
20220729:0211,0.0,0.0,0.0,13.52,1.17,0.0
20220729:0311,4.52,14.88,3.83,13.3,1.24,0.0
20220729:0411,32.32,53.75,10.77,14.06,1.24,0.0
20220729:0511,101.69,167.24,18.24,15.59,1.1,0.0
20220729:0611,292.43,379.16,25.89,16.31,1.24,0.0
20220729:0711,476.22,600.47,33.33,17.1,0.97,0.0
20220729:0811,611.08,788.47,40.07,17.94,0.69,0.0
20220729:0911,545.04,702.07,45.48,18.72,0.62,0.0
20220729:1011,468.22,599.88,48.8,19.3,0.62,0.0
20220729:1111,395.05,503.26,49.42,19.56,0.76,0.0
20220729:1211,410.89,519.83,47.2,19.72,1.45,0.0
20220729:1311,449.81,564.6,42.59,19.47,2.14,0.0
20220729:1411,421.21,525.24,36.34,19.4,2.76,0.0
20220729:1511,367.16,463.7,29.13,19.32,3.1,0.0
20220729:1611,176.51,252.31,21.52,19.05,3.03,0.0
20220729:1711,31.11,65.03,13.92,18.68,2.69,0.0
20220729:1811,16.3,33.07,6.71,17.85,2.48,0.0
20220729:1911,0.0,0.0,0.0,17.17,2.83,0.0
20220729:2011,0.0,0.0,0.0,16.58,2.9,0.0
20220729:2111,0.0,0.0,0.0,16.28,2.97,0.0
20220729:2211,0.0,0.0,0.0,15.9,2.76,0.0
20220729:2311,0.0,0.0,0.0,15.63,2.55,0.0
20220730:0011,0.0,0.0,0.0,15.37,2.69,0.0
20220730:0111,0.0,0.0,0.0,15.05,2.62,0.0
20220730:0211,0.0,0.0,0.0,14.95,2.41,0.0
20220730:0311,0.0,2.48,3.62,14.91,2.28,0.0
20220730:0411,1.8,9.92,10.56,15.1,1.93,0.0
20220730:0511,64.86,94.77,18.04,15.75,1.66,0.0
20220730:0611,164.2,214.41,25.69,16.47,1.31,0.0
20220730:0711,338.44,428.83,33.13,18.24,0.48,0.0
20220730:0811,545.82,699.64,39.86,19.45,0.97,0.0
20220730:0911,686.67,898.17,45.25,20.29,1.38,0.0
20220730:1011,399.38,506.44,48.57,20.61,1.66,0.0
20220730:1111,57.32,86.96,49.19,20.99,1.86,0.0
20220730:1211,159.02,210.36,46.97,20.94,2.0,0.0
20220730:1311,317.75,403.83,42.37,21.67,2.14,0.0
20220730:1411,278.09,354.51,36.13,21.57,2.21,0.0
20220730:1511,115.18,157.79,28.93,21.63,2.55,0.0
20220730:1611,86.73,123.81,21.32,21.41,2.62,0.0
20220730:1711,55.26,87.41,13.72,20.57,3.03,0.0
20220730:1811,16.74,33.9,6.5,19.58,3.38,0.0
20220730:1911,0.0,0.0,0.0,18.41,4.07,0.0
20220730:2011,0.0,0.0,0.0,17.83,3.86,0.0
20220730:2111,0.0,0.0,0.0,17.39,3.72,0.0
20220730:2211,0.0,0.0,0.0,17.01,3.59,0.0
20220730:2311,0.0,0.0,0.0,16.61,3.45,0.0
20220731:0011,0.0,0.0,0.0,16.21,3.24,0.0
20220731:0111,0.0,0.0,0.0,15.87,3.1,0.0
20220731:0211,0.0,0.0,0.0,15.6,2.9,0.0
20220731:0311,0.67,7.44,3.41,15.36,2.69,0.0
20220731:0411,32.79,54.57,10.36,15.41,2.48,0.0
20220731:0511,99.33,162.78,17.84,16.36,2.34,0.0
20220731:0611,283.9,367.73,25.49,17.77,2.62,0.0
20220731:0711,472.61,590.4,32.93,19.01,2.69,0.0
20220731:0811,616.87,776.33,39.64,19.98,3.1,0.0
20220731:0911,715.97,915.22,45.02,21.05,3.38,0.0
20220731:1011,784.35,1011.34,48.33,21.61,3.79,0.0
20220731:1111,793.58,1019.62,48.94,22.04,4.41,0.0
20220731:1211,772.14,983.77,46.73,21.99,4.83,0.0
20220731:1311,674.62,846.21,42.14,21.51,4.97,0.0
20220731:1411,538.33,669.92,35.91,21.28,4.69,0.0
20220731:1511,358.27,453.8,28.72,21.09,4.28,0.0
20220731:1611,171.57,247.4,21.11,20.67,3.79,0.0
20220731:1711,30.84,63.38,13.51,19.73,3.45,0.0
20220731:1811,3.01,12.4,6.29,18.66,3.31,0.0
20220731:1911,0.0,0.0,0.0,17.63,3.38,0.0
20220731:2011,0.0,0.0,0.0,16.91,3.1,0.0
20220731:2111,0.0,0.0,0.0,16.47,2.9,0.0
20220731:2211,0.0,0.0,0.0,16.17,2.69,0.0
20220731:2311,0.0,0.0,0.0,15.93,2.62,0.0
20220801:0011,0.0,0.0,0.0,15.74,2.41,0.0
20220801:0111,0.0,0.0,0.0,15.7,2.41,0.0
20220801:0211,0.0,0.0,0.0,15.65,2.62,0.0
20220801:0311,0.0,1.65,3.19,15.64,2.62,0.0
20220801:0411,14.11,29.77,10.15,16.06,2.41,0.0
20220801:0511,9.06,22.41,17.64,16.97,2.14,0.0
20220801:0611,81.28,114.86,25.29,17.86,2.41,0.0
20220801:0711,210.14,267.92,32.72,18.39,2.55,0.0
20220801:0811,537.81,672.45,39.43,19.2,2.76,0.0
20220801:0911,632.7,800.29,44.79,19.99,3.03,0.0
20220801:1011,704.32,898.31,48.09,20.49,3.38,0.0
20220801:1111,593.06,749.89,48.7,20.95,3.38,0.0
20220801:1211,493.28,620.54,46.49,21.13,3.17,0.0
20220801:1311,625.93,792.35,41.91,21.06,3.24,0.0
20220801:1411,410.11,512.25,35.69,20.69,3.38,0.0
20220801:1511,316.08,400.79,28.5,20.19,3.31,0.0
20220801:1611,167.89,240.96,20.89,19.72,3.1,0.0
20220801:1711,36.14,67.91,13.29,19.33,2.83,0.0
20220801:1811,8.91,22.32,6.06,18.65,2.48,0.0
20220801:1911,0.0,0.0,0.0,17.97,2.48,0.0
20220801:2011,0.0,0.0,0.0,17.44,2.14,0.0
20220801:2111,0.0,0.0,0.0,17.09,2.0,0.0
20220801:2211,0.0,0.0,0.0,16.95,1.72,0.0
20220801:2311,0.0,0.0,0.0,16.74,1.59,0.0
20220802:0011,0.0,0.0,0.0,16.45,1.72,0.0
20220802:0111,0.0,0.0,0.0,16.01,2.07,0.0
20220802:0211,0.0,0.0,0.0,15.49,2.21,0.0
20220802:0311,0.0,3.31,2.98,14.91,2.48,0.0
20220802:0411,30.26,51.26,9.94,15.02,2.62,0.0
20220802:0511,15.95,32.27,17.43,15.41,3.17,0.0
20220802:0611,79.81,112.07,25.09,15.89,2.83,0.0
20220802:0711,257.61,321.7,32.51,16.14,2.14,0.0
20220802:0811,585.77,740.09,39.2,17.34,1.45,0.0
20220802:0911,622.58,813.52,44.56,18.58,0.48,0.0
20220802:1011,723.71,971.59,47.84,19.62,0.55,0.0
20220802:1111,492.84,626.69,48.44,20.33,1.72,0.0
20220802:1211,209.71,270.18,46.24,20.43,2.69,0.0
20220802:1311,598.38,748.15,41.67,19.57,3.52,0.0
20220802:1411,348.08,431.07,35.46,18.91,3.93,0.0
20220802:1511,329.83,413.83,28.28,18.87,4.21,0.0
20220802:1611,168.32,240.49,20.67,18.66,4.41,0.0
20220802:1711,53.01,82.78,13.07,18.34,4.41,0.0
20220802:1811,14.56,30.59,5.84,17.75,4.21,0.0
20220802:1911,0.0,0.0,0.0,17.06,4.21,0.0
20220802:2011,0.0,0.0,0.0,16.94,4.0,0.0
20220802:2111,0.0,0.0,0.0,16.96,4.21,0.0
20220802:2211,0.0,0.0,0.0,17.16,4.07,0.0
20220802:2311,0.0,0.0,0.0,17.24,4.28,0.0
20220803:0011,0.0,0.0,0.0,16.78,4.48,0.0
20220803:0111,0.0,0.0,0.0,16.2,4.0,0.0
20220803:0211,0.0,0.0,0.0,15.83,3.93,0.0
20220803:0311,0.0,1.65,2.76,15.81,4.14,0.0
20220803:0411,18.87,36.38,9.73,16.08,4.41,0.0
20220803:0511,45.64,70.83,17.22,16.31,4.14,0.0
20220803:0611,110.59,148.98,24.88,16.8,4.41,0.0
20220803:0711,236.49,297.05,32.29,17.96,4.07,0.0
20220803:0811,460.82,567.87,38.98,19.04,4.14,0.0
20220803:0911,648.7,809.16,44.32,20.11,4.62,0.0
20220803:1011,382.71,475.45,47.59,20.95,5.38,0.0
20220803:1111,425.77,529.04,48.18,21.47,5.52,0.0
20220803:1211,750.12,944.72,45.99,21.62,5.52,0.0
20220803:1311,540.21,671.11,41.43,21.71,5.38,0.0
20220803:1411,450.17,558.66,35.22,21.73,5.31,0.0
20220803:1511,350.6,444.41,28.05,21.76,5.1,0.0
20220803:1611,68.57,101.07,20.44,21.65,4.76,0.0
20220803:1711,32.53,55.58,12.84,21.51,4.69,0.0
20220803:1811,13.17,28.94,5.6,21.02,4.9,0.0
20220803:1911,0.0,0.0,0.0,20.2,5.45,0.0
20220803:2011,0.0,0.0,0.0,20.27,5.17,0.0
20220803:2111,0.0,0.0,0.0,20.29,4.69,0.0
20220803:2211,0.0,0.0,0.0,19.99,4.34,0.0
20220803:2311,0.0,0.0,0.0,19.8,4.21,0.0
20220804:0011,0.0,0.0,0.0,19.67,4.28,0.0
20220804:0111,0.0,0.0,0.0,19.43,4.07,0.0
20220804:0211,0.0,0.0,0.0,19.13,3.72,0.0
20220804:0311,0.0,1.65,2.53,18.53,3.38,0.0
20220804:0411,29.75,51.26,9.52,18.37,2.97,0.0
20220804:0511,93.55,142.64,17.01,19.01,2.76,0.0
20220804:0611,193.23,253.14,24.67,19.91,3.24,0.0
20220804:0711,401.01,501.55,32.07,21.1,3.79,0.0
20220804:0811,539.45,676.57,38.75,21.75,3.79,0.0
20220804:0911,665.43,845.75,44.07,22.71,4.14,0.0
20220804:1011,749.65,963.51,47.33,23.37,4.41,0.0
20220804:1111,762.74,984.31,47.92,24.04,4.55,0.0
20220804:1211,617.14,788.0,45.73,24.5,4.34,0.0
20220804:1311,620.76,792.41,41.18,24.62,4.14,0.0
20220804:1411,512.58,650.02,34.98,24.52,4.0,0.0
20220804:1511,333.56,429.33,27.81,23.9,4.0,0.0
20220804:1611,157.78,232.38,20.21,23.01,3.66,0.0
20220804:1711,28.36,50.21,12.6,22.33,3.31,0.0
20220804:1811,11.45,26.46,5.36,21.67,3.38,0.0
20220804:1911,0.0,0.0,0.0,20.8,3.72,0.0
20220804:2011,0.0,0.0,0.0,20.86,4.48,0.0
20220804:2111,0.0,0.0,0.0,20.85,5.03,0.0
20220804:2211,0.0,0.0,0.0,20.9,5.31,0.0
20220804:2311,0.0,0.0,0.0,20.87,5.03,0.0
20220805:0011,0.0,0.0,0.0,20.62,4.14,0.0
20220805:0111,0.0,0.0,0.0,20.29,3.86,0.0
20220805:0211,0.0,0.0,0.0,20.04,3.79,0.0
20220805:0311,0.0,0.83,2.31,19.62,3.86,0.0
20220805:0411,13.85,29.77,9.3,19.51,3.52,0.0
20220805:0511,14.96,31.38,16.8,19.64,3.59,0.0
20220805:0611,243.11,316.21,24.45,19.63,4.07,0.0
20220805:0711,387.19,484.86,31.85,19.86,2.62,0.0
20220805:0811,485.12,609.41,38.52,21.27,2.97,0.0
20220805:0911,581.2,738.59,43.83,22.82,3.45,0.0
20220805:1011,143.1,192.75,47.07,23.66,3.66,0.0
20220805:1111,99.17,138.96,47.65,23.22,4.48,0.0
20220805:1211,38.21,62.76,45.46,21.05,3.86,0.0
20220805:1311,41.27,66.34,40.92,19.79,3.52,0.0
20220805:1411,33.68,56.48,34.74,19.1,3.59,0.0
20220805:1511,16.31,33.17,27.58,18.68,3.59,0.0
20220805:1611,72.36,104.58,19.97,18.46,3.45,0.0
20220805:1711,46.82,74.1,12.36,18.3,4.41,0.0
20220805:1811,1.76,9.92,5.12,18.14,4.0,0.0
20220805:1911,0.0,0.0,0.0,17.77,3.59,0.0
20220805:2011,0.0,0.0,0.0,17.32,3.03,0.0
20220805:2111,0.0,0.0,0.0,17.02,3.17,0.0
20220805:2211,0.0,0.0,0.0,16.92,3.24,0.0
20220805:2311,0.0,0.0,0.0,16.72,3.38,0.0
20220806:0011,0.0,0.0,0.0,16.12,3.66,0.0
20220806:0111,0.0,0.0,0.0,15.25,3.93,0.0
20220806:0211,0.0,0.0,0.0,14.57,4.14,0.0
20220806:0311,0.0,1.65,2.08,14.04,4.14,0.0
20220806:0411,28.53,48.78,9.08,13.93,4.34,0.0
20220806:0511,95.12,153.23,16.58,14.39,4.55,0.0
20220806:0611,153.97,199.28,24.23,15.22,5.1,0.0
20220806:0711,436.9,530.92,31.63,16.88,5.59,0.0
20220806:0811,634.85,774.24,38.28,17.68,5.66,0.0
20220806:0911,694.05,848.07,43.58,17.4,6.14,0.0
20220806:1011,620.9,757.27,46.8,17.55,6.21,0.0
20220806:1111,671.3,825.91,47.38,18.57,6.14,0.0
20220806:1211,521.6,640.44,45.19,18.85,5.31,0.0
20220806:1311,524.47,645.96,40.66,19.02,4.62,0.0
20220806:1411,279.73,348.3,34.49,18.58,4.41,0.0
20220806:1511,355.14,445.26,27.33,18.75,4.34,0.0
20220806:1611,83.8,118.55,19.73,18.0,3.86,0.0
20220806:1711,30.6,57.85,12.12,17.67,3.03,0.0
20220806:1811,10.63,24.81,4.87,17.17,2.55,0.0
20220806:1911,0.0,0.0,0.0,16.08,2.62,0.0
20220806:2011,0.0,0.0,0.0,15.74,2.76,0.0
20220806:2111,0.0,0.0,0.0,15.37,3.1,0.0
20220806:2211,0.0,0.0,0.0,14.88,3.31,0.0
20220806:2311,0.0,0.0,0.0,14.52,3.24,0.0
20220807:0011,0.0,0.0,0.0,14.21,3.03,0.0
20220807:0111,0.0,0.0,0.0,13.91,2.9,0.0
20220807:0211,0.0,0.0,0.0,13.65,2.9,0.0
20220807:0311,0.0,0.83,1.84,13.4,2.83,0.0
20220807:0411,25.99,45.48,8.85,13.52,2.48,0.0
20220807:0511,91.82,152.06,16.36,14.18,2.21,0.0
20220807:0611,274.57,353.15,24.01,15.23,2.0,0.0
20220807:0711,446.68,550.28,31.4,16.42,2.69,0.0
20220807:0811,600.91,747.13,38.04,17.27,2.76,0.0
20220807:0911,637.05,803.02,43.32,18.19,2.55,0.0
20220807:1011,614.66,777.66,46.53,18.86,2.48,0.0
20220807:1111,512.55,640.51,47.1,19.04,2.9,0.0
20220807:1211,326.46,407.59,44.92,19.3,3.31,0.0
20220807:1311,368.61,457.94,40.4,19.36,3.45,0.0
20220807:1411,274.25,343.81,34.23,19.11,3.38,0.0
20220807:1511,252.74,320.81,27.08,18.83,3.17,0.0
20220807:1611,146.23,205.82,19.48,18.43,2.9,0.0
20220807:1711,40.59,68.05,11.87,17.95,2.07,0.0
20220807:1811,3.03,12.4,4.62,17.25,1.79,0.0
20220807:1911,0.0,0.0,0.0,16.56,2.41,0.0
20220807:2011,0.0,0.0,0.0,15.88,2.41,0.0
20220807:2111,0.0,0.0,0.0,15.34,2.55,0.0
20220807:2211,0.0,0.0,0.0,14.92,2.76,0.0
20220807:2311,0.0,0.0,0.0,14.64,2.97,0.0
20220808:0011,0.0,0.0,0.0,14.41,2.9,0.0
20220808:0111,0.0,0.0,0.0,14.17,2.76,0.0
20220808:0211,0.0,0.0,0.0,13.9,2.62,0.0
20220808:0311,0.0,0.83,1.61,13.64,2.55,0.0
20220808:0411,26.61,46.3,8.63,13.65,2.41,0.0
20220808:0511,91.69,150.47,16.14,14.09,2.34,0.0
20220808:0611,276.54,355.42,23.79,15.07,2.14,0.0
20220808:0711,462.58,576.31,31.17,16.52,1.59,0.0
20220808:0811,594.25,751.86,37.8,17.68,1.52,0.0
20220808:0911,465.66,586.75,43.06,18.68,1.45,0.0
20220808:1011,549.99,706.65,46.26,19.39,1.03,0.0
20220808:1111,347.03,441.53,46.82,19.95,0.9,0.0
20220808:1211,216.03,279.68,44.64,20.32,0.97,0.0
20220808:1311,113.22,155.1,40.13,20.47,1.24,0.0
20220808:1411,115.42,157.36,33.97,20.08,1.45,0.0
20220808:1511,184.43,240.66,26.82,19.81,1.59,0.0
20220808:1611,152.56,221.67,19.23,19.72,1.45,0.0
20220808:1711,27.64,53.0,11.62,18.98,1.31,0.0
20220808:1811,8.41,21.5,4.36,17.96,1.45,0.0
20220808:1911,0.0,0.0,0.0,17.32,1.86,0.0
20220808:2011,0.0,0.0,0.0,16.62,2.0,0.0
20220808:2111,0.0,0.0,0.0,16.11,2.07,0.0
20220808:2211,0.0,0.0,0.0,15.81,2.0,0.0
20220808:2311,0.0,0.0,0.0,15.62,1.93,0.0
20220809:0011,0.0,0.0,0.0,15.44,1.79,0.0
20220809:0111,0.0,0.0,0.0,15.22,1.79,0.0
20220809:0211,0.0,0.0,0.0,15.05,1.72,0.0
20220809:0311,0.0,0.83,1.37,14.73,1.66,0.0
20220809:0411,24.57,43.82,8.4,14.54,1.59,0.0
20220809:0511,89.48,148.93,15.92,15.32,1.17,0.0
20220809:0611,272.94,356.76,23.57,16.95,0.97,0.0
20220809:0711,447.29,572.0,30.94,18.49,0.28,0.0
20220809:0811,557.92,724.63,37.56,19.77,0.41,0.0
20220809:0911,522.79,673.5,42.8,20.42,0.9,0.0
20220809:1011,350.59,446.39,45.98,20.96,1.31,0.0
20220809:1111,207.77,269.97,46.54,21.35,1.72,0.0
20220809:1211,391.66,495.35,44.35,21.31,2.21,0.0
20220809:1311,321.71,405.82,39.85,21.21,2.83,0.0
20220809:1411,440.79,551.93,33.7,21.02,3.17,0.0
20220809:1511,333.0,424.14,26.56,20.67,3.17,0.0
20220809:1611,157.25,232.69,18.97,20.18,2.9,0.0
20220809:1711,42.12,68.8,11.36,19.5,2.9,0.0
20220809:1811,6.83,19.02,4.09,18.62,2.83,0.0
20220809:1911,0.0,0.0,0.0,17.92,2.9,0.0
20220809:2011,0.0,0.0,0.0,17.16,2.97,0.0
20220809:2111,0.0,0.0,0.0,16.72,3.03,0.0
20220809:2211,0.0,0.0,0.0,16.33,2.97,0.0
20220809:2311,0.0,0.0,0.0,16.09,2.83,0.0
20220810:0011,0.0,0.0,0.0,15.93,2.83,0.0
20220810:0111,0.0,0.0,0.0,15.77,2.76,0.0
20220810:0211,0.0,0.0,0.0,15.64,2.55,0.0
20220810:0311,0.0,0.0,0.0,15.47,2.28,0.0
20220810:0411,0.34,6.61,8.17,15.46,2.14,0.0
20220810:0511,15.23,31.38,15.69,16.18,1.93,0.0
20220810:0611,128.8,171.93,23.34,17.27,2.34,0.0
20220810:0711,157.09,204.58,30.71,18.23,3.24,0.0
20220810:0811,401.98,496.99,37.31,19.04,3.59,0.0
20220810:0911,414.48,514.12,42.54,19.95,4.0,0.0
20220810:1011,212.81,273.24,45.7,20.86,4.0,0.0
20220810:1111,512.38,644.23,46.25,22.02,3.93,0.0
20220810:1211,371.46,467.78,44.07,22.66,4.0,0.0
20220810:1311,611.37,773.31,39.57,23.08,4.21,0.0
20220810:1411,501.23,629.22,33.43,23.21,4.48,0.0
20220810:1511,349.68,447.29,26.3,22.84,4.62,0.0
20220810:1611,150.85,225.26,18.71,22.35,4.41,0.0
20220810:1711,23.46,46.4,11.09,21.52,4.34,0.0
20220810:1811,5.76,17.36,3.82,20.44,3.93,0.0
20220810:1911,0.0,0.0,0.0,19.58,3.59,0.0
20220810:2011,0.0,0.0,0.0,19.08,3.38,0.0
20220810:2111,0.0,0.0,0.0,18.78,3.24,0.0
20220810:2211,0.0,0.0,0.0,18.62,3.24,0.0
20220810:2311,0.0,0.0,0.0,18.43,3.38,0.0
20220811:0011,0.0,0.0,0.0,17.98,3.31,0.0
20220811:0111,0.0,0.0,0.0,17.48,3.24,0.0
20220811:0211,0.0,0.0,0.0,17.06,3.38,0.0
20220811:0311,0.0,0.0,0.0,16.73,3.66,0.0
20220811:0411,18.8,36.38,7.93,16.66,3.66,0.0
20220811:0511,85.16,144.81,15.46,17.17,3.59,0.0
20220811:0611,270.76,350.26,23.11,18.01,4.21,0.0
20220811:0711,458.34,567.84,30.47,19.58,4.14,0.0
20220811:0811,604.78,757.33,37.06,20.91,3.93,0.0
20220811:0911,700.42,895.18,42.27,22.27,3.72,0.0
20220811:1011,752.88,977.74,45.41,23.52,3.66,0.0
20220811:1111,754.37,985.42,45.95,24.49,3.66,0.0
20220811:1211,727.86,949.16,43.77,25.2,3.72,0.0
20220811:1311,634.12,816.1,39.28,25.57,3.93,0.0
20220811:1411,501.36,638.85,33.15,25.63,4.07,0.0
20220811:1511,326.39,424.08,26.03,25.41,4.0,0.0
20220811:1611,147.88,224.1,18.44,24.78,3.66,0.0
20220811:1711,23.9,46.42,10.82,23.68,3.59,0.0
20220811:1811,5.21,16.54,3.55,22.35,3.45,0.0
20220811:1911,0.0,0.0,0.0,21.07,3.24,0.0
20220811:2011,0.0,0.0,0.0,20.19,3.03,0.0
20220811:2111,0.0,0.0,0.0,19.41,2.97,0.0
20220811:2211,0.0,0.0,0.0,18.72,2.97,0.0
20220811:2311,0.0,0.0,0.0,18.07,2.9,0.0
20220812:0011,0.0,0.0,0.0,17.45,2.9,0.0
20220812:0111,0.0,0.0,0.0,16.94,2.9,0.0
20220812:0211,0.0,0.0,0.0,16.52,2.9,0.0
20220812:0311,0.0,0.0,0.0,16.15,2.97,0.0
20220812:0411,21.91,40.52,7.7,16.14,2.9,0.0
20220812:0511,83.53,142.82,15.23,16.8,2.62,0.0
20220812:0611,266.27,346.5,22.88,18.08,2.9,0.0
20220812:0711,449.38,562.63,30.23,19.56,2.55,0.0
20220812:0811,593.63,756.45,36.81,21.16,2.28,0.0
20220812:0911,681.49,889.5,42.0,22.7,2.14,0.0
20220812:1011,735.53,978.71,45.12,23.98,2.07,0.0
20220812:1111,737.29,986.15,45.65,25.0,2.14,0.0
20220812:1211,704.41,936.89,43.47,25.67,2.28,0.0
20220812:1311,619.49,810.3,38.99,26.04,2.55,0.0
20220812:1411,477.97,615.38,32.87,26.09,2.9,0.0
20220812:1511,305.41,399.72,25.75,25.81,3.03,0.0
20220812:1611,132.53,196.39,18.17,25.05,2.76,0.0
20220812:1711,21.93,42.95,10.55,23.8,1.86,0.0
20220812:1811,3.81,14.06,3.27,22.25,0.34,0.0
20220812:1911,0.0,0.0,0.0,18.89,3.52,0.0
20220812:2011,0.0,0.0,0.0,18.05,3.52,0.0
20220812:2111,0.0,0.0,0.0,17.56,3.24,0.0
20220812:2211,0.0,0.0,0.0,17.25,3.1,0.0
20220812:2311,0.0,0.0,0.0,17.05,3.03,0.0
20220813:0011,0.0,0.0,0.0,16.95,2.83,0.0
20220813:0111,0.0,0.0,0.0,16.89,2.62,0.0
20220813:0211,0.0,0.0,0.0,16.87,2.48,0.0
20220813:0311,0.0,0.0,0.0,16.88,2.34,0.0
20220813:0411,5.38,16.54,7.46,17.07,2.28,0.0
20220813:0511,83.37,138.33,15.0,17.93,1.93,0.0
20220813:0611,249.7,327.84,22.64,19.13,1.93,0.0
20220813:0711,432.03,543.85,29.99,20.57,2.41,0.0
20220813:0811,572.98,727.69,36.55,21.72,2.62,0.0
20220813:0911,630.47,806.81,41.72,22.62,3.1,0.0
20220813:1011,732.19,946.32,44.83,23.18,3.66,0.0
20220813:1111,742.73,960.37,45.35,23.55,3.93,0.0
20220813:1211,709.53,912.21,43.17,23.77,4.07,0.0
20220813:1311,619.68,787.51,38.7,23.81,4.14,0.0
20220813:1411,494.34,623.89,32.59,23.61,3.93,0.0
20220813:1511,336.11,433.18,25.47,23.18,3.59,0.0
20220813:1611,142.68,215.03,17.89,22.44,3.31,0.0
20220813:1711,23.34,43.52,10.27,21.42,3.1,0.0
20220813:1811,2.97,12.4,2.98,20.31,3.17,0.0
20220813:1911,0.0,0.0,0.0,19.29,3.1,0.0
20220813:2011,0.0,0.0,0.0,18.71,2.83,0.0
20220813:2111,0.0,0.0,0.0,18.29,2.69,0.0
20220813:2211,0.0,0.0,0.0,18.02,2.55,0.0
20220813:2311,0.0,0.0,0.0,17.79,2.41,0.0
20220814:0011,0.0,0.0,0.0,17.62,2.28,0.0
20220814:0111,0.0,0.0,0.0,17.53,2.28,0.0
20220814:0211,0.0,0.0,0.0,17.43,2.28,0.0
20220814:0311,0.0,0.0,0.0,17.36,2.21,0.0
20220814:0411,19.92,38.04,7.22,17.4,2.14,0.0
20220814:0511,81.57,139.12,14.76,18.07,1.79,0.0
20220814:0611,258.86,340.8,22.4,19.5,1.93,0.0
20220814:0711,441.96,559.37,29.74,20.82,2.0,0.0
20220814:0811,584.45,748.57,36.29,21.98,2.14,0.0
20220814:0911,685.82,891.36,41.44,22.78,2.48,0.0
20220814:1011,728.33,953.98,44.53,23.25,2.69,0.0
20220814:1111,732.13,959.01,45.04,23.47,2.83,0.0
20220814:1211,710.86,924.18,42.86,23.49,3.03,0.0
20220814:1311,637.71,815.24,38.4,23.19,3.38,0.0
20220814:1411,493.61,622.68,32.29,22.67,3.38,0.0
20220814:1511,333.01,428.7,25.19,22.21,2.97,0.0
20220814:1611,142.27,214.99,17.61,21.64,2.62,0.0
20220814:1711,26.25,47.13,9.98,20.81,2.41,0.0
20220814:1811,2.14,10.75,2.69,19.77,2.28,0.0
20220814:1911,0.0,0.0,0.0,19.07,2.62,0.0
20220814:2011,0.0,0.0,0.0,18.57,2.62,0.0
20220814:2111,0.0,0.0,0.0,18.33,2.62,0.0
20220814:2211,0.0,0.0,0.0,18.24,2.69,0.0
20220814:2311,0.0,0.0,0.0,18.25,2.76,0.0
20220815:0011,0.0,0.0,0.0,18.3,2.76,0.0
20220815:0111,0.0,0.0,0.0,18.36,2.69,0.0
20220815:0211,0.0,0.0,0.0,18.44,2.76,0.0
20220815:0311,0.0,0.0,0.0,18.45,2.83,0.0
20220815:0411,9.45,23.15,6.98,18.61,2.83,0.0
20220815:0511,59.78,91.76,14.52,19.54,2.48,0.0
20220815:0611,53.06,81.58,22.17,20.91,2.28,0.0
20220815:0711,259.75,331.91,29.5,22.16,2.83,0.0
20220815:0811,34.41,58.27,36.03,22.76,3.24,0.0
20220815:0911,76.99,112.07,41.16,23.33,3.52,0.0
20220815:1011,138.62,187.37,44.23,23.64,3.45,0.0
20220815:1111,489.2,621.67,44.73,23.89,3.52,0.0
20220815:1211,638.03,815.95,42.55,23.64,3.79,0.0
20220815:1311,590.25,749.65,38.09,23.23,3.59,0.0
20220815:1411,472.02,597.3,32.0,23.12,3.1,0.0
20220815:1511,313.44,405.24,24.9,22.88,2.9,0.0
20220815:1611,134.72,203.66,17.32,22.52,2.9,0.0
20220815:1711,28.57,50.44,9.69,21.99,2.69,0.0
20220815:1811,0.3,6.61,2.4,21.18,2.69,0.0
20220815:1911,0.0,0.0,0.0,20.63,3.17,0.0
20220815:2011,0.0,0.0,0.0,20.39,3.17,0.0
20220815:2111,0.0,0.0,0.0,20.42,3.1,0.0
20220815:2211,0.0,0.0,0.0,20.42,2.9,0.0
20220815:2311,0.0,0.0,0.0,20.38,3.03,0.0
20220816:0011,0.0,0.0,0.0,20.45,3.24,0.0
20220816:0111,0.0,0.0,0.0,20.54,3.31,0.0
20220816:0211,0.0,0.0,0.0,20.54,3.38,0.0
20220816:0311,0.0,0.0,0.0,20.48,3.45,0.0
20220816:0411,0.3,6.61,6.73,20.57,3.31,0.0
20220816:0511,73.14,115.37,14.28,21.28,2.83,0.0
20220816:0611,211.7,281.29,21.92,22.3,3.17,0.0
20220816:0711,395.39,497.27,29.25,22.76,4.14,0.0
20220816:0811,178.5,234.32,35.76,23.37,4.55,0.0
20220816:0911,104.17,145.24,40.87,23.77,5.31,0.0
20220816:1011,702.5,896.85,43.93,24.07,4.97,0.0
20220816:1111,473.57,596.16,44.42,24.34,5.31,0.0
20220816:1211,583.92,736.69,42.24,24.34,5.45,0.0
20220816:1311,359.28,452.32,37.79,24.14,5.38,0.0
20220816:1411,467.59,586.04,31.7,24.05,5.38,0.0
20220816:1511,195.16,256.55,24.6,24.1,5.03,0.0
20220816:1611,107.46,157.88,17.03,23.78,4.34,0.0
20220816:1711,29.68,52.09,9.4,23.04,4.14,0.0
20220816:1811,0.96,8.27,2.1,22.36,3.86,0.0
20220816:1911,0.0,0.0,0.0,21.91,4.21,0.0
20220816:2011,0.0,0.0,0.0,21.67,4.07,0.0
20220816:2111,0.0,0.0,0.0,21.51,4.0,0.0
20220816:2211,0.0,0.0,0.0,21.35,3.86,0.0
20220816:2311,0.0,0.0,0.0,21.04,3.59,0.0
20220817:0011,0.0,0.0,0.0,20.86,3.31,0.0
20220817:0111,0.0,0.0,0.0,20.49,3.03,0.0
20220817:0211,0.0,0.0,0.0,20.05,2.48,0.0
20220817:0311,0.0,0.0,0.0,19.7,2.07,0.0
20220817:0411,16.15,33.07,6.49,19.43,1.93,0.0
20220817:0511,15.56,32.27,14.04,19.82,1.79,0.0
20220817:0611,226.87,299.35,21.68,20.68,2.9,0.0
20220817:0711,368.33,465.18,28.99,21.66,2.62,0.0
20220817:0811,548.27,699.34,35.49,22.65,2.41,0.0
20220817:0911,517.38,662.71,40.59,23.8,2.55,0.0
20220817:1011,404.62,513.67,43.62,24.36,3.72,0.0
20220817:1111,454.22,575.75,44.1,24.5,4.14,0.0
20220817:1211,513.84,651.47,41.92,24.51,4.28,0.0
20220817:1311,554.42,702.23,37.47,24.6,4.48,0.0
20220817:1411,455.74,575.45,31.39,24.54,4.41,0.0
20220817:1511,259.77,337.65,24.3,24.1,4.0,0.0
20220817:1611,121.31,181.69,16.73,23.43,3.52,0.0
20220817:1711,28.47,50.44,9.1,22.71,3.38,0.0
20220817:1811,0.0,4.13,1.8,21.87,2.83,0.0
20220817:1911,0.0,0.0,0.0,21.18,2.07,0.0
20220817:2011,0.0,0.0,0.0,20.79,1.72,0.0
20220817:2111,0.0,0.0,0.0,20.51,1.38,0.0
20220817:2211,0.0,0.0,0.0,20.16,1.59,0.0
20220817:2311,0.0,0.0,0.0,19.78,1.59,0.0
20220818:0011,0.0,0.0,0.0,19.58,1.45,0.0
20220818:0111,0.0,0.0,0.0,19.48,1.1,0.0
20220818:0211,0.0,0.0,0.0,19.18,0.55,0.0
20220818:0311,0.0,0.0,0.0,19.2,0.41,0.0
20220818:0411,0.0,4.96,6.24,18.71,1.1,0.0
20220818:0511,18.13,35.86,13.8,19.39,0.97,0.0
20220818:0611,236.89,315.22,21.43,20.5,1.17,0.0
20220818:0711,397.16,502.73,28.74,21.35,2.07,0.0
20220818:0811,547.43,697.71,35.22,21.9,2.14,0.0
20220818:0911,475.04,603.95,40.3,22.78,2.48,0.0
20220818:1011,702.31,910.26,43.31,23.23,3.1,0.0
20220818:1111,714.53,922.3,43.77,23.23,3.59,0.0
20220818:1211,516.78,654.86,41.59,22.73,3.17,0.0
20220818:1311,146.9,196.4,37.15,22.7,3.45,0.0
20220818:1411,52.76,81.58,31.08,22.23,3.17,0.0
20220818:1511,200.19,261.48,24.0,21.73,2.9,0.0
20220818:1611,9.41,23.31,16.43,21.28,2.83,0.0
20220818:1711,0.63,7.44,8.8,20.8,2.41,0.0
20220818:1811,0.0,0.83,1.49,20.41,2.21,0.0
20220818:1911,0.0,0.0,0.0,19.56,2.62,0.0
20220818:2011,0.0,0.0,0.0,19.44,2.55,0.0
20220818:2111,0.0,0.0,0.0,19.53,2.21,0.0
20220818:2211,0.0,0.0,0.0,19.56,2.07,0.0
20220818:2311,0.0,0.0,0.0,19.67,2.0,0.0
20220819:0011,0.0,0.0,0.0,19.73,2.07,0.0
20220819:0111,0.0,0.0,0.0,19.79,2.21,0.0
20220819:0211,0.0,0.0,0.0,19.83,2.14,0.0
20220819:0311,0.0,0.0,0.0,19.86,1.93,0.0
20220819:0411,0.0,4.13,5.99,19.84,1.79,0.0
20220819:0511,19.99,38.55,13.55,20.27,1.52,0.0
20220819:0611,209.91,280.11,21.19,21.56,1.59,0.0
20220819:0711,400.93,511.01,28.48,21.87,1.59,0.0
20220819:0811,552.44,709.1,34.95,23.02,2.07,0.0
20220819:0911,646.69,839.86,40.0,23.93,2.55,0.0
20220819:1011,711.89,932.56,43.0,24.44,2.9,0.0
20220819:1111,714.73,937.08,43.45,24.81,3.03,0.0
20220819:1211,637.81,826.01,41.27,25.01,3.24,0.0
20220819:1311,585.8,750.38,36.83,24.92,3.52,0.0
20220819:1411,316.09,403.5,30.77,24.44,3.24,0.0
20220819:1511,280.75,365.38,23.69,23.95,3.24,0.0
20220819:1611,104.28,154.77,16.12,23.32,3.31,0.0
20220819:1711,26.04,47.13,8.49,22.4,3.03,0.0
20220819:1811,0.0,0.0,0.0,21.56,2.97,0.0
20220819:1911,0.0,0.0,0.0,21.86,3.38,0.0
20220819:2011,0.0,0.0,0.0,21.89,3.52,0.0
20220819:2111,0.0,0.0,0.0,22.07,3.79,0.0
20220819:2211,0.0,0.0,0.0,22.36,4.41,0.0
20220819:2311,0.0,0.0,0.0,22.57,5.17,0.0
20220820:0011,0.0,0.0,0.0,22.62,5.59,0.0
20220820:0111,0.0,0.0,0.0,22.44,5.38,0.0
20220820:0211,0.0,0.0,0.0,22.05,5.1,0.0
20220820:0311,0.0,0.0,0.0,21.7,5.03,0.0
20220820:0411,0.0,4.13,5.74,21.55,5.38,0.0
20220820:0511,26.58,47.52,13.31,20.93,5.59,0.0
20220820:0611,22.65,42.14,20.94,20.31,6.0,0.0
20220820:0711,81.47,115.65,28.22,20.26,7.86,0.0
20220820:0811,22.66,42.14,34.67,20.39,7.86,0.0
20220820:0911,77.62,111.17,39.7,20.63,8.21,0.0
20220820:1011,81.99,116.55,42.68,20.8,7.66,0.0
20220820:1111,43.98,69.93,43.12,20.69,6.07,0.0
20220820:1211,78.09,112.07,40.93,20.76,4.62,0.0
20220820:1311,295.59,372.37,36.51,21.24,3.38,0.0
20220820:1411,69.53,102.2,30.45,21.67,2.97,0.0
20220820:1511,191.27,251.17,23.38,22.1,2.83,0.0
20220820:1611,85.91,127.42,15.81,22.21,2.69,0.0
20220820:1711,21.26,40.52,8.18,21.72,2.69,0.0
20220820:1811,0.0,0.0,0.0,21.21,2.55,0.0
20220820:1911,0.0,0.0,0.0,20.46,2.07,0.0
20220820:2011,0.0,0.0,0.0,20.0,2.14,0.0
20220820:2111,0.0,0.0,0.0,19.62,2.34,0.0
20220820:2211,0.0,0.0,0.0,19.09,2.55,0.0
20220820:2311,0.0,0.0,0.0,18.43,2.62,0.0
20220821:0011,0.0,0.0,0.0,17.93,2.48,0.0
20220821:0111,0.0,0.0,0.0,17.47,2.55,0.0
20220821:0211,0.0,0.0,0.0,17.09,2.55,0.0
20220821:0311,0.0,0.0,0.0,16.81,2.41,0.0
20220821:0411,4.43,14.88,5.48,16.62,2.48,0.0
20220821:0511,30.58,52.0,13.06,16.67,2.55,0.0
20220821:0611,30.55,52.0,20.69,16.88,2.48,0.0
20220821:0711,49.7,76.2,27.96,17.29,2.69,0.0
20220821:0811,271.99,339.74,34.4,17.62,2.34,0.0
20220821:0911,202.75,260.29,39.4,18.37,1.38,0.0
20220821:1011,181.87,237.05,42.36,19.55,1.17,0.0
20220821:1111,347.31,439.92,42.78,20.19,1.31,0.0
20220821:1211,497.12,634.79,40.6,20.83,1.38,0.0
20220821:1311,465.02,591.52,36.18,21.27,1.52,0.0
20220821:1411,372.09,471.41,30.13,21.46,1.72,0.0
20220821:1511,302.77,392.2,23.06,21.44,1.93,0.0
20220821:1611,104.49,155.78,15.5,21.19,1.93,0.0
20220821:1711,4.78,15.71,7.87,20.55,1.86,0.0
20220821:1811,0.0,0.0,0.0,19.81,2.21,0.0
20220821:1911,0.0,0.0,0.0,18.69,3.17,0.0
20220821:2011,0.0,0.0,0.0,18.29,3.52,0.0
20220821:2111,0.0,0.0,0.0,18.05,3.45,0.0
20220821:2211,0.0,0.0,0.0,17.9,3.24,0.0
20220821:2311,0.0,0.0,0.0,17.72,2.97,0.0
20220822:0011,0.0,0.0,0.0,17.49,2.83,0.0
20220822:0111,0.0,0.0,0.0,17.18,2.76,0.0
20220822:0211,0.0,0.0,0.0,16.75,2.69,0.0
20220822:0311,0.0,0.0,0.0,16.28,2.9,0.0
20220822:0411,11.83,26.46,5.23,15.86,2.97,0.0
20220822:0511,74.23,127.88,12.8,15.94,2.97,0.0
20220822:0611,258.34,333.84,20.43,16.41,3.1,0.0
20220822:0711,440.65,544.24,27.7,17.07,2.69,0.0
20220822:0811,593.18,743.42,34.11,17.97,2.28,0.0
20220822:0911,613.45,778.88,39.1,18.83,2.0,0.0
20220822:1011,743.87,969.84,42.04,19.61,1.93,0.0
20220822:1111,739.35,966.33,42.45,20.35,2.0,0.0
20220822:1211,683.88,885.87,40.26,20.81,2.07,0.0
20220822:1311,616.56,790.71,35.84,21.18,2.07,0.0
20220822:1411,466.49,591.08,29.8,21.31,2.0,0.0
20220822:1511,196.46,257.58,22.74,21.22,1.79,0.0
20220822:1611,45.81,72.63,15.18,20.75,1.93,0.0
20220822:1711,10.47,24.81,7.55,19.69,2.07,0.0
20220822:1811,0.0,0.0,0.0,18.81,2.28,0.0
20220822:1911,0.0,0.0,0.0,17.95,2.34,0.0
20220822:2011,0.0,0.0,0.0,17.54,2.21,0.0
20220822:2111,0.0,0.0,0.0,17.18,2.28,0.0
20220822:2211,0.0,0.0,0.0,17.08,1.86,0.0
20220822:2311,0.0,0.0,0.0,16.99,1.52,0.0
20220823:0011,0.0,0.0,0.0,16.53,0.76,0.0
20220823:0111,0.0,0.0,0.0,16.4,0.76,0.0
20220823:0211,0.0,0.0,0.0,17.08,0.41,0.0
20220823:0311,0.0,0.0,0.0,17.03,0.21,0.0
20220823:0411,0.0,3.31,4.97,17.01,0.28,0.0
20220823:0511,3.61,13.45,12.55,16.81,0.55,0.0
20220823:0611,48.8,75.31,20.18,17.41,0.69,0.0
20220823:0711,90.37,126.08,27.43,18.2,1.45,0.0
20220823:0811,252.4,318.42,33.83,18.39,1.79,0.0
20220823:0911,345.67,432.09,38.8,18.49,1.79,0.0
20220823:1011,187.87,243.36,41.71,19.0,1.38,0.0
20220823:1111,149.44,198.04,42.11,19.59,1.31,0.0
20220823:1211,78.86,112.96,39.92,19.86,1.79,0.0
20220823:1311,72.37,104.89,35.51,19.67,2.34,0.0
20220823:1411,111.75,151.88,29.47,19.13,2.62,0.0
20220823:1511,57.33,86.07,22.42,18.52,2.14,0.0
20220823:1611,16.34,33.17,14.86,18.15,1.79,0.0
20220823:1711,18.67,36.38,7.23,17.88,2.07,0.0
20220823:1811,0.0,0.0,0.0,17.46,2.34,0.0
20220823:1911,0.0,0.0,0.0,16.53,3.24,0.0
20220823:2011,0.0,0.0,0.0,15.79,3.38,0.0
20220823:2111,0.0,0.0,0.0,15.44,3.17,0.0
20220823:2211,0.0,0.0,0.0,15.21,3.1,0.0
20220823:2311,0.0,0.0,0.0,15.04,2.83,0.0
20220824:0011,0.0,0.0,0.0,14.74,2.9,0.0
20220824:0111,0.0,0.0,0.0,14.51,2.9,0.0
20220824:0211,0.0,0.0,0.0,14.33,3.03,0.0
20220824:0311,0.0,0.0,0.0,14.17,3.1,0.0
20220824:0411,8.61,21.5,4.71,14.15,3.1,0.0
20220824:0511,37.35,60.58,12.3,14.4,2.9,0.0
20220824:0611,129.17,171.17,19.92,15.09,2.9,0.0
20220824:0711,120.74,160.6,27.16,16.56,3.03,0.0
20220824:0811,334.18,412.42,33.55,17.53,3.03,0.0
20220824:0911,694.69,880.33,38.49,18.3,2.62,0.0
20220824:1011,743.6,961.74,41.38,19.17,2.21,0.0
20220824:1111,732.89,958.2,41.76,19.99,1.79,0.0
20220824:1211,648.51,841.36,39.57,20.67,1.59,0.0
20220824:1311,592.46,762.57,35.17,21.17,1.59,0.0
20220824:1411,453.67,575.87,29.14,21.3,1.72,0.0
20220824:1511,287.18,372.72,22.09,21.12,1.66,0.0
20220824:1611,115.03,179.42,14.54,20.65,1.66,0.0
20220824:1711,18.5,36.38,6.9,19.54,1.93,0.0
20220824:1811,0.0,0.0,0.0,18.39,2.21,0.0
20220824:1911,0.0,0.0,0.0,17.14,2.07,0.0
20220824:2011,0.0,0.0,0.0,16.91,1.79,0.0
20220824:2111,0.0,0.0,0.0,16.5,1.59,0.0
20220824:2211,0.0,0.0,0.0,15.88,1.45,0.0
20220824:2311,0.0,0.0,0.0,14.82,1.1,0.0
20220825:0011,0.0,0.0,0.0,14.36,1.1,0.0
20220825:0111,0.0,0.0,0.0,13.63,1.59,0.0
20220825:0211,0.0,0.0,0.0,13.8,1.79,0.0
20220825:0311,0.0,0.0,0.0,13.75,2.07,0.0
20220825:0411,8.64,21.5,4.45,13.44,2.0,0.0
20220825:0511,71.26,122.2,12.04,13.81,1.59,0.0
20220825:0611,253.23,328.4,19.66,15.09,1.31,0.0
20220825:0711,442.65,553.28,26.89,16.91,1.31,0.0
20220825:0811,586.63,745.28,33.26,18.55,1.45,0.0
20220825:0911,669.27,864.0,38.18,19.71,1.72,0.0
20220825:1011,726.63,950.08,41.05,20.43,1.86,0.0
20220825:1111,739.31,968.99,41.42,20.88,2.0,0.0
20220825:1211,687.57,894.43,39.22,21.1,1.93,0.0
20220825:1311,617.49,794.92,34.82,21.15,1.79,0.0
20220825:1411,481.19,610.39,28.8,21.07,1.86,0.0
20220825:1511,306.04,395.53,21.76,20.66,2.07,0.0
20220825:1611,115.82,180.64,14.21,19.78,2.21,0.0
20220825:1711,17.4,34.73,6.57,18.67,2.0,0.0
20220825:1811,0.0,0.0,0.0,17.53,2.07,0.0
20220825:1911,0.0,0.0,0.0,16.95,2.48,0.0
20220825:2011,0.0,0.0,0.0,16.56,2.41,0.0
20220825:2111,0.0,0.0,0.0,16.34,2.55,0.0
20220825:2211,0.0,0.0,0.0,16.25,2.55,0.0
20220825:2311,0.0,0.0,0.0,16.26,2.55,0.0
20220826:0011,0.0,0.0,0.0,16.2,2.76,0.0
20220826:0111,0.0,0.0,0.0,16.27,2.76,0.0
20220826:0211,0.0,0.0,0.0,16.29,2.9,0.0
20220826:0311,0.0,0.0,0.0,16.34,2.83,0.0
20220826:0411,6.92,19.02,4.19,16.42,2.76,0.0
20220826:0511,67.57,115.89,11.78,16.75,2.69,0.0
20220826:0611,236.61,308.46,19.4,17.68,2.83,0.0
20220826:0711,245.19,308.58,26.62,18.41,2.9,0.0
20220826:0811,361.96,449.23,32.97,19.12,2.97,0.0
20220826:0911,567.6,712.22,37.87,19.69,2.9,0.0
20220826:1011,696.34,893.3,40.71,20.35,2.69,0.0
20220826:1111,731.24,943.58,41.07,20.68,2.76,0.0
20220826:1211,686.83,875.87,38.87,20.9,3.17,0.0
20220826:1311,614.22,772.29,34.47,20.84,3.52,0.0
20220826:1411,473.47,590.11,28.46,20.69,3.59,0.0
20220826:1511,292.2,374.92,21.43,20.46,3.52,0.0
20220826:1611,107.99,168.15,13.88,20.06,2.97,0.0
20220826:1711,16.73,33.9,6.24,19.54,2.48,0.0
20220826:1811,0.0,0.0,0.0,18.83,2.55,0.0
20220826:1911,0.0,0.0,0.0,18.45,2.55,0.0
20220826:2011,0.0,0.0,0.0,18.46,2.48,0.0
20220826:2111,0.0,0.0,0.0,18.35,2.41,0.0
20220826:2211,0.0,0.0,0.0,18.34,2.41,0.0
20220826:2311,0.0,0.0,0.0,18.24,2.48,0.0
20220827:0011,0.0,0.0,0.0,18.25,2.55,0.0
20220827:0111,0.0,0.0,0.0,18.14,2.62,0.0
20220827:0211,0.0,0.0,0.0,18.13,2.62,0.0
20220827:0311,0.0,0.0,0.0,18.23,2.69,0.0
20220827:0411,0.0,2.48,3.93,18.41,2.69,0.0
20220827:0511,2.61,11.65,11.52,18.97,2.62,0.0
20220827:0611,75.33,108.8,19.14,19.8,2.48,0.0
20220827:0711,100.65,140.01,26.35,20.76,1.1,0.0
20220827:0811,69.36,102.2,32.67,21.67,1.45,0.0
20220827:0911,279.67,358.02,37.55,22.85,2.14,0.0
20220827:1011,434.26,553.47,40.38,23.6,2.48,0.0
20220827:1111,624.05,810.36,40.72,24.14,2.55,0.0
20220827:1211,264.81,341.3,38.51,24.33,2.76,0.0
20220827:1311,519.9,663.49,34.12,24.14,2.9,0.0
20220827:1411,261.92,336.4,28.12,23.86,2.83,0.0
20220827:1511,50.35,78.89,21.09,23.17,2.62,0.0
20220827:1611,72.32,111.32,13.54,22.68,2.34,0.0
20220827:1711,14.22,30.59,5.9,21.92,1.93,0.0
20220827:1811,0.0,0.0,0.0,20.95,1.72,0.0
20220827:1911,0.0,0.0,0.0,20.35,2.07,0.0
20220827:2011,0.0,0.0,0.0,19.84,2.0,0.0
20220827:2111,0.0,0.0,0.0,19.57,2.21,0.0
20220827:2211,0.0,0.0,0.0,19.54,2.48,0.0
20220827:2311,0.0,0.0,0.0,19.68,2.76,0.0
20220828:0011,0.0,0.0,0.0,19.75,3.03,0.0
20220828:0111,0.0,0.0,0.0,19.69,3.03,0.0
20220828:0211,0.0,0.0,0.0,19.43,2.62,0.0
20220828:0311,0.0,0.0,0.0,19.07,2.0,0.0
20220828:0411,0.0,2.48,3.66,18.56,2.07,0.0
20220828:0511,55.29,90.73,11.26,18.02,2.69,0.0
20220828:0611,21.64,40.34,18.87,17.49,3.66,0.0
20220828:0711,86.66,121.68,26.07,18.8,2.69,0.0
20220828:0811,101.23,138.96,32.38,18.86,3.79,0.0
20220828:0911,71.6,103.1,37.23,18.27,4.62,0.0
20220828:1011,74.16,105.79,40.04,17.52,5.45,0.0
20220828:1111,72.13,103.1,40.36,17.02,5.93,0.0
20220828:1211,37.65,60.96,38.15,16.92,6.41,0.0
20220828:1311,36.29,59.17,33.77,16.64,6.69,0.0
20220828:1411,25.19,44.83,27.77,16.22,6.69,0.0
20220828:1511,35.06,57.38,20.75,15.53,6.21,0.0
20220828:1611,6.89,18.83,13.2,14.3,6.41,0.0
20220828:1711,11.99,26.46,5.56,13.57,6.48,0.0
20220828:1811,0.0,0.0,0.0,13.03,6.55,0.0
20220828:1911,0.0,0.0,0.0,12.92,6.0,0.0
20220828:2011,0.0,0.0,0.0,12.67,6.0,0.0
20220828:2111,0.0,0.0,0.0,13.18,5.93,0.0
20220828:2211,0.0,0.0,0.0,13.32,5.79,0.0
20220828:2311,0.0,0.0,0.0,13.39,5.59,0.0
20220829:0011,0.0,0.0,0.0,13.39,5.31,0.0
20220829:0111,0.0,0.0,0.0,13.37,5.1,0.0
20220829:0211,0.0,0.0,0.0,13.32,5.1,0.0
20220829:0311,0.0,0.0,0.0,13.21,5.03,0.0
20220829:0411,0.0,2.48,3.4,13.08,4.97,0.0
20220829:0511,19.45,36.76,11.0,13.22,4.9,0.0
20220829:0611,41.82,65.45,18.61,13.94,4.76,0.0
20220829:0711,136.97,177.13,25.79,14.41,5.66,0.0
20220829:0811,138.06,178.94,32.08,15.13,6.28,0.0
20220829:0911,168.1,214.15,36.91,16.14,7.45,0.0
20220829:1011,201.91,254.01,39.69,16.86,6.69,0.0
20220829:1111,203.05,255.84,40.0,17.32,6.76,0.0
20220829:1211,174.87,223.18,37.79,17.14,6.41,0.0
20220829:1311,131.61,172.86,33.41,16.84,6.21,0.0
20220829:1411,129.53,170.14,27.42,16.66,6.28,0.0
20220829:1511,122.14,161.92,20.4,16.11,6.28,0.0
20220829:1611,89.22,134.53,12.86,15.53,6.07,0.0
20220829:1711,9.67,23.15,5.22,14.88,5.66,0.0
20220829:1811,0.0,0.0,0.0,14.26,5.45,0.0
20220829:1911,0.0,0.0,0.0,13.77,5.45,0.0
20220829:2011,0.0,0.0,0.0,13.74,5.31,0.0
20220829:2111,0.0,0.0,0.0,13.64,5.38,0.0
20220829:2211,0.0,0.0,0.0,13.51,5.38,0.0
20220829:2311,0.0,0.0,0.0,13.4,5.24,0.0
20220830:0011,0.0,0.0,0.0,13.26,5.1,0.0
20220830:0111,0.0,0.0,0.0,13.16,5.1,0.0
20220830:0211,0.0,0.0,0.0,13.07,5.1,0.0
20220830:0311,0.0,0.0,0.0,12.85,5.17,0.0
20220830:0411,1.84,9.92,3.13,12.76,5.17,0.0
20220830:0511,62.59,104.82,10.74,12.85,4.76,0.0
20220830:0611,252.37,320.59,18.34,13.48,5.03,0.0
20220830:0711,439.28,529.81,25.51,15.07,5.03,0.0
20220830:0811,568.92,687.12,31.78,16.03,5.24,0.0
20220830:0911,599.35,728.74,36.59,16.62,5.17,0.0
20220830:1011,544.09,661.86,39.35,17.0,5.17,0.0
20220830:1111,618.77,757.79,39.64,17.51,5.17,0.0
20220830:1211,211.72,266.89,37.43,17.74,5.17,0.0
20220830:1311,298.01,366.75,33.05,17.69,5.03,0.0
20220830:1411,431.07,524.58,27.07,17.39,5.03,0.0
20220830:1511,145.93,191.13,20.05,17.14,5.1,0.0
20220830:1611,101.61,160.05,12.51,16.61,4.83,0.0
20220830:1711,11.28,25.63,4.87,15.8,4.69,0.0
20220830:1811,0.0,0.0,0.0,14.86,4.55,0.0
20220830:1911,0.0,0.0,0.0,13.93,4.62,0.0
20220830:2011,0.0,0.0,0.0,13.43,4.62,0.0
20220830:2111,0.0,0.0,0.0,13.05,4.48,0.0
20220830:2211,0.0,0.0,0.0,12.77,4.41,0.0
20220830:2311,0.0,0.0,0.0,12.67,4.41,0.0
20220831:0011,0.0,0.0,0.0,12.51,4.34,0.0
20220831:0111,0.0,0.0,0.0,12.35,4.28,0.0
20220831:0211,0.0,0.0,0.0,12.05,4.34,0.0
20220831:0311,0.0,0.0,0.0,11.79,4.28,0.0
20220831:0411,2.28,10.75,2.86,11.55,4.14,0.0
20220831:0511,63.98,110.9,10.47,11.74,3.72,0.0
20220831:0611,205.16,260.86,18.07,12.2,4.0,0.0
20220831:0711,432.36,517.35,25.23,12.78,4.41,0.0
20220831:0811,559.59,671.69,31.48,13.63,4.28,0.0
20220831:0911,646.8,784.59,36.26,14.36,4.34,0.0
20220831:1011,619.37,751.72,39.0,14.91,4.55,0.0
20220831:1111,134.87,175.72,39.28,15.1,4.97,0.0
20220831:1211,418.06,504.06,37.06,15.39,5.03,0.0
20220831:1311,111.66,148.82,32.69,15.24,5.03,0.0
20220831:1411,23.97,43.03,26.71,15.02,5.24,0.0
20220831:1511,58.7,86.07,19.7,14.33,4.62,0.0
20220831:1611,5.8,17.03,12.17,13.7,4.28,0.0
20220831:1711,6.53,18.19,4.52,13.21,3.93,0.0
20220831:1811,0.0,0.0,0.0,12.84,3.72,0.0
20220831:1911,0.0,0.0,0.0,12.33,4.14,0.0
20220831:2011,0.0,0.0,0.0,11.88,4.28,0.0
20220831:2111,0.0,0.0,0.0,11.57,4.62,0.0
20220831:2211,0.0,0.0,0.0,11.31,4.55,0.0
20220831:2311,0.0,0.0,0.0,11.04,4.34,0.0
20220901:0011,0.0,0.0,0.0,10.83,4.21,0.0
20220901:0111,0.0,0.0,0.0,10.59,4.07,0.0
20220901:0211,0.0,0.0,0.0,10.39,3.93,0.0
20220901:0311,0.0,0.0,0.0,10.25,3.86,0.0
20220901:0411,1.08,8.27,2.59,10.06,3.86,0.0
20220901:0511,63.86,113.45,10.21,10.35,3.93,0.0
20220901:0611,256.49,323.04,17.8,11.08,4.28,0.0
20220901:0711,461.34,551.72,24.95,12.12,3.93,0.0
20220901:0811,541.4,649.08,31.18,13.15,4.0,0.0
20220901:0911,187.63,235.35,35.94,13.85,4.14,0.0
20220901:1011,652.03,792.91,38.65,14.02,4.07,0.0
20220901:1111,323.78,392.98,38.92,14.26,4.0,0.0
20220901:1211,119.64,157.79,36.69,14.4,3.86,0.0
20220901:1311,578.25,700.44,32.32,14.25,3.66,0.0
20220901:1411,92.66,126.26,26.35,14.23,3.52,0.0
20220901:1511,266.22,333.59,19.35,14.07,3.52,0.0
20220901:1611,93.18,145.85,11.81,13.55,3.72,0.0
20220901:1711,8.67,21.5,4.17,12.95,3.52,0.0
20220901:1811,0.0,0.0,0.0,12.31,3.52,0.0
20220901:1911,0.0,0.0,0.0,11.41,3.66,0.0
20220901:2011,0.0,0.0,0.0,10.9,3.79,0.0
20220901:2111,0.0,0.0,0.0,10.62,3.79,0.0
20220901:2211,0.0,0.0,0.0,10.29,3.72,0.0
20220901:2311,0.0,0.0,0.0,10.1,3.79,0.0
20220902:0011,0.0,0.0,0.0,9.9,3.93,0.0
20220902:0111,0.0,0.0,0.0,9.73,4.0,0.0
20220902:0211,0.0,0.0,0.0,9.5,4.0,0.0
20220902:0311,0.0,0.0,0.0,9.27,3.93,0.0
20220902:0411,0.06,5.79,2.32,9.19,3.93,0.0
20220902:0511,62.24,109.3,9.94,9.31,3.72,0.0
20220902:0611,256.08,321.4,17.53,10.01,3.79,0.0
20220902:0711,460.72,546.72,24.66,10.72,4.14,0.0
20220902:0811,520.04,617.13,30.87,11.57,4.28,0.0
20220902:0911,514.61,613.97,35.61,12.05,4.0,0.0
20220902:1011,397.84,476.85,38.3,12.46,3.66,0.0
20220902:1111,410.3,493.31,38.55,12.77,3.31,0.0
20220902:1211,278.8,340.24,36.32,13.05,2.76,0.0
20220902:1311,170.71,216.27,31.95,13.35,2.34,0.0
20220902:1411,218.1,270.44,25.99,13.24,2.28,0.0
20220902:1511,201.74,255.47,18.99,13.03,2.34,0.0
20220902:1611,60.77,92.49,11.46,12.82,2.34,0.0
20220902:1711,6.06,17.36,3.82,12.14,2.14,0.0
20220902:1811,0.0,0.0,0.0,11.38,2.28,0.0
20220902:1911,0.0,0.0,0.0,11.08,2.07,0.0
20220902:2011,0.0,0.0,0.0,10.84,2.14,0.0
20220902:2111,0.0,0.0,0.0,10.6,2.14,0.0
20220902:2211,0.0,0.0,0.0,10.36,2.14,0.0
20220902:2311,0.0,0.0,0.0,10.14,2.14,0.0
20220903:0011,0.0,0.0,0.0,9.95,2.21,0.0
20220903:0111,0.0,0.0,0.0,9.94,2.14,0.0
20220903:0211,0.0,0.0,0.0,9.84,2.07,0.0
20220903:0311,0.0,0.0,0.0,9.8,2.0,0.0
20220903:0411,0.0,0.83,2.05,9.79,1.93,0.0
20220903:0511,9.43,22.41,9.67,9.93,1.86,0.0
20220903:0611,40.28,62.76,17.25,10.29,1.86,0.0
20220903:0711,77.16,106.69,24.38,10.61,1.93,0.0
20220903:0811,123.5,160.43,30.57,10.98,1.86,0.0
20220903:0911,91.35,123.72,35.27,11.42,1.38,0.0
20220903:1011,71.81,101.31,37.94,12.28,0.83,0.0
20220903:1111,88.97,121.93,38.18,12.89,0.55,0.0
20220903:1211,55.75,82.48,35.94,13.27,0.76,0.0
20220903:1311,40.34,63.65,31.58,13.38,0.97,0.0
20220903:1411,46.2,70.83,25.62,13.23,1.1,0.0
20220903:1511,41.88,65.45,18.63,12.98,1.17,0.0
20220903:1611,29.67,50.36,11.1,12.73,1.03,0.0
20220903:1711,0.05,5.79,3.46,12.32,1.03,0.0
20220903:1811,0.0,0.0,0.0,12.13,1.17,0.0
20220903:1911,0.0,0.0,0.0,11.18,1.17,0.0
20220903:2011,0.0,0.0,0.0,11.19,1.03,0.0
20220903:2111,0.0,0.0,0.0,11.18,1.03,0.0
20220903:2211,0.0,0.0,0.0,11.11,0.97,0.0
20220903:2311,0.0,0.0,0.0,10.73,0.9,0.0
20220904:0011,0.0,0.0,0.0,10.47,0.62,0.0
20220904:0111,0.0,0.0,0.0,10.6,1.17,0.0
20220904:0211,0.0,0.0,0.0,10.19,1.59,0.0
20220904:0311,0.0,0.0,0.0,10.02,1.93,0.0
20220904:0411,0.0,0.83,1.77,9.87,2.34,0.0
20220904:0511,35.97,59.37,9.4,10.17,2.55,0.0
20220904:0611,81.83,112.46,16.98,10.53,2.76,0.0
20220904:0711,212.15,260.92,24.09,11.09,2.55,0.0
20220904:0811,589.93,712.43,30.26,11.85,2.69,0.0
20220904:0911,564.73,685.46,34.94,12.89,2.69,0.0
20220904:1011,395.82,480.32,37.59,13.58,2.41,0.0
20220904:1111,450.59,549.13,37.81,14.1,2.28,0.0
20220904:1211,84.11,116.55,35.57,14.39,2.21,0.0
20220904:1311,249.29,308.08,31.2,14.44,2.28,0.0
20220904:1411,170.43,216.43,25.25,14.17,2.28,0.0
20220904:1511,219.01,278.42,18.27,14.13,2.14,0.0
20220904:1611,76.44,121.17,10.74,13.71,2.0,0.0
20220904:1711,3.58,13.23,3.1,12.98,1.66,0.0
20220904:1811,0.0,0.0,0.0,12.37,1.66,0.0
20220904:1911,0.0,0.0,0.0,11.71,1.66,0.0
20220904:2011,0.0,0.0,0.0,11.57,1.17,0.0
20220904:2111,0.0,0.0,0.0,11.14,0.83,0.0
20220904:2211,0.0,0.0,0.0,11.35,1.1,0.0
20220904:2311,0.0,0.0,0.0,11.24,1.31,0.0
20220905:0011,0.0,0.0,0.0,11.01,1.38,0.0
20220905:0111,0.0,0.0,0.0,10.54,1.52,0.0
20220905:0211,0.0,0.0,0.0,10.37,1.86,0.0
20220905:0311,0.0,0.0,0.0,10.25,2.21,0.0
20220905:0411,0.0,0.83,1.5,9.83,2.28,0.0
20220905:0511,57.36,101.67,9.13,10.02,2.41,0.0
20220905:0611,246.62,313.01,16.7,10.83,2.21,0.0
20220905:0711,446.07,535.96,23.8,11.26,2.55,0.0
20220905:0811,571.62,691.51,29.95,12.16,2.55,0.0
20220905:0911,609.12,744.73,34.61,13.07,2.48,0.0
20220905:1011,598.34,735.94,37.23,13.72,2.28,0.0
20220905:1111,396.68,484.39,37.43,14.22,2.0,0.0
20220905:1211,351.24,429.74,35.19,14.48,1.93,0.0
20220905:1311,169.32,216.07,30.83,14.53,1.72,0.0
20220905:1411,108.34,145.04,24.88,14.29,1.52,0.0
20220905:1511,61.24,89.4,17.91,14.13,1.1,0.0
20220905:1611,71.06,113.63,10.38,13.83,0.69,0.0
20220905:1711,0.69,7.44,2.74,13.02,0.9,0.0
20220905:1811,0.0,0.0,0.0,12.36,1.45,0.0
20220905:1911,0.0,0.0,0.0,12.03,1.93,0.0
20220905:2011,0.0,0.0,0.0,11.71,2.07,0.0
20220905:2111,0.0,0.0,0.0,11.48,2.28,0.0
20220905:2211,0.0,0.0,0.0,11.28,2.41,0.0
20220905:2311,0.0,0.0,0.0,11.02,2.48,0.0
20220906:0011,0.0,0.0,0.0,10.75,2.62,0.0
20220906:0111,0.0,0.0,0.0,10.45,2.83,0.0
20220906:0211,0.0,0.0,0.0,10.12,2.9,0.0
20220906:0311,0.0,0.0,0.0,9.86,2.97,0.0
20220906:0411,0.0,0.0,0.0,9.84,3.03,0.0
20220906:0511,47.74,80.46,8.86,10.49,2.97,0.0
20220906:0611,230.51,292.97,16.42,11.47,2.83,0.0
20220906:0711,0.0,0.0,0.0,12.51,3.17,0.0
20220906:0811,590.74,714.84,29.64,14.02,3.66,0.0
20220906:0911,696.46,856.4,34.27,15.24,3.79,0.0
20220906:1011,744.25,926.09,36.87,16.47,3.93,0.0
20220906:1111,725.62,906.78,37.05,17.5,3.86,0.0
20220906:1211,675.26,843.37,34.81,18.16,3.59,0.0
20220906:1311,379.25,467.97,30.45,18.5,3.17,0.0
20220906:1411,407.4,505.16,24.51,18.67,2.83,0.0
20220906:1511,224.79,291.17,17.54,18.48,2.76,0.0
20220906:1611,73.83,122.66,10.02,17.58,2.41,0.0
20220906:1711,1.78,9.92,2.37,16.41,2.62,0.0
20220906:1811,0.0,0.0,0.0,15.27,2.69,0.0
20220906:1911,0.0,0.0,0.0,14.32,2.21,0.0
20220906:2011,0.0,0.0,0.0,13.39,1.66,0.0
20220906:2111,0.0,0.0,0.0,12.73,1.86,0.0
20220906:2211,0.0,0.0,0.0,12.19,2.69,0.0
20220906:2311,0.0,0.0,0.0,11.67,2.97,0.0
20220907:0011,0.0,0.0,0.0,11.29,2.76,0.0
20220907:0111,0.0,0.0,0.0,10.97,2.69,0.0
20220907:0211,0.0,0.0,0.0,10.62,2.83,0.0
20220907:0311,0.0,0.0,0.0,10.3,2.97,0.0
20220907:0411,0.0,0.0,0.0,10.14,2.9,0.0
20220907:0511,53.98,97.48,8.58,10.36,2.76,0.0
20220907:0611,232.0,295.12,16.14,11.34,2.69,0.0
20220907:0711,432.15,519.79,23.21,12.76,3.38,0.0
20220907:0811,575.41,695.54,29.32,13.51,3.31,0.0
20220907:0911,646.36,790.64,33.93,14.02,3.17,0.0
20220907:1011,621.89,764.29,36.5,14.56,2.9,0.0
20220907:1111,573.09,701.57,36.68,15.07,3.1,0.0
20220907:1211,315.72,385.63,34.42,15.23,3.31,0.0
20220907:1311,144.62,187.06,30.07,14.96,3.24,0.0
20220907:1411,55.54,82.48,24.14,14.67,3.03,0.0
20220907:1511,84.34,117.02,17.17,14.27,2.69,0.0
20220907:1611,32.29,54.54,9.65,13.94,2.48,0.0
20220907:1711,0.0,1.65,2.01,13.37,2.34,0.0
20220907:1811,0.0,0.0,0.0,12.77,2.55,0.0
20220907:1911,0.0,0.0,0.0,11.78,2.83,0.0
20220907:2011,0.0,0.0,0.0,11.31,3.03,0.0
20220907:2111,0.0,0.0,0.0,11.03,2.83,0.0
20220907:2211,0.0,0.0,0.0,10.86,2.62,0.0
20220907:2311,0.0,0.0,0.0,10.67,2.76,0.0
20220908:0011,0.0,0.0,0.0,10.49,2.83,0.0
20220908:0111,0.0,0.0,0.0,10.39,2.83,0.0
20220908:0211,0.0,0.0,0.0,10.3,2.83,0.0
20220908:0311,0.0,0.0,0.0,10.23,2.76,0.0
20220908:0411,0.0,0.0,0.0,10.11,2.62,0.0
20220908:0511,52.85,96.39,8.31,10.37,2.34,0.0
20220908:0611,236.42,301.29,15.86,11.24,2.14,0.0
20220908:0711,408.86,495.11,22.92,11.83,1.79,0.0
20220908:0811,145.45,186.37,29.01,12.51,2.34,0.0
20220908:0911,93.14,126.41,33.59,13.01,2.41,0.0
20220908:1011,74.03,104.0,36.14,13.08,2.55,0.0
20220908:1111,73.92,104.0,36.3,13.4,2.62,0.0
20220908:1211,70.06,99.51,34.04,13.77,3.17,0.0
20220908:1311,67.75,96.82,29.69,13.98,3.45,0.0
20220908:1411,58.02,85.17,23.76,13.93,3.72,0.0
20220908:1511,38.95,61.86,16.8,13.63,3.72,0.0
20220908:1611,22.12,40.34,9.29,13.27,3.31,0.0
20220908:1711,0.0,3.31,1.64,12.68,3.24,0.0
20220908:1811,0.0,0.0,0.0,12.25,3.31,0.0
20220908:1911,0.0,0.0,0.0,11.84,3.31,0.0
20220908:2011,0.0,0.0,0.0,11.61,3.66,0.0
20220908:2111,0.0,0.0,0.0,11.59,4.0,0.0
20220908:2211,0.0,0.0,0.0,11.62,4.07,0.0
20220908:2311,0.0,0.0,0.0,11.78,3.93,0.0
20220909:0011,0.0,0.0,0.0,11.87,3.86,0.0
20220909:0111,0.0,0.0,0.0,12.0,3.93,0.0
20220909:0211,0.0,0.0,0.0,12.33,3.79,0.0
20220909:0311,0.0,0.0,0.0,12.33,4.0,0.0
20220909:0411,0.0,0.0,0.0,12.35,4.14,0.0
20220909:0511,48.4,87.16,8.03,12.23,4.28,0.0
20220909:0611,55.77,82.12,15.58,12.64,4.55,0.0
20220909:0711,166.88,210.12,22.62,13.4,5.72,0.0
20220909:0811,164.88,208.11,28.69,13.56,5.59,0.0
20220909:0911,285.47,345.49,33.25,13.86,5.59,0.0
20220909:1011,551.88,660.58,35.77,14.05,5.38,0.0
20220909:1111,633.74,763.89,35.91,14.21,5.1,0.0
20220909:1211,393.96,472.36,33.65,14.22,5.03,0.0
20220909:1311,338.4,407.24,29.3,14.32,5.03,0.0
20220909:1411,235.92,289.57,23.38,14.1,4.97,0.0
20220909:1511,153.12,198.34,16.43,13.89,4.83,0.0
20220909:1611,63.84,107.51,8.92,13.61,4.48,0.0
20220909:1711,0.0,2.48,1.27,13.08,3.79,0.0
20220909:1811,0.0,0.0,0.0,12.54,3.52,0.0
20220909:1911,0.0,0.0,0.0,12.89,3.52,0.0
20220909:2011,0.0,0.0,0.0,12.88,3.31,0.0
20220909:2111,0.0,0.0,0.0,13.16,3.31,0.0
20220909:2211,0.0,0.0,0.0,13.26,2.97,0.0
20220909:2311,0.0,0.0,0.0,13.36,2.69,0.0
20220910:0011,0.0,0.0,0.0,13.27,2.55,0.0
20220910:0111,0.0,0.0,0.0,13.17,2.62,0.0
20220910:0211,0.0,0.0,0.0,12.74,2.97,0.0
20220910:0311,0.0,0.0,0.0,12.53,3.1,0.0
20220910:0411,0.0,0.0,0.0,12.3,3.17,0.0
20220910:0511,5.3,16.14,7.75,12.51,3.1,0.0
20220910:0611,45.44,69.76,15.3,13.0,3.24,0.0
20220910:0711,47.88,72.62,22.32,12.89,3.59,0.0
20220910:0811,124.92,162.74,28.37,13.02,3.86,0.0
20220910:0911,87.26,119.24,32.9,12.83,3.72,0.0
20220910:1011,78.77,109.38,35.4,12.95,3.66,0.0
20220910:1111,67.3,95.93,35.53,13.22,4.28,0.0
20220910:1211,41.94,65.45,33.26,13.21,3.72,0.0
20220910:1311,35.42,57.38,28.92,13.26,3.45,0.0
20220910:1411,24.17,43.03,23.0,13.18,2.9,0.0
20220910:1511,39.73,62.76,16.05,13.14,2.48,0.0
20220910:1611,34.65,58.89,8.54,13.02,2.14,0.0
20220910:1711,0.0,0.0,0.0,12.84,2.07,0.0
20220910:1811,0.0,0.0,0.0,12.71,1.93,0.0
20220910:1911,0.0,0.0,0.0,12.51,2.14,0.0
20220910:2011,0.0,0.0,0.0,12.54,1.86,0.0
20220910:2111,0.0,0.0,0.0,12.54,1.52,0.0
20220910:2211,0.0,0.0,0.0,12.57,1.31,0.0
20220910:2311,0.0,0.0,0.0,12.52,1.52,0.0
20220911:0011,0.0,0.0,0.0,12.51,1.52,0.0
20220911:0111,0.0,0.0,0.0,12.49,1.59,0.0
20220911:0211,0.0,0.0,0.0,12.58,1.66,0.0
20220911:0311,0.0,0.0,0.0,12.44,1.79,0.0
20220911:0411,0.0,0.0,0.0,12.3,1.86,0.0
20220911:0511,8.71,21.52,7.47,12.37,1.86,0.0
20220911:0611,48.34,73.39,15.01,12.99,1.72,0.0
20220911:0711,110.29,146.8,22.03,14.01,2.28,0.0
20220911:0811,84.79,117.44,28.05,14.71,2.55,0.0
20220911:0911,167.91,214.49,32.55,14.97,2.34,0.0
20220911:1011,72.42,103.1,35.03,15.36,2.21,0.0
20220911:1111,57.38,85.17,35.15,15.77,2.0,0.0
20220911:1211,136.29,178.91,32.87,16.0,1.86,0.0
20220911:1311,91.57,126.41,28.53,16.24,1.79,0.0
20220911:1411,108.1,145.85,22.62,16.33,1.72,0.0
20220911:1511,88.16,123.03,15.68,15.98,1.66,0.0
20220911:1611,45.88,79.6,8.17,15.54,1.38,0.0
20220911:1711,0.0,0.0,0.0,14.77,1.38,0.0
20220911:1811,0.0,0.0,0.0,14.09,1.31,0.0
20220911:1911,0.0,0.0,0.0,12.89,0.97,0.0
20220911:2011,0.0,0.0,0.0,11.97,0.83,0.0
20220911:2111,0.0,0.0,0.0,12.21,0.62,0.0
20220911:2211,0.0,0.0,0.0,12.5,0.21,0.0
20220911:2311,0.0,0.0,0.0,12.39,0.21,0.0
20220912:0011,0.0,0.0,0.0,11.62,0.69,0.0
20220912:0111,0.0,0.0,0.0,10.83,0.9,0.0
20220912:0211,0.0,0.0,0.0,10.64,0.83,0.0
20220912:0311,0.0,0.0,0.0,9.99,0.83,0.0
20220912:0411,0.0,0.0,0.0,9.48,0.76,0.0
20220912:0511,40.73,74.15,7.19,9.08,0.69,0.0
20220912:0611,217.8,280.55,14.72,10.89,0.41,0.0
20220912:0711,368.66,453.07,21.72,12.16,0.34,0.0
20220912:0811,546.2,680.59,27.73,14.22,0.83,0.0
20220912:0911,597.71,747.04,32.21,15.28,1.52,0.0
20220912:1011,382.97,471.99,34.66,16.22,1.86,0.0
20220912:1111,185.44,236.93,34.76,16.56,1.93,0.0
20220912:1211,171.22,220.37,32.48,17.0,2.21,0.0
20220912:1311,107.65,145.52,28.14,16.9,2.69,0.0
20220912:1411,153.31,198.29,22.24,16.68,3.03,0.0
20220912:1511,23.79,43.03,15.3,16.27,3.1,0.0
20220912:1611,40.36,71.17,7.8,15.64,3.03,0.0
20220912:1711,0.0,0.0,0.0,14.65,3.03,0.0
20220912:1811,0.0,0.0,0.0,14.02,3.1,0.0
20220912:1911,0.0,0.0,0.0,13.52,3.31,0.0
20220912:2011,0.0,0.0,0.0,13.16,3.31,0.0
20220912:2111,0.0,0.0,0.0,12.96,3.52,0.0
20220912:2211,0.0,0.0,0.0,12.9,3.79,0.0
20220912:2311,0.0,0.0,0.0,12.9,4.14,0.0
20220913:0011,0.0,0.0,0.0,12.92,4.48,0.0
20220913:0111,0.0,0.0,0.0,13.09,4.76,0.0
20220913:0211,0.0,0.0,0.0,13.19,4.76,0.0
20220913:0311,0.0,0.0,0.0,13.31,5.03,0.0
20220913:0411,0.0,0.0,0.0,13.42,5.31,0.0
20220913:0511,1.37,8.97,6.91,13.58,6.07,0.0
20220913:0611,5.26,16.14,14.44,13.87,7.17,0.0
20220913:0711,35.37,57.38,21.42,13.82,6.48,0.0
20220913:0811,39.17,61.86,27.4,12.86,6.9,0.0
20220913:0911,87.57,119.24,31.86,12.83,7.45,0.0
20220913:1011,51.75,77.1,34.29,12.84,8.34,0.0
20220913:1111,48.61,73.51,34.37,13.53,8.69,0.0
20220913:1211,22.85,41.24,32.09,13.21,8.48,0.0
20220913:1311,27.66,47.52,27.75,13.39,7.24,0.0
20220913:1411,205.95,254.28,21.85,13.51,5.59,0.0
20220913:1511,22.69,41.24,14.92,14.29,4.14,0.0
20220913:1611,38.0,67.41,7.42,14.3,3.59,0.0
20220913:1711,0.0,0.0,0.0,13.92,3.86,0.0
20220913:1811,0.0,0.0,0.0,13.47,3.93,0.0
20220913:1911,0.0,0.0,0.0,13.4,3.45,0.0
20220913:2011,0.0,0.0,0.0,13.15,3.86,0.0
20220913:2111,0.0,0.0,0.0,12.68,4.21,0.0
20220913:2211,0.0,0.0,0.0,12.52,3.93,0.0
20220913:2311,0.0,0.0,0.0,12.25,4.07,0.0
20220914:0011,0.0,0.0,0.0,11.94,3.79,0.0
20220914:0111,0.0,0.0,0.0,11.63,3.59,0.0
20220914:0211,0.0,0.0,0.0,11.31,3.31,0.0
20220914:0311,0.0,0.0,0.0,10.9,3.24,0.0
20220914:0411,0.0,0.0,0.0,10.58,3.1,0.0
20220914:0511,23.73,44.76,6.63,10.36,2.97,0.0
20220914:0611,145.11,188.59,14.15,10.56,3.1,0.0
20220914:0711,146.47,185.48,21.12,11.01,3.79,0.0
20220914:0811,487.02,578.74,27.08,11.92,3.93,0.0
20220914:0911,574.0,688.73,31.51,13.2,4.14,0.0
20220914:1011,353.78,427.09,33.92,14.61,4.34,0.0
20220914:1111,484.05,584.47,33.98,15.49,4.48,0.0
20220914:1211,572.83,695.9,31.69,15.79,4.21,0.0
20220914:1311,253.34,311.87,27.36,15.85,4.28,0.0
20220914:1411,79.57,111.41,21.47,15.64,4.34,0.0
20220914:1511,32.24,53.79,14.54,15.22,3.79,0.0
20220914:1611,15.37,31.84,7.04,14.87,3.66,0.0
20220914:1711,0.0,0.0,0.0,14.16,3.38,0.0
20220914:1811,0.0,0.0,0.0,13.73,3.24,0.0
20220914:1911,0.0,0.0,0.0,13.16,3.59,0.0
20220914:2011,0.0,0.0,0.0,12.67,3.45,0.0
20220914:2111,0.0,0.0,0.0,12.15,3.38,0.0
20220914:2211,0.0,0.0,0.0,11.73,3.31,0.0
20220914:2311,0.0,0.0,0.0,11.42,3.31,0.0
20220915:0011,0.0,0.0,0.0,11.13,3.24,0.0
20220915:0111,0.0,0.0,0.0,10.8,3.03,0.0
20220915:0211,0.0,0.0,0.0,10.46,2.97,0.0
20220915:0311,0.0,0.0,0.0,10.21,2.9,0.0
20220915:0411,0.0,0.0,0.0,9.85,2.97,0.0
20220915:0511,10.67,24.21,6.35,9.74,2.9,0.0
20220915:0611,233.34,296.41,13.86,10.3,2.83,0.0
20220915:0711,331.26,396.52,20.81,11.49,3.79,0.0
20220915:0811,455.53,542.53,26.75,12.43,3.86,0.0
20220915:0911,187.18,233.66,31.16,13.1,3.93,0.0
20220915:1011,124.88,163.4,33.54,13.73,3.66,0.0
20220915:1111,103.69,138.96,33.59,13.85,3.52,0.0
20220915:1211,66.48,95.03,31.3,13.22,3.38,0.0
20220915:1311,88.03,120.13,26.97,12.82,3.72,0.0
20220915:1411,79.88,110.57,21.08,12.88,3.72,0.0
20220915:1511,19.49,36.76,14.16,12.76,3.72,0.0
20220915:1611,23.18,43.92,6.67,12.61,4.0,0.0
20220915:1711,0.0,0.0,0.0,12.02,4.07,0.0
20220915:1811,0.0,0.0,0.0,11.71,4.21,0.0
20220915:1911,0.0,0.0,0.0,11.05,4.14,0.0
20220915:2011,0.0,0.0,0.0,10.7,3.86,0.0
20220915:2111,0.0,0.0,0.0,10.54,3.72,0.0
20220915:2211,0.0,0.0,0.0,10.27,3.66,0.0
20220915:2311,0.0,0.0,0.0,9.83,3.38,0.0
20220916:0011,0.0,0.0,0.0,9.64,3.17,0.0
20220916:0111,0.0,0.0,0.0,9.48,3.03,0.0
20220916:0211,0.0,0.0,0.0,9.3,3.03,0.0
20220916:0311,0.0,0.0,0.0,9.21,3.17,0.0
20220916:0411,0.0,0.0,0.0,9.36,3.24,0.0
20220916:0511,0.0,5.38,6.07,9.56,3.38,0.0
20220916:0611,23.91,42.14,13.57,9.91,4.55,0.0
20220916:0711,73.06,101.47,20.51,10.26,4.14,0.0
20220916:0811,205.21,251.58,26.42,11.28,4.0,0.0
20220916:0911,178.57,223.14,30.8,12.2,3.72,0.0
20220916:1011,264.75,322.09,33.17,13.03,3.79,0.0
20220916:1111,198.26,246.77,33.2,13.33,3.79,0.0
20220916:1211,87.76,120.13,30.9,13.48,3.79,0.0
20220916:1311,17.42,34.07,26.57,13.55,3.59,0.0
20220916:1411,329.19,398.17,20.69,13.4,3.38,0.0
20220916:1511,36.91,59.17,13.78,12.93,3.24,0.0
20220916:1611,21.19,40.92,6.29,12.35,3.31,0.0
20220916:1711,0.0,0.0,0.0,11.59,3.59,0.0
20220916:1811,0.0,0.0,0.0,11.03,3.72,0.0
20220916:1911,0.0,0.0,0.0,10.8,4.28,0.0
20220916:2011,0.0,0.0,0.0,10.51,4.28,0.0
20220916:2111,0.0,0.0,0.0,10.42,4.55,0.0
20220916:2211,0.0,0.0,0.0,10.5,4.62,0.0
20220916:2311,0.0,0.0,0.0,10.33,4.76,0.0
20220917:0011,0.0,0.0,0.0,10.38,4.83,0.0
20220917:0111,0.0,0.0,0.0,10.24,4.69,0.0
20220917:0211,0.0,0.0,0.0,10.11,4.9,0.0
20220917:0311,0.0,0.0,0.0,9.93,5.24,0.0
20220917:0411,0.0,0.0,0.0,9.48,5.52,0.0
20220917:0511,23.34,45.51,5.78,9.25,5.52,0.0
20220917:0611,57.31,83.09,13.28,9.32,5.38,0.0
20220917:0711,272.28,325.68,20.2,10.36,4.97,0.0
20220917:0811,115.14,149.88,26.09,11.05,5.52,0.0
20220917:0911,110.07,144.59,30.45,11.63,5.72,0.0
20220917:1011,77.16,106.69,32.79,11.54,5.72,0.0
20220917:1111,198.62,244.4,32.81,11.44,5.17,0.0
20220917:1211,227.59,276.97,30.5,11.72,5.03,0.0
20220917:1311,62.49,89.65,26.18,11.78,4.97,0.0
20220917:1411,42.94,66.34,20.31,12.12,4.9,0.0
20220917:1511,37.1,59.17,13.4,12.09,4.69,0.0
20220917:1611,20.75,40.93,5.91,12.09,4.41,0.0
20220917:1711,0.0,0.0,0.0,11.76,4.0,0.0
20220917:1811,0.0,0.0,0.0,11.42,3.66,0.0
20220917:1911,0.0,0.0,0.0,11.28,2.83,0.0
20220917:2011,0.0,0.0,0.0,11.21,2.9,0.0
20220917:2111,0.0,0.0,0.0,10.94,2.9,0.0
20220917:2211,0.0,0.0,0.0,10.37,2.9,0.0
20220917:2311,0.0,0.0,0.0,9.94,2.9,0.0
20220918:0011,0.0,0.0,0.0,9.5,2.83,0.0
20220918:0111,0.0,0.0,0.0,9.12,2.83,0.0
20220918:0211,0.0,0.0,0.0,8.91,2.76,0.0
20220918:0311,0.0,0.0,0.0,8.84,2.76,0.0
20220918:0411,0.0,0.0,0.0,8.83,2.76,0.0
20220918:0511,19.69,40.41,5.5,8.9,2.69,0.0
20220918:0611,118.54,156.34,12.98,9.56,3.59,0.0
20220918:0711,157.3,197.54,19.89,10.45,2.83,0.0
20220918:0811,279.63,336.81,25.76,11.49,3.03,0.0
20220918:0911,396.34,473.9,30.09,12.35,3.31,0.0
20220918:1011,541.43,652.43,32.41,13.05,3.31,0.0
20220918:1111,509.75,615.16,32.42,13.72,3.31,0.0
20220918:1211,265.33,324.15,30.11,14.04,3.45,0.0
20220918:1311,410.63,493.24,25.78,14.06,3.72,0.0
20220918:1411,147.14,188.13,19.92,13.54,3.93,0.0
20220918:1511,191.53,247.35,13.01,13.08,3.86,0.0
20220918:1611,18.07,37.59,5.53,12.46,3.1,0.0
20220918:1711,0.0,0.0,0.0,11.64,2.9,0.0
20220918:1811,0.0,0.0,0.0,10.8,3.1,0.0
20220918:1911,0.0,0.0,0.0,11.42,2.83,0.0
20220918:2011,0.0,0.0,0.0,11.25,3.17,0.0
20220918:2111,0.0,0.0,0.0,10.95,3.31,0.0
20220918:2211,0.0,0.0,0.0,10.57,3.59,0.0
20220918:2311,0.0,0.0,0.0,9.98,3.93,0.0
20220919:0011,0.0,0.0,0.0,9.56,4.34,0.0
20220919:0111,0.0,0.0,0.0,9.31,4.76,0.0
20220919:0211,0.0,0.0,0.0,9.06,5.03,0.0
20220919:0311,0.0,0.0,0.0,8.92,5.1,0.0
20220919:0411,0.0,0.0,0.0,9.14,5.52,0.0
20220919:0511,3.8,13.45,5.21,9.44,5.59,0.0
20220919:0611,68.3,96.45,12.69,9.56,5.59,0.0
20220919:0711,68.56,96.17,19.58,10.23,4.69,0.0
20220919:0811,206.48,251.19,25.43,10.45,5.38,0.0
20220919:0911,96.85,129.1,29.74,10.95,5.93,0.0
20220919:1011,115.73,150.91,32.03,11.47,6.0,0.0
20220919:1111,124.13,160.79,32.02,11.78,5.52,0.0
20220919:1211,123.02,159.32,29.71,11.61,5.59,0.0
20220919:1311,81.06,111.17,25.39,11.56,6.41,0.0
20220919:1411,86.7,117.69,19.53,11.83,6.34,0.0
20220919:1511,42.49,65.8,12.63,11.62,6.14,0.0
20220919:1611,9.39,23.01,5.15,10.98,5.59,0.0
20220919:1711,0.0,0.0,0.0,10.52,5.52,0.0
20220919:1811,0.0,0.0,0.0,10.14,5.52,0.0
20220919:1911,0.0,0.0,0.0,10.08,5.45,0.0
20220919:2011,0.0,0.0,0.0,10.08,5.52,0.0
20220919:2111,0.0,0.0,0.0,10.06,5.38,0.0
20220919:2211,0.0,0.0,0.0,9.94,5.24,0.0
20220919:2311,0.0,0.0,0.0,9.89,5.24,0.0
20220920:0011,0.0,0.0,0.0,9.77,5.24,0.0
20220920:0111,0.0,0.0,0.0,9.66,5.31,0.0
20220920:0211,0.0,0.0,0.0,9.57,5.38,0.0
20220920:0311,0.0,0.0,0.0,9.48,5.52,0.0
20220920:0411,0.0,0.0,0.0,9.48,5.59,0.0
20220920:0511,5.4,16.14,4.93,9.47,5.52,0.0
20220920:0611,40.63,62.98,12.4,9.65,5.52,0.0
20220920:0711,234.17,281.9,19.27,9.93,5.38,0.0
20220920:0811,345.56,405.86,25.1,10.55,6.48,0.0
20220920:0911,395.27,463.81,29.38,11.01,6.34,0.0
20220920:1011,338.68,400.9,31.65,11.3,5.93,0.0
20220920:1111,183.03,226.7,31.63,11.5,5.79,0.0
20220920:1211,84.06,114.76,29.31,11.68,5.66,0.0
20220920:1311,96.02,128.52,24.99,11.54,4.9,0.0
20220920:1411,73.06,101.89,19.14,11.45,4.62,0.0
20220920:1511,41.86,65.0,12.24,11.23,4.34,0.0
20220920:1611,8.22,21.29,4.76,10.86,4.14,0.0
20220920:1711,0.0,0.0,0.0,10.27,3.93,0.0
20220920:1811,0.0,0.0,0.0,9.67,3.72,0.0
20220920:1911,0.0,0.0,0.0,8.73,3.45,0.0
20220920:2011,0.0,0.0,0.0,8.37,3.17,0.0
20220920:2111,0.0,0.0,0.0,8.1,2.97,0.0
20220920:2211,0.0,0.0,0.0,7.77,2.76,0.0
20220920:2311,0.0,0.0,0.0,7.45,2.83,0.0
20220921:0011,0.0,0.0,0.0,7.23,2.9,0.0
20220921:0111,0.0,0.0,0.0,7.09,2.97,0.0
20220921:0211,0.0,0.0,0.0,6.96,3.03,0.0
20220921:0311,0.0,0.0,0.0,7.03,2.9,0.0
20220921:0411,0.0,0.0,0.0,7.13,2.76,0.0
20220921:0511,9.06,22.3,4.64,7.18,2.55,0.0
20220921:0611,199.98,253.6,12.1,7.87,2.14,0.0
20220921:0711,397.09,474.59,18.96,8.96,1.66,0.0
20220921:0811,575.45,698.07,24.77,10.04,1.38,0.0
20220921:0911,658.14,816.3,29.02,11.18,1.17,0.0
20220921:1011,381.58,463.39,31.27,12.02,1.1,0.0
20220921:1111,392.79,477.14,31.23,12.74,1.45,0.0
20220921:1211,233.15,287.96,28.91,12.98,1.52,0.0
20220921:1311,239.51,294.67,24.59,12.84,1.52,0.0
20220921:1411,199.26,248.25,18.75,12.5,1.59,0.0
20220921:1511,158.76,208.52,11.86,12.0,1.72,0.0
20220921:1611,18.14,41.69,4.38,11.14,1.79,0.0
20220921:1711,0.0,0.0,0.0,10.21,1.86,0.0
20220921:1811,0.0,0.0,0.0,9.64,1.93,0.0
20220921:1911,0.0,0.0,0.0,9.5,2.28,0.0
20220921:2011,0.0,0.0,0.0,9.42,2.21,0.0
20220921:2111,0.0,0.0,0.0,9.41,2.28,0.0
20220921:2211,0.0,0.0,0.0,9.44,2.21,0.0
20220921:2311,0.0,0.0,0.0,9.48,2.28,0.0
20220922:0011,0.0,0.0,0.0,9.51,2.41,0.0
20220922:0111,0.0,0.0,0.0,9.49,2.55,0.0
20220922:0211,0.0,0.0,0.0,9.51,2.62,0.0
20220922:0311,0.0,0.0,0.0,9.53,2.55,0.0
20220922:0411,0.0,0.0,0.0,9.45,2.55,0.0
20220922:0511,19.58,44.85,4.35,9.34,2.48,0.0
20220922:0611,195.97,250.9,11.8,9.57,2.14,0.0
20220922:0711,394.17,474.47,18.65,10.37,1.59,0.0
20220922:0811,491.23,594.11,24.43,11.76,1.66,0.0
20220922:0911,281.53,343.53,28.66,13.13,1.93,0.0
20220922:1011,694.57,859.69,30.89,13.92,2.62,0.0
20220922:1111,261.96,321.7,30.84,14.23,2.62,0.0
20220922:1211,306.11,373.4,28.51,14.36,2.41,0.0
20220922:1311,381.89,463.16,24.2,14.3,2.34,0.0
20220922:1411,272.37,334.9,18.36,14.25,2.28,0.0
20220922:1511,152.33,202.64,11.47,13.85,1.86,0.0
20220922:1611,16.31,40.08,4.0,13.23,2.0,0.0
20220922:1711,0.0,0.0,0.0,12.5,2.21,0.0
20220922:1811,0.0,0.0,0.0,12.04,2.34,0.0
20220922:1911,0.0,0.0,0.0,11.5,2.76,0.0
20220922:2011,0.0,0.0,0.0,11.22,2.55,0.0
20220922:2111,0.0,0.0,0.0,11.15,2.28,0.0
20220922:2211,0.0,0.0,0.0,11.05,2.14,0.0
20220922:2311,0.0,0.0,0.0,10.95,2.07,0.0
20220923:0011,0.0,0.0,0.0,10.78,2.0,0.0
20220923:0111,0.0,0.0,0.0,10.7,1.93,0.0
20220923:0211,0.0,0.0,0.0,10.5,2.0,0.0
20220923:0311,0.0,0.0,0.0,10.46,2.0,0.0
20220923:0411,0.0,0.0,0.0,10.4,1.93,0.0
20220923:0511,3.27,12.55,4.06,10.26,1.86,0.0
20220923:0611,77.44,108.59,11.51,10.53,1.52,0.0
20220923:0711,69.92,98.51,18.34,11.38,1.59,0.0
20220923:0811,95.81,129.0,24.1,11.99,1.72,0.0
20220923:0911,100.44,134.85,28.3,12.7,1.72,0.0
20220923:1011,162.16,206.27,30.51,13.02,1.72,0.0
20220923:1111,428.52,520.92,30.44,13.27,1.66,0.0
20220923:1211,449.38,546.88,28.11,13.89,1.86,0.0
20220923:1311,338.85,412.38,23.8,14.28,2.0,0.0
20220923:1411,191.21,240.23,17.96,14.15,2.07,0.0
20220923:1511,107.25,147.22,11.09,13.98,2.21,0.0
20220923:1611,2.72,11.65,3.62,13.1,2.34,0.0
20220923:1711,0.0,0.0,0.0,12.28,2.34,0.0
20220923:1811,0.0,0.0,0.0,11.81,2.28,0.0
20220923:1911,0.0,0.0,0.0,11.43,2.41,0.0
20220923:2011,0.0,0.0,0.0,11.37,2.34,0.0
20220923:2111,0.0,0.0,0.0,11.35,2.34,0.0
20220923:2211,0.0,0.0,0.0,11.45,2.28,0.0
20220923:2311,0.0,0.0,0.0,11.5,2.28,0.0
20220924:0011,0.0,0.0,0.0,11.47,2.21,0.0
20220924:0111,0.0,0.0,0.0,11.44,2.21,0.0
20220924:0211,0.0,0.0,0.0,11.4,2.14,0.0
20220924:0311,0.0,0.0,0.0,11.4,2.07,0.0
20220924:0411,0.0,0.0,0.0,11.36,1.93,0.0
20220924:0511,0.0,3.59,3.77,11.27,1.86,0.0
20220924:0611,5.33,16.14,11.21,11.41,1.66,0.0
20220924:0711,58.05,84.67,18.02,11.95,1.59,0.0
20220924:0811,246.08,301.71,23.76,12.83,1.66,0.0
20220924:0911,209.32,260.48,27.94,13.66,2.0,0.0
20220924:1011,321.95,392.69,30.13,14.12,2.0,0.0
20220924:1111,359.56,438.59,30.05,14.64,2.0,0.0
20220924:1211,252.87,312.93,27.71,15.19,1.93,0.0
20220924:1311,187.24,236.59,23.4,15.37,1.86,0.0
20220924:1411,67.15,96.8,17.57,15.37,1.66,0.0
20220924:1511,66.28,97.24,10.7,14.9,1.31,0.0
20220924:1611,3.19,12.55,3.24,13.85,1.79,0.0
20220924:1711,0.0,0.0,0.0,12.71,1.93,0.0
20220924:1811,0.0,0.0,0.0,12.05,2.0,0.0
20220924:1911,0.0,0.0,0.0,11.97,2.48,0.0
20220924:2011,0.0,0.0,0.0,11.51,2.41,0.0
20220924:2111,0.0,0.0,0.0,11.15,2.34,0.0
20220924:2211,0.0,0.0,0.0,10.92,2.34,0.0
20220924:2311,0.0,0.0,0.0,10.77,2.21,0.0
20220925:0011,0.0,0.0,0.0,10.57,1.93,0.0
20220925:0111,0.0,0.0,0.0,10.52,1.72,0.0
20220925:0211,0.0,0.0,0.0,10.33,1.52,0.0
20220925:0311,0.0,0.0,0.0,9.8,1.17,0.0
20220925:0411,0.0,0.0,0.0,9.09,0.97,0.0
20220925:0511,15.89,40.2,3.48,8.78,0.97,0.0
20220925:0611,196.49,252.71,10.91,9.16,1.17,0.0
20220925:0711,403.06,490.32,17.71,11.59,1.1,0.0
20220925:0811,525.41,640.85,23.42,12.99,1.66,0.0
20220925:0911,485.76,590.38,27.58,13.66,2.07,0.0
20220925:1011,104.46,140.27,29.75,14.2,2.28,0.0
20220925:1111,56.28,83.38,29.65,14.54,2.48,0.0
20220925:1211,50.34,76.2,27.31,14.75,2.83,0.0
20220925:1311,392.07,474.36,23.01,14.7,2.9,0.0
20220925:1411,368.39,448.31,17.18,14.37,2.97,0.0
20220925:1511,177.3,235.11,10.32,13.82,2.76,0.0
20220925:1611,6.43,21.12,2.86,12.84,2.9,0.0
20220925:1711,0.0,0.0,0.0,11.87,2.97,0.0
20220925:1811,0.0,0.0,0.0,11.36,3.17,0.0
20220925:1911,0.0,0.0,0.0,10.87,3.1,0.0
20220925:2011,0.0,0.0,0.0,10.79,3.03,0.0
20220925:2111,0.0,0.0,0.0,10.75,2.97,0.0
20220925:2211,0.0,0.0,0.0,10.79,3.03,0.0
20220925:2311,0.0,0.0,0.0,10.82,3.03,0.0
20220926:0011,0.0,0.0,0.0,10.79,3.03,0.0
20220926:0111,0.0,0.0,0.0,10.83,2.9,0.0
20220926:0211,0.0,0.0,0.0,10.74,2.83,0.0
20220926:0311,0.0,0.0,0.0,10.59,2.83,0.0
20220926:0411,0.0,0.0,0.0,10.7,2.69,0.0
20220926:0511,0.0,2.69,3.19,10.73,3.03,0.0
20220926:0611,29.7,49.84,10.61,10.98,3.1,0.0
20220926:0711,18.94,35.86,17.39,11.58,3.79,0.0
20220926:0811,102.83,136.49,23.08,11.94,4.07,0.0
20220926:0911,123.94,160.68,27.22,11.87,4.14,0.0
20220926:1011,125.02,161.91,29.36,11.93,4.69,0.0
20220926:1111,133.4,171.42,29.26,11.94,4.76,0.0
20220926:1211,131.57,168.92,26.91,11.65,4.97,0.0
20220926:1311,118.62,153.99,22.61,11.52,4.76,0.0
20220926:1411,138.15,176.26,16.79,11.4,3.66,0.0
20220926:1511,36.8,59.14,9.93,11.6,3.1,0.0
20220926:1611,2.99,13.28,2.48,11.58,3.03,0.0
20220926:1711,0.0,0.0,0.0,11.29,3.03,0.0
20220926:1811,0.0,0.0,0.0,11.12,3.1,0.0
20220926:1911,0.0,0.0,0.0,11.61,3.1,0.0
20220926:2011,0.0,0.0,0.0,11.62,3.31,0.0
20220926:2111,0.0,0.0,0.0,11.57,3.66,0.0
20220926:2211,0.0,0.0,0.0,11.44,3.79,0.0
20220926:2311,0.0,0.0,0.0,11.35,3.86,0.0
20220927:0011,0.0,0.0,0.0,11.26,3.79,0.0
20220927:0111,0.0,0.0,0.0,11.18,3.72,0.0
20220927:0211,0.0,0.0,0.0,11.27,3.72,0.0
20220927:0311,0.0,0.0,0.0,11.28,3.72,0.0
20220927:0411,0.0,0.0,0.0,11.48,3.86,0.0
20220927:0511,0.0,3.59,2.9,11.56,4.0,0.0
20220927:0611,109.58,148.15,10.31,11.93,4.14,0.0
20220927:0711,164.77,206.85,17.07,12.32,4.0,0.0
20220927:0811,119.62,156.04,22.75,12.93,4.83,0.0
20220927:0911,84.25,115.65,26.86,13.09,5.66,0.0
20220927:1011,79.54,110.27,28.98,13.26,5.1,0.0
20220927:1111,118.41,155.2,28.86,13.24,5.03,0.0
20220927:1211,88.73,121.03,26.51,13.35,5.31,0.0
20220927:1311,78.43,108.97,22.21,13.54,5.86,0.0
20220927:1411,151.73,192.81,16.4,13.65,5.86,0.0
20220927:1511,72.04,103.96,9.55,13.36,5.45,0.0
20220927:1611,0.22,6.28,2.09,13.0,5.72,0.0
20220927:1711,0.0,0.0,0.0,12.76,5.79,0.0
20220927:1811,0.0,0.0,0.0,12.43,5.38,0.0
20220927:1911,0.0,0.0,0.0,12.64,5.66,0.0
20220927:2011,0.0,0.0,0.0,12.4,5.52,0.0
20220927:2111,0.0,0.0,0.0,12.19,5.45,0.0
20220927:2211,0.0,0.0,0.0,11.88,4.9,0.0
20220927:2311,0.0,0.0,0.0,11.75,4.62,0.0
20220928:0011,0.0,0.0,0.0,11.67,4.69,0.0
20220928:0111,0.0,0.0,0.0,11.58,5.03,0.0
20220928:0211,0.0,0.0,0.0,11.52,5.45,0.0
20220928:0311,0.0,0.0,0.0,11.5,5.66,0.0
20220928:0411,0.0,0.0,0.0,11.45,5.66,0.0
20220928:0511,0.0,2.69,2.61,11.3,5.66,0.0
20220928:0611,13.09,27.79,10.01,11.36,6.14,0.0
20220928:0711,57.86,83.94,16.76,11.43,6.62,0.0
20220928:0811,132.9,169.62,22.41,11.49,6.69,0.0
20220928:0911,206.27,252.3,26.49,12.02,6.21,0.0
20220928:1011,93.16,125.51,28.6,12.26,6.21,0.0
20220928:1111,320.34,380.93,28.46,12.29,6.21,0.0
20220928:1211,108.27,142.72,26.11,12.18,6.14,0.0
20220928:1311,168.68,209.89,21.82,11.84,6.0,0.0
20220928:1411,261.57,315.11,16.01,11.62,5.79,0.0
20220928:1511,55.32,82.46,9.17,11.16,5.72,0.0
20220928:1611,0.24,6.28,1.72,10.75,5.38,0.0
20220928:1711,0.0,0.0,0.0,10.42,5.24,0.0
20220928:1811,0.0,0.0,0.0,10.32,5.1,0.0
20220928:1911,0.0,0.0,0.0,10.01,5.03,0.0
20220928:2011,0.0,0.0,0.0,10.01,4.62,0.0
20220928:2111,0.0,0.0,0.0,10.07,4.34,0.0
20220928:2211,0.0,0.0,0.0,10.01,4.07,0.0
20220928:2311,0.0,0.0,0.0,9.88,3.93,0.0
20220929:0011,0.0,0.0,0.0,9.61,4.0,0.0
20220929:0111,0.0,0.0,0.0,9.28,4.07,0.0
20220929:0211,0.0,0.0,0.0,8.92,4.07,0.0
20220929:0311,0.0,0.0,0.0,8.67,4.14,0.0
20220929:0411,0.0,0.0,0.0,8.51,4.07,0.0
20220929:0511,0.0,4.48,2.31,8.41,4.07,0.0
20220929:0611,101.31,136.35,9.71,8.53,4.62,0.0
20220929:0711,130.58,165.75,16.44,9.23,4.76,0.0
20220929:0811,196.22,238.63,22.07,9.52,4.83,0.0
20220929:0911,74.63,103.1,26.13,9.82,4.62,0.0
20220929:1011,157.49,197.0,28.21,9.97,4.14,0.0
20220929:1111,99.33,131.79,28.07,10.16,3.79,0.0
20220929:1211,93.48,125.14,25.71,10.41,3.66,0.0
20220929:1311,183.32,225.87,21.42,10.39,3.31,0.0
20220929:1411,114.32,148.57,15.62,10.18,3.1,0.0
20220929:1511,181.85,239.17,8.78,10.04,2.83,0.0
20220929:1611,0.0,2.69,1.34,9.65,2.55,0.0
20220929:1711,0.0,0.0,0.0,9.12,2.62,0.0
20220929:1811,0.0,0.0,0.0,8.73,2.69,0.0
20220929:1911,0.0,0.0,0.0,7.85,3.17,0.0
20220929:2011,0.0,0.0,0.0,7.51,3.17,0.0
20220929:2111,0.0,0.0,0.0,7.23,3.17,0.0
20220929:2211,0.0,0.0,0.0,6.86,3.24,0.0
20220929:2311,0.0,0.0,0.0,6.55,3.24,0.0
20220930:0011,0.0,0.0,0.0,6.34,3.03,0.0
20220930:0111,0.0,0.0,0.0,6.13,2.9,0.0
20220930:0211,0.0,0.0,0.0,5.97,2.9,0.0
20220930:0311,0.0,0.0,0.0,5.81,2.97,0.0
20220930:0411,0.0,0.0,0.0,5.72,2.9,0.0
20220930:0511,0.0,1.79,2.02,5.64,2.76,0.0
20220930:0611,27.1,45.64,9.4,5.77,2.76,0.0
20220930:0711,81.04,109.19,16.12,7.01,2.97,0.0
20220930:0811,186.05,227.01,21.73,7.86,2.41,0.0
20220930:0911,223.99,271.76,25.77,8.98,1.66,0.0
20220930:1011,121.73,157.75,27.83,9.9,1.31,0.0
20220930:1111,158.18,199.78,27.67,10.7,1.24,0.0
20220930:1211,104.96,139.24,25.31,11.27,1.59,0.0
20220930:1311,74.3,103.69,21.03,11.62,2.07,0.0
20220930:1411,73.22,102.29,15.24,11.54,2.21,0.0
20220930:1511,145.43,195.74,8.4,11.17,2.14,0.0
20220930:1611,0.0,0.0,0.0,10.38,2.48,0.0
20220930:1711,0.0,0.0,0.0,9.57,2.83,0.0
20220930:1811,0.0,0.0,0.0,9.26,2.69,0.0
20220930:1911,0.0,0.0,0.0,9.43,3.1,0.0
20220930:2011,0.0,0.0,0.0,9.72,3.31,0.0
20220930:2111,0.0,0.0,0.0,10.01,3.66,0.0
20220930:2211,0.0,0.0,0.0,10.19,3.79,0.0
20220930:2311,0.0,0.0,0.0,10.25,3.79,0.0
20221001:0011,0.0,0.0,0.0,10.12,3.72,0.0
20221001:0111,0.0,0.0,0.0,10.22,3.72,0.0
20221001:0211,0.0,0.0,0.0,10.24,3.86,0.0
20221001:0311,0.0,0.0,0.0,10.3,4.14,0.0
20221001:0411,0.0,0.0,0.0,10.23,4.28,0.0
20221001:0511,0.0,0.83,1.73,10.27,4.34,0.0
20221001:0611,83.8,116.75,9.1,10.6,4.41,0.0
20221001:0711,59.35,85.7,15.8,11.25,4.62,0.0
20221001:0811,102.71,136.08,21.39,11.83,4.9,0.0
20221001:0911,55.5,81.58,25.4,12.43,4.83,0.0
20221001:1011,22.18,40.34,27.45,12.91,4.76,0.0
20221001:1111,78.74,109.38,27.28,13.24,4.62,0.0
20221001:1211,446.49,531.39,24.92,13.43,4.62,0.0
20221001:1311,354.07,422.49,20.63,13.28,4.62,0.0
20221001:1411,264.87,322.41,14.85,13.25,4.55,0.0
20221001:1511,94.45,133.14,8.02,13.01,4.28,0.0
20221001:1611,0.0,0.0,0.0,12.51,3.93,0.0
20221001:1711,0.0,0.0,0.0,12.0,3.93,0.0
20221001:1811,0.0,0.0,0.0,11.74,4.07,0.0
20221001:1911,0.0,0.0,0.0,11.81,4.21,0.0
20221001:2011,0.0,0.0,0.0,11.79,4.07,0.0
20221001:2111,0.0,0.0,0.0,11.69,4.0,0.0
20221001:2211,0.0,0.0,0.0,11.69,3.93,0.0
20221001:2311,0.0,0.0,0.0,11.66,3.79,0.0
20221002:0011,0.0,0.0,0.0,11.71,3.72,0.0
20221002:0111,0.0,0.0,0.0,11.79,3.93,0.0
20221002:0211,0.0,0.0,0.0,11.72,4.0,0.0
20221002:0311,0.0,0.0,0.0,11.33,3.93,0.0
20221002:0411,0.0,0.0,0.0,11.23,3.93,0.0
20221002:0511,0.0,0.83,1.43,11.0,4.0,0.0
20221002:0611,9.98,23.31,8.8,11.13,4.21,0.0
20221002:0711,46.13,69.93,15.48,11.03,4.41,0.0
20221002:0811,123.37,158.8,21.05,10.98,4.76,0.0
20221002:0911,345.91,410.51,25.04,11.32,3.93,0.0
20221002:1011,129.18,166.44,27.07,11.57,3.86,0.0
20221002:1111,147.39,187.26,26.89,11.91,3.79,0.0
20221002:1211,357.76,425.4,24.52,11.91,3.86,0.0
20221002:1311,202.14,248.24,20.24,12.05,3.72,0.0
20221002:1411,165.99,208.21,14.47,11.94,3.93,0.0
20221002:1511,83.07,118.73,7.64,11.68,3.52,0.0
20221002:1611,0.0,0.0,0.0,11.35,3.03,0.0
20221002:1711,0.0,0.0,0.0,11.0,2.76,0.0
20221002:1811,0.0,0.0,0.0,10.68,2.9,0.0
20221002:1911,0.0,0.0,0.0,10.82,2.76,0.0
20221002:2011,0.0,0.0,0.0,10.67,2.48,0.0
20221002:2111,0.0,0.0,0.0,10.52,2.21,0.0
20221002:2211,0.0,0.0,0.0,10.29,2.0,0.0
20221002:2311,0.0,0.0,0.0,10.07,2.07,0.0
20221003:0011,0.0,0.0,0.0,9.89,2.07,0.0
20221003:0111,0.0,0.0,0.0,9.75,2.0,0.0
20221003:0211,0.0,0.0,0.0,9.63,1.93,0.0
20221003:0311,0.0,0.0,0.0,9.49,1.79,0.0
20221003:0411,0.0,0.0,0.0,9.33,1.66,0.0
20221003:0511,0.0,0.0,0.0,9.11,1.45,0.0
20221003:0611,7.69,19.72,8.49,8.9,1.31,0.0
20221003:0711,206.81,253.34,15.16,9.13,1.1,0.0
20221003:0811,224.4,273.44,20.7,9.91,1.1,0.0
20221003:0911,332.33,399.67,24.68,10.78,1.31,0.0
20221003:1011,270.64,328.35,26.69,11.77,1.93,0.0
20221003:1111,97.02,130.62,26.49,12.64,2.55,0.0
20221003:1211,44.82,69.03,24.13,13.23,2.69,0.0
20221003:1311,86.73,118.8,19.85,13.32,2.76,0.0
20221003:1411,118.77,155.61,14.08,13.16,2.97,0.0
20221003:1511,129.21,177.94,7.27,12.6,3.03,0.0
20221003:1611,0.0,0.0,0.0,11.5,3.38,0.0
20221003:1711,0.0,0.0,0.0,10.82,3.79,0.0
20221003:1811,0.0,0.0,0.0,10.54,4.07,0.0
20221003:1911,0.0,0.0,0.0,9.75,3.79,0.0
20221003:2011,0.0,0.0,0.0,9.65,4.07,0.0
20221003:2111,0.0,0.0,0.0,9.28,4.07,0.0
20221003:2211,0.0,0.0,0.0,8.94,4.14,0.0
20221003:2311,0.0,0.0,0.0,8.62,4.14,0.0
20221004:0011,0.0,0.0,0.0,8.25,4.14,0.0
20221004:0111,0.0,0.0,0.0,8.14,4.07,0.0
20221004:0211,0.0,0.0,0.0,7.88,4.14,0.0
20221004:0311,0.0,0.0,0.0,7.58,4.07,0.0
20221004:0411,0.0,0.0,0.0,7.33,4.0,0.0
20221004:0511,0.0,0.0,0.0,7.04,4.0,0.0
20221004:0611,146.44,190.12,8.19,7.15,3.86,0.0
20221004:0711,360.68,422.86,14.84,7.48,3.79,0.0
20221004:0811,538.24,631.37,20.36,8.67,3.52,0.0
20221004:0911,641.3,767.08,24.32,10.02,3.03,0.0
20221004:1011,675.13,819.28,26.3,11.28,2.76,0.0
20221004:1111,671.61,821.0,26.1,12.29,2.55,0.0
20221004:1211,589.24,718.16,23.73,12.96,2.21,0.0
20221004:1311,546.19,666.32,19.46,13.32,1.93,0.0
20221004:1411,333.4,408.22,13.7,13.38,1.86,0.0
20221004:1511,148.04,203.38,6.89,12.84,1.79,0.0
20221004:1611,0.0,0.0,0.0,11.95,2.14,0.0
20221004:1711,0.0,0.0,0.0,11.4,2.41,0.0
20221004:1811,0.0,0.0,0.0,11.22,2.62,0.0
20221004:1911,0.0,0.0,0.0,11.67,2.83,0.0
20221004:2011,0.0,0.0,0.0,11.65,3.1,0.0
20221004:2111,0.0,0.0,0.0,11.66,3.31,0.0
20221004:2211,0.0,0.0,0.0,11.56,3.45,0.0
20221004:2311,0.0,0.0,0.0,11.32,3.72,0.0
20221005:0011,0.0,0.0,0.0,11.27,3.66,0.0
20221005:0111,0.0,0.0,0.0,11.35,4.0,0.0
20221005:0211,0.0,0.0,0.0,11.54,4.34,0.0
20221005:0311,0.0,0.0,0.0,11.71,4.48,0.0
20221005:0411,0.0,0.0,0.0,11.87,4.55,0.0
20221005:0511,0.0,0.0,0.0,11.97,4.55,0.0
20221005:0611,4.25,14.34,7.88,12.05,4.76,0.0
20221005:0711,16.21,32.27,14.52,12.46,4.48,0.0
20221005:0811,35.48,57.38,20.02,13.04,4.48,0.0
20221005:0911,64.16,92.34,23.95,13.55,4.07,0.0
20221005:1011,81.41,112.96,25.92,14.13,4.14,0.0
20221005:1111,133.09,172.81,25.71,14.47,3.79,0.0
20221005:1211,99.25,134.04,23.34,14.77,3.66,0.0
20221005:1311,80.18,111.83,19.07,15.24,4.0,0.0
20221005:1411,25.3,44.83,13.32,15.25,4.21,0.0
20221005:1511,0.21,6.28,6.52,14.96,4.76,0.0
20221005:1611,0.0,0.0,0.0,14.8,5.24,0.0
20221005:1711,0.0,0.0,0.0,14.73,5.38,0.0
20221005:1811,0.0,0.0,0.0,14.44,5.52,0.0
20221005:1911,0.0,0.0,0.0,14.14,5.93,0.0
20221005:2011,0.0,0.0,0.0,14.1,6.07,0.0
20221005:2111,0.0,0.0,0.0,14.13,6.34,0.0
20221005:2211,0.0,0.0,0.0,14.18,6.69,0.0
20221005:2311,0.0,0.0,0.0,14.3,6.76,0.0
20221006:0011,0.0,0.0,0.0,14.28,6.69,0.0
20221006:0111,0.0,0.0,0.0,14.25,6.69,0.0
20221006:0211,0.0,0.0,0.0,14.34,6.97,0.0
20221006:0311,0.0,0.0,0.0,14.46,6.83,0.0
20221006:0411,0.0,0.0,0.0,14.43,6.48,0.0
20221006:0511,0.0,0.0,0.0,13.74,6.0,0.0
20221006:0611,35.83,58.64,7.58,13.31,6.07,0.0
20221006:0711,121.46,157.53,14.2,12.87,6.34,0.0
20221006:0811,178.47,221.23,19.68,12.77,6.14,0.0
20221006:0911,395.0,465.58,23.59,12.97,6.9,0.0
20221006:1011,103.38,137.74,25.54,13.56,7.45,0.0
20221006:1111,425.88,503.6,25.32,14.0,7.1,0.0
20221006:1211,361.02,428.13,22.95,14.33,8.07,0.0
20221006:1311,364.26,432.14,18.68,14.58,8.28,0.0
20221006:1411,323.8,390.88,12.94,14.48,7.31,0.0
20221006:1511,92.72,133.55,6.14,14.0,7.31,0.0
20221006:1611,0.0,0.0,0.0,13.51,7.38,0.0
20221006:1711,0.0,0.0,0.0,13.06,7.38,0.0
20221006:1811,0.0,0.0,0.0,12.61,7.24,0.0
20221006:1911,0.0,0.0,0.0,12.36,7.17,0.0
20221006:2011,0.0,0.0,0.0,12.24,6.83,0.0
20221006:2111,0.0,0.0,0.0,12.06,6.62,0.0
20221006:2211,0.0,0.0,0.0,12.01,6.55,0.0
20221006:2311,0.0,0.0,0.0,11.99,6.41,0.0
20221007:0011,0.0,0.0,0.0,11.9,6.28,0.0
20221007:0111,0.0,0.0,0.0,11.76,6.0,0.0
20221007:0211,0.0,0.0,0.0,11.62,5.86,0.0
20221007:0311,0.0,0.0,0.0,11.54,5.79,0.0
20221007:0411,0.0,0.0,0.0,11.41,5.79,0.0
20221007:0511,0.0,0.0,0.0,11.31,5.72,0.0
20221007:0611,69.8,100.74,7.28,11.42,5.79,0.0
20221007:0711,25.75,44.83,13.88,11.91,5.17,0.0
20221007:0811,113.51,148.36,19.34,12.48,5.66,0.0
20221007:0911,47.24,71.72,23.23,12.86,6.34,0.0
20221007:1011,41.32,64.55,25.16,13.11,7.52,0.0
20221007:1111,63.56,91.45,24.93,13.57,7.72,0.0
20221007:1211,139.82,179.19,22.56,14.04,6.62,0.0
20221007:1311,165.34,207.83,18.3,14.51,6.9,0.0
20221007:1411,105.5,140.6,12.56,14.69,7.52,0.0
20221007:1511,38.94,64.39,5.77,14.64,7.38,0.0
20221007:1611,0.0,0.0,0.0,14.29,7.31,0.0
20221007:1711,0.0,0.0,0.0,13.83,7.1,0.0
20221007:1811,0.0,0.0,0.0,13.45,7.03,0.0
20221007:1911,0.0,0.0,0.0,13.15,7.17,0.0
20221007:2011,0.0,0.0,0.0,12.91,7.24,0.0
20221007:2111,0.0,0.0,0.0,12.77,7.17,0.0
20221007:2211,0.0,0.0,0.0,12.65,7.31,0.0
20221007:2311,0.0,0.0,0.0,12.63,7.45,0.0
20221008:0011,0.0,0.0,0.0,12.81,7.72,0.0
20221008:0111,0.0,0.0,0.0,12.84,7.59,0.0
20221008:0211,0.0,0.0,0.0,12.54,6.9,0.0
20221008:0311,0.0,0.0,0.0,12.25,6.55,0.0
20221008:0411,0.0,0.0,0.0,11.61,6.14,0.0
20221008:0511,0.0,0.0,0.0,10.95,5.66,0.0
20221008:0611,6.47,17.93,6.97,10.69,5.17,0.0
20221008:0711,45.56,69.21,13.56,11.09,4.69,0.0
20221008:0811,92.39,123.98,19.0,11.6,5.38,0.0
20221008:0911,203.14,248.47,22.87,11.89,5.31,0.0
20221008:1011,552.62,654.28,24.79,12.38,5.1,0.0
20221008:1111,520.46,617.08,24.54,12.96,5.1,0.0
20221008:1211,592.88,705.43,22.17,13.34,5.24,0.0
20221008:1311,513.06,609.8,17.92,13.46,5.03,0.0
20221008:1411,313.25,379.24,12.18,13.24,4.83,0.0
20221008:1511,34.02,57.76,5.4,12.66,4.48,0.0
20221008:1611,0.0,0.0,0.0,11.78,4.07,0.0
20221008:1711,0.0,0.0,0.0,11.12,3.66,0.0
20221008:1811,0.0,0.0,0.0,10.57,3.52,0.0
20221008:1911,0.0,0.0,0.0,9.8,3.52,0.0
20221008:2011,0.0,0.0,0.0,9.43,3.45,0.0
20221008:2111,0.0,0.0,0.0,9.1,3.45,0.0
20221008:2211,0.0,0.0,0.0,8.69,3.31,0.0
20221008:2311,0.0,0.0,0.0,8.28,3.38,0.0
20221009:0011,0.0,0.0,0.0,7.92,3.45,0.0
20221009:0111,0.0,0.0,0.0,7.58,3.38,0.0
20221009:0211,0.0,0.0,0.0,7.26,3.38,0.0
20221009:0311,0.0,0.0,0.0,6.91,3.24,0.0
20221009:0411,0.0,0.0,0.0,6.57,3.17,0.0
20221009:0511,0.0,0.0,0.0,6.28,3.17,0.0
20221009:0611,120.45,159.72,6.66,6.19,2.97,0.0
20221009:0711,355.97,418.24,13.23,6.7,2.76,0.0
20221009:0811,526.47,617.18,18.66,7.79,2.97,0.0
20221009:0911,633.81,752.79,22.51,9.07,3.17,0.0
20221009:1011,679.2,813.5,24.41,10.32,3.52,0.0
20221009:1111,678.11,813.67,24.16,11.25,3.79,0.0
20221009:1211,599.8,715.94,21.78,11.77,3.79,0.0
20221009:1311,521.15,621.16,17.53,12.08,3.59,0.0
20221009:1411,176.02,220.39,11.81,11.99,3.17,0.0
20221009:1511,11.76,26.28,5.04,11.38,3.24,0.0
20221009:1611,0.0,0.0,0.0,10.71,3.59,0.0
20221009:1711,0.0,0.0,0.0,10.26,3.52,0.0
20221009:1811,0.0,0.0,0.0,9.97,3.52,0.0
20221009:1911,0.0,0.0,0.0,9.84,3.72,0.0
20221009:2011,0.0,0.0,0.0,9.61,3.59,0.0
20221009:2111,0.0,0.0,0.0,9.52,3.66,0.0
20221009:2211,0.0,0.0,0.0,9.45,4.0,0.0
20221009:2311,0.0,0.0,0.0,9.42,4.21,0.0
20221010:0011,0.0,0.0,0.0,9.28,4.21,0.0
20221010:0111,0.0,0.0,0.0,9.19,4.28,0.0
20221010:0211,0.0,0.0,0.0,9.15,4.21,0.0
20221010:0311,0.0,0.0,0.0,9.04,4.14,0.0
20221010:0411,0.0,0.0,0.0,9.0,4.21,0.0
20221010:0511,0.0,0.0,0.0,8.98,4.34,0.0
20221010:0611,104.94,142.83,6.36,9.14,4.62,0.0
20221010:0711,332.07,392.19,12.91,9.45,4.9,0.0
20221010:0811,492.11,573.32,18.32,10.25,5.79,0.0
20221010:0911,354.12,416.2,22.15,11.22,6.07,0.0
20221010:1011,200.63,245.58,24.03,12.1,6.48,0.0
20221010:1111,355.83,420.07,23.77,12.59,6.9,0.0
20221010:1211,367.31,432.87,21.4,12.96,7.52,0.0
20221010:1311,375.85,442.91,17.15,12.83,7.24,0.0
20221010:1411,97.73,130.54,11.44,12.48,6.9,0.0
20221010:1511,11.89,26.54,4.67,11.98,7.03,0.0
20221010:1611,0.0,0.0,0.0,11.41,6.97,0.0
20221010:1711,0.0,0.0,0.0,11.13,7.1,0.0
20221010:1811,0.0,0.0,0.0,11.08,7.03,0.0
20221010:1911,0.0,0.0,0.0,11.19,6.48,0.0
20221010:2011,0.0,0.0,0.0,11.41,5.79,0.0
20221010:2111,0.0,0.0,0.0,11.56,5.45,0.0
20221010:2211,0.0,0.0,0.0,11.5,5.03,0.0
20221010:2311,0.0,0.0,0.0,10.77,4.34,0.0
20221011:0011,0.0,0.0,0.0,10.39,3.72,0.0
20221011:0111,0.0,0.0,0.0,9.97,3.59,0.0
20221011:0211,0.0,0.0,0.0,9.66,3.72,0.0
20221011:0311,0.0,0.0,0.0,9.37,3.79,0.0
20221011:0411,0.0,0.0,0.0,8.79,4.0,0.0
20221011:0511,0.0,0.0,0.0,8.73,4.69,0.0
20221011:0611,78.05,110.32,6.05,8.78,5.24,0.0
20221011:0711,324.11,381.21,12.59,8.56,5.24,0.0
20221011:0811,466.68,540.73,17.98,9.1,5.79,0.0
20221011:0911,461.96,537.93,21.79,9.93,5.52,0.0
20221011:1011,675.38,797.16,23.66,10.79,5.52,0.0
20221011:1111,0.0,0.0,0.0,11.27,5.52,0.0
20221011:1211,606.31,714.88,21.01,11.59,5.45,0.0
20221011:1311,501.28,589.97,16.78,11.68,5.24,0.0
20221011:1411,295.52,356.54,11.07,11.57,4.62,0.0
20221011:1511,39.2,65.42,4.31,11.01,3.79,0.0
20221011:1611,0.0,0.0,0.0,10.18,3.66,0.0
20221011:1711,0.0,0.0,0.0,9.56,3.66,0.0
20221011:1811,0.0,0.0,0.0,9.08,3.66,0.0
20221011:1911,0.0,0.0,0.0,8.19,3.59,0.0
20221011:2011,0.0,0.0,0.0,7.8,3.45,0.0
20221011:2111,0.0,0.0,0.0,7.42,3.31,0.0
20221011:2211,0.0,0.0,0.0,7.07,3.17,0.0
20221011:2311,0.0,0.0,0.0,6.71,2.97,0.0
20221012:0011,0.0,0.0,0.0,6.35,2.83,0.0
20221012:0111,0.0,0.0,0.0,6.02,2.83,0.0
20221012:0211,0.0,0.0,0.0,5.72,2.83,0.0
20221012:0311,0.0,0.0,0.0,5.46,2.69,0.0
20221012:0411,0.0,0.0,0.0,5.24,2.55,0.0
20221012:0511,0.0,0.0,0.0,5.03,2.41,0.0
20221012:0611,90.51,124.0,5.75,4.93,2.28,0.0
20221012:0711,325.16,382.08,12.27,4.89,1.66,0.0
20221012:0811,519.23,612.34,17.64,5.74,1.31,0.0
20221012:0911,603.68,725.32,21.43,6.88,1.1,0.0
20221012:1011,651.59,792.44,23.29,8.14,1.24,0.0
20221012:1111,0.0,0.0,0.0,9.25,1.59,0.0
20221012:1211,588.36,708.3,20.63,9.98,1.93,0.0
20221012:1311,482.01,573.21,16.4,10.25,2.48,0.0
20221012:1411,255.32,310.57,10.7,10.12,2.34,0.0
20221012:1511,46.25,75.05,3.95,9.41,1.72,0.0
20221012:1611,0.0,0.0,0.0,8.94,1.72,0.0
20221012:1711,0.0,0.0,0.0,8.44,2.21,0.0
20221012:1811,0.0,0.0,0.0,8.1,2.34,0.0
20221012:1911,0.0,0.0,0.0,8.0,2.62,0.0
20221012:2011,0.0,0.0,0.0,8.05,2.76,0.0
20221012:2111,0.0,0.0,0.0,7.94,3.03,0.0
20221012:2211,0.0,0.0,0.0,8.08,3.03,0.0
20221012:2311,0.0,0.0,0.0,8.15,2.97,0.0
20221013:0011,0.0,0.0,0.0,8.07,2.9,0.0
20221013:0111,0.0,0.0,0.0,7.85,2.97,0.0
20221013:0211,0.0,0.0,0.0,7.77,3.03,0.0
20221013:0311,0.0,0.0,0.0,7.65,3.1,0.0
20221013:0411,0.0,0.0,0.0,7.68,3.24,0.0
20221013:0511,0.0,0.0,0.0,7.65,3.38,0.0
20221013:0611,8.34,20.62,5.44,7.86,3.45,0.0
20221013:0711,113.53,146.3,11.95,8.61,3.52,0.0
20221013:0811,385.42,450.49,17.3,9.8,4.83,0.0
20221013:0911,85.53,115.87,21.07,10.5,4.14,0.0
20221013:1011,503.51,594.91,22.91,11.18,4.0,0.0
20221013:1111,45.95,69.93,22.63,11.78,4.34,0.0
20221013:1211,89.08,120.61,20.25,12.08,4.55,0.0
20221013:1311,77.9,107.46,16.03,12.04,4.62,0.0
20221013:1411,6.99,18.83,10.34,11.9,4.62,0.0
20221013:1511,4.27,14.34,3.59,11.41,4.28,0.0
20221013:1611,0.0,0.0,0.0,10.99,4.07,0.0
20221013:1711,0.0,0.0,0.0,10.68,4.0,0.0
20221013:1811,0.0,0.0,0.0,10.68,4.0,0.0
20221013:1911,0.0,0.0,0.0,10.66,4.28,0.0
20221013:2011,0.0,0.0,0.0,10.49,3.72,0.0
20221013:2111,0.0,0.0,0.0,10.27,3.38,0.0
20221013:2211,0.0,0.0,0.0,10.02,2.97,0.0
20221013:2311,0.0,0.0,0.0,9.71,2.69,0.0
20221014:0011,0.0,0.0,0.0,9.5,2.48,0.0
20221014:0111,0.0,0.0,0.0,9.28,2.41,0.0
20221014:0211,0.0,0.0,0.0,9.01,2.28,0.0
20221014:0311,0.0,0.0,0.0,8.74,2.28,0.0
20221014:0411,0.0,0.0,0.0,8.54,2.28,0.0
20221014:0511,0.0,0.0,0.0,8.33,2.14,0.0
20221014:0611,73.26,105.44,5.14,8.19,2.07,0.0
20221014:0711,256.34,308.44,11.63,8.72,1.93,0.0
20221014:0811,473.39,559.2,16.96,9.47,2.62,0.0
20221014:0911,453.14,534.65,20.71,9.85,2.9,0.0
20221014:1011,134.39,171.32,22.54,10.4,2.9,0.0
20221014:1111,202.72,248.11,22.25,10.91,2.97,0.0
20221014:1211,373.16,442.95,19.88,11.26,3.03,0.0
20221014:1311,333.97,397.95,15.66,11.43,3.03,0.0
20221014:1411,73.52,102.54,9.97,11.38,2.69,0.0
20221014:1511,0.0,5.38,3.24,11.04,2.55,0.0
20221014:1611,0.0,0.0,0.0,10.53,2.21,0.0
20221014:1711,0.0,0.0,0.0,10.28,2.14,0.0
20221014:1811,0.0,0.0,0.0,9.83,2.55,0.0
20221014:1911,0.0,0.0,0.0,9.78,2.62,0.0
20221014:2011,0.0,0.0,0.0,9.99,2.69,0.0
20221014:2111,0.0,0.0,0.0,10.15,2.97,0.0
20221014:2211,0.0,0.0,0.0,10.45,3.24,0.0
20221014:2311,0.0,0.0,0.0,10.59,3.31,0.0
20221015:0011,0.0,0.0,0.0,10.52,3.31,0.0
20221015:0111,0.0,0.0,0.0,10.29,3.24,0.0
20221015:0211,0.0,0.0,0.0,9.94,3.1,0.0
20221015:0311,0.0,0.0,0.0,9.69,3.03,0.0
20221015:0411,0.0,0.0,0.0,9.71,3.24,0.0
20221015:0511,0.0,0.0,0.0,9.82,3.59,0.0
20221015:0611,0.0,5.38,4.83,10.14,4.28,0.0
20221015:0711,15.01,30.48,11.31,11.36,5.31,0.0
20221015:0811,43.78,67.24,16.62,11.76,6.0,0.0
20221015:0911,95.03,127.32,20.36,12.21,5.86,0.0
20221015:1011,66.78,95.03,22.17,12.82,6.21,0.0
20221015:1111,24.2,43.03,21.88,13.25,6.21,0.0
20221015:1211,12.34,26.9,19.5,13.06,6.14,0.0
20221015:1311,6.4,17.93,15.29,12.45,5.38,0.0
20221015:1411,4.25,14.34,9.62,12.14,4.41,0.0
20221015:1511,0.0,1.79,2.89,12.07,4.28,0.0
20221015:1611,0.0,0.0,0.0,12.05,3.79,0.0
20221015:1711,0.0,0.0,0.0,11.96,3.17,0.0
20221015:1811,0.0,0.0,0.0,11.73,2.97,0.0
20221015:1911,0.0,0.0,0.0,11.88,3.86,0.0
20221015:2011,0.0,0.0,0.0,11.56,3.86,0.0
20221015:2111,0.0,0.0,0.0,11.51,4.21,0.0
20221015:2211,0.0,0.0,0.0,11.76,4.34,0.0
20221015:2311,0.0,0.0,0.0,11.89,4.76,0.0
20221016:0011,0.0,0.0,0.0,11.96,4.9,0.0
20221016:0111,0.0,0.0,0.0,11.74,4.48,0.0
20221016:0211,0.0,0.0,0.0,11.41,4.55,0.0
20221016:0311,0.0,0.0,0.0,11.26,4.83,0.0
20221016:0411,0.0,0.0,0.0,11.18,5.17,0.0
20221016:0511,0.0,0.0,0.0,11.29,5.17,0.0
20221016:0611,20.05,38.21,4.53,11.53,5.1,0.0
20221016:0711,17.59,34.07,10.99,11.76,4.55,0.0
20221016:0811,73.98,102.98,16.29,12.07,4.21,0.0
20221016:0911,96.79,129.57,20.01,12.55,4.62,0.0
20221016:1011,422.94,501.73,21.81,12.97,4.55,0.0
20221016:1111,183.74,228.14,21.51,13.15,4.48,0.0
20221016:1211,214.92,262.84,19.13,13.3,4.76,0.0
20221016:1311,348.33,414.28,14.93,13.32,5.38,0.0
20221016:1411,246.49,302.41,9.26,13.13,5.1,0.0
20221016:1511,5.66,17.54,2.54,12.65,6.0,0.0
20221016:1611,0.0,0.0,0.0,11.22,6.14,0.0
20221016:1711,0.0,0.0,0.0,10.04,6.76,0.0
20221016:1811,0.0,0.0,0.0,9.61,6.07,0.0
20221016:1911,0.0,0.0,0.0,10.3,7.1,0.0
20221016:2011,0.0,0.0,0.0,10.13,7.17,0.0
20221016:2111,0.0,0.0,0.0,9.78,6.69,0.0
20221016:2211,0.0,0.0,0.0,9.51,6.9,0.0
20221016:2311,0.0,0.0,0.0,9.53,6.55,0.0
20221017:0011,0.0,0.0,0.0,9.37,6.34,0.0
20221017:0111,0.0,0.0,0.0,9.35,6.41,0.0
20221017:0211,0.0,0.0,0.0,9.47,6.48,0.0
20221017:0311,0.0,0.0,0.0,9.6,6.34,0.0
20221017:0411,0.0,0.0,0.0,9.61,5.93,0.0
20221017:0511,0.0,0.0,0.0,9.43,5.38,0.0
20221017:0611,40.94,65.76,4.23,9.27,5.03,0.0
20221017:0711,274.49,327.22,10.67,9.42,4.55,0.0
20221017:0811,444.95,522.07,15.95,10.05,3.93,0.0
20221017:0911,571.17,675.16,19.65,10.74,4.0,0.0
20221017:1011,528.93,625.13,21.44,11.46,4.28,0.0
20221017:1111,413.99,489.54,21.14,12.02,4.28,0.0
20221017:1211,105.66,139.36,18.76,12.02,3.86,0.0
20221017:1311,64.02,91.35,14.56,11.77,3.03,0.0
20221017:1411,15.64,31.38,8.91,11.41,3.24,0.0
20221017:1511,0.0,3.59,2.19,10.91,2.97,0.0
20221017:1611,0.0,0.0,0.0,10.42,2.69,0.0
20221017:1711,0.0,0.0,0.0,10.02,2.14,0.0
20221017:1811,0.0,0.0,0.0,9.59,1.86,0.0
20221017:1911,0.0,0.0,0.0,8.95,2.07,0.0
20221017:2011,0.0,0.0,0.0,8.85,1.72,0.0
20221017:2111,0.0,0.0,0.0,8.74,1.93,0.0
20221017:2211,0.0,0.0,0.0,8.63,1.59,0.0
20221017:2311,0.0,0.0,0.0,8.56,1.79,0.0
20221018:0011,0.0,0.0,0.0,8.52,1.59,0.0
20221018:0111,0.0,0.0,0.0,8.56,1.59,0.0
20221018:0211,0.0,0.0,0.0,8.77,1.79,0.0
20221018:0311,0.0,0.0,0.0,8.69,1.79,0.0
20221018:0411,0.0,0.0,0.0,8.47,2.14,0.0
20221018:0511,0.0,0.0,0.0,8.18,2.0,0.0
20221018:0611,3.32,12.55,3.92,8.0,1.93,0.0
20221018:0711,78.21,106.33,10.36,8.35,2.83,0.0
20221018:0811,77.82,105.85,15.62,8.52,3.93,0.0
20221018:0911,53.29,78.0,19.3,9.23,3.52,0.0
20221018:1011,57.62,83.38,21.08,9.88,2.83,0.0
20221018:1111,64.25,91.45,20.77,10.51,2.48,0.0
20221018:1211,43.93,67.24,18.4,10.58,2.34,0.0
20221018:1311,7.05,18.83,14.21,10.27,1.86,0.0
20221018:1411,9.43,22.41,8.56,10.02,1.72,0.0
20221018:1511,0.0,1.79,1.85,9.41,2.21,0.0
20221018:1611,0.0,0.0,0.0,8.9,2.97,0.0
20221018:1711,0.0,0.0,0.0,8.28,3.72,0.0
20221018:1811,0.0,0.0,0.0,7.59,4.07,0.0
20221018:1911,0.0,0.0,0.0,7.99,4.28,0.0
20221018:2011,0.0,0.0,0.0,7.43,4.41,0.0
20221018:2111,0.0,0.0,0.0,6.95,4.62,0.0
20221018:2211,0.0,0.0,0.0,6.56,4.83,0.0
20221018:2311,0.0,0.0,0.0,6.08,4.9,0.0
20221019:0011,0.0,0.0,0.0,5.71,4.83,0.0
20221019:0111,0.0,0.0,0.0,5.45,4.9,0.0
20221019:0211,0.0,0.0,0.0,5.26,4.9,0.0
20221019:0311,0.0,0.0,0.0,5.08,4.9,0.0
20221019:0411,0.0,0.0,0.0,4.9,4.76,0.0
20221019:0511,0.0,0.0,0.0,4.74,4.69,0.0
20221019:0611,37.72,60.93,3.62,4.69,4.55,0.0
20221019:0711,260.67,305.57,10.04,4.78,4.28,0.0
20221019:0811,488.87,560.2,15.28,5.45,4.41,0.0
20221019:0911,586.83,676.9,18.95,6.21,4.48,0.0
20221019:1011,636.01,740.72,20.72,7.07,4.28,0.0
20221019:1111,617.57,721.87,20.4,7.57,3.93,0.0
20221019:1211,490.97,571.15,18.03,7.79,3.66,0.0
20221019:1311,154.88,191.12,13.85,7.99,3.66,0.0
20221019:1411,194.95,238.62,8.21,7.87,3.45,0.0
20221019:1511,0.0,3.31,1.51,7.3,3.31,0.0
20221019:1611,0.0,0.0,0.0,6.6,3.38,0.0
20221019:1711,0.0,0.0,0.0,6.2,3.45,0.0
20221019:1811,0.0,0.0,0.0,5.94,3.59,0.0
20221019:1911,0.0,0.0,0.0,5.15,3.31,0.0
20221019:2011,0.0,0.0,0.0,4.85,3.24,0.0
20221019:2111,0.0,0.0,0.0,4.6,3.31,0.0
20221019:2211,0.0,0.0,0.0,4.36,3.38,0.0
20221019:2311,0.0,0.0,0.0,4.17,3.38,0.0
20221020:0011,0.0,0.0,0.0,4.02,3.31,0.0
20221020:0111,0.0,0.0,0.0,3.83,3.17,0.0
20221020:0211,0.0,0.0,0.0,3.66,3.03,0.0
20221020:0311,0.0,0.0,0.0,3.49,3.1,0.0
20221020:0411,0.0,0.0,0.0,3.35,3.17,0.0
20221020:0511,0.0,0.0,0.0,3.2,3.1,0.0
20221020:0611,45.04,69.97,3.32,3.11,2.9,0.0
20221020:0711,236.98,278.65,9.72,3.15,2.76,0.0
20221020:0811,471.26,542.39,14.95,4.07,2.62,0.0
20221020:0911,570.92,666.37,18.61,5.42,2.41,0.0
20221020:1011,615.31,729.09,20.36,6.65,2.07,0.0
20221020:1111,602.75,716.61,20.04,7.62,2.07,0.0
20221020:1211,508.7,601.37,17.67,8.2,2.0,0.0
20221020:1311,385.23,454.51,13.5,8.39,2.0,0.0
20221020:1411,179.41,222.35,7.87,8.13,1.93,0.0
20221020:1511,0.0,0.0,0.0,7.47,1.93,0.0
20221020:1611,0.0,0.0,0.0,6.92,2.34,0.0
20221020:1711,0.0,0.0,0.0,6.29,2.55,0.0
20221020:1811,0.0,0.0,0.0,6.12,2.21,0.0
20221020:1911,0.0,0.0,0.0,6.58,2.14,0.0
20221020:2011,0.0,0.0,0.0,6.66,1.52,0.0
20221020:2111,0.0,0.0,0.0,6.69,1.72,0.0
20221020:2211,0.0,0.0,0.0,6.79,1.59,0.0
20221020:2311,0.0,0.0,0.0,6.95,1.45,0.0
20221021:0011,0.0,0.0,0.0,6.94,1.93,0.0
20221021:0111,0.0,0.0,0.0,6.78,2.07,0.0
20221021:0211,0.0,0.0,0.0,6.71,2.14,0.0
20221021:0311,0.0,0.0,0.0,6.71,1.59,0.0
20221021:0411,0.0,0.0,0.0,6.62,1.79,0.0
20221021:0511,0.0,0.0,0.0,6.53,1.52,0.0
20221021:0611,1.03,8.07,3.02,6.29,0.97,0.0
20221021:0711,170.61,209.84,9.41,6.42,0.9,0.0
20221021:0811,198.67,240.74,14.62,6.64,0.34,0.0
20221021:0911,261.96,312.66,18.26,7.26,0.69,0.0
20221021:1011,272.76,326.09,20.0,8.46,1.1,0.0
20221021:1111,288.2,343.67,19.68,9.06,1.59,0.0
20221021:1211,162.69,201.74,17.32,9.39,2.14,0.0
20221021:1311,131.49,166.77,13.15,9.37,1.93,0.0
20221021:1411,66.59,93.77,7.53,8.96,1.72,0.0
20221021:1511,0.0,0.0,0.0,8.33,1.93,0.0
20221021:1611,0.0,0.0,0.0,7.99,2.21,0.0
20221021:1711,0.0,0.0,0.0,7.93,2.28,0.0
20221021:1811,0.0,0.0,0.0,8.02,2.28,0.0
20221021:1911,0.0,0.0,0.0,8.12,2.41,0.0
20221021:2011,0.0,0.0,0.0,8.21,2.41,0.0
20221021:2111,0.0,0.0,0.0,8.05,2.62,0.0
20221021:2211,0.0,0.0,0.0,7.91,2.76,0.0
20221021:2311,0.0,0.0,0.0,7.79,2.97,0.0
20221022:0011,0.0,0.0,0.0,7.8,3.24,0.0
20221022:0111,0.0,0.0,0.0,7.79,3.31,0.0
20221022:0211,0.0,0.0,0.0,7.94,3.1,0.0
20221022:0311,0.0,0.0,0.0,7.86,2.83,0.0
20221022:0411,0.0,0.0,0.0,8.03,2.69,0.0
20221022:0511,0.0,0.0,0.0,8.01,2.76,0.0
20221022:0611,0.0,1.79,2.72,8.2,2.83,0.0
20221022:0711,1.87,9.86,9.1,8.36,2.69,0.0
20221022:0811,9.5,22.41,14.29,8.76,2.76,0.0
20221022:0911,16.49,32.27,17.92,9.18,2.62,0.0
20221022:1011,23.94,42.14,19.65,9.47,2.28,0.0
20221022:1111,19.11,35.86,19.32,9.69,2.21,0.0
20221022:1211,8.24,20.62,16.96,9.94,2.21,0.0
20221022:1311,8.24,20.62,12.8,9.86,1.38,0.0
20221022:1411,2.31,10.76,7.19,9.69,0.9,0.0
20221022:1511,0.0,0.0,0.0,9.53,0.69,0.0
20221022:1611,0.0,0.0,0.0,9.25,0.97,0.0
20221022:1711,0.0,0.0,0.0,8.98,0.97,0.0
20221022:1811,0.0,0.0,0.0,8.6,1.1,0.0
20221022:1911,0.0,0.0,0.0,8.51,1.1,0.0
20221022:2011,0.0,0.0,0.0,8.59,1.66,0.0
20221022:2111,0.0,0.0,0.0,8.42,2.28,0.0
20221022:2211,0.0,0.0,0.0,8.02,2.69,0.0
20221022:2311,0.0,0.0,0.0,7.41,2.83,0.0
20221023:0011,0.0,0.0,0.0,6.74,2.69,0.0
20221023:0111,0.0,0.0,0.0,5.98,3.03,0.0
20221023:0211,0.0,0.0,0.0,5.11,3.31,0.0
20221023:0311,0.0,0.0,0.0,4.43,3.38,0.0
20221023:0411,0.0,0.0,0.0,4.0,3.31,0.0
20221023:0511,0.0,0.0,0.0,3.48,2.97,0.0
20221023:0611,0.28,6.28,2.42,3.18,2.83,0.0
20221023:0711,123.33,154.09,8.78,3.25,2.48,0.0
20221023:0811,377.36,434.38,13.96,3.84,2.28,0.0
20221023:0911,560.43,654.32,17.57,4.74,1.93,0.0
20221023:1011,593.75,701.24,19.3,5.72,1.72,0.0
20221023:1111,589.11,698.65,18.97,6.49,1.66,0.0
20221023:1211,524.31,620.52,16.61,7.17,1.52,0.0
20221023:1311,377.1,445.08,12.46,7.21,1.24,0.0
20221023:1411,92.59,123.36,6.86,7.17,0.83,0.0
20221023:1511,0.0,0.0,0.0,7.01,0.55,0.0
20221023:1611,0.0,0.0,0.0,6.87,0.76,0.0
20221023:1711,0.0,0.0,0.0,6.76,0.9,0.0
20221023:1811,0.0,0.0,0.0,6.78,0.97,0.0
20221023:1911,0.0,0.0,0.0,7.12,1.03,0.0
20221023:2011,0.0,0.0,0.0,7.0,1.66,0.0
20221023:2111,0.0,0.0,0.0,7.09,1.86,0.0
20221023:2211,0.0,0.0,0.0,7.19,2.28,0.0
20221023:2311,0.0,0.0,0.0,7.31,2.55,0.0
20221024:0011,0.0,0.0,0.0,7.53,2.62,0.0
20221024:0111,0.0,0.0,0.0,7.69,2.62,0.0
20221024:0211,0.0,0.0,0.0,7.8,2.69,0.0
20221024:0311,0.0,0.0,0.0,7.86,2.9,0.0
20221024:0411,0.0,0.0,0.0,8.0,3.17,0.0
20221024:0511,0.0,0.0,0.0,8.15,3.52,0.0
20221024:0611,0.0,1.79,2.12,8.28,3.79,0.0
20221024:0711,69.71,96.4,8.47,8.17,3.59,0.0
20221024:0811,60.72,86.15,13.64,8.39,3.86,0.0
20221024:0911,71.65,98.97,17.23,8.62,4.41,0.0
20221024:1011,70.03,97.31,18.95,8.93,4.55,0.0
20221024:1111,17.17,33.17,18.62,9.22,5.1,0.0
20221024:1211,7.68,19.72,16.26,9.28,5.45,0.0
20221024:1311,26.83,45.72,12.12,9.09,4.97,0.0
20221024:1411,7.69,19.72,6.53,9.11,4.97,0.0
20221024:1511,0.0,0.0,0.0,9.12,4.97,0.0
20221024:1611,0.0,0.0,0.0,9.19,5.17,0.0
20221024:1711,0.0,0.0,0.0,9.12,5.31,0.0
20221024:1811,0.0,0.0,0.0,8.58,5.45,0.0
20221024:1911,0.0,0.0,0.0,8.85,5.86,0.0
20221024:2011,0.0,0.0,0.0,9.24,5.86,0.0
20221024:2111,0.0,0.0,0.0,9.01,5.79,0.0
20221024:2211,0.0,0.0,0.0,9.23,5.59,0.0
20221024:2311,0.0,0.0,0.0,9.51,5.03,0.0
20221025:0011,0.0,0.0,0.0,9.81,4.55,0.0
20221025:0111,0.0,0.0,0.0,10.1,3.93,0.0
20221025:0211,0.0,0.0,0.0,10.35,3.17,0.0
20221025:0311,0.0,0.0,0.0,10.58,2.83,0.0
20221025:0411,0.0,0.0,0.0,10.49,2.62,0.0
20221025:0511,0.0,0.0,0.0,10.47,2.76,0.0
20221025:0611,0.0,0.9,1.82,10.35,2.9,0.0
20221025:0711,14.43,29.59,8.16,10.3,2.62,0.0
20221025:0811,34.45,55.58,13.31,10.44,2.55,0.0
20221025:0911,69.36,97.28,16.9,10.69,2.76,0.0
20221025:1011,512.34,607.66,18.6,11.1,3.17,0.0
20221025:1111,78.79,108.48,18.27,11.64,3.79,0.0
20221025:1211,61.56,88.41,15.92,11.73,3.59,0.0
20221025:1311,15.0,30.48,11.79,11.43,3.72,0.0
20221025:1411,15.47,31.14,6.21,11.23,3.72,0.0
20221025:1511,0.0,0.0,0.0,11.02,3.52,0.0
20221025:1611,0.0,0.0,0.0,10.95,3.52,0.0
20221025:1711,0.0,0.0,0.0,10.88,3.72,0.0
20221025:1811,0.0,0.0,0.0,10.74,3.86,0.0
20221025:1911,0.0,0.0,0.0,11.02,4.28,0.0
20221025:2011,0.0,0.0,0.0,10.76,4.07,0.0
20221025:2111,0.0,0.0,0.0,10.55,4.14,0.0
20221025:2211,0.0,0.0,0.0,10.33,4.07,0.0
20221025:2311,0.0,0.0,0.0,10.07,4.07,0.0
20221026:0011,0.0,0.0,0.0,9.77,4.07,0.0
20221026:0111,0.0,0.0,0.0,9.63,4.07,0.0
20221026:0211,0.0,0.0,0.0,9.43,3.93,0.0
20221026:0311,0.0,0.0,0.0,9.15,3.59,0.0
20221026:0411,0.0,0.0,0.0,8.84,3.31,0.0
20221026:0511,0.0,0.0,0.0,8.65,3.24,0.0
20221026:0611,0.0,0.83,1.53,8.52,3.03,0.0
20221026:0711,45.88,68.85,7.85,8.75,3.24,0.0
20221026:0811,36.93,58.27,12.99,8.88,3.17,0.0
20221026:0911,50.31,74.41,16.56,9.15,4.0,0.0
20221026:1011,30.31,50.21,18.26,9.5,3.66,0.0
20221026:1111,28.07,47.52,17.92,10.16,3.24,0.0
20221026:1211,30.15,50.21,15.58,10.47,2.97,0.0
20221026:1311,36.23,57.67,11.46,10.39,2.97,0.0
20221026:1411,0.0,5.38,5.89,10.28,2.48,0.0
20221026:1511,0.0,0.0,0.0,10.02,2.28,0.0
20221026:1611,0.0,0.0,0.0,9.86,2.0,0.0
20221026:1711,0.0,0.0,0.0,9.67,2.14,0.0
20221026:1811,0.0,0.0,0.0,9.55,2.0,0.0
20221026:1911,0.0,0.0,0.0,8.76,1.93,0.0
20221026:2011,0.0,0.0,0.0,8.44,2.21,0.0
20221026:2111,0.0,0.0,0.0,8.33,2.28,0.0
20221026:2211,0.0,0.0,0.0,8.18,2.07,0.0
20221026:2311,0.0,0.0,0.0,8.01,1.93,0.0
20221027:0011,0.0,0.0,0.0,7.95,2.21,0.0
20221027:0111,0.0,0.0,0.0,8.21,2.21,0.0
20221027:0211,0.0,0.0,0.0,8.51,2.14,0.0
20221027:0311,0.0,0.0,0.0,8.63,2.21,0.0
20221027:0411,0.0,0.0,0.0,8.65,2.34,0.0
20221027:0511,0.0,0.0,0.0,8.54,2.69,0.0
20221027:0611,0.0,0.0,0.0,8.66,3.31,0.0
20221027:0711,96.73,127.5,7.55,9.12,4.48,0.0
20221027:0811,21.87,39.45,12.67,9.59,4.55,0.0
20221027:0911,54.46,79.62,16.23,10.44,4.41,0.0
20221027:1011,71.44,99.94,17.92,11.57,4.07,0.0
20221027:1111,142.67,180.8,17.58,12.38,4.34,0.0
20221027:1211,175.46,217.71,15.25,12.88,4.21,0.0
20221027:1311,189.49,233.45,11.13,12.91,4.62,0.0
20221027:1411,52.44,78.34,5.57,12.85,4.48,0.0
20221027:1511,0.0,0.0,0.0,12.32,4.07,0.0
20221027:1611,0.0,0.0,0.0,11.8,3.86,0.0
20221027:1711,0.0,0.0,0.0,11.38,3.79,0.0
20221027:1811,0.0,0.0,0.0,11.14,3.72,0.0
20221027:1911,0.0,0.0,0.0,10.91,3.79,0.0
20221027:2011,0.0,0.0,0.0,10.83,3.59,0.0
20221027:2111,0.0,0.0,0.0,10.77,3.38,0.0
20221027:2211,0.0,0.0,0.0,10.61,3.31,0.0
20221027:2311,0.0,0.0,0.0,10.6,3.52,0.0
20221028:0011,0.0,0.0,0.0,10.46,3.45,0.0
20221028:0111,0.0,0.0,0.0,10.37,3.17,0.0
20221028:0211,0.0,0.0,0.0,10.21,3.17,0.0
20221028:0311,0.0,0.0,0.0,9.84,3.45,0.0
20221028:0411,0.0,0.0,0.0,9.65,3.45,0.0
20221028:0511,0.0,0.0,0.0,9.67,3.17,0.0
20221028:0611,0.0,0.0,0.0,9.6,3.17,0.0
20221028:0711,10.63,24.21,7.24,10.49,3.38,0.0
20221028:0811,241.99,290.24,12.35,10.79,3.72,0.0
20221028:0911,27.21,46.62,15.9,11.3,3.45,0.0
20221028:1011,38.51,60.96,17.58,12.22,4.0,0.0
20221028:1111,25.64,44.83,17.24,12.62,3.86,0.0
20221028:1211,23.53,42.14,14.91,12.9,3.24,0.0
20221028:1311,13.59,28.69,10.81,12.94,2.14,0.0
20221028:1411,0.0,4.48,5.26,12.59,2.14,0.0
20221028:1511,0.0,0.0,0.0,12.23,2.41,0.0
20221028:1611,0.0,0.0,0.0,11.97,2.55,0.0
20221028:1711,0.0,0.0,0.0,11.91,2.83,0.0
20221028:1811,0.0,0.0,0.0,12.0,2.9,0.0
20221028:1911,0.0,0.0,0.0,12.15,2.76,0.0
20221028:2011,0.0,0.0,0.0,12.21,3.45,0.0
20221028:2111,0.0,0.0,0.0,12.25,3.59,0.0
20221028:2211,0.0,0.0,0.0,12.09,3.45,0.0
20221028:2311,0.0,0.0,0.0,11.8,3.79,0.0
20221029:0011,0.0,0.0,0.0,11.57,4.0,0.0
20221029:0111,0.0,0.0,0.0,11.26,3.72,0.0
20221029:0211,0.0,0.0,0.0,10.89,3.52,0.0
20221029:0311,0.0,0.0,0.0,10.69,4.34,0.0
20221029:0411,0.0,0.0,0.0,11.1,4.97,0.0
20221029:0511,0.0,0.0,0.0,11.72,5.24,0.0
20221029:0611,0.0,0.0,0.0,12.14,5.66,0.0
20221029:0711,20.8,38.39,6.94,12.37,6.21,0.0
20221029:0811,381.15,447.64,12.04,12.32,6.62,0.0
20221029:0911,592.8,698.08,15.57,12.73,6.28,0.0
20221029:1011,551.18,647.12,17.25,12.91,6.76,0.0
20221029:1111,581.75,685.71,16.91,13.03,6.28,0.0
20221029:1211,481.36,566.48,14.59,13.25,6.21,0.0
20221029:1311,289.02,344.75,10.49,13.26,7.1,0.0
20221029:1411,69.88,99.26,4.95,13.02,6.62,0.0
20221029:1511,0.0,0.0,0.0,12.42,6.07,0.0
20221029:1611,0.0,0.0,0.0,11.97,5.59,0.0
20221029:1711,0.0,0.0,0.0,11.58,5.1,0.0
20221029:1811,0.0,0.0,0.0,11.1,4.76,0.0
20221029:1911,0.0,0.0,0.0,11.15,4.41,0.0
20221029:2011,0.0,0.0,0.0,10.52,3.59,0.0
20221029:2111,0.0,0.0,0.0,9.68,2.97,0.0
20221029:2211,0.0,0.0,0.0,8.9,2.76,0.0
20221029:2311,0.0,0.0,0.0,8.21,2.55,0.0
20221030:0011,0.0,0.0,0.0,7.52,2.41,0.0
20221030:0111,0.0,0.0,0.0,6.91,2.55,0.0
20221030:0211,0.0,0.0,0.0,6.4,2.69,0.0
20221030:0311,0.0,0.0,0.0,6.02,2.83,0.0
20221030:0411,0.0,0.0,0.0,5.7,2.97,0.0
20221030:0511,0.0,0.0,0.0,5.45,3.1,0.0
20221030:0611,0.0,0.0,0.0,5.24,3.03,0.0
20221030:0711,174.99,212.7,6.64,5.28,2.9,0.0
20221030:0811,392.03,454.52,11.72,5.96,2.62,0.0
20221030:0911,483.07,563.08,15.25,6.77,2.48,0.0
20221030:1011,559.53,659.24,16.92,7.36,2.28,0.0
20221030:1111,528.67,625.55,16.58,7.91,1.86,0.0
20221030:1211,469.08,555.53,14.26,8.18,1.45,0.0
20221030:1311,269.83,322.86,10.17,8.19,0.83,0.0
20221030:1411,49.17,73.28,4.65,7.91,1.03,0.0
20221030:1511,0.0,0.0,0.0,7.47,1.66,0.0
20221030:1611,0.0,0.0,0.0,7.15,2.0,0.0
20221030:1711,0.0,0.0,0.0,6.86,2.28,0.0
20221030:1811,0.0,0.0,0.0,6.68,2.28,0.0
20221030:1911,0.0,0.0,0.0,6.69,1.93,0.0
20221030:2011,0.0,0.0,0.0,6.66,2.21,0.0
20221030:2111,0.0,0.0,0.0,6.37,2.76,0.0
20221030:2211,0.0,0.0,0.0,6.45,2.48,0.0
20221030:2311,0.0,0.0,0.0,6.7,1.93,0.0
20221031:0011,0.0,0.0,0.0,6.9,1.93,0.0
20221031:0111,0.0,0.0,0.0,7.19,1.66,0.0
20221031:0211,0.0,0.0,0.0,7.48,1.72,0.0
20221031:0311,0.0,0.0,0.0,7.74,2.07,0.0
20221031:0411,0.0,0.0,0.0,8.2,2.41,0.0
20221031:0511,0.0,0.0,0.0,8.81,2.9,0.0
20221031:0611,0.0,0.0,0.0,9.15,3.24,0.0
20221031:0711,1.0,8.07,6.34,9.03,3.17,0.0
20221031:0811,111.85,143.94,11.41,9.31,3.45,0.0
20221031:0911,15.14,30.48,14.93,9.63,3.03,0.0
20221031:1011,20.43,37.65,16.59,10.08,2.83,0.0
20221031:1111,41.73,64.55,16.26,10.62,2.9,0.0
20221031:1211,276.61,330.02,13.94,10.97,3.03,0.0
20221031:1311,18.3,34.96,9.87,11.21,3.03,0.0
20221031:1411,0.24,6.28,4.35,11.06,3.03,0.0
20221031:1511,0.0,0.0,0.0,10.72,3.24,0.0
20221031:1611,0.0,0.0,0.0,10.42,3.38,0.0
20221031:1711,0.0,0.0,0.0,10.33,3.38,0.0
20221031:1811,0.0,0.0,0.0,10.23,3.24,0.0
20221031:1911,0.0,0.0,0.0,9.62,3.38,0.0
20221031:2011,0.0,0.0,0.0,9.2,3.17,0.0
20221031:2111,0.0,0.0,0.0,8.9,2.9,0.0
20221031:2211,0.0,0.0,0.0,8.59,2.62,0.0
20221031:2311,0.0,0.0,0.0,8.36,2.41,0.0
20221101:0011,0.0,0.0,0.0,8.28,2.21,0.0
20221101:0111,0.0,0.0,0.0,8.42,2.21,0.0
20221101:0211,0.0,0.0,0.0,8.45,2.14,0.0
20221101:0311,0.0,0.0,0.0,8.49,2.07,0.0
20221101:0411,0.0,0.0,0.0,8.55,1.93,0.0
20221101:0511,0.0,0.0,0.0,8.49,1.72,0.0
20221101:0611,0.0,0.0,0.0,8.28,1.72,0.0
20221101:0711,23.61,41.48,6.04,8.35,1.52,0.0
20221101:0811,34.57,55.3,11.1,8.71,1.31,0.0
20221101:0911,19.18,35.86,14.61,8.86,1.03,0.0
20221101:1011,29.61,49.31,16.27,8.99,1.03,0.0
20221101:1111,27.48,46.62,15.93,9.12,1.59,0.0
20221101:1211,19.84,36.76,13.63,9.19,1.79,0.0
20221101:1311,16.48,32.27,9.56,9.19,1.72,0.0
20221101:1411,0.25,6.28,4.06,9.11,1.59,0.0
20221101:1511,0.0,0.0,0.0,8.9,2.0,0.0
20221101:1611,0.0,0.0,0.0,8.93,2.28,0.0
20221101:1711,0.0,0.0,0.0,9.01,2.62,0.0
20221101:1811,0.0,0.0,0.0,9.21,3.03,0.0
20221101:1911,0.0,0.0,0.0,9.26,3.24,0.0
20221101:2011,0.0,0.0,0.0,9.23,3.45,0.0
20221101:2111,0.0,0.0,0.0,9.31,3.45,0.0
20221101:2211,0.0,0.0,0.0,9.31,3.52,0.0
20221101:2311,0.0,0.0,0.0,9.35,3.52,0.0
20221102:0011,0.0,0.0,0.0,9.46,3.45,0.0
20221102:0111,0.0,0.0,0.0,9.54,3.03,0.0
20221102:0211,0.0,0.0,0.0,9.66,2.62,0.0
20221102:0311,0.0,0.0,0.0,9.65,2.14,0.0
20221102:0411,0.0,0.0,0.0,9.21,1.93,0.0
20221102:0511,0.0,0.0,0.0,8.91,2.07,0.0
20221102:0611,0.0,0.0,0.0,8.74,2.14,0.0
20221102:0711,10.68,24.21,5.74,9.47,2.07,0.0
20221102:0811,54.08,78.73,10.8,9.85,2.9,0.0
20221102:0911,26.64,45.72,14.29,10.32,3.24,0.0
20221102:1011,53.71,78.94,15.95,10.92,3.17,0.0
20221102:1111,40.15,62.76,15.62,11.22,3.38,0.0
20221102:1211,39.43,61.86,13.32,11.17,3.52,0.0
20221102:1311,320.52,381.73,9.26,10.97,2.9,0.0
20221102:1411,2.78,11.65,3.77,10.36,3.03,0.0
20221102:1511,0.0,0.0,0.0,9.83,3.24,0.0
20221102:1611,0.0,0.0,0.0,9.72,3.24,0.0
20221102:1711,0.0,0.0,0.0,9.56,2.9,0.0
20221102:1811,0.0,0.0,0.0,9.45,2.76,0.0
20221102:1911,0.0,0.0,0.0,9.23,2.55,0.0
20221102:2011,0.0,0.0,0.0,9.12,2.55,0.0
20221102:2111,0.0,0.0,0.0,9.03,2.62,0.0
20221102:2211,0.0,0.0,0.0,8.87,2.55,0.0
20221102:2311,0.0,0.0,0.0,8.4,2.55,0.0
20221103:0011,0.0,0.0,0.0,7.8,2.76,0.0
20221103:0111,0.0,0.0,0.0,7.32,2.69,0.0
20221103:0211,0.0,0.0,0.0,7.13,2.41,0.0
20221103:0311,0.0,0.0,0.0,7.2,2.28,0.0
20221103:0411,0.0,0.0,0.0,7.46,2.55,0.0
20221103:0511,0.0,0.0,0.0,7.77,2.55,0.0
20221103:0611,0.0,0.0,0.0,7.55,2.14,0.0
20221103:0711,132.5,167.37,5.45,7.21,2.14,0.0
20221103:0811,351.68,411.66,10.49,7.73,2.55,0.0
20221103:0911,431.62,502.54,13.98,8.27,3.38,0.0
20221103:1011,371.14,434.11,15.64,8.79,3.17,0.0
20221103:1111,244.37,291.0,15.3,9.43,3.66,0.0
20221103:1211,234.46,280.07,13.01,9.78,3.86,0.0
20221103:1311,336.54,396.86,8.97,9.73,3.59,0.0
20221103:1411,0.0,3.59,3.48,9.41,3.93,0.0
20221103:1511,0.0,0.0,0.0,9.11,4.07,0.0
20221103:1611,0.0,0.0,0.0,9.13,4.34,0.0
20221103:1711,0.0,0.0,0.0,9.09,4.55,0.0
20221103:1811,0.0,0.0,0.0,9.16,4.69,0.0
20221103:1911,0.0,0.0,0.0,9.04,4.55,0.0
20221103:2011,0.0,0.0,0.0,9.08,4.41,0.0
20221103:2111,0.0,0.0,0.0,8.98,4.41,0.0
20221103:2211,0.0,0.0,0.0,9.1,4.62,0.0
20221103:2311,0.0,0.0,0.0,9.17,4.55,0.0
20221104:0011,0.0,0.0,0.0,9.03,4.41,0.0
20221104:0111,0.0,0.0,0.0,8.98,4.41,0.0
20221104:0211,0.0,0.0,0.0,8.98,4.48,0.0
20221104:0311,0.0,0.0,0.0,8.89,4.41,0.0
20221104:0411,0.0,0.0,0.0,8.75,4.28,0.0
20221104:0511,0.0,0.0,0.0,8.7,4.28,0.0
20221104:0611,0.0,0.0,0.0,8.66,4.48,0.0
20221104:0711,123.69,157.83,5.16,8.69,4.76,0.0
20221104:0811,270.74,318.71,10.19,9.05,5.24,0.0
20221104:0911,138.58,172.97,13.67,9.28,6.48,0.0
20221104:1011,137.45,171.85,15.32,9.2,6.62,0.0
20221104:1111,145.62,180.87,14.99,9.13,5.93,0.0
20221104:1211,164.2,200.98,12.71,9.07,5.59,0.0
20221104:1311,64.4,90.07,8.67,8.84,5.17,0.0
20221104:1411,46.67,70.53,3.21,8.54,5.24,0.0
20221104:1511,0.0,0.0,0.0,8.26,5.24,0.0
20221104:1611,0.0,0.0,0.0,8.22,5.38,0.0
20221104:1711,0.0,0.0,0.0,8.37,5.31,0.0
20221104:1811,0.0,0.0,0.0,8.57,5.24,0.0
20221104:1911,0.0,0.0,0.0,8.79,5.79,0.0
20221104:2011,0.0,0.0,0.0,8.86,5.79,0.0
20221104:2111,0.0,0.0,0.0,8.85,5.45,0.0
20221104:2211,0.0,0.0,0.0,8.81,5.45,0.0
20221104:2311,0.0,0.0,0.0,8.7,5.24,0.0
20221105:0011,0.0,0.0,0.0,8.65,5.17,0.0
20221105:0111,0.0,0.0,0.0,8.61,5.38,0.0
20221105:0211,0.0,0.0,0.0,8.56,5.66,0.0
20221105:0311,0.0,0.0,0.0,8.49,5.66,0.0
20221105:0411,0.0,0.0,0.0,8.39,5.45,0.0
20221105:0511,0.0,0.0,0.0,8.33,5.31,0.0
20221105:0611,0.0,0.0,0.0,8.31,5.31,0.0
20221105:0711,5.43,16.14,4.87,8.51,5.45,0.0
20221105:0811,4.35,14.34,9.89,8.49,5.59,0.0
20221105:0911,24.81,43.03,13.37,8.43,5.31,0.0
20221105:1011,10.18,23.31,15.02,7.71,5.66,0.0
20221105:1111,7.18,18.83,14.69,7.52,5.31,0.0
20221105:1211,4.38,14.34,12.41,7.28,4.62,0.0
20221105:1311,4.39,14.34,8.39,7.04,4.28,0.0
20221105:1411,0.0,3.31,2.93,7.0,3.45,0.0
20221105:1511,0.0,0.0,0.0,7.62,2.34,0.0
20221105:1611,0.0,0.0,0.0,7.7,1.86,0.0
20221105:1711,0.0,0.0,0.0,7.0,2.21,0.0
20221105:1811,0.0,0.0,0.0,7.34,2.83,0.0
20221105:1911,0.0,0.0,0.0,7.4,3.59,0.0
20221105:2011,0.0,0.0,0.0,7.19,3.79,0.0
20221105:2111,0.0,0.0,0.0,7.01,3.86,0.0
20221105:2211,0.0,0.0,0.0,6.87,3.93,0.0
20221105:2311,0.0,0.0,0.0,6.61,4.0,0.0
20221106:0011,0.0,0.0,0.0,6.59,4.07,0.0
20221106:0111,0.0,0.0,0.0,6.49,4.21,0.0
20221106:0211,0.0,0.0,0.0,6.52,4.14,0.0
20221106:0311,0.0,0.0,0.0,6.5,3.86,0.0
20221106:0411,0.0,0.0,0.0,6.48,4.0,0.0
20221106:0511,0.0,0.0,0.0,6.5,4.28,0.0
20221106:0611,0.0,0.0,0.0,6.46,4.28,0.0
20221106:0711,136.05,170.56,4.59,6.81,4.41,0.0
20221106:0811,334.71,387.79,9.6,7.28,4.69,0.0
20221106:0911,362.61,419.37,13.07,7.9,4.83,0.0
20221106:1011,60.56,85.9,14.71,8.28,5.03,0.0
20221106:1111,402.65,464.33,14.39,8.23,5.45,0.0
20221106:1211,10.78,24.21,12.12,8.11,5.38,0.0
20221106:1311,10.79,24.21,8.11,7.93,5.24,0.0
20221106:1411,0.0,1.65,2.66,8.13,5.45,0.0
20221106:1511,0.0,0.0,0.0,8.51,5.79,0.0
20221106:1611,0.0,0.0,0.0,8.7,5.52,0.0
20221106:1711,0.0,0.0,0.0,8.94,5.31,0.0
20221106:1811,0.0,0.0,0.0,9.07,4.83,0.0
20221106:1911,0.0,0.0,0.0,8.75,4.55,0.0
20221106:2011,0.0,0.0,0.0,8.61,4.83,0.0
20221106:2111,0.0,0.0,0.0,8.64,4.48,0.0
20221106:2211,0.0,0.0,0.0,8.56,3.79,0.0
20221106:2311,0.0,0.0,0.0,8.53,3.72,0.0
20221107:0011,0.0,0.0,0.0,8.59,3.86,0.0
20221107:0111,0.0,0.0,0.0,8.92,4.0,0.0
20221107:0211,0.0,0.0,0.0,9.22,3.79,0.0
20221107:0311,0.0,0.0,0.0,9.19,3.59,0.0
20221107:0411,0.0,0.0,0.0,9.07,4.0,0.0
20221107:0511,0.0,0.0,0.0,9.16,4.69,0.0
20221107:0611,0.0,0.0,0.0,9.12,4.69,0.0
20221107:0711,0.25,6.28,4.31,9.14,4.48,0.0
20221107:0811,244.8,290.3,9.31,9.2,4.76,0.0
20221107:0911,43.39,66.05,12.77,9.44,5.1,0.0
20221107:1011,52.17,76.6,14.41,9.77,5.86,0.0
20221107:1111,69.96,97.13,14.09,9.94,5.86,0.0
20221107:1211,39.02,60.81,11.83,9.72,5.66,0.0
20221107:1311,2.32,10.76,7.83,9.58,5.31,0.0
20221107:1411,0.0,1.65,2.4,9.56,5.17,0.0
20221107:1511,0.0,0.0,0.0,9.46,4.9,0.0
20221107:1611,0.0,0.0,0.0,9.63,4.9,0.0
20221107:1711,0.0,0.0,0.0,9.31,4.83,0.0
20221107:1811,0.0,0.0,0.0,8.96,4.9,0.0
20221107:1911,0.0,0.0,0.0,8.44,5.24,0.0
20221107:2011,0.0,0.0,0.0,8.34,5.38,0.0
20221107:2111,0.0,0.0,0.0,8.27,5.93,0.0
20221107:2211,0.0,0.0,0.0,8.72,6.21,0.0
20221107:2311,0.0,0.0,0.0,8.68,5.79,0.0
20221108:0011,0.0,0.0,0.0,8.35,5.72,0.0
20221108:0111,0.0,0.0,0.0,8.11,5.31,0.0
20221108:0211,0.0,0.0,0.0,7.82,5.1,0.0
20221108:0311,0.0,0.0,0.0,7.85,4.97,0.0
20221108:0411,0.0,0.0,0.0,7.86,4.76,0.0
20221108:0511,0.0,0.0,0.0,7.83,4.41,0.0
20221108:0611,0.0,0.0,0.0,7.7,4.0,0.0
20221108:0711,3.32,12.55,4.03,7.98,2.9,0.0
20221108:0811,30.38,49.91,9.02,8.06,2.69,0.0
20221108:0911,31.19,51.1,12.48,8.33,2.41,0.0
20221108:1011,48.57,72.16,14.12,8.63,2.14,0.0
20221108:1111,45.53,68.6,13.8,8.81,1.93,0.0
20221108:1211,19.18,35.86,11.55,9.02,1.86,0.0
20221108:1311,10.7,24.21,7.56,9.17,1.17,0.0
20221108:1411,0.0,2.48,2.14,8.83,1.31,0.0
20221108:1511,0.0,0.0,0.0,8.5,2.07,0.0
20221108:1611,0.0,0.0,0.0,7.98,2.55,0.0
20221108:1711,0.0,0.0,0.0,8.23,2.97,0.0
20221108:1811,0.0,0.0,0.0,8.62,3.17,0.0
20221108:1911,0.0,0.0,0.0,9.32,3.79,0.0
20221108:2011,0.0,0.0,0.0,10.05,4.21,0.0
20221108:2111,0.0,0.0,0.0,9.99,3.66,0.0
20221108:2211,0.0,0.0,0.0,9.78,3.66,0.0
20221108:2311,0.0,0.0,0.0,9.6,3.17,0.0
20221109:0011,0.0,0.0,0.0,9.31,3.24,0.0
20221109:0111,0.0,0.0,0.0,9.12,3.79,0.0
20221109:0211,0.0,0.0,0.0,9.06,4.14,0.0
20221109:0311,0.0,0.0,0.0,8.91,4.07,0.0
20221109:0411,0.0,0.0,0.0,8.77,3.93,0.0
20221109:0511,0.0,0.0,0.0,8.66,3.79,0.0
20221109:0611,0.0,0.0,0.0,8.35,3.45,0.0
20221109:0711,32.9,53.12,3.75,8.38,3.72,0.0
20221109:0811,141.18,175.78,8.74,8.68,3.31,0.0
20221109:0911,338.6,396.96,12.19,9.33,3.38,0.0
20221109:1011,221.22,265.06,13.83,9.94,4.28,0.0
20221109:1111,289.3,341.99,13.51,10.33,3.86,0.0
20221109:1211,355.55,417.41,11.27,10.62,4.21,0.0
20221109:1311,115.89,148.97,7.3,10.53,3.86,0.0
20221109:1411,0.0,0.83,1.89,10.09,3.86,0.0
20221109:1511,0.0,0.0,0.0,9.58,4.0,0.0
20221109:1611,0.0,0.0,0.0,9.4,4.0,0.0
20221109:1711,0.0,0.0,0.0,9.31,3.93,0.0
20221109:1811,0.0,0.0,0.0,9.11,4.0,0.0
20221109:1911,0.0,0.0,0.0,9.24,3.86,0.0
20221109:2011,0.0,0.0,0.0,8.98,3.72,0.0
20221109:2111,0.0,0.0,0.0,8.58,3.59,0.0
20221109:2211,0.0,0.0,0.0,8.33,3.24,0.0
20221109:2311,0.0,0.0,0.0,8.02,3.1,0.0
20221110:0011,0.0,0.0,0.0,7.9,3.24,0.0
20221110:0111,0.0,0.0,0.0,8.12,3.17,0.0
20221110:0211,0.0,0.0,0.0,8.41,2.97,0.0
20221110:0311,0.0,0.0,0.0,8.52,2.9,0.0
20221110:0411,0.0,0.0,0.0,8.61,2.97,0.0
20221110:0511,0.0,0.0,0.0,8.8,3.03,0.0
20221110:0611,0.0,0.0,0.0,8.95,3.03,0.0
20221110:0711,0.0,2.69,3.48,8.95,3.03,0.0
20221110:0811,101.95,132.52,8.46,9.02,2.9,0.0
20221110:0911,33.89,54.69,11.9,9.55,2.97,0.0
20221110:1011,381.7,447.38,13.54,9.93,3.52,0.0
20221110:1111,362.33,425.15,13.23,10.15,3.66,0.0
20221110:1211,28.8,48.41,11.0,10.1,3.66,0.0
20221110:1311,144.45,180.48,7.04,10.0,3.93,0.0
20221110:1411,0.0,4.13,1.65,9.97,4.14,0.0
20221110:1511,0.0,0.0,0.0,9.93,4.34,0.0
20221110:1611,0.0,0.0,0.0,9.75,4.07,0.0
20221110:1711,0.0,0.0,0.0,9.24,4.14,0.0
20221110:1811,0.0,0.0,0.0,8.91,4.34,0.0
20221110:1911,0.0,0.0,0.0,9.22,5.1,0.0
20221110:2011,0.0,0.0,0.0,9.4,5.31,0.0
20221110:2111,0.0,0.0,0.0,9.6,5.52,0.0
20221110:2211,0.0,0.0,0.0,9.81,5.66,0.0
20221110:2311,0.0,0.0,0.0,10.19,5.66,0.0
20221111:0011,0.0,0.0,0.0,10.68,5.93,0.0
20221111:0111,0.0,0.0,0.0,11.22,6.34,0.0
20221111:0211,0.0,0.0,0.0,11.79,6.55,0.0
20221111:0311,0.0,0.0,0.0,12.16,6.55,0.0
20221111:0411,0.0,0.0,0.0,12.46,6.62,0.0
20221111:0511,0.0,0.0,0.0,12.67,6.69,0.0
20221111:0611,0.0,0.0,0.0,12.75,6.62,0.0
20221111:0711,0.58,7.17,3.21,12.87,6.55,0.0
20221111:0811,15.51,31.38,8.18,13.2,6.55,0.0
20221111:0911,35.54,57.39,11.62,13.56,6.55,0.0
20221111:1011,43.97,67.89,13.26,13.91,6.69,0.0
20221111:1111,11.64,26.0,12.96,14.22,7.1,0.0
20221111:1211,7.46,19.72,10.74,14.33,7.17,0.0
20221111:1311,262.72,316.51,6.79,14.23,6.9,0.0
20221111:1411,0.0,0.83,1.4,13.93,6.69,0.0
20221111:1511,0.0,0.0,0.0,13.7,6.62,0.0
20221111:1611,0.0,0.0,0.0,13.71,6.55,0.0
20221111:1711,0.0,0.0,0.0,13.66,6.48,0.0
20221111:1811,0.0,0.0,0.0,13.57,6.62,0.0
20221111:1911,0.0,0.0,0.0,13.33,6.34,0.0
20221111:2011,0.0,0.0,0.0,13.32,6.76,0.0
20221111:2111,0.0,0.0,0.0,13.24,7.24,0.0
20221111:2211,0.0,0.0,0.0,13.0,7.24,0.0
20221111:2311,0.0,0.0,0.0,12.78,7.17,0.0
20221112:0011,0.0,0.0,0.0,12.86,7.38,0.0
20221112:0111,0.0,0.0,0.0,12.94,7.59,0.0
20221112:0211,0.0,0.0,0.0,13.07,7.45,0.0
20221112:0311,0.0,0.0,0.0,13.18,7.17,0.0
20221112:0411,0.0,0.0,0.0,13.34,6.97,0.0
20221112:0511,0.0,0.0,0.0,13.31,6.69,0.0
20221112:0611,0.0,0.0,0.0,13.16,6.21,0.0
20221112:0711,26.42,45.85,2.94,12.88,5.86,0.0
20221112:0811,250.88,301.65,7.91,13.02,5.45,0.0
20221112:0911,330.58,392.55,11.35,13.44,5.1,0.0
20221112:1011,448.23,531.98,12.99,13.91,4.62,0.0
20221112:1111,373.02,444.09,12.69,14.25,4.55,0.0
20221112:1211,291.23,349.62,10.48,14.23,4.41,0.0
20221112:1311,146.97,186.21,6.54,13.85,4.28,0.0
20221112:1411,0.0,0.0,0.0,13.11,4.14,0.0
20221112:1511,0.0,0.0,0.0,12.28,4.0,0.0
20221112:1611,0.0,0.0,0.0,11.6,3.72,0.0
20221112:1711,0.0,0.0,0.0,10.97,3.38,0.0
20221112:1811,0.0,0.0,0.0,10.36,3.03,0.0
20221112:1911,0.0,0.0,0.0,9.56,2.83,0.0
20221112:2011,0.0,0.0,0.0,9.16,2.76,0.0
20221112:2111,0.0,0.0,0.0,8.78,2.69,0.0
20221112:2211,0.0,0.0,0.0,8.41,2.62,0.0
20221112:2311,0.0,0.0,0.0,8.03,2.55,0.0
20221113:0011,0.0,0.0,0.0,7.71,2.48,0.0
20221113:0111,0.0,0.0,0.0,7.42,2.34,0.0
20221113:0211,0.0,0.0,0.0,7.27,2.28,0.0
20221113:0311,0.0,0.0,0.0,7.06,2.28,0.0
20221113:0411,0.0,0.0,0.0,6.91,2.14,0.0
20221113:0511,0.0,0.0,0.0,6.81,2.0,0.0
20221113:0611,0.0,0.0,0.0,6.81,1.86,0.0
20221113:0711,27.91,46.61,2.68,5.84,1.38,0.0
20221113:0811,207.85,248.06,7.64,5.43,1.1,0.0
20221113:0911,27.87,46.62,11.07,6.18,0.62,0.0
20221113:1011,477.17,567.63,12.71,7.16,0.62,0.0
20221113:1111,391.19,463.58,12.42,7.85,0.69,0.0
20221113:1211,324.18,384.35,10.22,8.38,0.97,0.0
20221113:1311,152.5,189.38,6.3,8.28,1.1,0.0
20221113:1411,0.0,0.0,0.0,8.04,1.31,0.0
20221113:1511,0.0,0.0,0.0,7.62,1.45,0.0
20221113:1611,0.0,0.0,0.0,7.38,1.45,0.0
20221113:1711,0.0,0.0,0.0,7.01,1.45,0.0
20221113:1811,0.0,0.0,0.0,6.56,1.72,0.0
20221113:1911,0.0,0.0,0.0,6.13,2.41,0.0
20221113:2011,0.0,0.0,0.0,6.41,2.34,0.0
20221113:2111,0.0,0.0,0.0,6.54,2.28,0.0
20221113:2211,0.0,0.0,0.0,6.59,2.41,0.0
20221113:2311,0.0,0.0,0.0,6.7,2.28,0.0
20221114:0011,0.0,0.0,0.0,6.89,2.34,0.0
20221114:0111,0.0,0.0,0.0,7.11,2.41,0.0
20221114:0211,0.0,0.0,0.0,7.15,2.34,0.0
20221114:0311,0.0,0.0,0.0,7.27,2.28,0.0
20221114:0411,0.0,0.0,0.0,7.37,2.14,0.0
20221114:0511,0.0,0.0,0.0,7.5,1.79,0.0
20221114:0611,0.0,0.0,0.0,7.58,1.79,0.0
20221114:0711,0.0,5.38,2.42,7.38,2.0,0.0
20221114:0811,16.62,32.27,7.37,7.64,1.93,0.0
20221114:0911,10.77,24.21,10.81,7.97,2.0,0.0
20221114:1011,23.38,41.24,12.45,8.35,2.28,0.0
20221114:1111,12.0,26.0,12.16,8.46,2.0,0.0
20221114:1211,31.69,51.63,9.97,8.58,2.41,0.0
20221114:1311,3.82,13.45,6.06,8.48,2.07,0.0
20221114:1411,0.0,0.0,0.0,8.24,1.66,0.0
20221114:1511,0.0,0.0,0.0,7.99,1.31,0.0
20221114:1611,0.0,0.0,0.0,7.86,1.24,0.0
20221114:1711,0.0,0.0,0.0,7.7,1.17,0.0
20221114:1811,0.0,0.0,0.0,7.57,1.17,0.0
20221114:1911,0.0,0.0,0.0,7.53,1.66,0.0
20221114:2011,0.0,0.0,0.0,7.45,1.72,0.0
20221114:2111,0.0,0.0,0.0,7.34,1.86,0.0
20221114:2211,0.0,0.0,0.0,7.32,1.93,0.0
20221114:2311,0.0,0.0,0.0,7.28,2.0,0.0
20221115:0011,0.0,0.0,0.0,7.1,2.21,0.0
20221115:0111,0.0,0.0,0.0,6.83,2.62,0.0
20221115:0211,0.0,0.0,0.0,6.41,2.83,0.0
20221115:0311,0.0,0.0,0.0,5.86,3.31,0.0
20221115:0411,0.0,0.0,0.0,5.52,4.0,0.0
20221115:0511,0.0,0.0,0.0,5.74,4.14,0.0
20221115:0611,0.0,0.0,0.0,6.11,4.55,0.0
20221115:0711,0.0,1.79,2.16,6.28,5.1,0.0
20221115:0811,56.56,79.9,7.11,6.12,5.38,0.0
20221115:0911,24.41,42.14,10.54,6.02,5.66,0.0
20221115:1011,27.25,45.72,12.19,6.09,5.79,0.0
20221115:1111,26.53,44.83,11.91,6.14,5.79,0.0
20221115:1211,10.27,23.31,9.73,6.08,5.59,0.0
20221115:1311,9.05,21.52,5.83,5.91,5.52,0.0
20221115:1411,0.0,0.0,0.0,5.6,5.31,0.0
20221115:1511,0.0,0.0,0.0,5.41,4.97,0.0
20221115:1611,0.0,0.0,0.0,5.2,5.03,0.0
20221115:1711,0.0,0.0,0.0,5.06,5.1,0.0
20221115:1811,0.0,0.0,0.0,5.0,4.76,0.0
20221115:1911,0.0,0.0,0.0,5.02,4.76,0.0
20221115:2011,0.0,0.0,0.0,4.96,4.55,0.0
20221115:2111,0.0,0.0,0.0,4.95,4.07,0.0
20221115:2211,0.0,0.0,0.0,4.94,3.93,0.0
20221115:2311,0.0,0.0,0.0,4.93,3.66,0.0
20221116:0011,0.0,0.0,0.0,4.88,3.86,0.0
20221116:0111,0.0,0.0,0.0,4.87,3.79,0.0
20221116:0211,0.0,0.0,0.0,4.86,3.45,0.0
20221116:0311,0.0,0.0,0.0,4.79,3.38,0.0
20221116:0411,0.0,0.0,0.0,4.64,3.31,0.0
20221116:0511,0.0,0.0,0.0,4.65,3.17,0.0
20221116:0611,0.0,0.0,0.0,4.62,3.24,0.0
20221116:0711,0.0,1.79,1.91,4.58,3.31,0.0
20221116:0811,14.22,28.69,6.86,4.59,3.31,0.0
20221116:0911,9.11,21.52,10.28,4.59,3.52,0.0
20221116:1011,16.91,32.27,11.93,4.53,3.66,0.0
20221116:1111,13.58,27.79,11.66,4.4,3.59,0.0
20221116:1211,7.91,19.72,9.49,4.3,3.45,0.0
20221116:1311,0.65,7.17,5.61,4.2,3.38,0.0
20221116:1411,0.0,0.0,0.0,4.03,3.52,0.0
20221116:1511,0.0,0.0,0.0,3.82,3.59,0.0
20221116:1611,0.0,0.0,0.0,3.63,3.66,0.0
20221116:1711,0.0,0.0,0.0,3.49,3.72,0.0
20221116:1811,0.0,0.0,0.0,3.42,3.72,0.0
20221116:1911,0.0,0.0,0.0,3.46,3.59,0.0
20221116:2011,0.0,0.0,0.0,3.45,3.52,0.0
20221116:2111,0.0,0.0,0.0,3.42,3.59,0.0
20221116:2211,0.0,0.0,0.0,3.43,3.52,0.0
20221116:2311,0.0,0.0,0.0,3.41,3.31,0.0
20221117:0011,0.0,0.0,0.0,3.44,3.24,0.0
20221117:0111,0.0,0.0,0.0,3.39,3.24,0.0
20221117:0211,0.0,0.0,0.0,3.31,3.38,0.0
20221117:0311,0.0,0.0,0.0,3.25,3.38,0.0
20221117:0411,0.0,0.0,0.0,3.17,3.31,0.0
20221117:0511,0.0,0.0,0.0,3.14,3.45,0.0
20221117:0611,0.0,0.0,0.0,3.06,3.66,0.0
20221117:0711,0.0,0.9,1.66,3.1,3.24,0.0
20221117:0811,91.76,118.08,6.6,3.18,3.1,0.0
20221117:0911,119.16,147.89,10.03,3.31,3.52,0.0
20221117:1011,21.88,38.55,11.68,3.36,3.86,0.0
20221117:1111,30.56,49.31,11.42,3.26,4.0,0.0
20221117:1211,10.44,23.31,9.26,3.18,4.14,0.0
20221117:1311,0.0,5.38,5.39,3.02,4.21,0.0
20221117:1411,0.0,0.0,0.0,2.83,4.14,0.0
20221117:1511,0.0,0.0,0.0,2.65,4.28,0.0
20221117:1611,0.0,0.0,0.0,2.57,4.83,0.0
20221117:1711,0.0,0.0,0.0,2.56,4.55,0.0
20221117:1811,0.0,0.0,0.0,2.67,4.41,0.0
20221117:1911,0.0,0.0,0.0,2.78,4.0,0.0
20221117:2011,0.0,0.0,0.0,3.26,3.93,0.0
20221117:2111,0.0,0.0,0.0,3.61,4.0,0.0
20221117:2211,0.0,0.0,0.0,3.89,4.07,0.0
20221117:2311,0.0,0.0,0.0,3.73,4.21,0.0
20221118:0011,0.0,0.0,0.0,3.73,4.21,0.0
20221118:0111,0.0,0.0,0.0,3.76,4.34,0.0
20221118:0211,0.0,0.0,0.0,3.81,4.55,0.0
20221118:0311,0.0,0.0,0.0,3.8,4.69,0.0
20221118:0411,0.0,0.0,0.0,3.49,4.83,0.0
20221118:0511,0.0,0.0,0.0,3.23,4.9,0.0
20221118:0611,0.0,0.0,0.0,3.22,4.76,0.0
20221118:0711,0.0,2.48,1.42,2.64,4.83,0.0
20221118:0811,134.4,163.65,6.36,2.64,4.76,0.0
20221118:0911,98.1,124.56,9.78,2.69,5.1,0.0
20221118:1011,233.14,268.64,11.44,2.7,5.52,0.0
20221118:1111,22.67,39.45,11.18,2.78,5.52,0.0
20221118:1211,124.93,153.36,9.04,2.81,5.38,0.0
20221118:1311,5.07,15.24,5.18,2.6,5.31,0.0
20221118:1411,0.0,0.0,0.0,2.38,5.31,0.0
20221118:1511,0.0,0.0,0.0,2.04,4.97,0.0
20221118:1611,0.0,0.0,0.0,1.89,5.1,0.0
20221118:1711,0.0,0.0,0.0,1.76,5.17,0.0
20221118:1811,0.0,0.0,0.0,1.63,5.1,0.0
20221118:1911,0.0,0.0,0.0,1.65,5.17,0.0
20221118:2011,0.0,0.0,0.0,1.65,5.24,0.0
20221118:2111,0.0,0.0,0.0,1.63,5.31,0.0
20221118:2211,0.0,0.0,0.0,1.6,5.31,0.0
20221118:2311,0.0,0.0,0.0,1.59,5.31,0.0
20221119:0011,0.0,0.0,0.0,1.5,5.45,0.0
20221119:0111,0.0,0.0,0.0,1.46,5.52,0.0
20221119:0211,0.0,0.0,0.0,1.35,5.79,0.0
20221119:0311,0.0,0.0,0.0,1.24,6.07,0.0
20221119:0411,0.0,0.0,0.0,1.27,6.83,0.0
20221119:0511,0.0,0.0,0.0,1.38,7.03,0.0
20221119:0611,0.0,0.0,0.0,1.37,7.31,0.0
20221119:0711,0.0,0.0,0.0,1.31,6.55,0.0
20221119:0811,20.07,35.8,6.11,1.41,7.24,0.0
20221119:0911,10.54,23.31,9.54,1.48,6.83,0.0
20221119:1011,17.86,33.17,11.2,1.87,8.62,0.0
20221119:1111,118.87,146.07,10.95,1.61,7.1,0.0
20221119:1211,6.85,17.93,8.82,1.19,6.14,0.0
20221119:1311,2.0,9.86,4.97,0.47,5.38,0.0
20221119:1411,0.0,0.0,0.0,0.65,4.0,0.0
20221119:1511,0.0,0.0,0.0,0.75,4.48,0.0
20221119:1611,0.0,0.0,0.0,0.65,5.1,0.0
20221119:1711,0.0,0.0,0.0,0.52,5.17,0.0
20221119:1811,0.0,0.0,0.0,0.5,4.48,0.0
20221119:1911,0.0,0.0,0.0,0.63,4.48,0.0
20221119:2011,0.0,0.0,0.0,0.64,4.14,0.0
20221119:2111,0.0,0.0,0.0,0.58,4.14,0.0
20221119:2211,0.0,0.0,0.0,0.54,3.79,0.0
20221119:2311,0.0,0.0,0.0,0.52,3.59,0.0
20221120:0011,0.0,0.0,0.0,0.64,3.52,0.0
20221120:0111,0.0,0.0,0.0,0.62,3.1,0.0
20221120:0211,0.0,0.0,0.0,0.49,3.59,0.0
20221120:0311,0.0,0.0,0.0,0.48,3.1,0.0
20221120:0411,0.0,0.0,0.0,0.59,3.59,0.0
20221120:0511,0.0,0.0,0.0,0.73,3.72,0.0
20221120:0611,0.0,0.0,0.0,0.67,4.0,0.0
20221120:0711,0.0,0.0,0.0,0.57,3.24,0.0
20221120:0811,3.49,12.55,5.87,0.65,3.38,0.0
20221120:0911,8.68,20.62,9.3,0.9,3.17,0.0
20221120:1011,3.49,12.55,10.96,0.89,3.03,0.0
20221120:1111,5.12,15.24,10.72,0.86,3.45,0.0
20221120:1211,5.13,15.24,8.6,0.73,3.52,0.0
20221120:1311,0.0,4.48,4.77,0.47,4.76,0.0
20221120:1411,0.0,0.0,0.0,0.33,5.17,0.0
20221120:1511,0.0,0.0,0.0,0.0,5.79,0.0
20221120:1611,0.0,0.0,0.0,-0.05,5.72,0.0
20221120:1711,0.0,0.0,0.0,-0.04,4.28,0.0
20221120:1811,0.0,0.0,0.0,0.01,3.52,0.0
20221120:1911,0.0,0.0,0.0,0.3,4.07,0.0
20221120:2011,0.0,0.0,0.0,-0.01,4.97,0.0
20221120:2111,0.0,0.0,0.0,-0.14,5.79,0.0
20221120:2211,0.0,0.0,0.0,-0.44,6.14,0.0
20221120:2311,0.0,0.0,0.0,-0.42,5.86,0.0
20221121:0011,0.0,0.0,0.0,-0.39,5.59,0.0
20221121:0111,0.0,0.0,0.0,-0.32,5.31,0.0
20221121:0211,0.0,0.0,0.0,0.12,5.72,0.0
20221121:0311,0.0,0.0,0.0,0.36,5.72,0.0
20221121:0411,0.0,0.0,0.0,0.57,5.72,0.0
20221121:0511,0.0,0.0,0.0,0.62,5.66,0.0
20221121:0611,0.0,0.0,0.0,0.56,5.59,0.0
20221121:0711,0.0,0.0,0.0,0.54,6.28,0.0
20221121:0811,5.7,16.14,5.64,0.57,5.79,0.0
20221121:0911,3.5,12.55,9.07,0.56,6.21,0.0
20221121:1011,11.9,25.1,10.74,0.38,6.55,0.0
20221121:1111,12.54,26.0,10.51,0.57,5.45,0.0
20221121:1211,7.48,18.83,8.4,0.53,4.97,0.0
20221121:1311,0.0,4.48,4.58,0.38,4.97,0.0
20221121:1411,0.0,0.0,0.0,0.41,4.55,0.0
20221121:1511,0.0,0.0,0.0,0.33,4.34,0.0
20221121:1611,0.0,0.0,0.0,0.46,4.28,0.0
20221121:1711,0.0,0.0,0.0,0.44,4.55,0.0
20221121:1811,0.0,0.0,0.0,0.58,4.69,0.0
20221121:1911,0.0,0.0,0.0,0.66,5.31,0.0
20221121:2011,0.0,0.0,0.0,0.84,6.0,0.0
20221121:2111,0.0,0.0,0.0,0.98,6.14,0.0
20221121:2211,0.0,0.0,0.0,1.06,6.28,0.0
20221121:2311,0.0,0.0,0.0,1.23,6.07,0.0
20221122:0011,0.0,0.0,0.0,1.43,5.59,0.0
20221122:0111,0.0,0.0,0.0,1.56,5.38,0.0
20221122:0211,0.0,0.0,0.0,1.53,5.17,0.0
20221122:0311,0.0,0.0,0.0,1.43,5.03,0.0
20221122:0411,0.0,0.0,0.0,1.44,4.83,0.0
20221122:0511,0.0,0.0,0.0,1.6,4.48,0.0
20221122:0611,0.0,0.0,0.0,1.61,4.14,0.0
20221122:0711,0.0,0.0,0.0,1.93,4.0,0.0
20221122:0811,5.09,15.24,5.41,1.93,3.93,0.0
20221122:0911,1.97,9.86,8.84,2.09,3.86,0.0
20221122:1011,53.85,76.02,10.51,2.18,3.66,0.0
20221122:1111,6.8,17.93,10.29,2.27,3.31,0.0
20221122:1211,5.08,15.24,8.2,2.16,3.03,0.0
20221122:1311,0.0,4.48,4.39,1.89,3.1,0.0
20221122:1411,0.0,0.0,0.0,1.49,3.31,0.0
20221122:1511,0.0,0.0,0.0,1.38,3.31,0.0
20221122:1611,0.0,0.0,0.0,1.56,3.38,0.0
20221122:1711,0.0,0.0,0.0,1.79,3.38,0.0
20221122:1811,0.0,0.0,0.0,1.99,3.45,0.0
20221122:1911,0.0,0.0,0.0,2.08,3.59,0.0
20221122:2011,0.0,0.0,0.0,2.11,3.86,0.0
20221122:2111,0.0,0.0,0.0,2.15,4.14,0.0
20221122:2211,0.0,0.0,0.0,2.12,4.21,0.0
20221122:2311,0.0,0.0,0.0,1.98,4.0,0.0
20221123:0011,0.0,0.0,0.0,1.74,3.86,0.0
20221123:0111,0.0,0.0,0.0,1.5,4.0,0.0
20221123:0211,0.0,0.0,0.0,1.26,4.41,0.0
20221123:0311,0.0,0.0,0.0,1.11,4.55,0.0
20221123:0411,0.0,0.0,0.0,1.09,4.48,0.0
20221123:0511,0.0,0.0,0.0,1.13,4.28,0.0
20221123:0611,0.0,0.0,0.0,1.23,4.21,0.0
20221123:0711,0.0,0.0,0.0,1.6,4.41,0.0
20221123:0811,1.52,8.97,5.19,1.78,4.28,0.0
20221123:0911,2.95,11.65,8.62,1.92,4.0,0.0
20221123:1011,9.87,22.41,10.3,2.03,3.79,0.0
20221123:1111,12.43,26.0,10.09,2.09,3.72,0.0
20221123:1211,17.13,32.27,8.0,2.1,3.79,0.0
20221123:1311,2.45,10.76,4.22,2.1,4.0,0.0
20221123:1411,0.0,0.0,0.0,2.14,4.14,0.0
20221123:1511,0.0,0.0,0.0,2.13,4.07,0.0
20221123:1611,0.0,0.0,0.0,2.12,3.86,0.0
20221123:1711,0.0,0.0,0.0,2.03,3.79,0.0
20221123:1811,0.0,0.0,0.0,2.0,3.79,0.0
20221123:1911,0.0,0.0,0.0,1.97,4.0,0.0
20221123:2011,0.0,0.0,0.0,2.03,3.86,0.0
20221123:2111,0.0,0.0,0.0,2.12,3.72,0.0
20221123:2211,0.0,0.0,0.0,2.14,3.59,0.0
20221123:2311,0.0,0.0,0.0,2.23,3.52,0.0
20221124:0011,0.0,0.0,0.0,2.27,3.45,0.0
20221124:0111,0.0,0.0,0.0,2.33,3.45,0.0
20221124:0211,0.0,0.0,0.0,2.36,3.45,0.0
20221124:0311,0.0,0.0,0.0,2.32,3.38,0.0
20221124:0411,0.0,0.0,0.0,2.58,3.45,0.0
20221124:0511,0.0,0.0,0.0,2.61,3.45,0.0
20221124:0611,0.0,0.0,0.0,2.59,3.45,0.0
20221124:0711,0.0,0.0,0.0,2.54,3.79,0.0
20221124:0811,14.54,28.74,4.97,2.65,3.72,0.0
20221124:0911,4.5,14.34,8.4,2.96,3.52,0.0
20221124:1011,15.01,29.59,10.09,3.1,3.45,0.0
20221124:1111,10.44,23.31,9.89,3.15,3.45,0.0
20221124:1211,4.5,14.34,7.82,3.14,3.38,0.0
20221124:1311,30.89,49.13,4.04,2.78,3.24,0.0
20221124:1411,0.0,0.0,0.0,2.62,3.17,0.0
20221124:1511,0.0,0.0,0.0,2.56,2.97,0.0
20221124:1611,0.0,0.0,0.0,2.47,2.76,0.0
20221124:1711,0.0,0.0,0.0,2.41,2.55,0.0
20221124:1811,0.0,0.0,0.0,2.57,2.48,0.0
20221124:1911,0.0,0.0,0.0,2.36,2.83,0.0
20221124:2011,0.0,0.0,0.0,2.33,2.69,0.0
20221124:2111,0.0,0.0,0.0,2.21,2.48,0.0
20221124:2211,0.0,0.0,0.0,2.23,2.34,0.0
20221124:2311,0.0,0.0,0.0,2.24,2.21,0.0
20221125:0011,0.0,0.0,0.0,2.24,2.14,0.0
20221125:0111,0.0,0.0,0.0,2.26,2.21,0.0
20221125:0211,0.0,0.0,0.0,2.23,2.34,0.0
20221125:0311,0.0,0.0,0.0,2.29,2.34,0.0
20221125:0411,0.0,0.0,0.0,2.24,2.28,0.0
20221125:0511,0.0,0.0,0.0,2.23,2.14,0.0
20221125:0611,0.0,0.0,0.0,2.33,2.0,0.0
20221125:0711,0.0,0.0,0.0,2.17,2.28,0.0
20221125:0811,1.97,9.86,4.76,2.32,2.21,0.0
20221125:0911,9.83,22.41,8.19,2.65,2.21,0.0
20221125:1011,34.47,53.88,9.88,2.98,2.21,0.0
20221125:1111,7.36,18.83,9.69,3.01,2.14,0.0
20221125:1211,4.5,14.34,7.64,3.05,2.21,0.0
20221125:1311,0.0,3.59,3.88,2.99,2.41,0.0
20221125:1411,0.0,0.0,0.0,2.71,2.62,0.0
20221125:1511,0.0,0.0,0.0,2.6,2.69,0.0
20221125:1611,0.0,0.0,0.0,2.66,2.76,0.0
20221125:1711,0.0,0.0,0.0,2.62,2.9,0.0
20221125:1811,0.0,0.0,0.0,2.67,2.97,0.0
20221125:1911,0.0,0.0,0.0,2.71,2.76,0.0
20221125:2011,0.0,0.0,0.0,2.85,2.69,0.0
20221125:2111,0.0,0.0,0.0,2.89,2.69,0.0
20221125:2211,0.0,0.0,0.0,2.84,2.69,0.0
20221125:2311,0.0,0.0,0.0,2.78,2.55,0.0
20221126:0011,0.0,0.0,0.0,2.69,2.41,0.0
20221126:0111,0.0,0.0,0.0,2.37,2.28,0.0
20221126:0211,0.0,0.0,0.0,2.25,2.34,0.0
20221126:0311,0.0,0.0,0.0,2.15,2.55,0.0
20221126:0411,0.0,0.0,0.0,2.07,2.76,0.0
20221126:0511,0.0,0.0,0.0,2.11,2.83,0.0
20221126:0611,0.0,0.0,0.0,2.1,2.83,0.0
20221126:0711,0.0,0.0,0.0,2.25,2.48,0.0
20221126:0811,40.29,60.11,4.55,2.37,2.07,0.0
20221126:0911,41.78,62.16,7.99,2.64,1.72,0.0
20221126:1011,18.39,34.07,9.69,3.04,1.38,0.0
20221126:1111,3.43,12.55,9.5,3.29,1.17,0.0
20221126:1211,1.95,9.86,7.46,3.35,1.38,0.0
20221126:1311,0.0,3.59,3.72,3.22,1.79,0.0
20221126:1411,0.0,0.0,0.0,2.83,2.07,0.0
20221126:1511,0.0,0.0,0.0,2.62,2.14,0.0
20221126:1611,0.0,0.0,0.0,2.44,2.07,0.0
20221126:1711,0.0,0.0,0.0,2.31,2.07,0.0
20221126:1811,0.0,0.0,0.0,2.29,1.86,0.0
20221126:1911,0.0,0.0,0.0,2.09,2.0,0.0
20221126:2011,0.0,0.0,0.0,2.13,1.86,0.0
20221126:2111,0.0,0.0,0.0,2.02,1.86,0.0
20221126:2211,0.0,0.0,0.0,1.98,1.86,0.0
20221126:2311,0.0,0.0,0.0,1.93,1.86,0.0
20221127:0011,0.0,0.0,0.0,1.83,2.07,0.0
20221127:0111,0.0,0.0,0.0,1.75,2.21,0.0
20221127:0211,0.0,0.0,0.0,1.67,2.21,0.0
20221127:0311,0.0,0.0,0.0,1.5,2.21,0.0
20221127:0411,0.0,0.0,0.0,1.52,2.07,0.0
20221127:0511,0.0,0.0,0.0,1.45,1.93,0.0
20221127:0611,0.0,0.0,0.0,1.42,1.93,0.0
20221127:0711,0.0,0.0,0.0,1.5,1.86,0.0
20221127:0811,3.47,12.55,4.35,1.55,1.72,0.0
20221127:0911,6.81,17.93,7.79,1.99,1.38,0.0
20221127:1011,7.99,19.72,9.49,2.36,1.03,0.0
20221127:1111,7.38,18.83,9.32,2.6,0.9,0.0
20221127:1211,3.97,13.45,7.29,2.54,0.97,0.0
20221127:1311,0.0,2.69,3.56,2.38,1.17,0.0
20221127:1411,0.0,0.0,0.0,2.15,1.38,0.0
20221127:1511,0.0,0.0,0.0,2.15,1.66,0.0
20221127:1611,0.0,0.0,0.0,2.26,1.72,0.0
20221127:1711,0.0,0.0,0.0,2.49,1.52,0.0
20221127:1811,0.0,0.0,0.0,2.65,1.17,0.0
20221127:1911,0.0,0.0,0.0,2.52,0.9,0.0
20221127:2011,0.0,0.0,0.0,2.58,1.24,0.0
20221127:2111,0.0,0.0,0.0,2.8,1.93,0.0
20221127:2211,0.0,0.0,0.0,2.94,2.34,0.0
20221127:2311,0.0,0.0,0.0,3.21,2.41,0.0
20221128:0011,0.0,0.0,0.0,3.34,2.48,0.0
20221128:0111,0.0,0.0,0.0,3.41,2.48,0.0
20221128:0211,0.0,0.0,0.0,3.51,2.41,0.0
20221128:0311,0.0,0.0,0.0,3.5,2.55,0.0
20221128:0411,0.0,0.0,0.0,3.47,2.97,0.0
20221128:0511,0.0,0.0,0.0,3.63,3.17,0.0
20221128:0611,0.0,0.0,0.0,3.79,3.24,0.0
20221128:0711,0.0,0.0,0.0,3.64,3.1,0.0
20221128:0811,1.95,9.86,4.15,3.68,3.45,0.0
20221128:0911,1.49,8.97,7.6,3.69,3.59,0.0
20221128:1011,3.42,12.55,9.31,3.63,3.59,0.0
20221128:1111,2.43,10.76,9.15,3.48,3.45,0.0
20221128:1211,1.07,8.07,7.13,3.23,3.24,0.0
20221128:1311,0.0,2.69,3.42,2.91,3.17,0.0
20221128:1411,0.0,0.0,0.0,2.62,3.24,0.0
20221128:1511,0.0,0.0,0.0,2.47,3.24,0.0
20221128:1611,0.0,0.0,0.0,2.51,3.24,0.0
20221128:1711,0.0,0.0,0.0,2.57,3.24,0.0
20221128:1811,0.0,0.0,0.0,2.69,3.17,0.0
20221128:1911,0.0,0.0,0.0,3.04,3.24,0.0
20221128:2011,0.0,0.0,0.0,3.15,3.31,0.0
20221128:2111,0.0,0.0,0.0,3.25,3.45,0.0
20221128:2211,0.0,0.0,0.0,3.32,3.59,0.0
20221128:2311,0.0,0.0,0.0,3.28,3.59,0.0
20221129:0011,0.0,0.0,0.0,3.2,3.52,0.0
20221129:0111,0.0,0.0,0.0,3.11,3.45,0.0
20221129:0211,0.0,0.0,0.0,3.01,3.52,0.0
20221129:0311,0.0,0.0,0.0,2.91,3.59,0.0
20221129:0411,0.0,0.0,0.0,2.82,3.45,0.0
20221129:0511,0.0,0.0,0.0,2.65,3.45,0.0
20221129:0611,0.0,0.0,0.0,2.62,3.45,0.0
20221129:0711,0.0,0.0,0.0,2.85,3.59,0.0
20221129:0811,1.07,8.07,3.96,2.93,3.52,0.0
20221129:0911,6.19,17.03,7.41,3.05,3.38,0.0
20221129:1011,11.06,24.21,9.13,3.29,3.59,0.0
20221129:1111,9.79,22.41,8.98,3.53,3.31,0.0
20221129:1211,0.66,7.17,6.98,3.6,3.38,0.0
20221129:1311,0.0,5.38,3.28,3.27,3.52,0.0
20221129:1411,0.0,0.0,0.0,3.2,3.52,0.0
20221129:1511,0.0,0.0,0.0,3.19,3.66,0.0
20221129:1611,0.0,0.0,0.0,3.16,3.86,0.0
20221129:1711,0.0,0.0,0.0,3.15,3.93,0.0
20221129:1811,0.0,0.0,0.0,3.07,3.86,0.0
20221129:1911,0.0,0.0,0.0,3.27,3.79,0.0
20221129:2011,0.0,0.0,0.0,3.12,3.59,0.0
20221129:2111,0.0,0.0,0.0,2.97,3.31,0.0
20221129:2211,0.0,0.0,0.0,2.83,3.1,0.0
20221129:2311,0.0,0.0,0.0,2.66,2.9,0.0
20221130:0011,0.0,0.0,0.0,2.46,2.62,0.0
20221130:0111,0.0,0.0,0.0,2.45,2.34,0.0
20221130:0211,0.0,0.0,0.0,2.38,2.14,0.0
20221130:0311,0.0,0.0,0.0,2.26,2.14,0.0
20221130:0411,0.0,0.0,0.0,2.15,2.14,0.0
20221130:0511,0.0,0.0,0.0,2.1,2.0,0.0
20221130:0611,0.0,0.0,0.0,2.12,1.79,0.0
20221130:0711,0.0,0.0,0.0,2.34,2.21,0.0
20221130:0811,32.42,50.86,3.78,2.53,2.07,0.0
20221130:0911,97.97,124.6,7.23,2.82,1.93,0.0
20221130:1011,279.08,322.28,8.96,3.05,1.59,0.0
20221130:1111,423.76,488.03,8.82,3.17,1.31,0.0
20221130:1211,380.43,438.39,6.83,3.19,1.24,0.0
20221130:1311,64.67,88.15,3.15,3.1,1.17,0.0
20221130:1411,0.0,0.0,0.0,2.82,1.45,0.0
20221130:1511,0.0,0.0,0.0,2.52,1.66,0.0
20221130:1611,0.0,0.0,0.0,2.38,1.72,0.0
20221130:1711,0.0,0.0,0.0,2.2,1.79,0.0
20221130:1811,0.0,0.0,0.0,2.07,1.79,0.0
20221130:1911,0.0,0.0,0.0,2.32,2.14,0.0
20221130:2011,0.0,0.0,0.0,2.43,2.0,0.0
20221130:2111,0.0,0.0,0.0,2.46,2.07,0.0
20221130:2211,0.0,0.0,0.0,2.47,2.0,0.0
20221130:2311,0.0,0.0,0.0,2.5,2.07,0.0
20221201:0011,0.0,0.0,0.0,2.1,2.14,0.0
20221201:0111,0.0,0.0,0.0,2.23,2.07,0.0
20221201:0211,0.0,0.0,0.0,2.64,1.93,0.0
20221201:0311,0.0,0.0,0.0,2.68,1.86,0.0
20221201:0411,0.0,0.0,0.0,2.6,1.86,0.0
20221201:0511,0.0,0.0,0.0,2.68,1.93,0.0
20221201:0611,0.0,0.0,0.0,2.6,2.07,0.0
20221201:0711,0.0,0.0,0.0,2.4,2.28,0.0
20221201:0811,0.0,3.59,3.6,2.45,2.07,0.0
20221201:0911,2.93,11.65,7.06,2.71,2.0,0.0
20221201:1011,7.99,19.72,8.8,2.46,1.72,0.0
20221201:1111,3.45,12.55,8.67,2.64,1.66,0.0
20221201:1211,5.63,16.14,6.7,2.7,1.79,0.0
20221201:1311,1.17,8.27,3.02,2.5,2.0,0.0
20221201:1411,0.0,0.0,0.0,2.38,2.28,0.0
20221201:1511,0.0,0.0,0.0,2.24,2.48,0.0
20221201:1611,0.0,0.0,0.0,2.69,2.62,0.0
20221201:1711,0.0,0.0,0.0,2.75,2.83,0.0
20221201:1811,0.0,0.0,0.0,2.63,3.1,0.0
20221201:1911,0.0,0.0,0.0,2.63,3.24,0.0
20221201:2011,0.0,0.0,0.0,2.45,3.24,0.0
20221201:2111,0.0,0.0,0.0,2.3,3.38,0.0
20221201:2211,0.0,0.0,0.0,2.18,3.38,0.0
20221201:2311,0.0,0.0,0.0,2.05,3.45,0.0
20221202:0011,0.0,0.0,0.0,1.9,3.52,0.0
20221202:0111,0.0,0.0,0.0,1.89,3.66,0.0
20221202:0211,0.0,0.0,0.0,1.83,3.66,0.0
20221202:0311,0.0,0.0,0.0,1.91,3.72,0.0
20221202:0411,0.0,0.0,0.0,1.95,3.66,0.0
20221202:0511,0.0,0.0,0.0,1.93,3.59,0.0
20221202:0611,0.0,0.0,0.0,1.87,3.59,0.0
20221202:0711,0.0,0.0,0.0,2.02,3.59,0.0
20221202:0811,0.0,2.69,3.43,1.9,3.59,0.0
20221202:0911,0.67,7.17,6.89,1.9,3.66,0.0
20221202:1011,3.47,12.55,8.64,1.87,3.59,0.0
20221202:1111,8.64,20.62,8.52,1.79,3.72,0.0
20221202:1211,8.03,19.72,6.56,1.68,3.72,0.0
20221202:1311,0.0,2.48,2.91,1.54,3.72,0.0
20221202:1411,0.0,0.0,0.0,1.39,3.72,0.0
20221202:1511,0.0,0.0,0.0,1.29,3.79,0.0
20221202:1611,0.0,0.0,0.0,1.24,3.93,0.0
20221202:1711,0.0,0.0,0.0,1.23,3.93,0.0
20221202:1811,0.0,0.0,0.0,1.23,3.79,0.0
20221202:1911,0.0,0.0,0.0,1.22,3.86,0.0
20221202:2011,0.0,0.0,0.0,1.08,3.86,0.0
20221202:2111,0.0,0.0,0.0,0.97,3.93,0.0
20221202:2211,0.0,0.0,0.0,0.89,4.07,0.0
20221202:2311,0.0,0.0,0.0,0.75,4.21,0.0
20221203:0011,0.0,0.0,0.0,0.63,4.28,0.0
20221203:0111,0.0,0.0,0.0,0.54,4.28,0.0
20221203:0211,0.0,0.0,0.0,0.4,4.07,0.0
20221203:0311,0.0,0.0,0.0,0.21,3.93,0.0
20221203:0411,0.0,0.0,0.0,0.18,3.72,0.0
20221203:0511,0.0,0.0,0.0,0.1,3.72,0.0
20221203:0611,0.0,0.0,0.0,0.01,3.93,0.0
20221203:0711,0.0,0.0,0.0,-0.07,3.59,0.0
20221203:0811,0.31,6.28,3.26,-0.21,3.52,0.0
20221203:0911,8.12,19.72,6.73,-0.22,3.52,0.0
20221203:1011,11.93,25.1,8.49,-0.11,3.86,0.0
20221203:1111,122.16,148.65,8.39,-0.05,3.86,0.0
20221203:1211,2.01,9.86,6.44,-0.18,3.45,0.0
20221203:1311,0.0,2.48,2.8,-0.23,3.38,0.0
20221203:1411,0.0,0.0,0.0,-0.36,3.52,0.0
20221203:1511,0.0,0.0,0.0,-0.36,3.59,0.0
20221203:1611,0.0,0.0,0.0,-0.37,3.45,0.0
20221203:1711,0.0,0.0,0.0,-0.37,3.52,0.0
20221203:1811,0.0,0.0,0.0,-0.29,3.38,0.0
20221203:1911,0.0,0.0,0.0,-0.12,3.31,0.0
20221203:2011,0.0,0.0,0.0,-0.1,3.24,0.0
20221203:2111,0.0,0.0,0.0,0.03,3.17,0.0
20221203:2211,0.0,0.0,0.0,0.07,3.24,0.0
20221203:2311,0.0,0.0,0.0,0.04,3.38,0.0
20221204:0011,0.0,0.0,0.0,0.05,3.45,0.0
20221204:0111,0.0,0.0,0.0,0.02,3.52,0.0
20221204:0211,0.0,0.0,0.0,0.04,3.45,0.0
20221204:0311,0.0,0.0,0.0,0.07,3.31,0.0
20221204:0411,0.0,0.0,0.0,0.13,3.24,0.0
20221204:0511,0.0,0.0,0.0,0.13,3.1,0.0
20221204:0611,0.0,0.0,0.0,0.17,3.1,0.0
20221204:0711,0.0,0.0,0.0,-0.05,3.1,0.0
20221204:0811,23.41,39.52,3.1,-0.11,3.1,0.0
20221204:0911,8.1,19.72,6.58,0.1,3.1,0.0
20221204:1011,5.14,15.24,8.34,0.27,3.1,0.0
20221204:1111,3.5,12.55,8.25,0.2,3.17,0.0
20221204:1211,0.69,7.17,6.32,0.03,3.31,0.0
20221204:1311,0.0,1.65,2.69,0.0,3.38,0.0
20221204:1411,0.0,0.0,0.0,-0.32,3.38,0.0
20221204:1511,0.0,0.0,0.0,-0.49,3.38,0.0
20221204:1611,0.0,0.0,0.0,-0.56,3.31,0.0
20221204:1711,0.0,0.0,0.0,-0.61,3.17,0.0
20221204:1811,0.0,0.0,0.0,-0.69,2.9,0.0
20221204:1911,0.0,0.0,0.0,-0.91,2.83,0.0
20221204:2011,0.0,0.0,0.0,-1.05,2.69,0.0
20221204:2111,0.0,0.0,0.0,-1.13,2.62,0.0
20221204:2211,0.0,0.0,0.0,-1.24,2.62,0.0
20221204:2311,0.0,0.0,0.0,-1.24,2.62,0.0
20221205:0011,0.0,0.0,0.0,-1.22,2.48,0.0
20221205:0111,0.0,0.0,0.0,-1.1,2.28,0.0
20221205:0211,0.0,0.0,0.0,-1.03,2.21,0.0
20221205:0311,0.0,0.0,0.0,-0.99,2.14,0.0
20221205:0411,0.0,0.0,0.0,-0.95,2.14,0.0
20221205:0511,0.0,0.0,0.0,-0.91,2.07,0.0
20221205:0611,0.0,0.0,0.0,-0.7,1.93,0.0
20221205:0711,0.0,0.0,0.0,-0.94,1.79,0.0
20221205:0811,0.0,4.48,2.95,-0.84,1.59,0.0
20221205:0911,3.0,11.65,6.43,-0.6,1.38,0.0
20221205:1011,13.25,26.9,8.2,-0.32,1.31,0.0
20221205:1111,3.51,12.55,8.13,-0.07,1.17,0.0
20221205:1211,5.72,16.14,6.21,-0.07,1.17,0.0
20221205:1311,0.0,2.48,2.6,-0.17,1.31,0.0
20221205:1411,0.0,0.0,0.0,-0.53,1.59,0.0
20221205:1511,0.0,0.0,0.0,-0.7,1.52,0.0
20221205:1611,0.0,0.0,0.0,-0.78,1.59,0.0
20221205:1711,0.0,0.0,0.0,-0.84,1.59,0.0
20221205:1811,0.0,0.0,0.0,-0.86,1.59,0.0
20221205:1911,0.0,0.0,0.0,-1.4,1.72,0.0
20221205:2011,0.0,0.0,0.0,-1.54,1.72,0.0
20221205:2111,0.0,0.0,0.0,-1.59,1.86,0.0
20221205:2211,0.0,0.0,0.0,-1.66,2.07,0.0
20221205:2311,0.0,0.0,0.0,-1.77,2.28,0.0
20221206:0011,0.0,0.0,0.0,-1.89,2.34,0.0
20221206:0111,0.0,0.0,0.0,-2.08,2.34,0.0
20221206:0211,0.0,0.0,0.0,-2.44,2.48,0.0
20221206:0311,0.0,0.0,0.0,-2.92,2.55,0.0
20221206:0411,0.0,0.0,0.0,-3.21,2.55,0.0
20221206:0511,0.0,0.0,0.0,-3.35,2.55,0.0
20221206:0611,0.0,0.0,0.0,-3.41,2.48,0.0
20221206:0711,0.0,0.0,0.0,-3.46,2.34,0.0
20221206:0811,0.0,2.69,2.8,-3.48,2.21,0.0
20221206:0911,10.81,23.31,6.29,-3.27,2.14,0.0
20221206:1011,20.4,35.86,8.07,-2.83,2.14,0.0
20221206:1111,45.33,64.93,8.01,-2.5,2.14,0.0
20221206:1211,12.06,25.1,6.11,-2.35,2.07,0.0
20221206:1311,0.0,2.48,2.51,-2.46,2.14,0.0
20221206:1411,0.0,0.0,0.0,-2.66,2.34,0.0
20221206:1511,0.0,0.0,0.0,-2.73,2.55,0.0
20221206:1611,0.0,0.0,0.0,-2.8,2.55,0.0
20221206:1711,0.0,0.0,0.0,-2.75,2.55,0.0
20221206:1811,0.0,0.0,0.0,-2.79,2.55,0.0
20221206:1911,0.0,0.0,0.0,-2.97,2.55,0.0
20221206:2011,0.0,0.0,0.0,-2.92,2.34,0.0
20221206:2111,0.0,0.0,0.0,-2.94,2.21,0.0
20221206:2211,0.0,0.0,0.0,-2.86,2.21,0.0
20221206:2311,0.0,0.0,0.0,-2.92,2.48,0.0
20221207:0011,0.0,0.0,0.0,-3.12,2.62,0.0
20221207:0111,0.0,0.0,0.0,-3.15,2.76,0.0
20221207:0211,0.0,0.0,0.0,-3.27,2.69,0.0
20221207:0311,0.0,0.0,0.0,-3.23,2.76,0.0
20221207:0411,0.0,0.0,0.0,-3.06,2.83,0.0
20221207:0511,0.0,0.0,0.0,-3.07,2.97,0.0
20221207:0611,0.0,0.0,0.0,-3.04,3.24,0.0
20221207:0711,0.0,0.0,0.0,-3.23,3.24,0.0
20221207:0811,99.32,122.8,2.66,-3.2,3.31,0.0
20221207:0911,427.17,470.98,6.16,-3.15,3.45,0.0
20221207:1011,260.92,292.22,7.95,-2.79,3.59,0.0
20221207:1111,241.95,272.7,7.9,-2.38,3.59,0.0
20221207:1211,29.51,46.63,6.01,-2.22,3.59,0.0
20221207:1311,0.0,2.48,2.43,-2.24,3.66,0.0
20221207:1411,0.0,0.0,0.0,-2.64,3.72,0.0
20221207:1511,0.0,0.0,0.0,-2.92,3.79,0.0
20221207:1611,0.0,0.0,0.0,-3.15,3.86,0.0
20221207:1711,0.0,0.0,0.0,-3.36,3.86,0.0
20221207:1811,0.0,0.0,0.0,-3.53,3.79,0.0
20221207:1911,0.0,0.0,0.0,-4.15,3.72,0.0
20221207:2011,0.0,0.0,0.0,-4.45,3.79,0.0
20221207:2111,0.0,0.0,0.0,-4.7,3.72,0.0
20221207:2211,0.0,0.0,0.0,-4.95,3.86,0.0
20221207:2311,0.0,0.0,0.0,-5.1,3.86,0.0
20221208:0011,0.0,0.0,0.0,-5.2,3.79,0.0
20221208:0111,0.0,0.0,0.0,-5.25,3.72,0.0
20221208:0211,0.0,0.0,0.0,-5.28,3.66,0.0
20221208:0311,0.0,0.0,0.0,-5.48,3.52,0.0
20221208:0411,0.0,0.0,0.0,-5.8,3.38,0.0
20221208:0511,0.0,0.0,0.0,-6.1,3.45,0.0
20221208:0611,0.0,0.0,0.0,-6.27,3.38,0.0
20221208:0711,0.0,0.0,0.0,-7.18,3.24,0.0
20221208:0811,25.1,40.43,2.52,-7.38,3.03,0.0
20221208:0911,124.58,146.91,6.03,-7.25,2.83,0.0
20221208:1011,248.28,275.03,7.84,-6.71,2.69,0.0
20221208:1111,308.13,338.56,7.8,-6.14,2.62,0.0
20221208:1211,90.33,112.03,5.92,-5.85,2.69,0.0
20221208:1311,0.0,2.48,2.35,-5.78,2.76,0.0
20221208:1411,0.0,0.0,0.0,-5.99,2.97,0.0
20221208:1511,0.0,0.0,0.0,-6.17,2.97,0.0
20221208:1611,0.0,0.0,0.0,-6.22,2.9,0.0
20221208:1711,0.0,0.0,0.0,-6.25,2.62,0.0
20221208:1811,0.0,0.0,0.0,-6.21,2.34,0.0
20221208:1911,0.0,0.0,0.0,-6.25,1.93,0.0
20221208:2011,0.0,0.0,0.0,-6.28,1.72,0.0
20221208:2111,0.0,0.0,0.0,-6.16,1.45,0.0
20221208:2211,0.0,0.0,0.0,-6.02,1.31,0.0
20221208:2311,0.0,0.0,0.0,-5.83,1.03,0.0
20221209:0011,0.0,0.0,0.0,-5.62,0.9,0.0
20221209:0111,0.0,0.0,0.0,-5.41,0.9,0.0
20221209:0211,0.0,0.0,0.0,-5.21,0.76,0.0
20221209:0311,0.0,0.0,0.0,-4.88,0.9,0.0
20221209:0411,0.0,0.0,0.0,-4.47,1.17,0.0
20221209:0511,0.0,0.0,0.0,-3.91,1.38,0.0
20221209:0611,0.0,0.0,0.0,-3.6,1.52,0.0
20221209:0711,0.0,0.0,0.0,-3.38,1.59,0.0
20221209:0811,0.0,2.69,2.4,-2.89,1.45,0.0
20221209:0911,8.21,19.72,5.91,-2.43,0.97,0.0
20221209:1011,1.57,8.97,7.73,-2.02,0.76,0.0
20221209:1111,12.68,26.0,7.7,-1.72,0.69,0.0
20221209:1211,0.32,6.28,5.84,-1.78,1.1,0.0
20221209:1311,0.0,1.65,2.29,-2.22,1.52,0.0
20221209:1411,0.0,0.0,0.0,-2.69,1.79,0.0
20221209:1511,0.0,0.0,0.0,-2.83,1.86,0.0
20221209:1611,0.0,0.0,0.0,-3.08,2.07,0.0
20221209:1711,0.0,0.0,0.0,-3.34,2.34,0.0
20221209:1811,0.0,0.0,0.0,-3.74,2.62,0.0
20221209:1911,0.0,0.0,0.0,-4.18,2.69,0.0
20221209:2011,0.0,0.0,0.0,-4.48,2.76,0.0
20221209:2111,0.0,0.0,0.0,-4.79,2.69,0.0
20221209:2211,0.0,0.0,0.0,-4.98,2.55,0.0
20221209:2311,0.0,0.0,0.0,-5.21,2.62,0.0
20221210:0011,0.0,0.0,0.0,-5.25,2.62,0.0
20221210:0111,0.0,0.0,0.0,-5.18,2.62,0.0
20221210:0211,0.0,0.0,0.0,-4.91,2.62,0.0
20221210:0311,0.0,0.0,0.0,-4.63,2.69,0.0
20221210:0411,0.0,0.0,0.0,-4.36,2.83,0.0
20221210:0511,0.0,0.0,0.0,-4.22,2.9,0.0
20221210:0611,0.0,0.0,0.0,-4.16,2.97,0.0
20221210:0711,0.0,0.0,0.0,-3.78,2.9,0.0
20221210:0811,0.0,1.79,2.27,-3.64,2.97,0.0
20221210:0911,20.08,35.14,5.8,-3.47,2.9,0.0
20221210:1011,1.58,8.97,7.62,-3.22,3.45,0.0
20221210:1111,1.58,8.97,7.62,-3.03,3.17,0.0
20221210:1211,0.32,6.28,5.77,-3.0,3.1,0.0
20221210:1311,0.0,1.65,2.23,-3.22,3.1,0.0
20221210:1411,0.0,0.0,0.0,-3.5,3.1,0.0
20221210:1511,0.0,0.0,0.0,-3.72,3.03,0.0
20221210:1611,0.0,0.0,0.0,-3.93,2.97,0.0
20221210:1711,0.0,0.0,0.0,-4.24,2.83,0.0
20221210:1811,0.0,0.0,0.0,-4.37,2.76,0.0
20221210:1911,0.0,0.0,0.0,-4.4,2.97,0.0
20221210:2011,0.0,0.0,0.0,-4.41,2.76,0.0
20221210:2111,0.0,0.0,0.0,-4.47,2.69,0.0
20221210:2211,0.0,0.0,0.0,-4.47,2.69,0.0
20221210:2311,0.0,0.0,0.0,-4.29,2.62,0.0
20221211:0011,0.0,0.0,0.0,-4.25,2.62,0.0
20221211:0111,0.0,0.0,0.0,-4.31,2.62,0.0
20221211:0211,0.0,0.0,0.0,-4.19,2.62,0.0
20221211:0311,0.0,0.0,0.0,-4.14,2.69,0.0
20221211:0411,0.0,0.0,0.0,-4.31,2.69,0.0
20221211:0511,0.0,0.0,0.0,-4.38,2.76,0.0
20221211:0611,0.0,0.0,0.0,-4.57,2.83,0.0
20221211:0711,0.0,0.0,0.0,-4.73,3.03,0.0
20221211:0811,0.0,2.69,2.16,-4.89,3.1,0.0
20221211:0911,2.58,10.76,5.69,-4.85,3.45,0.0
20221211:1011,8.33,19.72,7.53,-4.67,3.66,0.0
20221211:1111,5.29,15.24,7.53,-4.26,3.66,0.0
20221211:1211,1.14,8.07,5.7,-3.88,3.72,0.0
20221211:1311,0.0,1.65,2.18,-3.89,3.66,0.0
20221211:1411,0.0,0.0,0.0,-4.0,4.0,0.0
20221211:1511,0.0,0.0,0.0,-4.11,4.14,0.0
20221211:1611,0.0,0.0,0.0,-4.26,4.28,0.0
20221211:1711,0.0,0.0,0.0,-4.11,4.34,0.0
20221211:1811,0.0,0.0,0.0,-4.15,4.34,0.0
20221211:1911,0.0,0.0,0.0,-4.05,4.34,0.0
20221211:2011,0.0,0.0,0.0,-3.94,3.93,0.0
20221211:2111,0.0,0.0,0.0,-3.81,3.79,0.0
20221211:2211,0.0,0.0,0.0,-3.62,4.0,0.0
20221211:2311,0.0,0.0,0.0,-3.36,4.41,0.0
20221212:0011,0.0,0.0,0.0,-3.11,4.76,0.0
20221212:0111,0.0,0.0,0.0,-2.75,4.76,0.0
20221212:0211,0.0,0.0,0.0,-2.46,4.97,0.0
20221212:0311,0.0,0.0,0.0,-2.51,5.1,0.0
20221212:0411,0.0,0.0,0.0,-2.51,5.24,0.0
20221212:0511,0.0,0.0,0.0,-2.41,5.24,0.0
20221212:0611,0.0,0.0,0.0,-2.42,5.17,0.0
20221212:0711,0.0,0.0,0.0,-2.81,5.1,0.0
20221212:0811,0.0,1.79,2.05,-2.81,5.1,0.0
20221212:0911,122.96,147.29,5.59,-2.81,5.1,0.0
20221212:1011,16.87,31.38,7.44,-2.63,5.45,0.0
20221212:1111,5.81,16.14,7.46,-2.37,5.24,0.0
20221212:1211,1.57,8.97,5.65,-2.29,5.66,0.0
20221212:1311,0.0,1.65,2.13,-2.35,6.55,0.0
20221212:1411,0.0,0.0,0.0,-2.57,6.83,0.0
20221212:1511,0.0,0.0,0.0,-2.72,6.9,0.0
20221212:1611,0.0,0.0,0.0,-2.8,7.03,0.0
20221212:1711,0.0,0.0,0.0,-2.75,7.17,0.0
20221212:1811,0.0,0.0,0.0,-2.88,7.24,0.0
20221212:1911,0.0,0.0,0.0,-3.24,7.45,0.0
20221212:2011,0.0,0.0,0.0,-3.46,8.07,0.0
20221212:2111,0.0,0.0,0.0,-3.77,7.38,0.0
20221212:2211,0.0,0.0,0.0,-3.96,7.1,0.0
20221212:2311,0.0,0.0,0.0,-4.0,6.9,0.0
20221213:0011,0.0,0.0,0.0,-3.93,6.9,0.0
20221213:0111,0.0,0.0,0.0,-3.75,7.31,0.0
20221213:0211,0.0,0.0,0.0,-3.66,6.97,0.0
20221213:0311,0.0,0.0,0.0,-3.72,6.76,0.0
20221213:0411,0.0,0.0,0.0,-4.33,6.28,0.0
20221213:0511,0.0,0.0,0.0,-5.24,6.55,0.0
20221213:0611,0.0,0.0,0.0,-6.13,6.62,0.0
20221213:0711,0.0,0.0,0.0,-6.11,7.59,0.0
20221213:0811,0.0,1.79,1.95,-7.14,7.1,0.0
20221213:0911,83.37,103.53,5.5,-7.66,6.97,0.0
20221213:1011,108.3,129.26,7.37,-7.99,6.76,0.0
20221213:1111,217.9,239.97,7.4,-8.33,6.48,0.0
20221213:1211,193.72,215.59,5.59,-8.35,6.07,0.0
20221213:1311,0.0,2.48,2.1,-8.6,5.66,0.0
20221213:1411,0.0,0.0,0.0,-8.85,5.38,0.0
20221213:1511,0.0,0.0,0.0,-9.03,5.1,0.0
20221213:1611,0.0,0.0,0.0,-9.25,4.83,0.0
20221213:1711,0.0,0.0,0.0,-9.47,4.69,0.0
20221213:1811,0.0,0.0,0.0,-9.64,4.48,0.0
20221213:1911,0.0,0.0,0.0,-9.79,4.28,0.0
20221213:2011,0.0,0.0,0.0,-9.95,4.07,0.0
20221213:2111,0.0,0.0,0.0,-10.01,3.72,0.0
20221213:2211,0.0,0.0,0.0,-10.06,3.52,0.0
20221213:2311,0.0,0.0,0.0,-9.96,3.38,0.0
20221214:0011,0.0,0.0,0.0,-9.55,3.45,0.0
20221214:0111,0.0,0.0,0.0,-8.91,3.38,0.0
20221214:0211,0.0,0.0,0.0,-8.28,2.9,0.0
20221214:0311,0.0,0.0,0.0,-7.53,2.41,0.0
20221214:0411,0.0,0.0,0.0,-6.86,2.07,0.0
20221214:0511,0.0,0.0,0.0,-6.05,2.0,0.0
20221214:0611,0.0,0.0,0.0,-5.0,1.79,0.0
20221214:0711,0.0,0.0,0.0,-3.92,1.45,0.0
20221214:0811,0.0,1.79,1.86,-3.75,1.52,0.0
20221214:0911,4.69,14.34,5.42,-3.5,1.52,0.0
20221214:1011,4.13,13.45,7.29,-3.29,1.45,0.0
20221214:1111,267.5,301.21,7.34,-3.25,1.31,0.0
20221214:1211,0.0,5.38,5.55,-3.27,1.38,0.0
20221214:1311,0.0,1.65,2.07,-3.55,1.66,0.0
20221214:1411,0.0,0.0,0.0,-3.87,2.14,0.0
20221214:1511,0.0,0.0,0.0,-4.17,2.41,0.0
20221214:1611,0.0,0.0,0.0,-4.2,2.41,0.0
20221214:1711,0.0,0.0,0.0,-4.27,2.34,0.0
20221214:1811,0.0,0.0,0.0,-4.53,2.41,0.0
20221214:1911,0.0,0.0,0.0,-5.8,2.14,0.0
20221214:2011,0.0,0.0,0.0,-6.24,2.69,0.0
20221214:2111,0.0,0.0,0.0,-6.85,3.03,0.0
20221214:2211,0.0,0.0,0.0,-7.5,2.9,0.0
20221214:2311,0.0,0.0,0.0,-8.07,2.62,0.0
20221215:0011,0.0,0.0,0.0,-8.69,2.48,0.0
20221215:0111,0.0,0.0,0.0,-9.26,2.34,0.0
20221215:0211,0.0,0.0,0.0,-9.73,2.14,0.0
20221215:0311,0.0,0.0,0.0,-10.14,2.0,0.0
20221215:0411,0.0,0.0,0.0,-10.46,1.93,0.0
20221215:0511,0.0,0.0,0.0,-10.74,1.93,0.0
20221215:0611,0.0,0.0,0.0,-10.89,2.0,0.0
20221215:0711,0.0,0.0,0.0,-10.92,1.86,0.0
20221215:0811,0.0,0.9,1.77,-11.22,1.86,0.0
20221215:0911,7.99,18.83,5.34,-11.23,1.79,0.0
20221215:1011,16.86,30.48,7.23,-10.93,1.93,0.0
20221215:1111,108.59,129.09,7.29,-10.22,1.86,0.0
20221215:1211,66.99,86.05,5.52,-9.76,1.79,0.0
20221215:1311,0.0,2.48,2.05,-9.87,1.66,0.0
20221215:1411,0.0,0.0,0.0,-10.48,1.79,0.0
20221215:1511,0.0,0.0,0.0,-11.04,2.07,0.0
20221215:1611,0.0,0.0,0.0,-11.36,2.28,0.0
20221215:1711,0.0,0.0,0.0,-11.47,2.28,0.0
20221215:1811,0.0,0.0,0.0,-11.5,2.41,0.0
20221215:1911,0.0,0.0,0.0,-11.82,2.34,0.0
20221215:2011,0.0,0.0,0.0,-11.93,2.0,0.0
20221215:2111,0.0,0.0,0.0,-12.11,1.93,0.0
20221215:2211,0.0,0.0,0.0,-12.34,2.07,0.0
20221215:2311,0.0,0.0,0.0,-12.32,2.14,0.0
20221216:0011,0.0,0.0,0.0,-12.38,2.28,0.0
20221216:0111,0.0,0.0,0.0,-12.29,2.34,0.0
20221216:0211,0.0,0.0,0.0,-12.27,2.41,0.0
20221216:0311,0.0,0.0,0.0,-12.34,2.34,0.0
20221216:0411,0.0,0.0,0.0,-12.31,2.14,0.0
20221216:0511,0.0,0.0,0.0,-12.41,1.93,0.0
20221216:0611,0.0,0.0,0.0,-12.31,1.79,0.0
20221216:0711,0.0,0.0,0.0,-12.35,1.86,0.0
20221216:0811,0.0,0.9,1.69,-12.55,1.66,0.0
20221216:0911,57.69,75.48,5.27,-12.16,1.66,0.0
20221216:1011,148.18,168.49,7.17,-11.77,1.66,0.0
20221216:1111,46.71,64.33,7.25,-11.06,1.66,0.0
20221216:1211,8.61,19.72,5.49,-10.71,1.59,0.0
20221216:1311,0.0,1.65,2.03,-10.55,1.66,0.0
20221216:1411,0.0,0.0,0.0,-10.8,1.86,0.0
20221216:1511,0.0,0.0,0.0,-10.96,1.93,0.0
20221216:1611,0.0,0.0,0.0,-10.99,1.93,0.0
20221216:1711,0.0,0.0,0.0,-11.06,1.66,0.0
20221216:1811,0.0,0.0,0.0,-11.04,1.66,0.0
20221216:1911,0.0,0.0,0.0,-10.72,1.86,0.0
20221216:2011,0.0,0.0,0.0,-10.68,2.0,0.0
20221216:2111,0.0,0.0,0.0,-10.21,2.0,0.0
20221216:2211,0.0,0.0,0.0,-9.62,1.93,0.0
20221216:2311,0.0,0.0,0.0,-8.72,2.14,0.0
20221217:0011,0.0,0.0,0.0,-7.97,2.28,0.0
20221217:0111,0.0,0.0,0.0,-7.41,2.14,0.0
20221217:0211,0.0,0.0,0.0,-6.48,2.28,0.0
20221217:0311,0.0,0.0,0.0,-5.64,2.48,0.0
20221217:0411,0.0,0.0,0.0,-4.79,2.83,0.0
20221217:0511,0.0,0.0,0.0,-4.16,3.17,0.0
20221217:0611,0.0,0.0,0.0,-3.74,3.31,0.0
20221217:0711,0.0,0.0,0.0,-3.71,3.79,0.0
20221217:0811,0.0,0.9,1.62,-3.5,3.93,0.0
20221217:0911,2.05,9.86,5.21,-2.92,4.14,0.0
20221217:1011,35.21,53.34,7.12,-2.28,4.55,0.0
20221217:1111,3.55,12.55,7.21,-1.72,5.03,0.0
20221217:1211,8.8,20.62,5.47,-1.48,5.24,0.0
20221217:1311,0.0,1.65,2.02,-1.53,5.31,0.0
20221217:1411,0.0,0.0,0.0,-1.7,5.24,0.0
20221217:1511,0.0,0.0,0.0,-1.85,5.17,0.0
20221217:1611,0.0,0.0,0.0,-2.01,5.31,0.0
20221217:1711,0.0,0.0,0.0,-2.02,5.24,0.0
20221217:1811,0.0,0.0,0.0,-1.91,5.1,0.0
20221217:1911,0.0,0.0,0.0,-2.21,4.83,0.0
20221217:2011,0.0,0.0,0.0,-2.32,5.03,0.0
20221217:2111,0.0,0.0,0.0,-2.12,4.97,0.0
20221217:2211,0.0,0.0,0.0,-1.84,4.97,0.0
20221217:2311,0.0,0.0,0.0,-1.35,5.1,0.0
20221218:0011,0.0,0.0,0.0,-1.13,5.1,0.0
20221218:0111,0.0,0.0,0.0,-1.05,5.1,0.0
20221218:0211,0.0,0.0,0.0,-0.9,5.17,0.0
20221218:0311,0.0,0.0,0.0,-0.82,5.24,0.0
20221218:0411,0.0,0.0,0.0,-0.72,5.45,0.0
20221218:0511,0.0,0.0,0.0,-0.58,5.72,0.0
20221218:0611,0.0,0.0,0.0,-0.43,5.86,0.0
20221218:0711,0.0,0.0,0.0,-0.14,6.21,0.0
20221218:0811,0.0,0.9,1.55,0.01,6.28,0.0
20221218:0911,1.54,8.97,5.16,0.42,6.34,0.0
20221218:1011,1.99,9.86,7.08,0.86,6.48,0.0
20221218:1111,10.55,23.31,7.19,1.27,6.55,0.0
20221218:1211,0.0,5.38,5.46,1.66,6.69,0.0
20221218:1311,0.0,1.65,2.03,2.06,6.41,0.0
20221218:1411,0.0,0.0,0.0,2.19,6.21,0.0
20221218:1511,0.0,0.0,0.0,2.11,6.07,0.0
20221218:1611,0.0,0.0,0.0,2.02,5.93,0.0
20221218:1711,0.0,0.0,0.0,1.79,5.45,0.0
20221218:1811,0.0,0.0,0.0,1.34,4.83,0.0
20221218:1911,0.0,0.0,0.0,0.99,4.76,0.0
20221218:2011,0.0,0.0,0.0,0.44,4.48,0.0
20221218:2111,0.0,0.0,0.0,-0.05,4.07,0.0
20221218:2211,0.0,0.0,0.0,-0.34,4.07,0.0
20221218:2311,0.0,0.0,0.0,-0.44,3.93,0.0
20221219:0011,0.0,0.0,0.0,-0.5,3.52,0.0
20221219:0111,0.0,0.0,0.0,-0.32,3.45,0.0
20221219:0211,0.0,0.0,0.0,0.02,3.1,0.0
20221219:0311,0.0,0.0,0.0,0.32,2.97,0.0
20221219:0411,0.0,0.0,0.0,0.69,3.03,0.0
20221219:0511,0.0,0.0,0.0,0.87,3.31,0.0
20221219:0611,0.0,0.0,0.0,0.57,3.38,0.0
20221219:0711,0.0,0.0,0.0,0.58,3.59,0.0
20221219:0811,0.0,0.83,1.5,-0.01,4.07,0.0
20221219:0911,7.5,18.83,5.11,0.04,4.48,0.0
20221219:1011,9.32,21.52,7.05,0.58,4.69,0.0
20221219:1111,1.09,8.07,7.17,1.19,4.83,0.0
20221219:1211,1.98,9.86,5.45,1.5,4.83,0.0
20221219:1311,0.0,1.65,2.03,1.74,4.83,0.0
20221219:1411,0.0,0.0,0.0,1.72,5.03,0.0
20221219:1511,0.0,0.0,0.0,1.71,5.17,0.0
20221219:1611,0.0,0.0,0.0,1.68,5.1,0.0
20221219:1711,0.0,0.0,0.0,1.27,4.62,0.0
20221219:1811,0.0,0.0,0.0,0.88,4.41,0.0
20221219:1911,0.0,0.0,0.0,1.24,4.76,0.0
20221219:2011,0.0,0.0,0.0,0.99,4.28,0.0
20221219:2111,0.0,0.0,0.0,1.06,4.21,0.0
20221219:2211,0.0,0.0,0.0,1.43,3.72,0.0
20221219:2311,0.0,0.0,0.0,1.74,3.17,0.0
20221220:0011,0.0,0.0,0.0,1.71,3.31,0.0
20221220:0111,0.0,0.0,0.0,1.63,3.03,0.0
20221220:0211,0.0,0.0,0.0,1.52,2.83,0.0
20221220:0311,0.0,0.0,0.0,1.19,2.55,0.0
20221220:0411,0.0,0.0,0.0,1.21,2.41,0.0
20221220:0511,0.0,0.0,0.0,1.31,2.48,0.0
20221220:0611,0.0,0.0,0.0,1.51,2.62,0.0
20221220:0711,0.0,0.0,0.0,1.55,3.1,0.0
20221220:0811,0.0,0.83,1.44,2.07,3.31,0.0
20221220:0911,9.22,21.52,5.07,2.44,3.79,0.0
20221220:1011,7.99,19.72,7.02,2.58,3.86,0.0
20221220:1111,2.93,11.65,7.15,3.05,4.0,0.0
20221220:1211,2.92,11.65,5.45,3.54,3.86,0.0
20221220:1311,0.0,0.83,2.05,4.33,3.72,0.0
20221220:1411,0.0,0.0,0.0,4.33,3.86,0.0
20221220:1511,0.0,0.0,0.0,4.09,3.86,0.0
20221220:1611,0.0,0.0,0.0,4.18,3.72,0.0
20221220:1711,0.0,0.0,0.0,4.36,3.79,0.0
20221220:1811,0.0,0.0,0.0,4.41,3.86,0.0
20221220:1911,0.0,0.0,0.0,4.11,3.52,0.0
20221220:2011,0.0,0.0,0.0,3.98,3.52,0.0
20221220:2111,0.0,0.0,0.0,3.96,3.52,0.0
20221220:2211,0.0,0.0,0.0,4.03,3.72,0.0
20221220:2311,0.0,0.0,0.0,4.14,3.72,0.0
20221221:0011,0.0,0.0,0.0,4.33,4.0,0.0
20221221:0111,0.0,0.0,0.0,4.53,4.21,0.0
20221221:0211,0.0,0.0,0.0,4.98,4.34,0.0
20221221:0311,0.0,0.0,0.0,4.91,4.76,0.0
20221221:0411,0.0,0.0,0.0,4.44,4.83,0.0
20221221:0511,0.0,0.0,0.0,3.84,4.69,0.0
20221221:0611,0.0,0.0,0.0,3.42,4.48,0.0
20221221:0711,0.0,0.0,0.0,3.19,4.83,0.0
20221221:0811,0.0,0.83,1.4,3.1,4.76,0.0
20221221:0911,6.77,17.93,5.04,3.16,4.55,0.0
20221221:1011,9.18,21.52,7.01,3.35,4.21,0.0
20221221:1111,5.6,16.14,7.15,3.62,4.21,0.0
20221221:1211,77.6,102.09,5.46,3.77,4.41,0.0
20221221:1311,0.0,1.65,2.07,3.64,4.48,0.0
20221221:1411,0.0,0.0,0.0,3.32,4.48,0.0
20221221:1511,0.0,0.0,0.0,3.16,4.48,0.0
20221221:1611,0.0,0.0,0.0,2.98,4.34,0.0
20221221:1711,0.0,0.0,0.0,2.93,4.14,0.0
20221221:1811,0.0,0.0,0.0,2.93,4.14,0.0
20221221:1911,0.0,0.0,0.0,3.15,4.07,0.0
20221221:2011,0.0,0.0,0.0,3.01,3.86,0.0
20221221:2111,0.0,0.0,0.0,2.9,3.72,0.0
20221221:2211,0.0,0.0,0.0,2.71,3.72,0.0
20221221:2311,0.0,0.0,0.0,2.34,3.66,0.0
20221222:0011,0.0,0.0,0.0,2.06,3.86,0.0
20221222:0111,0.0,0.0,0.0,1.94,4.0,0.0
20221222:0211,0.0,0.0,0.0,1.97,4.34,0.0
20221222:0311,0.0,0.0,0.0,1.89,4.41,0.0
20221222:0411,0.0,0.0,0.0,1.82,4.41,0.0
20221222:0511,0.0,0.0,0.0,1.72,4.28,0.0
20221222:0611,0.0,0.0,0.0,1.74,4.21,0.0
20221222:0711,0.0,0.0,0.0,2.19,4.0,0.0
20221222:0811,0.0,0.0,0.0,2.38,3.86,0.0
20221222:0911,69.34,92.54,5.02,2.66,4.28,0.0
20221222:1011,470.75,529.71,7.0,2.86,4.62,0.0
20221222:1111,458.69,516.65,7.15,2.96,4.41,0.0
20221222:1211,9.82,22.41,5.48,2.89,4.21,0.0
20221222:1311,0.0,1.65,2.1,2.82,4.0,0.0
20221222:1411,0.0,0.0,0.0,2.67,3.72,0.0
20221222:1511,0.0,0.0,0.0,2.62,3.59,0.0
20221222:1611,0.0,0.0,0.0,2.5,3.52,0.0
20221222:1711,0.0,0.0,0.0,2.43,3.52,0.0
20221222:1811,0.0,0.0,0.0,2.37,3.45,0.0
20221222:1911,0.0,0.0,0.0,2.64,3.38,0.0
20221222:2011,0.0,0.0,0.0,2.55,3.17,0.0
20221222:2111,0.0,0.0,0.0,2.47,3.03,0.0
20221222:2211,0.0,0.0,0.0,2.34,3.1,0.0
20221222:2311,0.0,0.0,0.0,2.11,3.31,0.0
20221223:0011,0.0,0.0,0.0,1.73,3.45,0.0
20221223:0111,0.0,0.0,0.0,1.51,3.31,0.0
20221223:0211,0.0,0.0,0.0,1.48,2.9,0.0
20221223:0311,0.0,0.0,0.0,1.6,2.41,0.0
20221223:0411,0.0,0.0,0.0,1.58,2.28,0.0
20221223:0511,0.0,0.0,0.0,1.17,2.69,0.0
20221223:0611,0.0,0.0,0.0,0.37,3.66,0.0
20221223:0711,0.0,0.0,0.0,-0.12,4.83,0.0
20221223:0811,0.0,0.0,0.0,-0.36,5.1,0.0
20221223:0911,2.5,10.76,5.0,-0.66,5.03,0.0
20221223:1011,73.39,95.78,6.99,-1.07,4.9,0.0
20221223:1111,16.08,30.48,7.17,-1.57,4.48,0.0
20221223:1211,10.74,23.31,5.51,-2.02,4.14,0.0
20221223:1311,0.0,3.31,2.14,-2.47,4.14,0.0
20221223:1411,0.0,0.0,0.0,-3.06,3.93,0.0
20221223:1511,0.0,0.0,0.0,-3.47,3.66,0.0
20221223:1611,0.0,0.0,0.0,-3.7,3.31,0.0
20221223:1711,0.0,0.0,0.0,-3.87,3.24,0.0
20221223:1811,0.0,0.0,0.0,-4.04,3.24,0.0
20221223:1911,0.0,0.0,0.0,-4.37,3.17,0.0
20221223:2011,0.0,0.0,0.0,-4.54,3.17,0.0
20221223:2111,0.0,0.0,0.0,-4.65,3.03,0.0
20221223:2211,0.0,0.0,0.0,-4.8,2.9,0.0
20221223:2311,0.0,0.0,0.0,-4.98,2.9,0.0
20221224:0011,0.0,0.0,0.0,-5.17,2.9,0.0
20221224:0111,0.0,0.0,0.0,-5.42,2.97,0.0
20221224:0211,0.0,0.0,0.0,-5.77,3.03,0.0
20221224:0311,0.0,0.0,0.0,-6.09,2.97,0.0
20221224:0411,0.0,0.0,0.0,-6.33,2.83,0.0
20221224:0511,0.0,0.0,0.0,-6.56,2.76,0.0
20221224:0611,0.0,0.0,0.0,-6.73,2.62,0.0
20221224:0711,0.0,0.0,0.0,-6.89,2.62,0.0
20221224:0811,0.0,0.0,0.0,-6.99,2.62,0.0
20221224:0911,165.01,188.88,4.99,-6.69,2.48,0.0
20221224:1011,462.55,506.31,7.0,-6.06,2.34,0.0
20221224:1111,320.98,353.81,7.19,-5.38,2.28,0.0
20221224:1211,115.8,139.07,5.54,-4.93,2.28,0.0
20221224:1311,0.48,6.61,2.19,-4.89,2.28,0.0
20221224:1411,0.0,0.0,0.0,-5.26,2.34,0.0
20221224:1511,0.0,0.0,0.0,-5.54,2.21,0.0
20221224:1611,0.0,0.0,0.0,-5.79,2.07,0.0
20221224:1711,0.0,0.0,0.0,-5.98,2.14,0.0
20221224:1811,0.0,0.0,0.0,-6.04,2.34,0.0
20221224:1911,0.0,0.0,0.0,-6.01,2.21,0.0
20221224:2011,0.0,0.0,0.0,-6.07,2.14,0.0
20221224:2111,0.0,0.0,0.0,-6.05,2.0,0.0
20221224:2211,0.0,0.0,0.0,-6.04,1.93,0.0
20221224:2311,0.0,0.0,0.0,-5.99,1.86,0.0
20221225:0011,0.0,0.0,0.0,-5.96,1.86,0.0
20221225:0111,0.0,0.0,0.0,-5.64,1.86,0.0
20221225:0211,0.0,0.0,0.0,-5.45,1.86,0.0
20221225:0311,0.0,0.0,0.0,-5.35,1.86,0.0
20221225:0411,0.0,0.0,0.0,-5.2,1.79,0.0
20221225:0511,0.0,0.0,0.0,-5.07,1.79,0.0
20221225:0611,0.0,0.0,0.0,-4.91,1.79,0.0
20221225:0711,0.0,0.0,0.0,-5.06,1.66,0.0
20221225:0811,0.0,0.0,0.0,-5.02,1.45,0.0
20221225:0911,1.15,8.07,4.99,-4.72,1.17,0.0
20221225:1011,90.44,113.24,7.01,-3.96,1.38,0.0
20221225:1111,407.44,454.45,7.21,-2.95,1.59,0.0
20221225:1211,18.62,33.5,5.58,-1.99,1.86,0.0
20221225:1311,0.0,1.65,2.24,-1.45,2.34,0.0
20221225:1411,0.0,0.0,0.0,-1.17,2.9,0.0
20221225:1511,0.0,0.0,0.0,-0.43,3.31,0.0
20221225:1611,0.0,0.0,0.0,0.74,4.28,0.0
20221225:1711,0.0,0.0,0.0,1.54,5.1,0.0
20221225:1811,0.0,0.0,0.0,1.78,5.52,0.0
20221225:1911,0.0,0.0,0.0,1.33,5.45,0.0
20221225:2011,0.0,0.0,0.0,1.36,5.66,0.0
20221225:2111,0.0,0.0,0.0,1.28,5.79,0.0
20221225:2211,0.0,0.0,0.0,1.05,5.66,0.0
20221225:2311,0.0,0.0,0.0,1.01,5.59,0.0
20221226:0011,0.0,0.0,0.0,1.03,5.45,0.0
20221226:0111,0.0,0.0,0.0,1.2,5.72,0.0
20221226:0211,0.0,0.0,0.0,1.33,5.79,0.0
20221226:0311,0.0,0.0,0.0,1.59,5.72,0.0
20221226:0411,0.0,0.0,0.0,1.97,5.52,0.0
20221226:0511,0.0,0.0,0.0,2.29,6.0,0.0
20221226:0611,0.0,0.0,0.0,2.56,6.07,0.0
20221226:0711,0.0,0.0,0.0,2.5,5.72,0.0
20221226:0811,0.0,0.0,0.0,2.47,5.66,0.0
20221226:0911,2.44,10.76,4.99,2.54,5.52,0.0
20221226:1011,16.41,31.38,7.03,2.62,5.66,0.0
20221226:1111,5.07,15.24,7.25,2.69,5.38,0.0
20221226:1211,1.51,8.97,5.63,2.65,5.17,0.0
20221226:1311,0.0,1.65,2.3,2.59,4.97,0.0
20221226:1411,0.0,0.0,0.0,2.47,4.76,0.0
20221226:1511,0.0,0.0,0.0,2.33,4.76,0.0
20221226:1611,0.0,0.0,0.0,2.17,5.03,0.0
20221226:1711,0.0,0.0,0.0,2.02,5.24,0.0
20221226:1811,0.0,0.0,0.0,1.72,5.38,0.0
20221226:1911,0.0,0.0,0.0,1.46,5.1,0.0
20221226:2011,0.0,0.0,0.0,0.99,4.97,0.0
20221226:2111,0.0,0.0,0.0,0.85,4.69,0.0
20221226:2211,0.0,0.0,0.0,0.79,4.21,0.0
20221226:2311,0.0,0.0,0.0,0.72,3.59,0.0
20221227:0011,0.0,0.0,0.0,0.7,2.76,0.0
20221227:0111,0.0,0.0,0.0,0.56,2.34,0.0
20221227:0211,0.0,0.0,0.0,0.6,3.1,0.0
20221227:0311,0.0,0.0,0.0,0.85,4.62,0.0
20221227:0411,0.0,0.0,0.0,0.63,5.1,0.0
20221227:0511,0.0,0.0,0.0,0.34,5.1,0.0
20221227:0611,0.0,0.0,0.0,0.15,4.9,0.0
20221227:0711,0.0,0.0,0.0,0.27,4.9,0.0
20221227:0811,0.0,0.0,0.0,0.48,4.9,0.0
20221227:0911,8.69,20.62,5.01,0.82,4.9,0.0
20221227:1011,11.84,25.1,7.06,1.24,4.83,0.0
20221227:1111,13.12,26.9,7.29,1.7,4.76,0.0
20221227:1211,1.98,9.86,5.69,1.79,4.76,0.0
20221227:1311,0.0,1.65,2.37,1.67,4.97,0.0
20221227:1411,0.0,0.0,0.0,1.37,5.03,0.0
20221227:1511,0.0,0.0,0.0,1.08,5.1,0.0
20221227:1611,0.0,0.0,0.0,0.76,5.17,0.0
20221227:1711,0.0,0.0,0.0,0.31,5.1,0.0
20221227:1811,0.0,0.0,0.0,0.01,4.9,0.0
20221227:1911,0.0,0.0,0.0,-0.02,5.1,0.0
20221227:2011,0.0,0.0,0.0,-0.22,5.1,0.0
20221227:2111,0.0,0.0,0.0,-0.42,5.1,0.0
20221227:2211,0.0,0.0,0.0,-0.6,4.9,0.0
20221227:2311,0.0,0.0,0.0,-0.8,4.69,0.0
20221228:0011,0.0,0.0,0.0,-0.99,4.41,0.0
20221228:0111,0.0,0.0,0.0,-1.22,4.21,0.0
20221228:0211,0.0,0.0,0.0,-1.44,4.07,0.0
20221228:0311,0.0,0.0,0.0,-1.66,3.86,0.0
20221228:0411,0.0,0.0,0.0,-1.89,3.66,0.0
20221228:0511,0.0,0.0,0.0,-2.08,3.31,0.0
20221228:0611,0.0,0.0,0.0,-2.24,2.76,0.0
20221228:0711,0.0,0.0,0.0,-2.62,2.28,0.0
20221228:0811,0.0,0.0,0.0,-2.8,1.72,0.0
20221228:0911,89.77,113.05,5.03,-2.49,1.1,0.0
20221228:1011,5.79,16.14,7.09,-2.04,0.55,0.0
20221228:1111,73.8,96.59,7.34,-1.62,0.41,0.0
20221228:1211,105.47,130.47,5.75,-1.33,1.17,0.0
20221228:1311,0.0,3.31,2.44,-1.11,1.93,0.0
20221228:1411,0.0,0.0,0.0,-0.86,2.48,0.0
20221228:1511,0.0,0.0,0.0,-0.42,2.9,0.0
20221228:1611,0.0,0.0,0.0,0.07,3.24,0.0
20221228:1711,0.0,0.0,0.0,0.54,3.59,0.0
20221228:1811,0.0,0.0,0.0,1.04,3.79,0.0
20221228:1911,0.0,0.0,0.0,1.18,2.76,0.0
20221228:2011,0.0,0.0,0.0,1.37,2.21,0.0
20221228:2111,0.0,0.0,0.0,1.48,1.93,0.0
20221228:2211,0.0,0.0,0.0,1.5,1.86,0.0
20221228:2311,0.0,0.0,0.0,1.59,1.86,0.0
20221229:0011,0.0,0.0,0.0,1.59,1.93,0.0
20221229:0111,0.0,0.0,0.0,1.66,2.0,0.0
20221229:0211,0.0,0.0,0.0,1.72,2.07,0.0
20221229:0311,0.0,0.0,0.0,1.8,2.34,0.0
20221229:0411,0.0,0.0,0.0,2.07,2.83,0.0
20221229:0511,0.0,0.0,0.0,2.4,3.31,0.0
20221229:0611,0.0,0.0,0.0,2.72,3.72,0.0
20221229:0711,0.0,0.0,0.0,3.25,4.34,0.0
20221229:0811,0.0,0.0,0.0,3.47,4.76,0.0
20221229:0911,1.06,8.07,5.06,3.62,5.38,0.0
20221229:1011,1.49,8.97,7.14,3.92,5.79,0.0
20221229:1111,3.94,13.45,7.4,4.19,6.0,0.0
20221229:1211,0.28,6.28,5.82,4.37,5.93,0.0
20221229:1311,0.0,2.48,2.52,4.43,5.52,0.0
20221229:1411,0.0,0.0,0.0,4.47,5.38,0.0
20221229:1511,0.0,0.0,0.0,4.49,5.24,0.0
20221229:1611,0.0,0.0,0.0,4.59,4.97,0.0
20221229:1711,0.0,0.0,0.0,4.78,5.1,0.0
20221229:1811,0.0,0.0,0.0,5.25,5.38,0.0
20221229:1911,0.0,0.0,0.0,5.3,5.38,0.0
20221229:2011,0.0,0.0,0.0,5.13,5.17,0.0
20221229:2111,0.0,0.0,0.0,4.99,4.9,0.0
20221229:2211,0.0,0.0,0.0,4.78,4.83,0.0
20221229:2311,0.0,0.0,0.0,4.71,4.9,0.0
20221230:0011,0.0,0.0,0.0,4.66,5.17,0.0
20221230:0111,0.0,0.0,0.0,4.65,5.45,0.0
20221230:0211,0.0,0.0,0.0,4.52,5.59,0.0
20221230:0311,0.0,0.0,0.0,4.24,5.59,0.0
20221230:0411,0.0,0.0,0.0,3.86,5.45,0.0
20221230:0511,0.0,0.0,0.0,3.64,5.38,0.0
20221230:0611,0.0,0.0,0.0,3.6,5.24,0.0
20221230:0711,0.0,0.0,0.0,3.68,4.9,0.0
20221230:0811,0.0,0.0,0.0,3.63,4.62,0.0
20221230:0911,7.94,19.72,5.1,3.71,4.55,0.0
20221230:1011,15.63,30.48,7.19,3.8,4.62,0.0
20221230:1111,202.64,236.86,7.47,3.75,4.55,0.0
20221230:1211,28.33,46.21,5.9,3.7,4.28,0.0
20221230:1311,0.77,7.44,2.61,3.64,4.41,0.0
20221230:1411,0.0,0.0,0.0,3.51,4.28,0.0
20221230:1511,0.0,0.0,0.0,3.38,4.34,0.0
20221230:1611,0.0,0.0,0.0,3.04,4.28,0.0
20221230:1711,0.0,0.0,0.0,2.49,4.0,0.0
20221230:1811,0.0,0.0,0.0,1.78,4.28,0.0
20221230:1911,0.0,0.0,0.0,2.0,4.0,0.0
20221230:2011,0.0,0.0,0.0,2.27,4.21,0.0
20221230:2111,0.0,0.0,0.0,2.31,5.1,0.0
20221230:2211,0.0,0.0,0.0,2.82,6.21,0.0
20221230:2311,0.0,0.0,0.0,3.34,6.69,0.0
20221231:0011,0.0,0.0,0.0,3.83,7.31,0.0
20221231:0111,0.0,0.0,0.0,4.38,7.72,0.0
20221231:0211,0.0,0.0,0.0,4.75,8.41,0.0
20221231:0311,0.0,0.0,0.0,3.97,8.48,0.0
20221231:0411,0.0,0.0,0.0,4.16,8.07,0.0
20221231:0511,0.0,0.0,0.0,4.75,7.17,0.0
20221231:0611,0.0,0.0,0.0,5.12,6.76,0.0
20221231:0711,0.0,0.0,0.0,5.4,6.83,0.0
20221231:0811,0.0,0.0,0.0,5.56,6.83,0.0
20221231:0911,320.9,365.75,5.14,5.57,6.97,0.0
20221231:1011,393.89,446.55,7.25,5.99,6.97,0.0
20221231:1111,15.44,30.48,7.54,6.17,6.76,0.0
20221231:1211,408.16,463.4,5.99,6.11,6.62,0.0
20221231:1311,1.53,9.1,2.71,5.82,6.76,0.0
20221231:1411,0.0,0.0,0.0,5.7,6.9,0.0
20221231:1511,0.0,0.0,0.0,5.61,6.97,0.0
20221231:1611,0.0,0.0,0.0,5.53,6.83,0.0
20221231:1711,0.0,0.0,0.0,5.31,6.76,0.0
20221231:1811,0.0,0.0,0.0,5.08,6.69,0.0
20221231:1911,0.0,0.0,0.0,5.26,6.07,0.0
20221231:2011,0.0,0.0,0.0,4.72,5.66,0.0
20221231:2111,0.0,0.0,0.0,3.88,5.03,0.0
20221231:2211,0.0,0.0,0.0,3.05,4.55,0.0
20221231:2311,0.0,0.0,0.0,2.38,4.07,0.0
20230101:0011,0.0,0.0,0.0,1.84,3.24,0.0
20230101:0111,0.0,0.0,0.0,1.29,2.55,0.0
20230101:0211,0.0,0.0,0.0,0.92,2.21,0.0
20230101:0311,0.0,0.0,0.0,0.64,2.28,0.0
20230101:0411,0.0,0.0,0.0,0.55,2.21,0.0
20230101:0511,0.0,0.0,0.0,0.43,2.0,0.0
20230101:0611,0.0,0.0,0.0,0.21,1.79,0.0
20230101:0711,0.0,0.0,0.0,-0.02,1.59,0.0
20230101:0811,0.0,0.0,0.0,-0.1,1.72,0.0
20230101:0911,347.4,392.66,5.21,-0.08,1.79,0.0
20230101:1011,466.23,527.15,7.33,0.28,2.0,0.0
20230101:1111,452.9,512.88,7.64,0.68,1.93,0.0
20230101:1211,126.13,153.55,6.1,0.78,2.07,0.0
20230101:1311,2.03,9.92,2.84,0.51,2.34,0.0
20230101:1411,0.0,0.0,0.0,0.16,2.34,0.0
20230101:1511,0.0,0.0,0.0,-0.09,2.21,0.0
20230101:1611,0.0,0.0,0.0,-0.25,2.07,0.0
20230101:1711,0.0,0.0,0.0,-0.36,1.93,0.0
20230101:1811,0.0,0.0,0.0,-0.47,1.93,0.0
20230101:1911,0.0,0.0,0.0,-0.86,2.0,0.0
20230101:2011,0.0,0.0,0.0,-1.04,1.66,0.0
20230101:2111,0.0,0.0,0.0,-1.08,1.72,0.0
20230101:2211,0.0,0.0,0.0,-1.04,1.72,0.0
20230101:2311,0.0,0.0,0.0,-0.8,2.28,0.0
20230102:0011,0.0,0.0,0.0,-0.16,2.83,0.0
20230102:0111,0.0,0.0,0.0,0.58,3.17,0.0
20230102:0211,0.0,0.0,0.0,1.36,3.66,0.0
20230102:0311,0.0,0.0,0.0,2.1,4.14,0.0
20230102:0411,0.0,0.0,0.0,2.52,4.62,0.0
20230102:0511,0.0,0.0,0.0,2.71,4.76,0.0
20230102:0611,0.0,0.0,0.0,2.99,4.62,0.0
20230102:0711,0.0,0.0,0.0,3.19,4.69,0.0
20230102:0811,0.0,0.83,1.47,3.52,4.14,0.0
20230102:0911,3.95,13.45,5.27,3.73,3.72,0.0
20230102:1011,14.28,28.69,7.41,3.87,3.38,0.0
20230102:1111,10.4,23.31,7.73,3.76,3.03,0.0
20230102:1211,21.14,37.47,6.21,3.78,2.62,0.0
20230102:1311,0.42,6.61,2.95,3.57,2.21,0.0
20230102:1411,0.0,0.0,0.0,3.19,2.0,0.0
20230102:1511,0.0,0.0,0.0,2.91,1.72,0.0
20230102:1611,0.0,0.0,0.0,2.81,1.17,0.0
20230102:1711,0.0,0.0,0.0,2.69,0.69,0.0
20230102:1811,0.0,0.0,0.0,2.3,1.38,0.0
20230102:1911,0.0,0.0,0.0,2.37,1.24,0.0
20230102:2011,0.0,0.0,0.0,2.27,2.07,0.0
20230102:2111,0.0,0.0,0.0,1.83,2.9,0.0
20230102:2211,0.0,0.0,0.0,1.1,3.52,0.0
20230102:2311,0.0,0.0,0.0,0.42,4.14,0.0
20230103:0011,0.0,0.0,0.0,-0.02,4.34,0.0
20230103:0111,0.0,0.0,0.0,-0.18,4.55,0.0
20230103:0211,0.0,0.0,0.0,-0.32,4.83,0.0
20230103:0311,0.0,0.0,0.0,-0.33,5.03,0.0
20230103:0411,0.0,0.0,0.0,-0.4,5.17,0.0
20230103:0511,0.0,0.0,0.0,-0.6,5.31,0.0
20230103:0611,0.0,0.0,0.0,-1.03,5.38,0.0
20230103:0711,0.0,0.0,0.0,-1.12,4.9,0.0
20230103:0811,0.0,0.83,1.52,-1.35,4.34,0.0
20230103:0911,6.96,17.93,5.34,-1.5,4.14,0.0
20230103:1011,274.91,308.02,7.49,-1.54,4.14,0.0
20230103:1111,360.06,399.05,7.83,-1.46,4.21,0.0
20230103:1211,397.59,440.39,6.32,-1.51,4.0,0.0
20230103:1311,57.14,77.74,3.07,-1.7,4.0,0.0
20230103:1411,0.0,0.0,0.0,-2.0,3.93,0.0
20230103:1511,0.0,0.0,0.0,-2.23,3.93,0.0
20230103:1611,0.0,0.0,0.0,-2.36,3.86,0.0
20230103:1711,0.0,0.0,0.0,-2.49,3.72,0.0
20230103:1811,0.0,0.0,0.0,-2.6,3.52,0.0
20230103:1911,0.0,0.0,0.0,-3.15,3.52,0.0
20230103:2011,0.0,0.0,0.0,-3.38,3.31,0.0
20230103:2111,0.0,0.0,0.0,-3.65,3.17,0.0
20230103:2211,0.0,0.0,0.0,-3.87,2.9,0.0
20230103:2311,0.0,0.0,0.0,-4.07,2.48,0.0
20230104:0011,0.0,0.0,0.0,-4.26,2.21,0.0
20230104:0111,0.0,0.0,0.0,-4.51,2.07,0.0
20230104:0211,0.0,0.0,0.0,-4.7,1.72,0.0
20230104:0311,0.0,0.0,0.0,-4.76,1.24,0.0
20230104:0411,0.0,0.0,0.0,-4.83,0.76,0.0
20230104:0511,0.0,0.0,0.0,-4.77,0.41,0.0
20230104:0611,0.0,0.0,0.0,-4.54,0.9,0.0
20230104:0711,0.0,0.0,0.0,-4.65,1.52,0.0
20230104:0811,0.0,0.9,1.58,-4.16,1.93,0.0
20230104:0911,7.03,17.93,5.41,-3.43,2.48,0.0
20230104:1011,7.6,18.83,7.58,-2.39,2.97,0.0
20230104:1111,18.85,34.07,7.93,-1.47,3.45,0.0
20230104:1211,86.67,110.16,6.43,-0.89,4.0,0.0
20230104:1311,0.0,2.69,3.2,-0.69,4.41,0.0
20230104:1411,0.0,0.0,0.0,-0.57,5.03,0.0
20230104:1511,0.0,0.0,0.0,-0.31,5.52,0.0
20230104:1611,0.0,0.0,0.0,-0.04,6.07,0.0
20230104:1711,0.0,0.0,0.0,0.14,6.48,0.0
20230104:1811,0.0,0.0,0.0,0.38,6.76,0.0
20230104:1911,0.0,0.0,0.0,0.57,7.24,0.0
20230104:2011,0.0,0.0,0.0,0.45,7.45,0.0
20230104:2111,0.0,0.0,0.0,0.5,7.45,0.0
20230104:2211,0.0,0.0,0.0,0.47,7.45,0.0
20230104:2311,0.0,0.0,0.0,0.47,7.31,0.0
20230105:0011,0.0,0.0,0.0,0.37,7.24,0.0
20230105:0111,0.0,0.0,0.0,0.17,7.52,0.0
20230105:0211,0.0,0.0,0.0,-0.02,7.66,0.0
20230105:0311,0.0,0.0,0.0,-0.14,7.66,0.0
20230105:0411,0.0,0.0,0.0,-0.36,7.66,0.0
20230105:0511,0.0,0.0,0.0,-0.6,7.59,0.0
20230105:0611,0.0,0.0,0.0,-0.88,7.52,0.0
20230105:0711,0.0,0.0,0.0,-0.93,7.24,0.0
20230105:0811,0.0,0.9,1.65,-1.2,7.03,0.0
20230105:0911,0.7,7.17,5.5,-1.41,6.69,0.0
20230105:1011,123.7,148.73,7.68,-1.72,6.28,0.0
20230105:1111,531.28,582.67,8.05,-1.8,5.79,0.0
20230105:1211,32.54,50.28,6.56,-1.91,5.45,0.0
20230105:1311,140.42,166.06,3.33,-2.25,5.38,0.0
20230105:1411,0.0,0.0,0.0,-2.53,5.24,0.0
20230105:1511,0.0,0.0,0.0,-2.87,5.03,0.0
20230105:1611,0.0,0.0,0.0,-3.16,4.83,0.0
20230105:1711,0.0,0.0,0.0,-3.4,4.69,0.0
20230105:1811,0.0,0.0,0.0,-3.65,4.28,0.0
20230105:1911,0.0,0.0,0.0,-3.42,4.07,0.0
20230105:2011,0.0,0.0,0.0,-3.56,3.79,0.0
20230105:2111,0.0,0.0,0.0,-3.77,3.52,0.0
20230105:2211,0.0,0.0,0.0,-3.85,3.17,0.0
20230105:2311,0.0,0.0,0.0,-3.87,2.83,0.0
20230106:0011,0.0,0.0,0.0,-4.01,2.83,0.0
20230106:0111,0.0,0.0,0.0,-4.03,2.9,0.0
20230106:0211,0.0,0.0,0.0,-3.92,2.97,0.0
20230106:0311,0.0,0.0,0.0,-3.74,2.9,0.0
20230106:0411,0.0,0.0,0.0,-3.59,2.9,0.0
20230106:0511,0.0,0.0,0.0,-3.45,2.9,0.0
20230106:0611,0.0,0.0,0.0,-3.16,3.03,0.0
20230106:0711,0.0,0.0,0.0,-3.26,3.52,0.0
20230106:0811,0.0,0.9,1.73,-3.02,4.28,0.0
20230106:0911,5.23,15.24,5.59,-2.56,4.97,0.0
20230106:1011,95.86,119.24,7.79,-2.41,5.59,0.0
20230106:1111,37.64,56.13,8.17,-2.56,6.28,0.0
20230106:1211,4.12,13.45,6.69,-2.86,6.62,0.0
20230106:1311,0.0,4.48,3.47,-3.02,6.76,0.0
20230106:1411,0.0,0.0,0.0,-3.03,6.9,0.0
20230106:1511,0.0,0.0,0.0,-3.03,7.03,0.0
20230106:1611,0.0,0.0,0.0,-2.98,7.1,0.0
20230106:1711,0.0,0.0,0.0,-3.01,7.17,0.0
20230106:1811,0.0,0.0,0.0,-3.06,7.38,0.0
20230106:1911,0.0,0.0,0.0,-3.16,7.31,0.0
20230106:2011,0.0,0.0,0.0,-3.13,7.1,0.0
20230106:2111,0.0,0.0,0.0,-3.08,6.97,0.0
20230106:2211,0.0,0.0,0.0,-3.05,6.83,0.0
20230106:2311,0.0,0.0,0.0,-2.99,6.69,0.0
20230107:0011,0.0,0.0,0.0,-2.87,6.48,0.0
20230107:0111,0.0,0.0,0.0,-2.69,6.34,0.0
20230107:0211,0.0,0.0,0.0,-2.49,6.34,0.0
20230107:0311,0.0,0.0,0.0,-2.27,6.41,0.0
20230107:0411,0.0,0.0,0.0,-2.02,6.14,0.0
20230107:0511,0.0,0.0,0.0,-1.75,5.93,0.0
20230107:0611,0.0,0.0,0.0,-1.48,5.86,0.0
20230107:0711,0.0,0.0,0.0,-1.01,6.07,0.0
20230107:0811,0.0,1.79,1.81,-0.82,6.14,0.0
20230107:0911,18.21,33.12,5.69,-0.57,6.21,0.0
20230107:1011,25.56,42.37,7.9,-0.32,6.14,0.0
20230107:1111,1.54,8.97,8.29,-0.11,6.0,0.0
20230107:1211,0.69,7.17,6.83,0.08,5.72,0.0
20230107:1311,207.9,239.03,3.62,0.25,5.66,0.0
20230107:1411,0.0,0.0,0.0,0.43,5.66,0.0
20230107:1511,0.0,0.0,0.0,0.65,5.52,0.0
20230107:1611,0.0,0.0,0.0,0.85,5.45,0.0
20230107:1711,0.0,0.0,0.0,1.12,5.59,0.0
20230107:1811,0.0,0.0,0.0,1.33,5.72,0.0
20230107:1911,0.0,0.0,0.0,1.52,5.93,0.0
20230107:2011,0.0,0.0,0.0,1.54,6.14,0.0
20230107:2111,0.0,0.0,0.0,1.43,6.21,0.0
20230107:2211,0.0,0.0,0.0,1.31,6.34,0.0
20230107:2311,0.0,0.0,0.0,1.38,6.34,0.0
20230108:0011,0.0,0.0,0.0,1.42,6.21,0.0
20230108:0111,0.0,0.0,0.0,1.52,6.21,0.0
20230108:0211,0.0,0.0,0.0,1.68,6.41,0.0
20230108:0311,0.0,0.0,0.0,1.78,6.14,0.0
20230108:0411,0.0,0.0,0.0,2.07,6.14,0.0
20230108:0511,0.0,0.0,0.0,2.42,6.07,0.0
20230108:0611,0.0,0.0,0.0,2.74,5.93,0.0
20230108:0711,0.0,0.0,0.0,2.95,5.86,0.0
20230108:0811,0.0,4.48,1.9,3.4,5.79,0.0
20230108:0911,0.0,5.38,5.79,3.58,5.66,0.0
20230108:1011,2.91,11.65,8.02,3.8,5.66,0.0
20230108:1111,1.49,8.97,8.43,3.9,5.66,0.0
20230108:1211,0.65,7.17,6.97,3.8,5.66,0.0
20230108:1311,0.0,2.69,3.77,3.6,5.66,0.0
20230108:1411,0.0,0.0,0.0,3.41,5.66,0.0
20230108:1511,0.0,0.0,0.0,3.27,5.66,0.0
20230108:1611,0.0,0.0,0.0,3.17,5.66,0.0
20230108:1711,0.0,0.0,0.0,3.1,5.72,0.0
20230108:1811,0.0,0.0,0.0,3.07,5.66,0.0
20230108:1911,0.0,0.0,0.0,2.99,5.86,0.0
20230108:2011,0.0,0.0,0.0,2.97,5.93,0.0
20230108:2111,0.0,0.0,0.0,2.94,5.72,0.0
20230108:2211,0.0,0.0,0.0,2.88,5.17,0.0
20230108:2311,0.0,0.0,0.0,2.91,4.62,0.0
20230109:0011,0.0,0.0,0.0,3.0,4.07,0.0
20230109:0111,0.0,0.0,0.0,3.02,3.24,0.0
20230109:0211,0.0,0.0,0.0,3.01,2.69,0.0
20230109:0311,0.0,0.0,0.0,2.89,2.34,0.0
20230109:0411,0.0,0.0,0.0,2.73,2.14,0.0
20230109:0511,0.0,0.0,0.0,2.67,1.86,0.0
20230109:0611,0.0,0.0,0.0,2.56,1.72,0.0
20230109:0711,0.0,0.0,0.0,2.9,2.07,0.0
20230109:0811,0.0,0.9,2.0,3.04,2.28,0.0
20230109:0911,1.06,8.07,5.91,3.29,2.62,0.0
20230109:1011,322.94,369.2,8.15,3.46,2.83,0.0
20230109:1111,6.74,17.93,8.57,3.74,2.9,0.0
20230109:1211,2.42,10.76,7.12,3.66,3.59,0.0
20230109:1311,22.71,39.19,3.93,3.58,4.0,0.0
20230109:1411,0.0,0.0,0.0,3.43,4.07,0.0
20230109:1511,0.0,0.0,0.0,3.26,4.28,0.0
20230109:1611,0.0,0.0,0.0,3.1,4.55,0.0
20230109:1711,0.0,0.0,0.0,2.94,4.28,0.0
20230109:1811,0.0,0.0,0.0,2.79,4.14,0.0
20230109:1911,0.0,0.0,0.0,2.61,4.55,0.0
20230109:2011,0.0,0.0,0.0,2.38,4.9,0.0
20230109:2111,0.0,0.0,0.0,1.92,4.55,0.0
20230109:2211,0.0,0.0,0.0,1.65,4.28,0.0
20230109:2311,0.0,0.0,0.0,1.54,4.21,0.0
20230110:0011,0.0,0.0,0.0,1.54,4.28,0.0
20230110:0111,0.0,0.0,0.0,1.5,4.21,0.0
20230110:0211,0.0,0.0,0.0,1.55,4.07,0.0
20230110:0311,0.0,0.0,0.0,1.78,4.07,0.0
20230110:0411,0.0,0.0,0.0,2.15,3.59,0.0
20230110:0511,0.0,0.0,0.0,2.42,2.83,0.0
20230110:0611,0.0,0.0,0.0,2.61,2.69,0.0
20230110:0711,0.0,0.0,0.0,2.63,3.03,0.0
20230110:0811,0.0,1.79,2.11,2.77,3.52,0.0
20230110:0911,7.37,18.83,6.03,2.87,3.52,0.0
20230110:1011,7.36,18.83,8.29,3.1,3.59,0.0
20230110:1111,4.5,14.34,8.72,3.27,3.59,0.0
20230110:1211,6.76,17.93,7.28,3.4,3.59,0.0
20230110:1311,0.0,3.59,4.09,3.44,3.86,0.0
20230110:1411,0.0,0.0,0.0,3.4,4.07,0.0
20230110:1511,0.0,0.0,0.0,3.19,3.93,0.0
20230110:1611,0.0,0.0,0.0,2.87,3.66,0.0
20230110:1711,0.0,0.0,0.0,2.71,3.59,0.0
20230110:1811,0.0,0.0,0.0,2.91,4.0,0.0
20230110:1911,0.0,0.0,0.0,2.82,4.34,0.0
20230110:2011,0.0,0.0,0.0,2.54,4.48,0.0
20230110:2111,0.0,0.0,0.0,2.54,4.28,0.0
20230110:2211,0.0,0.0,0.0,2.5,4.21,0.0
20230110:2311,0.0,0.0,0.0,2.57,4.34,0.0
20230111:0011,0.0,0.0,0.0,2.6,4.41,0.0
20230111:0111,0.0,0.0,0.0,2.64,4.69,0.0
20230111:0211,0.0,0.0,0.0,2.6,5.03,0.0
20230111:0311,0.0,0.0,0.0,2.76,5.59,0.0
20230111:0411,0.0,0.0,0.0,3.05,6.28,0.0
20230111:0511,0.0,0.0,0.0,3.43,6.97,0.0
20230111:0611,0.0,0.0,0.0,3.75,7.66,0.0
20230111:0711,0.0,0.0,0.0,4.07,8.48,0.0
20230111:0811,0.0,1.79,2.22,3.46,9.45,0.0
20230111:0911,1.96,9.86,6.16,3.07,9.38,0.0
20230111:1011,5.05,15.24,8.43,3.14,9.24,0.0
20230111:1111,6.18,17.03,8.87,3.49,8.76,0.0
20230111:1211,5.02,15.24,7.45,4.2,8.0,0.0
20230111:1311,0.0,3.59,4.27,4.42,7.24,0.0
20230111:1411,0.0,0.0,0.0,4.59,6.48,0.0
20230111:1511,0.0,0.0,0.0,4.76,6.07,0.0
20230111:1611,0.0,0.0,0.0,4.96,5.66,0.0
20230111:1711,0.0,0.0,0.0,5.0,5.17,0.0
20230111:1811,0.0,0.0,0.0,5.01,4.83,0.0
20230111:1911,0.0,0.0,0.0,4.83,4.9,0.0
20230111:2011,0.0,0.0,0.0,4.67,4.76,0.0
20230111:2111,0.0,0.0,0.0,4.31,4.76,0.0
20230111:2211,0.0,0.0,0.0,4.07,4.69,0.0
20230111:2311,0.0,0.0,0.0,3.79,4.62,0.0
20230112:0011,0.0,0.0,0.0,3.61,4.69,0.0
20230112:0111,0.0,0.0,0.0,3.24,4.69,0.0
20230112:0211,0.0,0.0,0.0,2.95,4.83,0.0
20230112:0311,0.0,0.0,0.0,2.83,4.83,0.0
20230112:0411,0.0,0.0,0.0,2.84,4.83,0.0
20230112:0511,0.0,0.0,0.0,2.99,4.9,0.0
20230112:0611,0.0,0.0,0.0,3.13,4.69,0.0
20230112:0711,0.0,0.0,0.0,3.29,5.03,0.0
20230112:0811,99.61,126.58,2.34,3.31,5.38,0.0
20230112:0911,3.44,12.55,6.29,3.06,5.38,0.0
20230112:1011,45.31,66.25,8.58,3.07,5.1,0.0
20230112:1111,2.93,11.65,9.04,3.16,4.97,0.0
20230112:1211,4.49,14.34,7.62,3.66,4.9,0.0
20230112:1311,0.0,5.38,4.44,3.74,4.55,0.0
20230112:1411,0.0,0.0,0.0,3.6,4.14,0.0
20230112:1511,0.0,0.0,0.0,3.42,3.93,0.0
20230112:1611,0.0,0.0,0.0,3.47,3.79,0.0
20230112:1711,0.0,0.0,0.0,3.41,3.38,0.0
20230112:1811,0.0,0.0,0.0,3.24,2.9,0.0
20230112:1911,0.0,0.0,0.0,3.15,2.21,0.0
20230112:2011,0.0,0.0,0.0,2.9,1.86,0.0
20230112:2111,0.0,0.0,0.0,2.66,1.79,0.0
20230112:2211,0.0,0.0,0.0,2.46,2.14,0.0
20230112:2311,0.0,0.0,0.0,2.37,2.34,0.0
20230113:0011,0.0,0.0,0.0,2.27,2.41,0.0
20230113:0111,0.0,0.0,0.0,2.12,2.28,0.0
20230113:0211,0.0,0.0,0.0,2.11,2.28,0.0
20230113:0311,0.0,0.0,0.0,1.99,2.48,0.0
20230113:0411,0.0,0.0,0.0,1.88,2.97,0.0
20230113:0511,0.0,0.0,0.0,2.03,3.38,0.0
20230113:0611,0.0,0.0,0.0,2.15,3.31,0.0
20230113:0711,0.0,0.0,0.0,2.47,3.93,0.0
20230113:0811,0.0,1.79,2.47,2.9,4.48,0.0
20230113:0911,0.28,6.28,6.43,3.22,5.1,0.0
20230113:1011,1.94,9.86,8.74,3.98,4.9,0.0
20230113:1111,2.89,11.65,9.21,4.76,4.69,0.0
20230113:1211,14.87,29.59,7.8,4.81,4.28,0.0
20230113:1311,184.71,219.24,4.63,4.66,3.93,0.0
20230113:1411,0.0,0.0,0.0,4.29,3.66,0.0
20230113:1511,0.0,0.0,0.0,4.09,3.59,0.0
20230113:1611,0.0,0.0,0.0,3.94,3.72,0.0
20230113:1711,0.0,0.0,0.0,3.86,3.72,0.0
20230113:1811,0.0,0.0,0.0,3.76,3.93,0.0
20230113:1911,0.0,0.0,0.0,3.85,4.83,0.0
20230113:2011,0.0,0.0,0.0,3.96,4.97,0.0
20230113:2111,0.0,0.0,0.0,4.0,5.03,0.0
20230113:2211,0.0,0.0,0.0,4.05,5.17,0.0
20230113:2311,0.0,0.0,0.0,4.2,5.1,0.0
20230114:0011,0.0,0.0,0.0,4.2,5.03,0.0
20230114:0111,0.0,0.0,0.0,4.02,4.62,0.0
20230114:0211,0.0,0.0,0.0,3.9,4.07,0.0
20230114:0311,0.0,0.0,0.0,3.81,3.72,0.0
20230114:0411,0.0,0.0,0.0,3.78,3.38,0.0
20230114:0511,0.0,0.0,0.0,3.73,3.1,0.0
20230114:0611,0.0,0.0,0.0,3.65,2.76,0.0
20230114:0711,0.0,0.0,0.0,3.99,2.83,0.0
20230114:0811,0.0,1.79,2.6,3.9,2.69,0.0
20230114:0911,9.15,21.52,6.58,3.84,2.9,0.0
20230114:1011,8.53,20.62,8.9,3.96,3.38,0.0
20230114:1111,11.03,24.21,9.38,3.87,4.07,0.0
20230114:1211,41.09,61.41,7.98,3.47,4.55,0.0
20230114:1311,0.0,4.48,4.82,3.14,4.69,0.0
20230114:1411,0.0,0.0,0.0,2.83,4.69,0.0
20230114:1511,0.0,0.0,0.0,2.54,4.48,0.0
20230114:1611,0.0,0.0,0.0,2.39,4.21,0.0
20230114:1711,0.0,0.0,0.0,2.34,4.07,0.0
20230114:1811,0.0,0.0,0.0,2.35,3.66,0.0
20230114:1911,0.0,0.0,0.0,3.0,3.59,0.0
20230114:2011,0.0,0.0,0.0,3.16,3.86,0.0
20230114:2111,0.0,0.0,0.0,3.32,4.07,0.0
20230114:2211,0.0,0.0,0.0,3.38,4.48,0.0
20230114:2311,0.0,0.0,0.0,3.49,5.45,0.0
20230115:0011,0.0,0.0,0.0,3.66,6.07,0.0
20230115:0111,0.0,0.0,0.0,3.32,7.1,0.0
20230115:0211,0.0,0.0,0.0,3.12,7.86,0.0
20230115:0311,0.0,0.0,0.0,3.11,7.93,0.0
20230115:0411,0.0,0.0,0.0,3.18,7.66,0.0
20230115:0511,0.0,0.0,0.0,3.55,7.1,0.0
20230115:0611,0.0,0.0,0.0,4.0,6.41,0.0
20230115:0711,0.0,0.0,0.0,3.27,6.21,0.0
20230115:0811,186.2,220.09,2.75,3.16,5.66,0.0
20230115:0911,350.17,395.26,6.74,3.3,5.93,0.0
20230115:1011,484.35,543.11,9.07,3.52,6.28,0.0
20230115:1111,25.41,43.03,9.57,3.83,6.41,0.0
20230115:1211,481.16,541.27,8.18,4.21,6.41,0.0
20230115:1311,0.0,4.48,5.02,4.34,6.41,0.0
20230115:1411,0.0,0.0,0.0,4.24,6.28,0.0
20230115:1511,0.0,0.0,0.0,3.87,6.34,0.0
20230115:1611,0.0,0.0,0.0,3.61,6.41,0.0
20230115:1711,0.0,0.0,0.0,3.42,6.55,0.0
20230115:1811,0.0,0.0,0.0,3.35,6.97,0.0
20230115:1911,0.0,0.0,0.0,3.27,7.45,0.0
20230115:2011,0.0,0.0,0.0,3.21,7.59,0.0
20230115:2111,0.0,0.0,0.0,2.94,8.0,0.0
20230115:2211,0.0,0.0,0.0,2.6,7.59,0.0
20230115:2311,0.0,0.0,0.0,2.82,7.17,0.0
20230116:0011,0.0,0.0,0.0,2.84,7.17,0.0
20230116:0111,0.0,0.0,0.0,2.85,7.24,0.0
20230116:0211,0.0,0.0,0.0,3.02,6.9,0.0
20230116:0311,0.0,0.0,0.0,3.17,6.55,0.0
20230116:0411,0.0,0.0,0.0,3.31,6.28,0.0
20230116:0511,0.0,0.0,0.0,3.22,6.14,0.0
20230116:0611,0.0,0.0,0.0,2.95,5.45,0.0
20230116:0711,0.0,0.0,0.0,2.52,5.52,0.0
20230116:0811,180.8,213.53,2.9,2.26,5.45,0.0
20230116:0911,206.88,240.07,6.9,2.37,5.31,0.0
20230116:1011,174.25,205.75,9.25,2.86,5.38,0.0
20230116:1111,414.65,466.26,9.75,3.29,5.52,0.0
20230116:1211,498.23,561.0,8.37,3.42,5.31,0.0
20230116:1311,301.63,343.88,5.22,3.33,5.03,0.0
20230116:1411,0.0,0.0,0.0,2.83,4.76,0.0
20230116:1511,0.0,0.0,0.0,2.44,4.28,0.0
20230116:1611,0.0,0.0,0.0,2.05,3.86,0.0
20230116:1711,0.0,0.0,0.0,1.85,3.38,0.0
20230116:1811,0.0,0.0,0.0,1.58,3.17,0.0
20230116:1911,0.0,0.0,0.0,1.98,3.72,0.0
20230116:2011,0.0,0.0,0.0,2.1,3.86,0.0
20230116:2111,0.0,0.0,0.0,2.08,4.0,0.0
20230116:2211,0.0,0.0,0.0,2.14,4.07,0.0
20230116:2311,0.0,0.0,0.0,2.34,4.14,0.0
20230117:0011,0.0,0.0,0.0,2.54,4.55,0.0
20230117:0111,0.0,0.0,0.0,2.68,4.9,0.0
20230117:0211,0.0,0.0,0.0,2.6,5.17,0.0
20230117:0311,0.0,0.0,0.0,2.53,5.52,0.0
20230117:0411,0.0,0.0,0.0,2.41,5.79,0.0
20230117:0511,0.0,0.0,0.0,2.39,5.72,0.0
20230117:0611,0.0,0.0,0.0,2.28,5.45,0.0
20230117:0711,0.0,0.0,0.0,2.23,5.24,0.0
20230117:0811,1.97,9.86,3.05,2.11,5.45,0.0
20230117:0911,9.88,22.41,7.07,1.96,5.45,0.0
20230117:1011,10.52,23.31,9.44,1.81,4.83,0.0
20230117:1111,9.9,22.41,9.95,1.49,5.38,0.0
20230117:1211,7.46,18.83,8.58,1.03,6.83,0.0
20230117:1311,0.0,5.38,5.43,1.15,6.55,0.0
20230117:1411,0.0,0.0,0.0,1.1,5.72,0.0
20230117:1511,0.0,0.0,0.0,1.28,5.31,0.0
20230117:1611,0.0,0.0,0.0,1.78,4.9,0.0
20230117:1711,0.0,0.0,0.0,2.41,4.9,0.0
20230117:1811,0.0,0.0,0.0,2.64,4.97,0.0
20230117:1911,0.0,0.0,0.0,2.7,5.24,0.0
20230117:2011,0.0,0.0,0.0,2.74,4.97,0.0
20230117:2111,0.0,0.0,0.0,2.86,4.97,0.0
20230117:2211,0.0,0.0,0.0,2.89,5.1,0.0
20230117:2311,0.0,0.0,0.0,2.85,5.17,0.0
20230118:0011,0.0,0.0,0.0,2.79,5.17,0.0
20230118:0111,0.0,0.0,0.0,2.73,4.83,0.0
20230118:0211,0.0,0.0,0.0,2.42,4.69,0.0
20230118:0311,0.0,0.0,0.0,2.02,4.9,0.0
20230118:0411,0.0,0.0,0.0,1.79,4.83,0.0
20230118:0511,0.0,0.0,0.0,1.61,4.83,0.0
20230118:0611,0.0,0.0,0.0,1.24,4.9,0.0
20230118:0711,0.0,0.0,0.0,1.18,5.17,0.0
20230118:0811,203.77,237.19,3.21,1.24,5.38,0.0
20230118:0911,26.13,43.4,7.25,1.63,5.72,0.0
20230118:1011,17.13,32.27,9.63,2.17,5.72,0.0
20230118:1111,565.69,635.02,10.15,2.43,5.38,0.0
20230118:1211,470.22,527.35,8.79,2.62,5.31,0.0
20230118:1311,86.2,111.19,5.64,2.53,5.59,0.0
20230118:1411,0.0,0.0,0.0,2.21,5.31,0.0
20230118:1511,0.0,0.0,0.0,1.95,4.9,0.0
20230118:1611,0.0,0.0,0.0,1.65,4.48,0.0
20230118:1711,0.0,0.0,0.0,1.48,4.07,0.0
20230118:1811,0.0,0.0,0.0,1.28,3.59,0.0
20230118:1911,0.0,0.0,0.0,1.17,3.31,0.0
20230118:2011,0.0,0.0,0.0,0.9,2.83,0.0
20230118:2111,0.0,0.0,0.0,0.77,2.55,0.0
20230118:2211,0.0,0.0,0.0,0.6,2.34,0.0
20230118:2311,0.0,0.0,0.0,0.36,2.28,0.0
20230119:0011,0.0,0.0,0.0,0.27,2.34,0.0
20230119:0111,0.0,0.0,0.0,0.15,2.55,0.0
20230119:0211,0.0,0.0,0.0,0.13,2.41,0.0
20230119:0311,0.0,0.0,0.0,-0.16,2.28,0.0
20230119:0411,0.0,0.0,0.0,-0.3,2.28,0.0
20230119:0511,0.0,0.0,0.0,-0.44,2.34,0.0
20230119:0611,0.0,0.0,0.0,-0.59,2.34,0.0
20230119:0711,0.0,0.0,0.0,-0.35,2.48,0.0
20230119:0811,59.25,80.93,3.38,-0.55,2.69,0.0
20230119:0911,352.84,396.31,7.44,-0.51,2.76,0.0
20230119:1011,299.25,337.7,9.83,-0.17,2.97,0.0
20230119:1111,562.32,635.83,10.36,-0.08,2.55,0.0
20230119:1211,529.71,596.99,9.0,0.0,2.76,0.0
20230119:1311,344.32,388.72,5.86,0.1,2.76,0.0
20230119:1411,0.0,0.0,0.0,-0.04,2.62,0.0
20230119:1511,0.0,0.0,0.0,-0.36,2.48,0.0
20230119:1611,0.0,0.0,0.0,-0.43,2.48,0.0
20230119:1711,0.0,0.0,0.0,-0.26,2.34,0.0
20230119:1811,0.0,0.0,0.0,0.03,2.14,0.0
20230119:1911,0.0,0.0,0.0,0.25,2.9,0.0
20230119:2011,0.0,0.0,0.0,0.3,2.97,0.0
20230119:2111,0.0,0.0,0.0,0.39,3.1,0.0
20230119:2211,0.0,0.0,0.0,0.56,3.24,0.0
20230119:2311,0.0,0.0,0.0,0.59,3.1,0.0
20230120:0011,0.0,0.0,0.0,0.5,2.83,0.0
20230120:0111,0.0,0.0,0.0,0.46,2.69,0.0
20230120:0211,0.0,0.0,0.0,0.35,2.76,0.0
20230120:0311,0.0,0.0,0.0,0.36,2.83,0.0
20230120:0411,0.0,0.0,0.0,0.34,3.03,0.0
20230120:0511,0.0,0.0,0.0,0.67,3.17,0.0
20230120:0611,0.0,0.0,0.0,0.7,3.1,0.0
20230120:0711,0.0,0.0,0.0,0.67,2.69,0.0
20230120:0811,11.42,24.33,3.56,0.62,2.83,0.0
20230120:0911,15.2,29.59,7.63,0.64,2.69,0.0
20230120:1011,7.45,18.83,10.03,1.1,2.55,0.0
20230120:1111,3.48,12.55,10.58,1.41,2.21,0.0
20230120:1211,48.02,69.19,9.23,1.46,1.72,0.0
20230120:1311,4.01,13.45,6.08,1.35,1.52,0.0
20230120:1411,0.0,0.0,0.0,1.16,1.24,0.0
20230120:1511,0.0,0.0,0.0,0.36,0.55,0.0
20230120:1611,0.0,0.0,0.0,0.75,0.21,0.0
20230120:1711,0.0,0.0,0.0,0.5,0.07,0.0
20230120:1811,0.0,0.0,0.0,0.34,0.14,0.0
20230120:1911,0.0,0.0,0.0,-1.59,1.31,0.0
20230120:2011,0.0,0.0,0.0,-1.4,1.38,0.0
20230120:2111,0.0,0.0,0.0,-1.31,1.45,0.0
20230120:2211,0.0,0.0,0.0,-1.11,1.45,0.0
20230120:2311,0.0,0.0,0.0,-1.31,1.52,0.0
20230121:0011,0.0,0.0,0.0,-1.22,1.38,0.0
20230121:0111,0.0,0.0,0.0,-1.16,1.31,0.0
20230121:0211,0.0,0.0,0.0,-1.21,1.38,0.0
20230121:0311,0.0,0.0,0.0,-1.46,1.66,0.0
20230121:0411,0.0,0.0,0.0,-1.35,1.72,0.0
20230121:0511,0.0,0.0,0.0,-1.44,1.79,0.0
20230121:0611,0.0,0.0,0.0,-1.52,1.66,0.0
20230121:0711,0.0,0.0,0.0,-1.39,2.0,0.0
20230121:0811,2.51,10.76,3.74,-1.45,2.0,0.0
20230121:0911,11.34,24.21,7.82,-1.27,1.59,0.0
20230121:1011,8.13,19.72,10.24,-0.62,0.97,0.0
20230121:1111,10.62,23.31,10.8,-0.13,0.83,0.0
20230121:1211,6.3,17.03,9.45,0.06,1.24,0.0
20230121:1311,0.69,7.17,6.31,-0.31,1.79,0.0
20230121:1411,0.0,0.83,1.62,-1.0,2.07,0.0
20230121:1511,0.0,0.0,0.0,-1.56,1.79,0.0
20230121:1611,0.0,0.0,0.0,-1.88,1.17,0.0
20230121:1711,0.0,0.0,0.0,-2.42,1.17,0.0
20230121:1811,0.0,0.0,0.0,-2.74,1.52,0.0
20230121:1911,0.0,0.0,0.0,-3.43,1.38,0.0
20230121:2011,0.0,0.0,0.0,-3.44,1.52,0.0
20230121:2111,0.0,0.0,0.0,-3.63,1.72,0.0
20230121:2211,0.0,0.0,0.0,-3.8,1.66,0.0
20230121:2311,0.0,0.0,0.0,-3.98,1.59,0.0
20230122:0011,0.0,0.0,0.0,-4.26,1.45,0.0
20230122:0111,0.0,0.0,0.0,-4.52,1.03,0.0
20230122:0211,0.0,0.0,0.0,-4.69,1.03,0.0
20230122:0311,0.0,0.0,0.0,-4.64,0.83,0.0
20230122:0411,0.0,0.0,0.0,-4.63,0.9,0.0
20230122:0511,0.0,0.0,0.0,-4.71,1.03,0.0
20230122:0611,0.0,0.0,0.0,-4.71,1.03,0.0
20230122:0711,0.0,0.0,0.0,-5.0,0.97,0.0
20230122:0811,4.17,13.45,3.93,-4.88,0.9,0.0
20230122:0911,16.28,30.48,8.03,-4.37,0.69,0.0
20230122:1011,12.8,26.0,10.46,-3.56,0.76,0.0
20230122:1111,15.46,29.59,11.03,-2.8,0.9,0.0
20230122:1211,6.98,17.93,9.69,-2.18,0.97,0.0
20230122:1311,1.57,8.97,6.55,-2.04,0.97,0.0
20230122:1411,0.0,0.83,1.86,-2.13,0.97,0.0
20230122:1511,0.0,0.0,0.0,-2.32,1.17,0.0
20230122:1611,0.0,0.0,0.0,-2.41,1.17,0.0
20230122:1711,0.0,0.0,0.0,-2.32,0.97,0.0
20230122:1811,0.0,0.0,0.0,-2.33,1.03,0.0
20230122:1911,0.0,0.0,0.0,-3.07,1.45,0.0
20230122:2011,0.0,0.0,0.0,-3.0,1.52,0.0
20230122:2111,0.0,0.0,0.0,-2.78,1.72,0.0
20230122:2211,0.0,0.0,0.0,-2.72,1.93,0.0
20230122:2311,0.0,0.0,0.0,-2.63,2.07,0.0
20230123:0011,0.0,0.0,0.0,-2.54,2.21,0.0
20230123:0111,0.0,0.0,0.0,-2.48,2.41,0.0
20230123:0211,0.0,0.0,0.0,-2.48,2.69,0.0
20230123:0311,0.0,0.0,0.0,-2.54,2.97,0.0
20230123:0411,0.0,0.0,0.0,-2.69,3.1,0.0
20230123:0511,0.0,0.0,0.0,-2.89,3.03,0.0
20230123:0611,0.0,0.0,0.0,-2.93,3.31,0.0
20230123:0711,0.0,0.0,0.0,-3.14,3.59,0.0
20230123:0811,1.13,8.07,4.13,-3.06,3.86,0.0
20230123:0911,14.82,28.69,8.24,-3.04,4.14,0.0
20230123:1011,14.8,28.69,10.68,-2.84,3.86,0.0
20230123:1111,14.1,27.79,11.26,-2.57,3.59,0.0
20230123:1211,8.22,19.72,9.93,-2.35,3.52,0.0
20230123:1311,1.13,8.07,6.79,-2.33,3.72,0.0
20230123:1411,0.0,0.83,2.09,-2.65,3.66,0.0
20230123:1511,0.0,0.0,0.0,-2.91,3.86,0.0
20230123:1611,0.0,0.0,0.0,-3.05,4.14,0.0
20230123:1711,0.0,0.0,0.0,-3.03,4.34,0.0
20230123:1811,0.0,0.0,0.0,-3.08,4.55,0.0
20230123:1911,0.0,0.0,0.0,-3.28,4.76,0.0
20230123:2011,0.0,0.0,0.0,-3.07,4.97,0.0
20230123:2111,0.0,0.0,0.0,-2.82,5.24,0.0
20230123:2211,0.0,0.0,0.0,-2.51,5.17,0.0
20230123:2311,0.0,0.0,0.0,-2.19,5.24,0.0
20230124:0011,0.0,0.0,0.0,-1.89,5.17,0.0
20230124:0111,0.0,0.0,0.0,-1.52,5.03,0.0
20230124:0211,0.0,0.0,0.0,-1.16,4.9,0.0
20230124:0311,0.0,0.0,0.0,-0.85,4.9,0.0
20230124:0411,0.0,0.0,0.0,-0.5,4.83,0.0
20230124:0511,0.0,0.0,0.0,-0.19,4.62,0.0
20230124:0611,0.0,0.0,0.0,0.11,4.41,0.0
20230124:0711,0.0,0.0,0.0,0.41,4.34,0.0
20230124:0811,5.13,15.24,4.33,0.77,4.28,0.0
20230124:0911,15.16,29.59,8.45,1.22,4.21,0.0
20230124:1011,9.26,21.52,10.91,1.68,4.21,0.0
20230124:1111,8.62,20.62,11.5,2.05,4.21,0.0
20230124:1211,5.64,16.14,10.17,2.43,4.21,0.0
20230124:1311,0.67,7.17,7.04,2.39,4.07,0.0
20230124:1411,0.0,3.31,2.34,2.21,3.93,0.0
20230124:1511,0.0,0.0,0.0,2.02,3.86,0.0
20230124:1611,0.0,0.0,0.0,2.04,3.93,0.0
20230124:1711,0.0,0.0,0.0,2.16,4.0,0.0
20230124:1811,0.0,0.0,0.0,2.28,4.21,0.0
20230124:1911,0.0,0.0,0.0,2.46,4.21,0.0
20230124:2011,0.0,0.0,0.0,2.59,4.28,0.0
20230124:2111,0.0,0.0,0.0,2.71,4.34,0.0
20230124:2211,0.0,0.0,0.0,2.88,4.48,0.0
20230124:2311,0.0,0.0,0.0,3.06,4.76,0.0
20230125:0011,0.0,0.0,0.0,3.28,5.03,0.0
20230125:0111,0.0,0.0,0.0,3.53,5.24,0.0
20230125:0211,0.0,0.0,0.0,3.79,5.38,0.0
20230125:0311,0.0,0.0,0.0,4.05,5.52,0.0
20230125:0411,0.0,0.0,0.0,4.31,5.66,0.0
20230125:0511,0.0,0.0,0.0,4.59,5.72,0.0
20230125:0611,0.0,0.0,0.0,4.81,5.86,0.0
20230125:0711,0.0,0.0,0.0,4.76,6.07,0.0
20230125:0811,0.27,6.28,4.54,5.0,6.0,0.0
20230125:0911,34.61,54.27,8.68,5.2,6.07,0.0
20230125:1011,3.38,12.55,11.15,5.43,6.07,0.0
20230125:1111,3.9,13.45,11.75,5.57,6.0,0.0
20230125:1211,7.85,19.72,10.42,5.55,6.0,0.0
20230125:1311,2.39,10.76,7.29,5.47,5.86,0.0
20230125:1411,0.0,1.65,2.59,5.35,5.66,0.0
20230125:1511,0.0,0.0,0.0,5.13,5.45,0.0
20230125:1611,0.0,0.0,0.0,5.03,5.24,0.0
20230125:1711,0.0,0.0,0.0,4.94,5.03,0.0
20230125:1811,0.0,0.0,0.0,4.83,4.76,0.0
20230125:1911,0.0,0.0,0.0,4.19,4.41,0.0
20230125:2011,0.0,0.0,0.0,4.1,4.0,0.0
20230125:2111,0.0,0.0,0.0,4.04,4.0,0.0
20230125:2211,0.0,0.0,0.0,3.92,4.14,0.0
20230125:2311,0.0,0.0,0.0,3.82,4.14,0.0
20230126:0011,0.0,0.0,0.0,3.76,4.0,0.0
20230126:0111,0.0,0.0,0.0,3.66,3.66,0.0
20230126:0211,0.0,0.0,0.0,3.54,3.31,0.0
20230126:0311,0.0,0.0,0.0,3.43,3.03,0.0
20230126:0411,0.0,0.0,0.0,3.31,2.9,0.0
20230126:0511,0.0,0.0,0.0,3.06,2.83,0.0
20230126:0611,0.0,0.0,0.0,2.73,2.97,0.0
20230126:0711,0.0,0.0,0.0,2.86,3.1,0.0
20230126:0811,111.25,139.18,4.75,2.49,3.59,0.0
20230126:0911,200.77,234.22,8.91,2.21,4.07,0.0
20230126:1011,180.17,212.14,11.39,2.16,4.28,0.0
20230126:1111,573.99,647.73,12.0,2.28,4.41,0.0
20230126:1211,554.33,625.06,10.68,2.28,4.41,0.0
20230126:1311,415.43,468.09,7.54,1.98,4.28,0.0
20230126:1411,0.0,3.31,2.84,1.38,3.93,0.0
20230126:1511,0.0,0.0,0.0,0.58,3.86,0.0
20230126:1611,0.0,0.0,0.0,0.09,3.72,0.0
20230126:1711,0.0,0.0,0.0,-0.23,3.59,0.0
20230126:1811,0.0,0.0,0.0,-0.44,3.52,0.0
20230126:1911,0.0,0.0,0.0,-0.57,3.31,0.0
20230126:2011,0.0,0.0,0.0,-0.76,3.31,0.0
20230126:2111,0.0,0.0,0.0,-0.94,3.24,0.0
20230126:2211,0.0,0.0,0.0,-1.11,3.31,0.0
20230126:2311,0.0,0.0,0.0,-1.26,3.31,0.0
20230127:0011,0.0,0.0,0.0,-1.41,3.45,0.0
20230127:0111,0.0,0.0,0.0,-1.5,3.59,0.0
20230127:0211,0.0,0.0,0.0,-1.65,3.31,0.0
20230127:0311,0.0,0.0,0.0,-1.76,3.03,0.0
20230127:0411,0.0,0.0,0.0,-1.93,2.9,0.0
20230127:0511,0.0,0.0,0.0,-2.01,2.76,0.0
20230127:0611,0.0,0.0,0.0,-2.14,2.62,0.0
20230127:0711,0.0,0.0,0.0,-2.5,2.34,0.0
20230127:0811,308.37,348.76,4.97,-2.52,1.86,0.0
20230127:0911,269.48,305.49,9.14,-2.17,1.38,0.0
20230127:1011,288.54,327.05,11.64,-1.64,1.24,0.0
20230127:1111,578.28,661.9,12.25,-1.03,1.24,0.0
20230127:1211,472.75,535.56,10.94,-0.75,1.45,0.0
20230127:1311,381.68,431.69,7.8,-0.82,1.52,0.0
20230127:1411,0.31,6.28,3.1,-1.19,1.86,0.0
20230127:1511,0.0,0.0,0.0,-1.69,2.28,0.0
20230127:1611,0.0,0.0,0.0,-2.08,2.48,0.0
20230127:1711,0.0,0.0,0.0,-2.28,2.55,0.0
20230127:1811,0.0,0.0,0.0,-2.36,2.69,0.0
20230127:1911,0.0,0.0,0.0,-2.3,3.03,0.0
20230127:2011,0.0,0.0,0.0,-2.29,3.24,0.0
20230127:2111,0.0,0.0,0.0,-2.27,3.45,0.0
20230127:2211,0.0,0.0,0.0,-2.23,3.59,0.0
20230127:2311,0.0,0.0,0.0,-2.13,3.79,0.0
20230128:0011,0.0,0.0,0.0,-2.02,4.14,0.0
20230128:0111,0.0,0.0,0.0,-1.75,4.48,0.0
20230128:0211,0.0,0.0,0.0,-1.65,4.76,0.0
20230128:0311,0.0,0.0,0.0,-1.48,4.97,0.0
20230128:0411,0.0,0.0,0.0,-1.34,5.17,0.0
20230128:0511,0.0,0.0,0.0,-1.14,5.45,0.0
20230128:0611,0.0,0.0,0.0,-0.89,5.59,0.0
20230128:0711,0.0,0.0,0.0,-0.47,5.59,0.0
20230128:0811,0.0,4.48,5.2,0.01,5.45,0.0
20230128:0911,506.48,563.95,9.38,0.62,5.24,0.0
20230128:1011,129.39,157.43,11.89,1.25,5.31,0.0
20230128:1111,125.81,154.16,12.52,1.88,4.9,0.0
20230128:1211,159.64,190.54,11.2,2.35,4.14,0.0
20230128:1311,25.91,43.33,8.07,2.47,3.86,0.0
20230128:1411,0.0,2.69,3.36,1.93,3.52,0.0
20230128:1511,0.0,0.0,0.0,0.9,3.38,0.0
20230128:1611,0.0,0.0,0.0,0.16,3.17,0.0
20230128:1711,0.0,0.0,0.0,-0.13,3.1,0.0
20230128:1811,0.0,0.0,0.0,-0.52,3.03,0.0
20230128:1911,0.0,0.0,0.0,-0.65,3.1,0.0
20230128:2011,0.0,0.0,0.0,-0.67,3.31,0.0
20230128:2111,0.0,0.0,0.0,-0.66,3.38,0.0
20230128:2211,0.0,0.0,0.0,-0.65,3.31,0.0
20230128:2311,0.0,0.0,0.0,-0.69,3.1,0.0
20230129:0011,0.0,0.0,0.0,-0.72,2.9,0.0
20230129:0111,0.0,0.0,0.0,-0.86,2.83,0.0
20230129:0211,0.0,0.0,0.0,-1.03,2.83,0.0
20230129:0311,0.0,0.0,0.0,-1.14,2.9,0.0
20230129:0411,0.0,0.0,0.0,-1.15,2.97,0.0
20230129:0511,0.0,0.0,0.0,-0.94,2.9,0.0
20230129:0611,0.0,0.0,0.0,-0.87,3.03,0.0
20230129:0711,0.0,0.0,0.0,-0.52,3.17,0.0
20230129:0811,15.94,30.33,5.43,-0.33,3.38,0.0
20230129:0911,25.12,42.14,9.63,0.19,3.52,0.0
20230129:1011,171.02,201.82,12.15,0.94,3.52,0.0
20230129:1111,171.81,203.31,12.78,1.7,3.66,0.0
20230129:1211,484.54,545.06,11.47,2.29,4.41,0.0
20230129:1311,195.6,228.83,8.34,2.62,5.1,0.0
20230129:1411,0.0,2.69,3.62,2.64,5.31,0.0
20230129:1511,0.0,0.0,0.0,2.8,5.66,0.0
20230129:1611,0.0,0.0,0.0,3.23,5.93,0.0
20230129:1711,0.0,0.0,0.0,3.41,6.0,0.0
20230129:1811,0.0,0.0,0.0,3.55,6.14,0.0
20230129:1911,0.0,0.0,0.0,3.73,6.62,0.0
20230129:2011,0.0,0.0,0.0,4.06,7.1,0.0
20230129:2111,0.0,0.0,0.0,4.41,7.66,0.0
20230129:2211,0.0,0.0,0.0,4.66,7.79,0.0
20230129:2311,0.0,0.0,0.0,4.92,7.59,0.0
20230130:0011,0.0,0.0,0.0,5.05,7.31,0.0
20230130:0111,0.0,0.0,0.0,4.86,7.03,0.0
20230130:0211,0.0,0.0,0.0,4.74,6.69,0.0
20230130:0311,0.0,0.0,0.0,4.74,6.69,0.0
20230130:0411,0.0,0.0,0.0,4.35,6.55,0.0
20230130:0511,0.0,0.0,0.0,3.63,6.48,0.0
20230130:0611,0.0,0.0,0.0,2.81,6.21,0.0
20230130:0711,0.0,0.0,0.0,2.23,6.41,0.0
20230130:0811,17.66,32.84,5.67,2.16,6.28,0.0
20230130:0911,40.09,60.25,9.88,2.55,6.28,0.0
20230130:1011,537.5,602.31,12.41,3.14,6.41,0.0
20230130:1111,639.77,720.08,13.06,3.18,6.34,0.0
20230130:1211,230.22,265.08,11.75,2.55,6.21,0.0
20230130:1311,452.18,507.75,8.61,2.87,6.0,0.0
20230130:1411,2.93,11.65,3.89,3.19,5.79,0.0
20230130:1511,0.0,0.0,0.0,2.95,5.66,0.0
20230130:1611,0.0,0.0,0.0,2.62,5.38,0.0
20230130:1711,0.0,0.0,0.0,2.64,5.72,0.0
20230130:1811,0.0,0.0,0.0,2.86,5.93,0.0
20230130:1911,0.0,0.0,0.0,2.58,5.59,0.0
20230130:2011,0.0,0.0,0.0,2.49,5.38,0.0
20230130:2111,0.0,0.0,0.0,2.17,5.52,0.0
20230130:2211,0.0,0.0,0.0,1.84,5.59,0.0
20230130:2311,0.0,0.0,0.0,1.51,5.52,0.0
20230131:0011,0.0,0.0,0.0,1.17,5.03,0.0
20230131:0111,0.0,0.0,0.0,0.9,5.1,0.0
20230131:0211,0.0,0.0,0.0,0.71,5.1,0.0
20230131:0311,0.0,0.0,0.0,0.55,5.03,0.0
20230131:0411,0.0,0.0,0.0,0.36,4.76,0.0
20230131:0511,0.0,0.0,0.0,0.12,4.62,0.0
20230131:0611,0.0,0.0,0.0,-0.1,4.55,0.0
20230131:0711,0.0,0.0,0.0,-0.15,4.69,0.0
20230131:0811,318.73,359.92,5.92,-0.14,4.48,0.0
20230131:0911,464.09,517.73,10.14,0.22,4.41,0.0
20230131:1011,424.07,474.86,12.69,0.77,4.07,0.0
20230131:1111,650.91,737.81,13.33,1.31,4.0,0.0
20230131:1211,610.42,693.01,12.03,1.61,3.59,0.0
20230131:1311,477.21,539.86,8.89,1.53,3.24,0.0
20230131:1411,1.53,8.97,4.16,0.91,2.9,0.0
20230131:1511,0.0,0.0,0.0,0.05,2.97,0.0
20230131:1611,0.0,0.0,0.0,-0.39,2.83,0.0
20230131:1711,0.0,0.0,0.0,-0.64,2.69,0.0
20230131:1811,0.0,0.0,0.0,-0.81,2.48,0.0
20230131:1911,0.0,0.0,0.0,-1.01,2.07,0.0
20230131:2011,0.0,0.0,0.0,-1.07,1.86,0.0
20230131:2111,0.0,0.0,0.0,-1.07,1.66,0.0
20230131:2211,0.0,0.0,0.0,-1.12,1.31,0.0
20230131:2311,0.0,0.0,0.0,-1.7,1.03,0.0
20230201:0011,0.0,0.0,0.0,-1.92,0.9,0.0
20230201:0111,0.0,0.0,0.0,-1.99,0.9,0.0
20230201:0211,0.0,0.0,0.0,-2.17,1.03,0.0
20230201:0311,0.0,0.0,0.0,-2.11,1.03,0.0
20230201:0411,0.0,0.0,0.0,-2.04,0.9,0.0
20230201:0511,0.0,0.0,0.0,-1.81,0.62,0.0
20230201:0611,0.0,0.0,0.0,-1.56,0.48,0.0
20230201:0711,0.0,0.0,0.0,-1.56,0.83,0.0
20230201:0811,26.59,43.58,6.17,-1.02,1.17,0.0
20230201:0911,20.11,35.86,10.41,-0.23,1.03,0.0
20230201:1011,13.88,27.79,12.96,0.12,0.83,0.0
20230201:1111,182.63,215.87,13.62,0.7,0.97,0.0
20230201:1211,32.33,51.1,12.31,0.94,1.1,0.0
20230201:1311,2.98,11.65,9.17,0.53,1.31,0.0
20230201:1411,1.54,8.97,4.44,0.21,1.59,0.0
20230201:1511,0.0,0.0,0.0,-0.22,1.93,0.0
20230201:1611,0.0,0.0,0.0,-0.57,2.14,0.0
20230201:1711,0.0,0.0,0.0,-0.73,2.41,0.0
20230201:1811,0.0,0.0,0.0,-0.99,2.62,0.0
20230201:1911,0.0,0.0,0.0,-1.24,2.55,0.0
20230201:2011,0.0,0.0,0.0,-1.41,2.76,0.0
20230201:2111,0.0,0.0,0.0,-1.53,3.1,0.0
20230201:2211,0.0,0.0,0.0,-1.66,3.45,0.0
20230201:2311,0.0,0.0,0.0,-1.46,3.93,0.0
20230202:0011,0.0,0.0,0.0,-1.49,4.28,0.0
20230202:0111,0.0,0.0,0.0,-1.67,4.34,0.0
20230202:0211,0.0,0.0,0.0,-1.85,4.34,0.0
20230202:0311,0.0,0.0,0.0,-2.2,4.34,0.0
20230202:0411,0.0,0.0,0.0,-2.53,4.55,0.0
20230202:0511,0.0,0.0,0.0,-2.87,4.55,0.0
20230202:0611,0.0,0.0,0.0,-2.99,4.55,0.0
20230202:0711,0.0,0.0,0.0,-2.56,4.55,0.0
20230202:0811,34.18,52.23,6.43,-2.39,4.28,0.0
20230202:0911,292.92,326.74,10.68,-2.29,4.62,0.0
20230202:1011,50.62,71.45,13.24,-1.95,4.62,0.0
20230202:1111,63.94,86.36,13.9,-1.71,4.28,0.0
20230202:1211,430.3,477.16,12.6,-1.5,4.0,0.0
20230202:1311,298.0,334.54,9.46,-1.54,3.59,0.0
20230202:1411,5.78,16.14,4.72,-1.81,3.45,0.0
20230202:1511,0.0,0.0,0.0,-2.54,3.66,0.0
20230202:1611,0.0,0.0,0.0,-3.02,3.59,0.0
20230202:1711,0.0,0.0,0.0,-3.28,3.31,0.0
20230202:1811,0.0,0.0,0.0,-3.54,2.97,0.0
20230202:1911,0.0,0.0,0.0,-4.08,2.9,0.0
20230202:2011,0.0,0.0,0.0,-4.42,2.62,0.0
20230202:2111,0.0,0.0,0.0,-4.73,2.34,0.0
20230202:2211,0.0,0.0,0.0,-5.04,2.21,0.0
20230202:2311,0.0,0.0,0.0,-5.29,2.07,0.0
20230203:0011,0.0,0.0,0.0,-5.53,1.93,0.0
20230203:0111,0.0,0.0,0.0,-5.73,1.66,0.0
20230203:0211,0.0,0.0,0.0,-5.7,1.17,0.0
20230203:0311,0.0,0.0,0.0,-5.66,0.9,0.0
20230203:0411,0.0,0.0,0.0,-5.75,0.41,0.0
20230203:0511,0.0,0.0,0.0,-5.66,0.83,0.0
20230203:0611,0.0,0.0,0.0,-5.41,1.38,0.0
20230203:0711,0.0,0.0,0.0,-4.64,1.79,0.0
20230203:0811,80.69,103.32,6.69,-4.16,2.21,0.0
20230203:0911,328.65,367.19,10.95,-3.02,2.21,0.0
20230203:1011,265.62,300.95,13.53,-1.67,2.34,0.0
20230203:1111,390.97,438.22,14.2,-0.88,2.69,0.0
20230203:1211,176.74,207.08,12.9,-0.64,2.9,0.0
20230203:1311,31.52,49.63,9.75,-0.61,3.38,0.0
20230203:1411,3.01,11.65,5.0,-0.92,3.52,0.0
20230203:1511,0.0,0.0,0.0,-1.47,3.86,0.0
20230203:1611,0.0,0.0,0.0,-1.97,4.41,0.0
20230203:1711,0.0,0.0,0.0,-2.46,4.69,0.0
20230203:1811,0.0,0.0,0.0,-2.94,4.76,0.0
20230203:1911,0.0,0.0,0.0,-2.6,4.69,0.0
20230203:2011,0.0,0.0,0.0,-2.39,5.03,0.0
20230203:2111,0.0,0.0,0.0,-2.44,5.31,0.0
20230203:2211,0.0,0.0,0.0,-2.71,5.52,0.0
20230203:2311,0.0,0.0,0.0,-2.87,5.86,0.0
20230204:0011,0.0,0.0,0.0,-3.0,6.07,0.0
20230204:0111,0.0,0.0,0.0,-3.14,6.07,0.0
20230204:0211,0.0,0.0,0.0,-3.39,5.93,0.0
20230204:0311,0.0,0.0,0.0,-3.6,5.52,0.0
20230204:0411,0.0,0.0,0.0,-3.76,5.86,0.0
20230204:0511,0.0,0.0,0.0,-3.87,5.66,0.0
20230204:0611,0.0,0.0,0.0,-3.96,5.45,0.0
20230204:0711,0.0,0.0,0.0,-3.7,5.24,0.0
20230204:0811,237.22,267.49,6.96,-3.74,5.17,0.0
20230204:0911,420.91,461.37,11.23,-3.54,4.83,0.0
20230204:1011,352.99,389.06,13.82,-3.15,4.83,0.0
20230204:1111,566.54,624.92,14.5,-2.67,4.55,0.0
20230204:1211,494.26,545.24,13.2,-2.38,4.34,0.0
20230204:1311,321.86,358.25,10.04,-2.48,4.0,0.0
20230204:1411,267.44,303.69,5.29,-2.8,3.38,0.0
20230204:1511,0.0,0.0,0.0,-3.52,2.83,0.0
20230204:1611,0.0,0.0,0.0,-4.06,2.34,0.0
20230204:1711,0.0,0.0,0.0,-4.49,1.86,0.0
20230204:1811,0.0,0.0,0.0,-4.97,1.66,0.0
20230204:1911,0.0,0.0,0.0,-5.58,2.07,0.0
20230204:2011,0.0,0.0,0.0,-6.06,2.21,0.0
20230204:2111,0.0,0.0,0.0,-6.29,2.41,0.0
20230204:2211,0.0,0.0,0.0,-6.41,2.41,0.0
20230204:2311,0.0,0.0,0.0,-6.42,2.48,0.0
20230205:0011,0.0,0.0,0.0,-6.29,2.9,0.0
20230205:0111,0.0,0.0,0.0,-6.01,3.17,0.0
20230205:0211,0.0,0.0,0.0,-5.77,3.45,0.0
20230205:0311,0.0,0.0,0.0,-5.44,3.72,0.0
20230205:0411,0.0,0.0,0.0,-5.03,4.0,0.0
20230205:0511,0.0,0.0,0.0,-4.63,4.28,0.0
20230205:0611,0.0,0.0,0.0,-4.38,4.41,0.0
20230205:0711,0.0,0.0,0.0,-3.38,4.76,0.0
20230205:0811,4.12,13.45,7.23,-2.96,4.69,0.0
20230205:0911,8.23,19.72,11.52,-2.55,4.28,0.0
20230205:1011,42.19,61.86,14.12,-2.38,4.48,0.0
20230205:1111,32.93,51.1,14.8,-2.24,4.55,0.0
20230205:1211,38.25,57.38,13.5,-2.07,4.34,0.0
20230205:1311,29.08,46.62,10.34,-1.76,4.28,0.0
20230205:1411,1.56,8.97,5.58,-1.62,4.34,0.0
20230205:1511,0.0,0.0,0.0,-1.51,3.79,0.0
20230205:1611,0.0,0.0,0.0,-1.59,3.66,0.0
20230205:1711,0.0,0.0,0.0,-1.93,3.79,0.0
20230205:1811,0.0,0.0,0.0,-2.2,3.93,0.0
20230205:1911,0.0,0.0,0.0,-2.28,3.79,0.0
20230205:2011,0.0,0.0,0.0,-2.29,3.72,0.0
20230205:2111,0.0,0.0,0.0,-2.4,3.59,0.0
20230205:2211,0.0,0.0,0.0,-2.51,3.72,0.0
20230205:2311,0.0,0.0,0.0,-2.6,3.86,0.0
20230206:0011,0.0,0.0,0.0,-2.64,3.93,0.0
20230206:0111,0.0,0.0,0.0,-2.67,3.79,0.0
20230206:0211,0.0,0.0,0.0,-2.78,3.72,0.0
20230206:0311,0.0,0.0,0.0,-2.95,3.66,0.0
20230206:0411,0.0,0.0,0.0,-3.1,3.59,0.0
20230206:0511,0.0,0.0,0.0,-3.29,3.38,0.0
20230206:0611,0.0,0.0,0.0,-3.51,3.24,0.0
20230206:0711,0.0,0.0,0.0,-4.16,3.1,0.0
20230206:0811,165.62,193.19,7.51,-3.94,2.83,0.0
20230206:0911,188.53,217.71,11.81,-2.97,2.41,0.0
20230206:1011,140.92,168.82,14.42,-1.73,2.41,0.0
20230206:1111,259.01,295.26,15.1,-0.64,2.48,0.0
20230206:1211,283.37,322.57,13.8,0.09,2.34,0.0
20230206:1311,142.35,171.67,10.64,0.36,1.93,0.0
20230206:1411,11.92,25.1,5.87,-0.12,2.28,0.0
20230206:1511,0.0,0.0,0.0,-1.11,2.69,0.0
20230206:1611,0.0,0.0,0.0,-1.74,2.62,0.0
20230206:1711,0.0,0.0,0.0,-2.03,2.62,0.0
20230206:1811,0.0,0.0,0.0,-2.11,2.97,0.0
20230206:1911,0.0,0.0,0.0,-2.06,3.1,0.0
20230206:2011,0.0,0.0,0.0,-1.91,3.1,0.0
20230206:2111,0.0,0.0,0.0,-1.72,2.83,0.0
20230206:2211,0.0,0.0,0.0,-1.69,2.9,0.0
20230206:2311,0.0,0.0,0.0,-1.4,3.24,0.0
20230207:0011,0.0,0.0,0.0,-0.86,3.66,0.0
20230207:0111,0.0,0.0,0.0,-0.46,3.38,0.0
20230207:0211,0.0,0.0,0.0,-0.22,3.38,0.0
20230207:0311,0.0,0.0,0.0,0.02,3.45,0.0
20230207:0411,0.0,0.0,0.0,0.2,3.45,0.0
20230207:0511,0.0,0.0,0.0,0.28,3.59,0.0
20230207:0611,0.0,0.0,0.0,0.26,3.72,0.0
20230207:0711,0.0,1.79,2.1,0.48,3.79,0.0
20230207:0811,9.31,21.52,7.79,0.66,3.72,0.0
20230207:0911,22.85,39.45,12.11,1.08,3.86,0.0
20230207:1011,20.67,36.76,14.72,1.52,3.93,0.0
20230207:1111,96.39,123.29,15.41,1.95,3.86,0.0
20230207:1211,13.08,26.9,14.11,2.21,4.21,0.0
20230207:1311,5.64,16.14,10.94,2.39,4.28,0.0
20230207:1411,0.29,6.28,6.16,2.35,4.28,0.0
20230207:1511,0.0,0.0,0.0,2.22,4.41,0.0
20230207:1611,0.0,0.0,0.0,1.79,4.41,0.0
20230207:1711,0.0,0.0,0.0,1.57,4.48,0.0
20230207:1811,0.0,0.0,0.0,1.53,4.48,0.0
20230207:1911,0.0,0.0,0.0,1.55,4.28,0.0
20230207:2011,0.0,0.0,0.0,1.55,3.86,0.0
20230207:2111,0.0,0.0,0.0,1.63,3.59,0.0
20230207:2211,0.0,0.0,0.0,1.73,3.52,0.0
20230207:2311,0.0,0.0,0.0,1.83,3.31,0.0
20230208:0011,0.0,0.0,0.0,1.8,3.38,0.0
20230208:0111,0.0,0.0,0.0,1.76,3.52,0.0
20230208:0211,0.0,0.0,0.0,1.92,3.72,0.0
20230208:0311,0.0,0.0,0.0,2.05,3.79,0.0
20230208:0411,0.0,0.0,0.0,2.16,3.79,0.0
20230208:0511,0.0,0.0,0.0,2.22,3.79,0.0
20230208:0611,0.0,0.0,0.0,2.34,3.72,0.0
20230208:0711,0.0,2.69,2.38,2.43,3.86,0.0
20230208:0811,18.47,34.07,8.08,2.56,3.93,0.0
20230208:0911,27.69,45.72,12.41,2.82,4.0,0.0
20230208:1011,17.72,33.17,15.04,3.18,4.21,0.0
20230208:1111,26.16,43.93,15.73,3.43,4.34,0.0
20230208:1211,9.78,22.41,14.43,3.63,4.41,0.0
20230208:1311,7.33,18.83,11.25,3.81,4.41,0.0
20230208:1411,0.28,6.28,6.46,3.75,4.21,0.0
20230208:1511,0.0,0.0,0.0,3.59,4.28,0.0
20230208:1611,0.0,0.0,0.0,3.06,4.48,0.0
20230208:1711,0.0,0.0,0.0,2.65,4.83,0.0
20230208:1811,0.0,0.0,0.0,2.33,5.17,0.0
20230208:1911,0.0,0.0,0.0,2.4,5.31,0.0
20230208:2011,0.0,0.0,0.0,1.7,5.52,0.0
20230208:2111,0.0,0.0,0.0,1.08,5.72,0.0
20230208:2211,0.0,0.0,0.0,0.63,6.0,0.0
20230208:2311,0.0,0.0,0.0,0.47,6.28,0.0
20230209:0011,0.0,0.0,0.0,0.5,6.48,0.0
20230209:0111,0.0,0.0,0.0,0.55,6.76,0.0
20230209:0211,0.0,0.0,0.0,0.65,6.97,0.0
20230209:0311,0.0,0.0,0.0,0.68,7.1,0.0
20230209:0411,0.0,0.0,0.0,0.58,7.1,0.0
20230209:0511,0.0,0.0,0.0,0.51,7.1,0.0
20230209:0611,0.0,0.0,0.0,0.5,7.17,0.0
20230209:0711,0.0,1.79,2.66,0.88,6.9,0.0
20230209:0811,11.85,25.1,8.37,1.21,7.03,0.0
20230209:0911,14.47,28.69,12.71,1.64,6.9,0.0
20230209:1011,22.06,38.55,15.35,1.95,7.17,0.0
20230209:1111,30.03,48.41,16.05,2.13,7.17,0.0
20230209:1211,38.24,58.27,14.75,2.3,6.9,0.0
20230209:1311,38.01,57.95,11.56,2.52,6.62,0.0
20230209:1411,20.04,36.02,6.76,2.57,6.48,0.0
20230209:1511,0.0,0.0,0.0,2.45,6.48,0.0
20230209:1611,0.0,0.0,0.0,2.24,6.69,0.0
20230209:1711,0.0,0.0,0.0,2.08,7.03,0.0
20230209:1811,0.0,0.0,0.0,2.1,7.38,0.0
20230209:1911,0.0,0.0,0.0,2.04,7.31,0.0
20230209:2011,0.0,0.0,0.0,2.28,7.86,0.0
20230209:2111,0.0,0.0,0.0,2.61,8.34,0.0
20230209:2211,0.0,0.0,0.0,2.53,8.69,0.0
20230209:2311,0.0,0.0,0.0,1.32,8.21,0.0
20230210:0011,0.0,0.0,0.0,1.42,7.72,0.0
20230210:0111,0.0,0.0,0.0,1.61,7.52,0.0
20230210:0211,0.0,0.0,0.0,1.53,7.38,0.0
20230210:0311,0.0,0.0,0.0,1.0,7.1,0.0
20230210:0411,0.0,0.0,0.0,0.54,6.48,0.0
20230210:0511,0.0,0.0,0.0,0.29,6.48,0.0
20230210:0611,0.0,0.0,0.0,0.23,6.34,0.0
20230210:0711,2.0,9.86,2.94,0.36,6.21,0.0
20230210:0811,382.18,428.54,8.67,0.48,5.59,0.0
20230210:0911,577.12,644.97,13.02,0.94,5.45,0.0
20230210:1011,543.38,609.1,15.67,1.53,5.1,0.0
20230210:1111,720.98,818.98,16.37,1.91,5.03,0.0
20230210:1211,586.11,660.75,15.07,2.14,4.9,0.0
20230210:1311,62.54,85.87,11.87,2.07,4.48,0.0
20230210:1411,298.14,342.01,7.07,1.48,4.0,0.0
20230210:1511,0.0,0.0,0.0,0.69,3.72,0.0
20230210:1611,0.0,0.0,0.0,0.28,4.0,0.0
20230210:1711,0.0,0.0,0.0,0.25,4.21,0.0
20230210:1811,0.0,0.0,0.0,0.29,4.21,0.0
20230210:1911,0.0,0.0,0.0,0.01,4.62,0.0
20230210:2011,0.0,0.0,0.0,-0.12,5.24,0.0
20230210:2111,0.0,0.0,0.0,0.35,6.48,0.0
20230210:2211,0.0,0.0,0.0,0.69,6.07,0.0
20230210:2311,0.0,0.0,0.0,0.93,5.79,0.0
20230211:0011,0.0,0.0,0.0,1.91,5.17,0.0
20230211:0111,0.0,0.0,0.0,3.05,4.83,0.0
20230211:0211,0.0,0.0,0.0,3.64,4.69,0.0
20230211:0311,0.0,0.0,0.0,3.55,4.62,0.0
20230211:0411,0.0,0.0,0.0,3.09,4.48,0.0
20230211:0511,0.0,0.0,0.0,2.09,4.62,0.0
20230211:0611,0.0,0.0,0.0,0.66,4.97,0.0
20230211:0711,0.69,7.17,3.24,-0.35,4.48,0.0
20230211:0811,190.63,221.55,8.98,-0.78,4.76,0.0
20230211:0911,63.55,86.19,13.34,-0.52,5.38,0.0
20230211:1011,33.35,52.0,15.99,-0.07,5.72,0.0
20230211:1111,33.26,52.0,16.7,0.46,5.45,0.0
20230211:1211,15.87,30.48,15.39,0.85,4.83,0.0
20230211:1311,143.15,172.46,12.19,1.13,4.55,0.0
20230211:1411,339.45,387.35,7.37,0.94,3.52,0.0
20230211:1511,0.0,0.0,0.0,0.17,3.1,0.0
20230211:1611,0.0,0.0,0.0,-0.69,2.9,0.0
20230211:1711,0.0,0.0,0.0,-1.13,2.9,0.0
20230211:1811,0.0,0.0,0.0,-1.42,2.76,0.0
20230211:1911,0.0,0.0,0.0,-2.21,2.48,0.0
20230211:2011,0.0,0.0,0.0,-2.55,2.34,0.0
20230211:2111,0.0,0.0,0.0,-2.78,2.21,0.0
20230211:2211,0.0,0.0,0.0,-3.01,2.14,0.0
20230211:2311,0.0,0.0,0.0,-3.05,2.21,0.0
20230212:0011,0.0,0.0,0.0,-2.85,2.48,0.0
20230212:0111,0.0,0.0,0.0,-2.43,2.97,0.0
20230212:0211,0.0,0.0,0.0,-1.93,3.59,0.0
20230212:0311,0.0,0.0,0.0,-1.63,3.86,0.0
20230212:0411,0.0,0.0,0.0,-1.33,3.79,0.0
20230212:0511,0.0,0.0,0.0,-0.94,3.86,0.0
20230212:0611,0.0,0.0,0.0,-0.64,4.07,0.0
20230212:0711,0.0,4.48,3.53,-0.95,3.72,0.0
20230212:0811,37.4,56.61,9.28,-0.36,3.52,0.0
20230212:0911,71.29,95.31,13.66,0.67,3.24,0.0
20230212:1011,109.02,137.05,16.32,1.77,3.38,0.0
20230212:1111,103.74,131.92,17.03,2.65,3.45,0.0
20230212:1211,140.51,171.77,15.72,3.29,3.59,0.0
20230212:1311,69.03,93.68,12.51,3.41,3.59,0.0
20230212:1411,73.5,98.47,7.68,3.05,3.79,0.0
20230212:1511,0.0,0.0,0.0,2.2,3.93,0.0
20230212:1611,0.0,0.0,0.0,1.43,4.07,0.0
20230212:1711,0.0,0.0,0.0,1.08,4.14,0.0
20230212:1811,0.0,0.0,0.0,0.88,4.28,0.0
20230212:1911,0.0,0.0,0.0,1.03,4.21,0.0
20230212:2011,0.0,0.0,0.0,1.1,4.21,0.0
20230212:2111,0.0,0.0,0.0,1.09,4.07,0.0
20230212:2211,0.0,0.0,0.0,1.1,4.07,0.0
20230212:2311,0.0,0.0,0.0,1.1,4.14,0.0
20230213:0011,0.0,0.0,0.0,1.08,4.21,0.0
20230213:0111,0.0,0.0,0.0,1.06,4.28,0.0
20230213:0211,0.0,0.0,0.0,1.0,4.28,0.0
20230213:0311,0.0,0.0,0.0,0.98,4.14,0.0
20230213:0411,0.0,0.0,0.0,0.92,4.07,0.0
20230213:0511,0.0,0.0,0.0,0.82,4.07,0.0
20230213:0611,0.0,0.0,0.0,0.72,4.14,0.0
20230213:0711,1.1,8.07,3.83,0.5,3.86,0.0
20230213:0811,346.11,392.55,9.6,1.1,3.72,0.0
20230213:0911,460.85,521.6,13.98,2.42,3.72,0.0
20230213:1011,178.52,213.18,16.65,3.93,3.86,0.0
20230213:1111,233.25,273.84,17.37,5.34,4.0,0.0
20230213:1211,288.76,335.5,16.05,6.23,4.21,0.0
20230213:1311,178.3,214.84,12.83,6.76,4.69,0.0
20230213:1411,91.1,119.57,7.99,6.62,4.76,0.0
20230213:1511,0.0,0.83,1.89,5.85,4.83,0.0
20230213:1611,0.0,0.0,0.0,4.92,4.97,0.0
20230213:1711,0.0,0.0,0.0,4.43,5.1,0.0
20230213:1811,0.0,0.0,0.0,4.06,4.97,0.0
20230213:1911,0.0,0.0,0.0,4.04,4.83,0.0
20230213:2011,0.0,0.0,0.0,3.74,4.62,0.0
20230213:2111,0.0,0.0,0.0,3.38,4.41,0.0
20230213:2211,0.0,0.0,0.0,3.14,4.14,0.0
20230213:2311,0.0,0.0,0.0,2.73,3.86,0.0
20230214:0011,0.0,0.0,0.0,2.34,3.72,0.0
20230214:0111,0.0,0.0,0.0,2.07,3.52,0.0
20230214:0211,0.0,0.0,0.0,1.81,3.31,0.0
20230214:0311,0.0,0.0,0.0,1.39,3.03,0.0
20230214:0411,0.0,0.0,0.0,0.95,2.69,0.0
20230214:0511,0.0,0.0,0.0,0.51,2.34,0.0
20230214:0611,0.0,0.0,0.0,0.13,2.14,0.0
20230214:0711,0.69,7.17,4.14,0.03,2.07,0.0
20230214:0811,125.35,154.03,9.91,0.58,1.79,0.0
20230214:0911,500.21,573.78,14.31,1.87,1.79,0.0
20230214:1011,586.83,683.12,16.99,3.3,1.79,0.0
20230214:1111,686.37,816.02,17.71,4.48,1.66,0.0
20230214:1211,640.85,760.49,16.39,5.23,1.59,0.0
20230214:1311,498.99,584.75,13.16,5.43,1.45,0.0
20230214:1411,332.91,390.46,8.31,4.92,1.66,0.0
20230214:1511,0.0,1.65,2.19,3.93,2.14,0.0
20230214:1611,0.0,0.0,0.0,2.69,2.34,0.0
20230214:1711,0.0,0.0,0.0,1.76,2.34,0.0
20230214:1811,0.0,0.0,0.0,0.98,2.48,0.0
20230214:1911,0.0,0.0,0.0,0.32,2.62,0.0
20230214:2011,0.0,0.0,0.0,-0.09,2.55,0.0
20230214:2111,0.0,0.0,0.0,-0.23,2.55,0.0
20230214:2211,0.0,0.0,0.0,-0.29,2.76,0.0
20230214:2311,0.0,0.0,0.0,-0.3,2.76,0.0
20230215:0011,0.0,0.0,0.0,-0.28,2.48,0.0
20230215:0111,0.0,0.0,0.0,-0.09,2.48,0.0
20230215:0211,0.0,0.0,0.0,0.01,2.48,0.0
20230215:0311,0.0,0.0,0.0,0.08,2.41,0.0
20230215:0411,0.0,0.0,0.0,0.22,2.34,0.0
20230215:0511,0.0,0.0,0.0,0.35,2.34,0.0
20230215:0611,0.0,0.0,0.0,0.55,2.41,0.0
20230215:0711,0.0,3.59,4.45,1.16,2.55,0.0
20230215:0811,8.65,20.62,10.23,1.51,3.1,0.0
20230215:0911,17.14,32.27,14.65,1.88,2.83,0.0
20230215:1011,19.89,35.86,17.33,2.17,2.97,0.0
20230215:1111,21.26,37.65,18.05,2.47,2.97,0.0
20230215:1211,12.4,26.0,16.72,2.64,3.38,0.0
20230215:1311,5.63,16.14,13.49,2.67,3.38,0.0
20230215:1411,1.51,8.97,8.62,2.5,3.1,0.0
20230215:1511,0.0,1.65,2.5,2.14,3.03,0.0
20230215:1611,0.0,0.0,0.0,1.63,3.03,0.0
20230215:1711,0.0,0.0,0.0,1.25,3.03,0.0
20230215:1811,0.0,0.0,0.0,1.04,3.03,0.0
20230215:1911,0.0,0.0,0.0,0.94,3.1,0.0
20230215:2011,0.0,0.0,0.0,0.79,2.97,0.0
20230215:2111,0.0,0.0,0.0,0.7,2.9,0.0
20230215:2211,0.0,0.0,0.0,0.64,2.9,0.0
20230215:2311,0.0,0.0,0.0,0.62,2.9,0.0
20230216:0011,0.0,0.0,0.0,0.62,2.9,0.0
20230216:0111,0.0,0.0,0.0,0.79,3.03,0.0
20230216:0211,0.0,0.0,0.0,0.92,3.24,0.0
20230216:0311,0.0,0.0,0.0,1.06,3.31,0.0
20230216:0411,0.0,0.0,0.0,1.15,3.45,0.0
20230216:0511,0.0,0.0,0.0,1.18,3.59,0.0
20230216:0611,0.0,0.0,0.0,1.22,3.72,0.0
20230216:0711,5.11,15.24,4.76,1.15,3.59,0.0
20230216:0811,3.48,12.55,10.56,1.41,4.14,0.0
20230216:0911,13.11,26.9,14.98,1.9,4.28,0.0
20230216:1011,160.48,192.74,17.68,2.34,3.72,0.0
20230216:1111,25.53,43.03,18.39,2.64,3.45,0.0
20230216:1211,12.38,26.0,17.06,2.91,3.45,0.0
20230216:1311,21.19,37.65,13.82,3.17,3.93,0.0
20230216:1411,29.78,48.3,8.94,3.21,3.59,0.0
20230216:1511,0.0,1.65,2.8,3.13,3.66,0.0
20230216:1611,0.0,0.0,0.0,3.0,3.59,0.0
20230216:1711,0.0,0.0,0.0,2.99,3.52,0.0
20230216:1811,0.0,0.0,0.0,3.21,3.59,0.0
20230216:1911,0.0,0.0,0.0,3.41,3.31,0.0
20230216:2011,0.0,0.0,0.0,3.57,3.31,0.0
20230216:2111,0.0,0.0,0.0,3.58,3.24,0.0
20230216:2211,0.0,0.0,0.0,3.42,3.03,0.0
20230216:2311,0.0,0.0,0.0,3.33,3.1,0.0
20230217:0011,0.0,0.0,0.0,3.29,3.17,0.0
20230217:0111,0.0,0.0,0.0,3.39,3.38,0.0
20230217:0211,0.0,0.0,0.0,3.4,3.52,0.0
20230217:0311,0.0,0.0,0.0,3.38,3.59,0.0
20230217:0411,0.0,0.0,0.0,3.15,3.72,0.0
20230217:0511,0.0,0.0,0.0,2.99,3.93,0.0
20230217:0611,0.0,0.0,0.0,2.76,3.93,0.0
20230217:0711,1.07,8.07,5.08,2.95,3.31,0.0
20230217:0811,148.43,180.21,10.89,3.0,3.24,0.0
20230217:0911,53.28,76.03,15.32,3.25,4.21,0.0
20230217:1011,59.53,83.38,18.02,3.52,4.62,0.0
20230217:1111,73.5,99.15,18.74,3.66,5.1,0.0
20230217:1211,15.68,30.48,17.41,3.22,5.38,0.0
20230217:1311,9.2,21.52,14.15,2.96,4.97,0.0
20230217:1411,2.44,10.76,9.26,2.8,6.14,0.0
20230217:1511,0.0,1.79,3.11,2.66,6.41,0.0
20230217:1611,0.0,0.0,0.0,2.83,6.21,0.0
20230217:1711,0.0,0.0,0.0,3.07,6.0,0.0
20230217:1811,0.0,0.0,0.0,3.27,5.86,0.0
20230217:1911,0.0,0.0,0.0,3.36,4.76,0.0
20230217:2011,0.0,0.0,0.0,3.64,3.86,0.0
20230217:2111,0.0,0.0,0.0,3.77,3.03,0.0
20230217:2211,0.0,0.0,0.0,3.66,2.34,0.0
20230217:2311,0.0,0.0,0.0,3.57,2.48,0.0
20230218:0011,0.0,0.0,0.0,3.8,3.38,0.0
20230218:0111,0.0,0.0,0.0,3.44,4.28,0.0
20230218:0211,0.0,0.0,0.0,2.4,5.03,0.0
20230218:0311,0.0,0.0,0.0,0.97,5.45,0.0
20230218:0411,0.0,0.0,0.0,0.72,5.86,0.0
20230218:0511,0.0,0.0,0.0,0.81,6.48,0.0
20230218:0611,0.0,0.0,0.0,0.92,7.17,0.0
20230218:0711,6.86,17.93,5.4,1.04,6.9,0.0
20230218:0811,139.04,168.13,11.22,1.27,6.69,0.0
20230218:0911,61.59,84.98,15.67,1.93,7.1,0.0
20230218:1011,55.12,78.0,18.37,2.72,6.62,0.0
20230218:1111,83.02,109.51,19.09,3.54,7.72,0.0
20230218:1211,310.25,353.36,17.75,4.15,7.66,0.0
20230218:1311,137.88,169.1,14.48,4.58,7.17,0.0
20230218:1411,98.31,126.41,9.58,4.52,6.21,0.0
20230218:1511,0.0,3.59,3.42,4.06,5.72,0.0
20230218:1611,0.0,0.0,0.0,3.28,5.45,0.0
20230218:1711,0.0,0.0,0.0,2.62,5.31,0.0
20230218:1811,0.0,0.0,0.0,2.07,5.38,0.0
20230218:1911,0.0,0.0,0.0,1.38,5.72,0.0
20230218:2011,0.0,0.0,0.0,0.86,5.66,0.0
20230218:2111,0.0,0.0,0.0,0.43,5.24,0.0
20230218:2211,0.0,0.0,0.0,0.13,5.24,0.0
20230218:2311,0.0,0.0,0.0,-0.09,5.24,0.0
20230219:0011,0.0,0.0,0.0,-0.26,5.24,0.0
20230219:0111,0.0,0.0,0.0,-0.39,5.31,0.0
20230219:0211,0.0,0.0,0.0,-0.5,5.45,0.0
20230219:0311,0.0,0.0,0.0,-0.62,5.45,0.0
20230219:0411,0.0,0.0,0.0,-0.73,5.45,0.0
20230219:0511,0.0,0.0,0.0,-0.79,5.38,0.0
20230219:0611,0.0,0.0,0.0,-0.83,5.45,0.0
20230219:0711,228.54,268.46,5.73,-0.91,5.86,0.0
20230219:0811,496.94,552.64,11.56,-0.46,5.79,0.0
20230219:0911,665.1,743.55,16.01,0.15,5.66,0.0
20230219:1011,746.05,839.57,18.73,0.85,6.07,0.0
20230219:1111,789.14,894.02,19.45,1.46,6.07,0.0
20230219:1211,739.78,835.92,18.1,1.91,6.14,0.0
20230219:1311,617.74,693.87,14.82,2.07,6.07,0.0
20230219:1411,389.9,441.27,9.9,1.93,5.72,0.0
20230219:1511,4.55,14.34,3.73,1.34,5.38,0.0
20230219:1611,0.0,0.0,0.0,0.49,5.1,0.0
20230219:1711,0.0,0.0,0.0,-0.04,4.62,0.0
20230219:1811,0.0,0.0,0.0,-0.42,4.55,0.0
20230219:1911,0.0,0.0,0.0,-0.7,4.34,0.0
20230219:2011,0.0,0.0,0.0,-0.95,4.21,0.0
20230219:2111,0.0,0.0,0.0,-1.23,3.79,0.0
20230219:2211,0.0,0.0,0.0,-1.52,3.59,0.0
20230219:2311,0.0,0.0,0.0,-1.68,3.31,0.0
20230220:0011,0.0,0.0,0.0,-1.83,2.69,0.0
20230220:0111,0.0,0.0,0.0,-1.87,2.34,0.0
20230220:0211,0.0,0.0,0.0,-1.86,2.62,0.0
20230220:0311,0.0,0.0,0.0,-1.65,2.69,0.0
20230220:0411,0.0,0.0,0.0,-1.23,3.17,0.0
20230220:0511,0.0,0.0,0.0,-0.5,4.34,0.0
20230220:0611,0.0,0.0,0.0,-0.02,5.31,0.0
20230220:0711,2.01,9.86,6.06,-0.01,5.72,0.0
20230220:0811,62.08,84.91,11.9,0.6,6.28,0.0
20230220:0911,13.2,26.9,16.37,0.69,6.14,0.0
20230220:1011,27.25,44.83,19.09,0.86,5.59,0.0
20230220:1111,78.25,103.49,19.81,1.15,4.55,0.0
20230220:1211,31.36,50.21,18.45,2.93,5.03,0.0
20230220:1311,86.86,113.95,15.16,4.57,6.9,0.0
20230220:1411,52.38,75.09,10.23,4.4,7.1,0.0
20230220:1511,8.72,21.11,4.04,3.47,6.62,0.0
20230220:1611,0.0,0.0,0.0,2.47,6.21,0.0
20230220:1711,0.0,0.0,0.0,1.75,6.07,0.0
20230220:1811,0.0,0.0,0.0,0.98,5.93,0.0
20230220:1911,0.0,0.0,0.0,0.51,4.97,0.0
20230220:2011,0.0,0.0,0.0,-0.21,4.48,0.0
20230220:2111,0.0,0.0,0.0,-0.9,3.93,0.0
20230220:2211,0.0,0.0,0.0,-1.32,3.24,0.0
20230220:2311,0.0,0.0,0.0,-1.47,2.62,0.0
20230221:0011,0.0,0.0,0.0,-1.38,2.07,0.0
20230221:0111,0.0,0.0,0.0,-1.28,1.72,0.0
20230221:0211,0.0,0.0,0.0,-1.1,1.72,0.0
20230221:0311,0.0,0.0,0.0,-0.94,1.66,0.0
20230221:0411,0.0,0.0,0.0,-0.74,1.86,0.0
20230221:0511,0.0,0.0,0.0,-0.6,2.07,0.0
20230221:0611,0.0,0.0,0.0,-0.5,2.34,0.0
20230221:0711,0.31,6.28,6.4,-0.34,2.76,0.0
20230221:0811,45.65,66.33,12.25,-0.23,3.38,0.0
20230221:0911,72.95,97.02,16.72,-0.26,3.66,0.0
20230221:1011,173.97,205.29,19.45,-0.07,4.21,0.0
20230221:1111,39.39,59.17,20.17,0.01,4.14,0.0
20230221:1211,12.57,26.0,18.8,0.13,4.14,0.0
20230221:1311,20.83,36.76,15.5,0.04,4.69,0.0
20230221:1411,4.61,14.34,10.55,-0.59,4.9,0.0
20230221:1511,0.0,3.59,4.35,-1.29,5.03,0.0
20230221:1611,0.0,0.0,0.0,-1.72,4.83,0.0
20230221:1711,0.0,0.0,0.0,-1.94,4.83,0.0
20230221:1811,0.0,0.0,0.0,-2.05,4.62,0.0
20230221:1911,0.0,0.0,0.0,-2.06,3.59,0.0
20230221:2011,0.0,0.0,0.0,-2.15,3.31,0.0
20230221:2111,0.0,0.0,0.0,-2.15,3.31,0.0
20230221:2211,0.0,0.0,0.0,-2.23,3.24,0.0
20230221:2311,0.0,0.0,0.0,-2.31,3.17,0.0
20230222:0011,0.0,0.0,0.0,-2.38,3.24,0.0
20230222:0111,0.0,0.0,0.0,-2.44,3.24,0.0
20230222:0211,0.0,0.0,0.0,-2.45,3.1,0.0
20230222:0311,0.0,0.0,0.0,-2.46,2.97,0.0
20230222:0411,0.0,0.0,0.0,-2.53,2.69,0.0
20230222:0511,0.0,0.0,0.0,-2.5,2.62,0.0
20230222:0611,0.0,0.0,0.0,-2.56,2.34,0.0
20230222:0711,30.93,48.84,6.73,-2.81,2.21,0.0
20230222:0811,225.32,258.35,12.6,-2.51,2.21,0.0
20230222:0911,375.0,421.46,17.08,-1.97,1.93,0.0
20230222:1011,88.22,113.69,19.81,-1.45,1.52,0.0
20230222:1111,40.29,60.07,20.53,-1.18,1.17,0.0
20230222:1211,11.98,25.1,19.16,-1.07,1.1,0.0
20230222:1311,22.34,38.55,15.84,-1.01,1.17,0.0
20230222:1411,35.81,54.75,10.88,-1.17,1.52,0.0
20230222:1511,1.56,8.97,4.66,-1.47,1.72,0.0
20230222:1611,0.0,0.0,0.0,-1.92,1.93,0.0
20230222:1711,0.0,0.0,0.0,-1.99,2.28,0.0
20230222:1811,0.0,0.0,0.0,-1.88,2.62,0.0
20230222:1911,0.0,0.0,0.0,-1.86,3.1,0.0
20230222:2011,0.0,0.0,0.0,-1.54,3.52,0.0
20230222:2111,0.0,0.0,0.0,-1.24,3.93,0.0
20230222:2211,0.0,0.0,0.0,-0.93,4.14,0.0
20230222:2311,0.0,0.0,0.0,-0.79,4.07,0.0
20230223:0011,0.0,0.0,0.0,-0.64,4.21,0.0
20230223:0111,0.0,0.0,0.0,-0.57,4.21,0.0
20230223:0211,0.0,0.0,0.0,-0.5,4.41,0.0
20230223:0311,0.0,0.0,0.0,-0.49,4.48,0.0
20230223:0411,0.0,0.0,0.0,-0.45,4.55,0.0
20230223:0511,0.0,0.0,0.0,-0.45,4.76,0.0
20230223:0611,0.0,0.0,0.0,-0.35,4.9,0.0
20230223:0711,3.0,11.65,7.08,-0.17,4.97,0.0
20230223:0811,30.31,48.41,12.95,0.13,4.97,0.0
20230223:0911,115.63,143.31,17.44,0.34,4.76,0.0
20230223:1011,65.93,89.65,20.18,0.62,4.28,0.0
20230223:1111,31.68,50.21,20.89,0.89,5.24,0.0
20230223:1211,43.82,64.55,19.51,0.99,4.83,0.0
20230223:1311,26.47,43.93,16.18,1.1,4.21,0.0
20230223:1411,44.68,65.48,11.21,0.94,2.9,0.0
20230223:1511,4.57,14.34,4.97,0.59,2.07,0.0
20230223:1611,0.0,0.0,0.0,0.27,1.66,0.0
20230223:1711,0.0,0.0,0.0,-0.09,1.66,0.0
20230223:1811,0.0,0.0,0.0,-0.42,1.86,0.0
20230223:1911,0.0,0.0,0.0,-0.7,1.93,0.0
20230223:2011,0.0,0.0,0.0,-0.86,1.93,0.0
20230223:2111,0.0,0.0,0.0,-1.07,1.59,0.0
20230223:2211,0.0,0.0,0.0,-1.24,1.24,0.0
20230223:2311,0.0,0.0,0.0,-1.37,0.9,0.0
20230224:0011,0.0,0.0,0.0,-1.49,0.69,0.0
20230224:0111,0.0,0.0,0.0,-1.57,0.55,0.0
20230224:0211,0.0,0.0,0.0,-1.64,0.34,0.0
20230224:0311,0.0,0.0,0.0,-1.57,0.28,0.0
20230224:0411,0.0,0.0,0.0,-1.56,0.55,0.0
20230224:0511,0.0,0.0,0.0,-1.53,0.62,0.0
20230224:0611,0.0,0.0,0.0,-1.83,0.97,0.0
20230224:0711,60.97,84.0,7.42,-1.36,1.52,0.0
20230224:0811,113.82,141.03,13.3,-0.95,1.79,0.0
20230224:0911,51.09,72.62,17.81,-0.66,1.79,0.0
20230224:1011,52.57,74.41,20.55,-0.32,1.79,0.0
20230224:1111,64.42,87.86,21.26,-0.24,1.86,0.0
20230224:1211,31.04,49.31,19.87,-0.17,1.93,0.0
20230224:1311,60.09,82.88,16.53,-0.19,2.14,0.0
20230224:1411,52.66,74.3,11.53,-0.27,2.55,0.0
20230224:1511,2.5,10.76,5.29,-0.51,2.62,0.0
20230224:1611,0.0,0.0,0.0,-0.89,2.83,0.0
20230224:1711,0.0,0.0,0.0,-1.11,3.1,0.0
20230224:1811,0.0,0.0,0.0,-1.32,3.24,0.0
20230224:1911,0.0,0.0,0.0,-1.46,3.45,0.0
20230224:2011,0.0,0.0,0.0,-1.56,3.59,0.0
20230224:2111,0.0,0.0,0.0,-1.7,3.86,0.0
20230224:2211,0.0,0.0,0.0,-1.76,4.14,0.0
20230224:2311,0.0,0.0,0.0,-1.77,4.14,0.0
20230225:0011,0.0,0.0,0.0,-1.66,4.48,0.0
20230225:0111,0.0,0.0,0.0,-1.59,4.14,0.0
20230225:0211,0.0,0.0,0.0,-1.54,4.21,0.0
20230225:0311,0.0,0.0,0.0,-1.51,5.31,0.0
20230225:0411,0.0,0.0,0.0,-1.54,5.86,0.0
20230225:0511,0.0,0.0,0.0,-1.63,6.0,0.0
20230225:0611,0.0,0.0,0.0,-1.64,6.0,0.0
20230225:0711,116.67,145.07,7.77,-1.34,5.79,0.0
20230225:0811,42.76,62.76,13.66,-1.23,5.72,0.0
20230225:0911,81.96,106.48,18.17,-0.92,6.97,0.0
20230225:1011,48.12,69.03,20.92,-0.56,7.45,0.0
20230225:1111,41.87,61.86,21.63,-0.46,8.07,0.0
20230225:1211,17.39,32.27,20.23,-0.59,7.17,0.0
20230225:1311,36.49,55.58,16.87,-0.56,7.45,0.0
20230225:1411,16.69,31.38,11.86,-0.54,6.9,0.0
20230225:1511,3.01,11.65,5.6,-0.96,6.69,0.0
20230225:1611,0.0,0.0,0.0,-1.5,6.14,0.0
20230225:1711,0.0,0.0,0.0,-1.95,6.0,0.0
20230225:1811,0.0,0.0,0.0,-2.26,5.79,0.0
20230225:1911,0.0,0.0,0.0,-2.55,5.66,0.0
20230225:2011,0.0,0.0,0.0,-2.68,5.24,0.0
20230225:2111,0.0,0.0,0.0,-2.73,4.83,0.0
20230225:2211,0.0,0.0,0.0,-2.79,4.55,0.0
20230225:2311,0.0,0.0,0.0,-2.8,4.41,0.0
20230226:0011,0.0,0.0,0.0,-2.71,4.48,0.0
20230226:0111,0.0,0.0,0.0,-2.69,4.34,0.0
20230226:0211,0.0,0.0,0.0,-2.66,4.41,0.0
20230226:0311,0.0,0.0,0.0,-2.64,4.55,0.0
20230226:0411,0.0,0.0,0.0,-2.69,4.34,0.0
20230226:0511,0.0,0.0,0.0,-2.72,4.41,0.0
20230226:0611,0.0,0.0,0.0,-2.76,4.48,0.0
20230226:0711,82.93,107.8,8.12,-2.21,4.48,0.0
20230226:0811,249.3,283.4,14.02,-1.53,4.28,0.0
20230226:0911,227.48,260.81,18.54,-0.74,4.76,0.0
20230226:1011,139.29,168.69,21.3,0.18,5.86,0.0
20230226:1111,265.57,303.27,22.01,0.97,5.52,0.0
20230226:1211,84.49,110.47,20.6,1.29,4.76,0.0
20230226:1311,34.6,53.79,17.22,1.32,4.55,0.0
20230226:1411,17.22,32.27,12.19,1.06,4.07,0.0
20230226:1511,1.99,9.86,5.92,0.85,3.66,0.0
20230226:1611,0.0,0.0,0.0,0.15,3.17,0.0
20230226:1711,0.0,0.0,0.0,-0.89,3.03,0.0
20230226:1811,0.0,0.0,0.0,-1.42,2.83,0.0
20230226:1911,0.0,0.0,0.0,-2.08,2.76,0.0
20230226:2011,0.0,0.0,0.0,-2.46,2.48,0.0
20230226:2111,0.0,0.0,0.0,-2.61,2.14,0.0
20230226:2211,0.0,0.0,0.0,-2.92,1.86,0.0
20230226:2311,0.0,0.0,0.0,-3.28,1.52,0.0
20230227:0011,0.0,0.0,0.0,-3.76,1.45,0.0
20230227:0111,0.0,0.0,0.0,-4.02,1.59,0.0
20230227:0211,0.0,0.0,0.0,-4.39,2.0,0.0
20230227:0311,0.0,0.0,0.0,-4.26,2.14,0.0
20230227:0411,0.0,0.0,0.0,-3.91,2.21,0.0
20230227:0511,0.0,0.0,0.0,-3.43,2.28,0.0
20230227:0611,0.0,0.0,0.0,-3.11,2.41,0.0
20230227:0711,70.39,94.71,8.48,-0.53,2.14,0.0
20230227:0811,75.48,100.22,14.39,0.73,2.14,0.0
20230227:0911,109.53,138.41,18.92,2.18,2.55,0.0
20230227:1011,407.09,466.35,21.67,3.2,2.69,0.0
20230227:1111,557.26,645.33,22.38,4.05,2.55,0.0
20230227:1211,616.83,720.41,20.96,4.67,2.48,0.0
20230227:1311,581.98,678.94,17.57,5.02,2.41,0.0
20230227:1411,398.64,463.14,12.53,4.71,2.41,0.0
20230227:1511,178.76,223.43,6.24,3.73,2.83,0.0
20230227:1611,0.0,0.0,0.0,2.48,3.03,0.0
20230227:1711,0.0,0.0,0.0,1.74,3.1,0.0
20230227:1811,0.0,0.0,0.0,1.34,3.17,0.0
20230227:1911,0.0,0.0,0.0,1.17,3.17,0.0
20230227:2011,0.0,0.0,0.0,0.96,3.17,0.0
20230227:2111,0.0,0.0,0.0,0.67,3.1,0.0
20230227:2211,0.0,0.0,0.0,0.38,3.1,0.0
20230227:2311,0.0,0.0,0.0,0.2,3.1,0.0
20230228:0011,0.0,0.0,0.0,0.06,3.17,0.0
20230228:0111,0.0,0.0,0.0,-0.04,3.17,0.0
20230228:0211,0.0,0.0,0.0,-0.14,3.17,0.0
20230228:0311,0.0,0.0,0.0,-0.25,3.24,0.0
20230228:0411,0.0,0.0,0.0,-0.31,3.24,0.0
20230228:0511,0.0,0.0,0.0,-0.36,3.24,0.0
20230228:0611,0.0,1.79,1.94,-0.37,3.31,0.0
20230228:0711,265.0,309.91,8.83,0.53,3.52,0.0
20230228:0811,477.27,542.09,14.76,1.82,3.38,0.0
20230228:0911,416.24,474.46,19.29,3.26,3.52,0.0
20230228:1011,703.96,817.85,22.05,4.45,3.79,0.0
20230228:1111,515.4,593.97,22.76,5.42,3.72,0.0
20230228:1211,487.76,563.51,21.33,6.05,3.59,0.0
20230228:1311,377.56,437.03,17.92,6.27,3.45,0.0
20230228:1411,245.97,290.51,12.86,6.02,3.52,0.0
20230228:1511,73.54,102.06,6.56,5.21,3.31,0.0
20230228:1611,0.0,0.0,0.0,3.87,3.38,0.0
20230228:1711,0.0,0.0,0.0,3.06,3.59,0.0
20230228:1811,0.0,0.0,0.0,2.71,3.59,0.0
20230228:1911,0.0,0.0,0.0,2.64,3.52,0.0
20230228:2011,0.0,0.0,0.0,2.57,3.66,0.0
20230228:2111,0.0,0.0,0.0,2.44,3.86,0.0
20230228:2211,0.0,0.0,0.0,2.0,3.66,0.0
20230228:2311,0.0,0.0,0.0,1.16,3.38,0.0
20230301:0011,0.0,0.0,0.0,0.76,3.45,0.0
20230301:0111,0.0,0.0,0.0,0.31,3.38,0.0
20230301:0211,0.0,0.0,0.0,-0.08,3.31,0.0
20230301:0311,0.0,0.0,0.0,-0.41,3.17,0.0
20230301:0411,0.0,0.0,0.0,-0.68,3.03,0.0
20230301:0511,0.0,0.0,0.0,-0.87,2.9,0.0
20230301:0611,0.0,5.38,2.29,-0.97,2.9,0.0
20230301:0711,292.91,339.88,9.19,-0.43,3.17,0.0
20230301:0811,494.3,560.02,15.13,0.81,3.1,0.0
20230301:0911,638.31,733.09,19.67,2.34,3.17,0.0
20230301:1011,733.98,857.77,22.43,3.7,3.17,0.0
20230301:1111,751.92,885.34,23.13,4.82,3.24,0.0
20230301:1211,664.21,776.54,21.69,5.62,3.31,0.0
20230301:1311,609.31,710.17,18.27,6.05,3.31,0.0
20230301:1411,428.59,498.01,13.19,5.93,3.31,0.0
20230301:1511,22.7,40.09,6.87,4.99,3.31,0.0
20230301:1611,0.0,0.0,0.0,3.58,3.45,0.0
20230301:1711,0.0,0.0,0.0,2.66,3.59,0.0
20230301:1811,0.0,0.0,0.0,2.3,3.72,0.0
20230301:1911,0.0,0.0,0.0,2.69,3.52,0.0
20230301:2011,0.0,0.0,0.0,2.46,3.45,0.0
20230301:2111,0.0,0.0,0.0,2.05,3.45,0.0
20230301:2211,0.0,0.0,0.0,1.49,3.52,0.0
20230301:2311,0.0,0.0,0.0,1.1,3.52,0.0
20230302:0011,0.0,0.0,0.0,0.77,3.52,0.0
20230302:0111,0.0,0.0,0.0,0.57,3.52,0.0
20230302:0211,0.0,0.0,0.0,0.41,3.52,0.0
20230302:0311,0.0,0.0,0.0,0.29,3.52,0.0
20230302:0411,0.0,0.0,0.0,0.13,3.45,0.0
20230302:0511,0.0,0.0,0.0,-0.03,3.38,0.0
20230302:0611,0.69,7.17,2.64,-0.16,3.45,0.0
20230302:0711,295.68,343.8,9.56,0.52,3.45,0.0
20230302:0811,525.29,597.1,15.5,1.69,3.45,0.0
20230302:0911,658.66,756.58,20.05,3.07,3.79,0.0
20230302:1011,768.03,897.11,22.82,4.35,3.93,0.0
20230302:1111,743.98,870.46,23.51,5.41,4.07,0.0
20230302:1211,643.67,748.44,22.06,6.36,4.21,0.0
20230302:1311,589.22,682.57,18.62,6.71,4.34,0.0
20230302:1411,48.26,71.17,13.53,6.59,4.69,0.0
20230302:1511,63.08,89.77,7.19,6.24,4.83,0.0
20230302:1611,0.0,0.0,0.0,5.44,4.9,0.0
20230302:1711,0.0,0.0,0.0,4.59,5.03,0.0
20230302:1811,0.0,0.0,0.0,3.75,5.03,0.0
20230302:1911,0.0,0.0,0.0,3.86,5.1,0.0
20230302:2011,0.0,0.0,0.0,3.34,5.1,0.0
20230302:2111,0.0,0.0,0.0,2.7,4.9,0.0
20230302:2211,0.0,0.0,0.0,2.0,4.9,0.0
20230302:2311,0.0,0.0,0.0,1.62,5.24,0.0
20230303:0011,0.0,0.0,0.0,1.48,5.31,0.0
20230303:0111,0.0,0.0,0.0,1.23,5.24,0.0
20230303:0211,0.0,0.0,0.0,0.95,5.1,0.0
20230303:0311,0.0,0.0,0.0,0.66,5.03,0.0
20230303:0411,0.0,0.0,0.0,0.4,4.9,0.0
20230303:0511,0.0,0.0,0.0,0.27,4.83,0.0
20230303:0611,1.54,8.97,3.0,0.13,4.69,0.0
20230303:0711,302.68,350.52,9.92,0.78,4.55,0.0
20230303:0811,391.41,442.92,15.87,1.58,4.0,0.0
20230303:0911,324.24,370.18,20.44,2.77,4.21,0.0
20230303:1011,274.54,317.93,23.2,3.68,4.0,0.0
20230303:1111,128.67,160.71,23.9,4.24,3.72,0.0
20230303:1211,51.6,74.41,22.43,3.92,3.79,0.0
20230303:1311,189.66,225.19,18.97,3.79,5.1,0.0
20230303:1411,457.81,521.71,13.86,4.15,5.66,0.0
20230303:1511,200.73,247.16,7.51,4.56,6.0,0.0
20230303:1611,0.0,0.0,0.0,4.53,6.07,0.0
20230303:1711,0.0,0.0,0.0,4.28,5.79,0.0
20230303:1811,0.0,0.0,0.0,3.85,5.79,0.0
20230303:1911,0.0,0.0,0.0,3.69,6.76,0.0
20230303:2011,0.0,0.0,0.0,2.89,6.69,0.0
20230303:2111,0.0,0.0,0.0,2.11,6.76,0.0
20230303:2211,0.0,0.0,0.0,1.32,6.83,0.0
20230303:2311,0.0,0.0,0.0,0.67,6.9,0.0
20230304:0011,0.0,0.0,0.0,0.14,6.28,0.0
20230304:0111,0.0,0.0,0.0,-0.27,6.55,0.0
20230304:0211,0.0,0.0,0.0,-0.59,6.76,0.0
20230304:0311,0.0,0.0,0.0,-0.91,7.1,0.0
20230304:0411,0.0,0.0,0.0,-1.24,7.24,0.0
20230304:0511,0.0,0.0,0.0,-1.69,7.66,0.0
20230304:0611,6.04,17.2,3.36,-2.09,7.66,0.0
20230304:0711,309.15,350.02,10.29,-2.58,7.17,0.0
20230304:0811,556.78,609.95,16.25,-2.06,7.79,0.0
20230304:0911,532.58,583.88,20.82,-1.44,7.86,0.0
20230304:1011,818.05,910.48,23.59,-0.66,7.86,0.0
20230304:1111,787.71,879.92,24.28,0.0,7.45,0.0
20230304:1211,373.98,417.12,22.8,0.79,8.0,0.0
20230304:1311,129.48,158.57,19.33,1.14,7.1,0.0
20230304:1411,250.93,288.22,14.19,1.44,6.62,0.0
20230304:1511,116.49,148.46,7.83,1.12,5.45,0.0
20230304:1611,0.0,0.0,0.0,0.45,4.9,0.0
20230304:1711,0.0,0.0,0.0,-0.21,4.97,0.0
20230304:1811,0.0,0.0,0.0,-0.56,5.1,0.0
20230304:1911,0.0,0.0,0.0,-0.99,4.83,0.0
20230304:2011,0.0,0.0,0.0,-1.27,4.55,0.0
20230304:2111,0.0,0.0,0.0,-1.53,4.34,0.0
20230304:2211,0.0,0.0,0.0,-1.85,4.21,0.0
20230304:2311,0.0,0.0,0.0,-2.04,4.21,0.0
20230305:0011,0.0,0.0,0.0,-2.11,4.14,0.0
20230305:0111,0.0,0.0,0.0,-2.06,4.0,0.0
20230305:0211,0.0,0.0,0.0,-2.14,3.86,0.0
20230305:0311,0.0,0.0,0.0,-2.25,3.72,0.0
20230305:0411,0.0,0.0,0.0,-2.22,3.72,0.0
20230305:0511,0.0,0.0,0.0,-2.23,3.72,0.0
20230305:0611,1.57,8.97,3.73,-2.26,3.59,0.0
20230305:0711,344.37,392.67,10.66,-2.25,3.66,0.0
20230305:0811,548.98,614.37,16.63,-1.44,3.72,0.0
20230305:0911,515.25,576.23,21.21,-0.52,4.07,0.0
20230305:1011,636.76,721.57,23.98,0.24,3.72,0.0
20230305:1111,816.76,951.55,24.66,0.86,3.17,0.0
20230305:1211,525.49,596.74,23.17,1.22,3.1,0.0
20230305:1311,206.12,241.21,19.68,0.94,3.03,0.0
20230305:1411,207.95,242.66,14.53,0.07,2.97,0.0
20230305:1511,73.43,98.97,8.15,-0.9,2.69,0.0
20230305:1611,0.0,0.0,0.0,-1.68,3.52,0.0
20230305:1711,0.0,0.0,0.0,-2.21,3.59,0.0
20230305:1811,0.0,0.0,0.0,-2.43,3.52,0.0
20230305:1911,0.0,0.0,0.0,-3.0,3.72,0.0
20230305:2011,0.0,0.0,0.0,-3.12,3.59,0.0
20230305:2111,0.0,0.0,0.0,-3.38,3.59,0.0
20230305:2211,0.0,0.0,0.0,-3.67,3.72,0.0
20230305:2311,0.0,0.0,0.0,-3.74,3.79,0.0
20230306:0011,0.0,0.0,0.0,-3.81,3.79,0.0
20230306:0111,0.0,0.0,0.0,-3.86,3.79,0.0
20230306:0211,0.0,0.0,0.0,-3.84,3.86,0.0
20230306:0311,0.0,0.0,0.0,-3.85,3.93,0.0
20230306:0411,0.0,0.0,0.0,-3.87,4.0,0.0
20230306:0511,0.0,0.0,0.0,-3.78,4.07,0.0
20230306:0611,1.14,8.07,4.09,-3.94,4.07,0.0
20230306:0711,49.64,70.1,11.03,-3.44,4.07,0.0
20230306:0811,216.28,246.91,17.01,-2.83,5.31,0.0
20230306:0911,260.73,294.85,21.6,-2.06,4.76,0.0
20230306:1011,534.94,596.02,24.37,-1.47,4.21,0.0
20230306:1111,575.24,646.19,25.05,-0.82,3.72,0.0
20230306:1211,47.19,68.14,23.55,-0.42,3.31,0.0
20230306:1311,69.31,93.24,20.03,-0.19,3.1,0.0
20230306:1411,134.73,163.94,14.86,-0.29,2.9,0.0
20230306:1511,211.19,254.63,8.47,-0.7,2.34,0.0
20230306:1611,0.0,0.0,0.0,-1.58,1.93,0.0
20230306:1711,0.0,0.0,0.0,-2.42,1.86,0.0
20230306:1811,0.0,0.0,0.0,-2.9,1.66,0.0
20230306:1911,0.0,0.0,0.0,-3.62,1.59,0.0
20230306:2011,0.0,0.0,0.0,-4.07,0.97,0.0
20230306:2111,0.0,0.0,0.0,-4.39,0.48,0.0
20230306:2211,0.0,0.0,0.0,-4.78,0.55,0.0
20230306:2311,0.0,0.0,0.0,-4.67,0.41,0.0
20230307:0011,0.0,0.0,0.0,-4.54,0.28,0.0
20230307:0111,0.0,0.0,0.0,-4.64,0.28,0.0
20230307:0211,0.0,0.0,0.0,-4.79,0.34,0.0
20230307:0311,0.0,0.0,0.0,-5.61,0.76,0.0
20230307:0411,0.0,0.0,0.0,-5.21,1.45,0.0
20230307:0511,0.0,0.0,0.0,-5.02,2.07,0.0
20230307:0611,10.64,23.45,4.46,-4.77,2.41,0.0
20230307:0711,154.1,183.26,11.41,-4.47,2.34,0.0
20230307:0811,215.09,247.37,17.4,-2.85,2.41,0.0
20230307:0911,317.59,356.91,21.99,-1.85,3.52,0.0
20230307:1011,269.16,305.4,24.77,-1.33,4.48,0.0
20230307:1111,229.15,263.23,25.44,-0.99,5.1,0.0
20230307:1211,219.92,253.1,23.92,-0.96,5.59,0.0
20230307:1311,188.4,219.61,20.39,-0.85,5.79,0.0
20230307:1411,56.22,78.04,15.2,-1.11,6.0,0.0
20230307:1511,18.14,33.17,8.78,-1.23,6.28,0.0
20230307:1611,0.0,0.0,0.0,-1.57,6.41,0.0
20230307:1711,0.0,0.0,0.0,-1.61,6.62,0.0
20230307:1811,0.0,0.0,0.0,-1.59,7.03,0.0
20230307:1911,0.0,0.0,0.0,-1.45,6.83,0.0
20230307:2011,0.0,0.0,0.0,-1.42,6.62,0.0
20230307:2111,0.0,0.0,0.0,-1.45,6.69,0.0
20230307:2211,0.0,0.0,0.0,-1.44,6.55,0.0
20230307:2311,0.0,0.0,0.0,-1.57,6.48,0.0
20230308:0011,0.0,0.0,0.0,-1.69,6.62,0.0
20230308:0111,0.0,0.0,0.0,-1.84,6.69,0.0
20230308:0211,0.0,0.0,0.0,-1.97,6.97,0.0
20230308:0311,0.0,0.0,0.0,-2.16,7.17,0.0
20230308:0411,0.0,0.0,0.0,-2.39,7.31,0.0
20230308:0511,0.0,0.0,0.0,-2.62,7.24,0.0
20230308:0611,6.41,17.03,4.83,-2.82,7.1,0.0
20230308:0711,27.05,43.93,11.78,-2.96,8.48,0.0
20230308:0811,24.82,41.24,17.78,-2.9,8.83,0.0
20230308:0911,42.35,61.86,22.38,-2.79,8.48,0.0
20230308:1011,81.89,105.79,25.16,-2.68,8.07,0.0
20230308:1111,90.89,115.65,25.82,-2.5,7.52,0.0
20230308:1211,134.06,161.63,24.29,-2.29,7.24,0.0
20230308:1311,90.63,115.44,20.74,-2.09,6.97,0.0
20230308:1411,80.48,104.29,15.53,-2.21,6.21,0.0
20230308:1511,70.14,94.19,9.1,-2.34,5.72,0.0
20230308:1611,0.0,0.9,1.88,-2.66,5.66,0.0
20230308:1711,0.0,0.0,0.0,-3.06,5.31,0.0
20230308:1811,0.0,0.0,0.0,-3.53,4.83,0.0
20230308:1911,0.0,0.0,0.0,-3.84,4.21,0.0
20230308:2011,0.0,0.0,0.0,-4.16,4.0,0.0
20230308:2111,0.0,0.0,0.0,-4.35,3.79,0.0
20230308:2211,0.0,0.0,0.0,-4.66,3.38,0.0
20230308:2311,0.0,0.0,0.0,-4.86,2.83,0.0
20230309:0011,0.0,0.0,0.0,-5.1,2.28,0.0
20230309:0111,0.0,0.0,0.0,-5.68,1.66,0.0
20230309:0211,0.0,0.0,0.0,-7.17,1.1,0.0
20230309:0311,0.0,0.0,0.0,-6.22,0.62,0.0
20230309:0411,0.0,0.0,0.0,-6.32,0.21,0.0
20230309:0511,0.0,0.0,0.0,-7.1,1.17,0.0
20230309:0611,16.47,30.86,5.2,-10.6,2.07,0.0
20230309:0711,146.59,170.82,12.16,-10.4,2.55,0.0
20230309:0811,157.23,183.51,18.17,-6.41,2.62,0.0
20230309:0911,272.73,308.36,22.77,-2.42,3.52,0.0
20230309:1011,367.09,410.05,25.56,-1.34,4.69,0.0
20230309:1111,438.89,489.54,26.21,-1.01,4.48,0.0
20230309:1211,460.19,511.87,24.67,-1.05,4.83,0.0
20230309:1311,275.38,311.12,21.1,-1.19,5.31,0.0
20230309:1411,189.0,220.01,15.87,-1.39,5.52,0.0
20230309:1511,196.88,235.43,9.42,-1.44,5.24,0.0
20230309:1611,0.0,1.79,2.19,-1.35,5.24,0.0
20230309:1711,0.0,0.0,0.0,-1.35,5.1,0.0
20230309:1811,0.0,0.0,0.0,-1.16,5.1,0.0
20230309:1911,0.0,0.0,0.0,-1.41,4.69,0.0
20230309:2011,0.0,0.0,0.0,-1.9,4.07,0.0
20230309:2111,0.0,0.0,0.0,-2.51,3.31,0.0
20230309:2211,0.0,0.0,0.0,-3.02,2.83,0.0
20230309:2311,0.0,0.0,0.0,-3.3,2.41,0.0
20230310:0011,0.0,0.0,0.0,-3.44,2.07,0.0
20230310:0111,0.0,0.0,0.0,-3.54,1.93,0.0
20230310:0211,0.0,0.0,0.0,-3.62,2.0,0.0
20230310:0311,0.0,0.0,0.0,-3.65,2.0,0.0
20230310:0411,0.0,0.0,0.0,-3.68,1.72,0.0
20230310:0511,0.0,0.0,0.0,-3.9,1.03,0.0
20230310:0611,2.07,9.86,5.57,-4.2,0.76,0.0
20230310:0711,49.52,69.98,12.54,-4.06,0.76,0.0
20230310:0811,269.8,307.25,18.56,-2.84,1.38,0.0
20230310:0911,440.49,495.81,23.17,-0.88,2.69,0.0
20230310:1011,411.62,463.1,25.95,-0.07,3.66,0.0
20230310:1111,70.82,95.03,26.6,0.24,3.72,0.0
20230310:1211,17.97,33.17,25.04,0.46,3.59,0.0
20230310:1311,457.88,516.58,21.45,0.5,3.31,0.0
20230310:1411,35.5,54.69,16.2,0.33,3.1,0.0
20230310:1511,226.3,271.44,9.74,-0.14,2.62,0.0
20230310:1611,0.0,5.38,2.5,-0.95,2.69,0.0
20230310:1711,0.0,0.0,0.0,-1.95,2.83,0.0
20230310:1811,0.0,0.0,0.0,-2.39,2.76,0.0
20230310:1911,0.0,0.0,0.0,-2.38,2.41,0.0
20230310:2011,0.0,0.0,0.0,-2.37,2.48,0.0
20230310:2111,0.0,0.0,0.0,-2.49,2.41,0.0
20230310:2211,0.0,0.0,0.0,-2.8,2.21,0.0
20230310:2311,0.0,0.0,0.0,-3.52,1.72,0.0
20230311:0011,0.0,0.0,0.0,-5.06,1.31,0.0
20230311:0111,0.0,0.0,0.0,-6.33,1.24,0.0
20230311:0211,0.0,0.0,0.0,-8.05,1.79,0.0
20230311:0311,0.0,0.0,0.0,-8.72,2.28,0.0
20230311:0411,0.0,0.0,0.0,-8.93,2.48,0.0
20230311:0511,0.0,0.0,0.0,-8.48,2.55,0.0
20230311:0611,3.7,12.55,5.95,-7.85,2.48,0.0
20230311:0711,10.35,22.41,12.92,-6.68,2.76,0.0
20230311:0811,76.32,99.33,18.95,-4.48,2.62,0.0
20230311:0911,160.66,190.04,23.56,-3.06,2.9,0.0
20230311:1011,302.79,341.67,26.35,-2.1,3.31,0.0
20230311:1111,354.46,397.27,26.99,-1.56,4.0,0.0
20230311:1211,341.04,382.92,25.42,-1.15,4.21,0.0
20230311:1311,289.91,327.83,21.81,-0.98,4.28,0.0
20230311:1411,218.03,251.71,16.54,-1.09,4.07,0.0
20230311:1511,279.44,329.85,10.06,-1.3,3.24,0.0
20230311:1611,0.0,5.38,2.81,-2.28,2.69,0.0
20230311:1711,0.0,0.0,0.0,-3.32,2.69,0.0
20230311:1811,0.0,0.0,0.0,-4.29,2.55,0.0
20230311:1911,0.0,0.0,0.0,-4.86,2.41,0.0
20230311:2011,0.0,0.0,0.0,-5.64,2.48,0.0
20230311:2111,0.0,0.0,0.0,-6.24,2.9,0.0
20230311:2211,0.0,0.0,0.0,-6.62,2.9,0.0
20230311:2311,0.0,0.0,0.0,-6.77,2.76,0.0
20230312:0011,0.0,0.0,0.0,-6.96,2.76,0.0
20230312:0111,0.0,0.0,0.0,-7.11,2.76,0.0
20230312:0211,0.0,0.0,0.0,-7.28,2.9,0.0
20230312:0311,0.0,0.0,0.0,-7.5,2.97,0.0
20230312:0411,0.0,0.0,0.0,-7.48,3.24,0.0
20230312:0511,0.0,0.0,0.0,-7.46,3.79,0.0
20230312:0611,10.39,22.41,6.32,-7.29,4.0,0.0
20230312:0711,161.1,188.39,13.31,-6.4,3.66,0.0
20230312:0811,336.06,370.88,19.34,-5.46,3.79,0.0
20230312:0911,594.54,656.28,23.96,-4.44,3.93,0.0
20230312:1011,531.11,588.38,26.75,-3.37,3.86,0.0
20230312:1111,548.68,612.16,27.39,-2.33,3.66,0.0
20230312:1211,620.06,696.27,25.79,-1.47,3.79,0.0
20230312:1311,537.08,601.05,22.16,-0.81,4.0,0.0
20230312:1411,450.14,505.61,16.87,-0.5,4.07,0.0
20230312:1511,272.35,321.92,10.38,-0.7,3.66,0.0
20230312:1611,2.03,9.86,3.11,-1.69,3.38,0.0
20230312:1711,0.0,0.0,0.0,-3.08,3.79,0.0
20230312:1811,0.0,0.0,0.0,-4.0,4.14,0.0
20230312:1911,0.0,0.0,0.0,-4.54,4.21,0.0
20230312:2011,0.0,0.0,0.0,-5.4,3.79,0.0
20230312:2111,0.0,0.0,0.0,-6.07,3.59,0.0
20230312:2211,0.0,0.0,0.0,-6.61,3.31,0.0
20230312:2311,0.0,0.0,0.0,-6.91,3.03,0.0
20230313:0011,0.0,0.0,0.0,-6.93,2.76,0.0
20230313:0111,0.0,0.0,0.0,-6.72,2.48,0.0
20230313:0211,0.0,0.0,0.0,-6.44,2.14,0.0
20230313:0311,0.0,0.0,0.0,-5.96,2.28,0.0
20230313:0411,0.0,0.0,0.0,-5.11,2.97,0.0
20230313:0511,0.0,0.0,0.0,-3.96,3.59,0.0
20230313:0611,5.81,16.14,6.7,-2.38,4.41,0.0
20230313:0711,25.25,42.14,13.69,-0.68,5.17,0.0
20230313:0811,36.32,55.58,19.73,0.25,5.66,0.0
20230313:0911,79.76,104.89,24.36,0.71,7.59,0.0
20230313:1011,79.75,104.89,27.15,0.85,8.55,0.0
20230313:1111,83.8,109.38,27.78,0.95,9.24,0.0
20230313:1211,79.74,104.89,26.17,0.93,9.03,0.0
20230313:1311,95.65,122.26,22.52,0.78,7.45,0.0
20230313:1411,17.95,33.17,17.21,0.84,6.76,0.0
20230313:1511,2.96,11.65,10.7,1.5,6.76,0.0
20230313:1611,0.0,2.69,3.42,2.44,6.55,0.0
20230313:1711,0.0,0.0,0.0,2.85,6.34,0.0
20230313:1811,0.0,0.0,0.0,3.31,6.14,0.0
20230313:1911,0.0,0.0,0.0,4.48,7.03,0.0
20230313:2011,0.0,0.0,0.0,5.18,7.1,0.0
20230313:2111,0.0,0.0,0.0,5.31,7.1,0.0
20230313:2211,0.0,0.0,0.0,5.27,7.17,0.0
20230313:2311,0.0,0.0,0.0,5.13,6.97,0.0
20230314:0011,0.0,0.0,0.0,5.08,6.76,0.0
20230314:0111,0.0,0.0,0.0,5.06,6.83,0.0
20230314:0211,0.0,0.0,0.0,5.15,7.31,0.0
20230314:0311,0.0,0.0,0.0,5.17,7.24,0.0
20230314:0411,0.0,0.0,0.0,4.9,7.03,0.0
20230314:0511,0.0,0.0,0.0,5.09,6.69,0.0
20230314:0611,6.7,17.93,7.08,4.83,6.0,0.0
20230314:0711,45.97,67.89,14.07,4.37,5.59,0.0
20230314:0811,363.0,415.58,20.12,4.33,4.76,0.0
20230314:0911,277.59,322.72,24.76,4.47,4.0,0.0
20230314:1011,233.69,275.91,27.55,4.69,3.52,0.0
20230314:1111,98.67,128.2,28.17,4.84,3.72,0.0
20230314:1211,104.19,134.13,26.55,4.42,3.38,0.0
20230314:1311,74.81,101.31,22.87,4.52,2.62,0.0
20230314:1411,51.54,74.41,17.54,3.92,2.41,0.0
20230314:1511,63.88,88.93,11.01,3.12,2.41,0.0
20230314:1611,1.08,8.07,3.73,2.33,2.41,0.0
20230314:1711,0.0,0.0,0.0,1.5,2.28,0.0
20230314:1811,0.0,0.0,0.0,0.85,2.21,0.0
20230314:1911,0.0,0.0,0.0,0.31,2.21,0.0
20230314:2011,0.0,0.0,0.0,0.06,2.0,0.0
20230314:2111,0.0,0.0,0.0,-0.22,1.79,0.0
20230314:2211,0.0,0.0,0.0,-0.79,2.14,0.0
20230314:2311,0.0,0.0,0.0,-1.56,2.83,0.0
20230315:0011,0.0,0.0,0.0,-2.21,3.24,0.0
20230315:0111,0.0,0.0,0.0,-3.05,3.31,0.0
20230315:0211,0.0,0.0,0.0,-3.66,3.24,0.0
20230315:0311,0.0,0.0,0.0,-4.1,3.1,0.0
20230315:0411,0.0,0.0,0.0,-4.29,3.24,0.0
20230315:0511,0.0,0.0,0.0,-4.27,3.31,0.0
20230315:0611,147.98,193.27,7.46,-3.75,3.38,0.0
20230315:0711,405.0,458.01,14.46,-2.41,3.45,0.0
20230315:0811,609.03,683.06,20.52,-1.31,3.93,0.0
20230315:0911,734.81,834.01,25.16,-0.26,4.21,0.0
20230315:1011,817.24,941.83,27.95,0.77,4.14,0.0
20230315:1111,849.58,983.84,28.56,1.5,4.41,0.0
20230315:1211,821.57,948.07,26.92,1.99,4.62,0.0
20230315:1311,706.75,806.79,23.23,2.27,4.69,0.0
20230315:1411,517.35,587.77,17.88,2.43,4.62,0.0
20230315:1511,294.0,350.33,11.33,2.28,4.07,0.0
20230315:1611,7.56,19.74,4.03,1.46,3.72,0.0
20230315:1711,0.0,0.0,0.0,0.13,3.52,0.0
20230315:1811,0.0,0.0,0.0,-0.48,3.52,0.0
20230315:1911,0.0,0.0,0.0,-0.73,3.24,0.0
20230315:2011,0.0,0.0,0.0,-1.17,3.1,0.0
20230315:2111,0.0,0.0,0.0,-1.46,2.97,0.0
20230315:2211,0.0,0.0,0.0,-1.74,2.76,0.0
20230315:2311,0.0,0.0,0.0,-2.09,2.62,0.0
20230316:0011,0.0,0.0,0.0,-2.51,2.41,0.0
20230316:0111,0.0,0.0,0.0,-2.89,2.34,0.0
20230316:0211,0.0,0.0,0.0,-3.16,2.55,0.0
20230316:0311,0.0,0.0,0.0,-3.34,2.76,0.0
20230316:0411,0.0,0.0,0.0,-3.52,2.69,0.0
20230316:0511,0.0,0.0,0.0,-3.7,2.62,0.0
20230316:0611,156.26,203.22,7.84,-3.63,2.48,0.0
20230316:0711,398.63,452.17,14.85,-2.81,2.48,0.0
20230316:0811,607.51,690.59,20.91,-1.38,2.34,0.0
20230316:0911,737.4,859.71,25.56,0.12,2.07,0.0
20230316:1011,812.55,969.17,28.35,1.4,1.86,0.0
20230316:1111,829.05,997.95,28.95,2.27,1.79,0.0
20230316:1211,786.05,943.76,27.3,2.57,1.59,0.0
20230316:1311,683.81,811.56,23.58,2.5,1.24,0.0
20230316:1411,501.07,584.84,18.21,1.94,0.97,0.0
20230316:1511,271.05,327.67,11.65,1.68,0.69,0.0
20230316:1611,16.97,35.2,4.34,-0.26,1.17,0.0
20230316:1711,0.0,0.0,0.0,-1.5,1.72,0.0
20230316:1811,0.0,0.0,0.0,-2.23,2.14,0.0
20230316:1911,0.0,0.0,0.0,-2.62,2.07,0.0
20230316:2011,0.0,0.0,0.0,-2.3,2.14,0.0
20230316:2111,0.0,0.0,0.0,-1.95,2.28,0.0
20230316:2211,0.0,0.0,0.0,-1.71,2.48,0.0
20230316:2311,0.0,0.0,0.0,-1.49,2.62,0.0
20230317:0011,0.0,0.0,0.0,-1.27,2.69,0.0
20230317:0111,0.0,0.0,0.0,-1.03,2.76,0.0
20230317:0211,0.0,0.0,0.0,-0.85,3.1,0.0
20230317:0311,0.0,0.0,0.0,-0.71,3.59,0.0
20230317:0411,0.0,0.0,0.0,-0.43,4.07,0.0
20230317:0511,0.0,0.0,0.0,-0.18,4.62,0.0
20230317:0611,2.49,10.76,8.22,0.19,5.03,0.0
20230317:0711,111.82,140.0,15.23,0.63,5.17,0.0
20230317:0811,175.47,207.88,21.31,1.09,6.14,0.0
20230317:0911,227.68,263.69,25.96,1.21,6.34,0.0
20230317:1011,350.39,395.26,28.75,1.45,6.69,0.0
20230317:1111,326.43,369.85,29.35,1.72,6.9,0.0
20230317:1211,467.67,523.41,27.67,1.75,6.83,0.0
20230317:1311,103.93,131.89,23.94,1.74,6.62,0.0
20230317:1411,32.34,51.1,18.54,1.53,6.28,0.0
20230317:1511,16.53,31.38,11.96,1.27,7.31,0.0
20230317:1611,1.53,8.97,4.65,1.22,7.45,0.0
20230317:1711,0.0,0.0,0.0,1.4,7.45,0.0
20230317:1811,0.0,0.0,0.0,1.74,7.38,0.0
20230317:1911,0.0,0.0,0.0,1.96,7.31,0.0
20230317:2011,0.0,0.0,0.0,2.27,7.03,0.0
20230317:2111,0.0,0.0,0.0,2.63,6.69,0.0
20230317:2211,0.0,0.0,0.0,2.72,6.48,0.0
20230317:2311,0.0,0.0,0.0,2.84,6.21,0.0
20230318:0011,0.0,0.0,0.0,2.86,6.07,0.0
20230318:0111,0.0,0.0,0.0,2.84,5.93,0.0
20230318:0211,0.0,0.0,0.0,2.8,5.79,0.0
20230318:0311,0.0,0.0,0.0,2.78,5.66,0.0
20230318:0411,0.0,0.0,0.0,2.79,5.52,0.0
20230318:0511,0.0,0.0,0.0,2.81,5.31,0.0
20230318:0611,7.98,19.72,8.6,2.73,5.1,0.0
20230318:0711,7.38,18.83,15.62,2.78,5.45,0.0
20230318:0811,37.44,57.38,21.7,2.39,5.52,0.0
20230318:0911,70.2,95.03,26.36,2.38,5.38,0.0
20230318:1011,112.67,142.08,29.15,2.35,5.03,0.0
20230318:1111,127.82,158.7,29.74,2.46,5.03,0.0
20230318:1211,99.92,128.2,28.05,2.52,5.03,0.0
20230318:1311,51.22,73.51,24.29,2.49,4.69,0.0
20230318:1411,23.37,40.34,18.87,2.78,4.28,0.0
20230318:1511,20.54,36.76,12.28,2.73,3.79,0.0
20230318:1611,2.44,10.76,4.95,2.64,3.31,0.0
20230318:1711,0.0,0.0,0.0,2.45,3.03,0.0
20230318:1811,0.0,0.0,0.0,2.32,2.76,0.0
20230318:1911,0.0,0.0,0.0,2.15,2.21,0.0
20230318:2011,0.0,0.0,0.0,2.09,1.86,0.0
20230318:2111,0.0,0.0,0.0,2.07,1.52,0.0
20230318:2211,0.0,0.0,0.0,1.92,1.52,0.0
20230318:2311,0.0,0.0,0.0,2.04,1.38,0.0
20230319:0011,0.0,0.0,0.0,2.17,1.38,0.0
20230319:0111,0.0,0.0,0.0,2.22,1.31,0.0
20230319:0211,0.0,0.0,0.0,2.22,1.31,0.0
20230319:0311,0.0,0.0,0.0,2.15,1.24,0.0
20230319:0411,0.0,0.0,0.0,2.05,1.17,0.0
20230319:0511,0.0,0.0,0.0,2.02,0.9,0.0
20230319:0611,30.38,49.37,8.98,2.03,0.69,0.0
20230319:0711,76.77,102.8,16.01,2.11,0.48,0.0
20230319:0811,117.71,148.63,22.1,2.65,0.62,0.0
20230319:0911,128.0,160.53,26.77,3.15,0.76,0.0
20230319:1011,138.96,173.05,29.56,3.81,1.1,0.0
20230319:1111,78.69,105.79,30.13,4.26,1.38,0.0
20230319:1211,92.87,121.93,28.42,4.68,1.86,0.0
20230319:1311,85.58,113.86,24.64,5.08,2.0,0.0
20230319:1411,60.51,85.17,19.21,5.05,2.28,0.0
20230319:1511,37.99,58.69,12.59,4.74,2.48,0.0
20230319:1611,2.9,11.65,5.25,4.32,2.69,0.0
20230319:1711,0.0,0.0,0.0,3.84,2.83,0.0
20230319:1811,0.0,0.0,0.0,3.41,2.9,0.0
20230319:1911,0.0,0.0,0.0,3.33,3.24,0.0
20230319:2011,0.0,0.0,0.0,3.07,3.31,0.0
20230319:2111,0.0,0.0,0.0,2.95,3.45,0.0
20230319:2211,0.0,0.0,0.0,3.06,3.38,0.0
20230319:2311,0.0,0.0,0.0,3.32,3.31,0.0
20230320:0011,0.0,0.0,0.0,3.43,3.45,0.0
20230320:0111,0.0,0.0,0.0,3.58,3.66,0.0
20230320:0211,0.0,0.0,0.0,3.69,3.72,0.0
20230320:0311,0.0,0.0,0.0,3.77,3.66,0.0
20230320:0411,0.0,0.0,0.0,3.72,3.59,0.0
20230320:0511,0.0,0.83,1.82,3.54,3.72,0.0
20230320:0611,9.79,22.41,9.36,3.55,3.93,0.0
20230320:0711,31.17,50.21,16.4,3.97,3.52,0.0
20230320:0811,40.82,61.86,22.49,4.32,3.93,0.0
20230320:0911,89.2,117.44,27.17,4.57,3.72,0.0
20230320:1011,92.92,121.93,29.96,5.18,3.66,0.0
20230320:1111,154.8,190.95,30.53,5.62,3.45,0.0
20230320:1211,123.01,155.93,28.8,5.8,3.31,0.0
20230320:1311,96.96,126.81,24.99,5.75,2.97,0.0
20230320:1411,58.83,83.38,19.54,5.64,2.9,0.0
20230320:1511,55.52,79.7,12.9,5.5,2.76,0.0
20230320:1611,11.38,25.33,5.56,5.0,2.76,0.0
20230320:1711,0.0,0.0,0.0,3.73,3.52,0.0
20230320:1811,0.0,0.0,0.0,1.59,4.0,0.0
20230320:1911,0.0,0.0,0.0,0.5,3.59,0.0
20230320:2011,0.0,0.0,0.0,-0.04,3.31,0.0
20230320:2111,0.0,0.0,0.0,-0.53,3.03,0.0
20230320:2211,0.0,0.0,0.0,-1.02,2.76,0.0
20230320:2311,0.0,0.0,0.0,-1.36,2.62,0.0
20230321:0011,0.0,0.0,0.0,-1.72,2.62,0.0
20230321:0111,0.0,0.0,0.0,-2.0,2.55,0.0
20230321:0211,0.0,0.0,0.0,-2.1,2.34,0.0
20230321:0311,0.0,0.0,0.0,-2.1,2.21,0.0
20230321:0411,0.0,0.0,0.0,-2.16,2.28,0.0
20230321:0511,0.0,0.9,2.2,-2.34,2.28,0.0
20230321:0611,9.44,21.52,9.74,-1.82,1.93,0.0
20230321:0711,0.0,0.0,0.0,-0.17,1.66,0.0
20230321:0811,0.0,0.0,0.0,1.48,1.86,0.0
20230321:0911,714.23,842.02,27.57,2.91,2.07,0.0
20230321:1011,688.04,810.58,30.36,4.17,2.48,0.0
20230321:1111,758.29,900.91,30.92,5.12,2.9,0.0
20230321:1211,495.01,574.25,29.17,5.61,3.17,0.0
20230321:1311,437.24,506.17,25.35,5.7,3.24,0.0
20230321:1411,376.68,437.22,19.87,5.1,2.97,0.0
20230321:1511,56.24,80.04,13.22,4.16,2.97,0.0
20230321:1611,9.18,21.52,5.86,3.2,3.03,0.0
20230321:1711,0.0,0.0,0.0,2.23,3.03,0.0
20230321:1811,0.0,0.0,0.0,1.71,2.9,0.0
20230321:1911,0.0,0.0,0.0,1.19,3.03,0.0
20230321:2011,0.0,0.0,0.0,1.23,2.97,0.0
20230321:2111,0.0,0.0,0.0,1.38,2.97,0.0
20230321:2211,0.0,0.0,0.0,1.5,3.03,0.0
20230321:2311,0.0,0.0,0.0,1.46,3.17,0.0
20230322:0011,0.0,0.0,0.0,1.5,3.17,0.0
20230322:0111,0.0,0.0,0.0,1.48,3.1,0.0
20230322:0211,0.0,0.0,0.0,1.52,3.38,0.0
20230322:0311,0.0,0.0,0.0,1.68,4.0,0.0
20230322:0411,0.0,0.0,0.0,1.95,4.14,0.0
20230322:0511,0.0,1.79,2.58,2.27,3.93,0.0
20230322:0611,18.45,34.07,10.13,2.72,3.86,0.0
20230322:0711,0.0,0.0,0.0,3.52,3.86,0.0
20230322:0811,89.57,117.78,23.29,4.63,4.07,0.0
20230322:0911,173.49,210.42,27.97,5.27,4.76,0.0
20230322:1011,195.38,234.75,30.76,5.55,4.9,0.0
20230322:1111,273.92,321.23,31.31,5.77,4.41,0.0
20230322:1211,142.67,177.67,29.54,6.46,5.17,0.0
20230322:1311,127.95,161.92,25.7,7.51,5.31,0.0
20230322:1411,219.18,262.25,20.19,7.36,4.55,0.0
20230322:1511,14.7,29.59,13.53,7.05,4.62,0.0
20230322:1611,6.63,17.93,6.16,6.56,5.03,0.0
20230322:1711,0.0,0.0,0.0,6.21,5.1,0.0
20230322:1811,0.0,0.0,0.0,5.75,5.1,0.0
20230322:1911,0.0,0.0,0.0,5.63,5.59,0.0
20230322:2011,0.0,0.0,0.0,5.58,6.48,0.0
20230322:2111,0.0,0.0,0.0,5.97,6.62,0.0
20230322:2211,0.0,0.0,0.0,6.3,6.76,0.0
20230322:2311,0.0,0.0,0.0,6.19,6.76,0.0
20230323:0011,0.0,0.0,0.0,5.29,6.55,0.0
20230323:0111,0.0,0.0,0.0,4.54,6.14,0.0
20230323:0211,0.0,0.0,0.0,4.07,5.79,0.0
20230323:0311,0.0,0.0,0.0,3.65,5.59,0.0
20230323:0411,0.0,0.0,0.0,3.29,5.38,0.0
20230323:0511,0.66,7.17,2.96,2.95,5.24,0.0
20230323:0611,196.33,252.51,10.51,3.33,5.1,0.0
20230323:0711,432.05,498.53,17.56,4.07,4.62,0.0
20230323:0811,634.12,729.08,23.68,5.1,4.97,0.0
20230323:0911,769.66,901.43,28.37,6.3,4.76,0.0
20230323:1011,838.1,1000.57,31.16,7.55,4.34,0.0
20230323:1111,693.52,821.85,31.7,8.43,4.07,0.0
20230323:1211,261.97,312.76,29.92,8.94,3.93,0.0
20230323:1311,688.31,816.22,26.05,9.09,4.0,0.0
20230323:1411,519.09,610.85,20.52,8.85,3.79,0.0
20230323:1511,262.72,322.17,13.84,8.1,3.17,0.0
20230323:1611,71.37,121.07,6.46,6.7,3.17,0.0
20230323:1711,0.0,0.0,0.0,5.33,3.24,0.0
20230323:1811,0.0,0.0,0.0,4.67,3.24,0.0
20230323:1911,0.0,0.0,0.0,4.79,3.31,0.0
20230323:2011,0.0,0.0,0.0,5.1,3.93,0.0
20230323:2111,0.0,0.0,0.0,5.39,4.41,0.0
20230323:2211,0.0,0.0,0.0,5.26,4.41,0.0
20230323:2311,0.0,0.0,0.0,4.77,4.34,0.0
20230324:0011,0.0,0.0,0.0,4.26,4.41,0.0
20230324:0111,0.0,0.0,0.0,4.29,4.48,0.0
20230324:0211,0.0,0.0,0.0,4.62,4.48,0.0
20230324:0311,0.0,0.0,0.0,4.89,4.28,0.0
20230324:0411,0.0,0.0,0.0,4.8,4.21,0.0
20230324:0511,0.0,5.38,3.34,4.69,4.34,0.0
20230324:0611,64.59,91.43,10.89,4.76,4.34,0.0
20230324:0711,48.23,70.83,17.95,5.17,3.86,0.0
20230324:0811,106.46,137.2,24.08,5.71,3.86,0.0
20230324:0911,169.98,208.05,28.78,6.46,3.93,0.0
20230324:1011,163.5,201.59,31.56,6.95,3.86,0.0
20230324:1111,154.99,191.83,32.09,6.54,3.93,0.0
20230324:1211,47.33,69.93,30.29,5.72,3.66,0.0
20230324:1311,49.76,72.62,26.39,5.09,3.38,0.0
20230324:1411,12.27,26.0,20.85,4.6,3.86,0.0
20230324:1511,24.59,42.14,14.15,4.49,4.55,0.0
20230324:1611,3.92,13.45,6.77,4.61,4.97,0.0
20230324:1711,0.0,0.0,0.0,5.71,6.0,0.0
20230324:1811,0.0,0.0,0.0,6.42,6.69,0.0
20230324:1911,0.0,0.0,0.0,6.43,7.59,0.0
20230324:2011,0.0,0.0,0.0,5.9,7.66,0.0
20230324:2111,0.0,0.0,0.0,5.5,7.24,0.0
20230324:2211,0.0,0.0,0.0,5.23,7.03,0.0
20230324:2311,0.0,0.0,0.0,4.92,6.69,0.0
20230325:0011,0.0,0.0,0.0,4.29,5.59,0.0
20230325:0111,0.0,0.0,0.0,3.42,4.41,0.0
20230325:0211,0.0,0.0,0.0,2.3,3.86,0.0
20230325:0311,0.0,0.0,0.0,1.18,3.38,0.0
20230325:0411,0.0,0.0,0.0,0.59,2.62,0.0
20230325:0511,0.0,2.69,3.72,0.11,2.14,0.0
20230325:0611,33.21,52.09,11.27,0.06,1.86,0.0
20230325:0711,163.89,196.93,18.34,0.19,2.07,0.0
20230325:0811,156.49,188.55,24.47,0.36,2.62,0.0
20230325:0911,83.55,109.38,29.18,0.56,3.17,0.0
20230325:1011,38.52,58.27,31.96,0.48,3.66,0.0
20230325:1111,72.27,96.82,32.48,0.77,4.0,0.0
20230325:1211,65.86,89.65,30.66,0.81,4.14,0.0
20230325:1311,69.13,93.24,26.74,0.62,4.34,0.0
20230325:1411,43.16,63.65,21.17,0.43,4.48,0.0
20230325:1511,96.44,123.81,14.46,0.13,4.83,0.0
20230325:1611,9.36,21.52,7.06,-0.2,5.03,0.0
20230325:1711,0.0,0.0,0.0,-0.48,5.03,0.0
20230325:1811,0.0,0.0,0.0,-0.7,5.17,0.0
20230325:1911,0.0,0.0,0.0,-0.88,4.76,0.0
20230325:2011,0.0,0.0,0.0,-1.03,4.48,0.0
20230325:2111,0.0,0.0,0.0,-1.14,4.41,0.0
20230325:2211,0.0,0.0,0.0,-1.24,4.34,0.0
20230325:2311,0.0,0.0,0.0,-1.35,4.34,0.0
20230326:0011,0.0,0.0,0.0,-1.42,4.41,0.0
20230326:0111,0.0,0.0,0.0,-1.48,4.34,0.0
20230326:0211,0.0,0.0,0.0,-1.55,4.28,0.0
20230326:0311,0.0,0.0,0.0,-1.61,4.14,0.0
20230326:0411,0.0,0.0,0.0,-1.64,4.21,0.0
20230326:0511,1.56,8.97,4.1,-1.7,4.14,0.0
20230326:0611,26.1,43.03,11.65,-1.6,4.41,0.0
20230326:0711,23.82,40.34,18.73,-0.96,4.14,0.0
20230326:0811,207.94,241.98,24.87,-0.51,4.28,0.0
20230326:0911,173.28,205.91,29.58,-0.09,4.34,0.0
20230326:1011,100.95,128.2,32.36,0.2,4.41,0.0
20230326:1111,103.33,130.89,32.87,0.36,4.41,0.0
20230326:1211,107.38,135.38,31.03,0.43,4.28,0.0
20230326:1311,98.43,125.51,27.09,0.28,4.21,0.0
20230326:1411,102.9,130.09,21.5,-0.05,4.0,0.0
20230326:1511,112.79,141.74,14.77,-0.35,4.07,0.0
20230326:1611,13.97,27.79,7.36,-0.83,3.93,0.0
20230326:1711,0.0,0.0,0.0,-1.29,4.0,0.0
20230326:1811,0.0,0.0,0.0,-1.68,4.14,0.0
20230326:1911,0.0,0.0,0.0,-1.87,4.34,0.0
20230326:2011,0.0,0.0,0.0,-1.97,4.41,0.0
20230326:2111,0.0,0.0,0.0,-2.04,4.41,0.0
20230326:2211,0.0,0.0,0.0,-2.3,4.55,0.0
20230326:2311,0.0,0.0,0.0,-2.55,4.83,0.0
20230327:0011,0.0,0.0,0.0,-2.71,4.9,0.0
20230327:0111,0.0,0.0,0.0,-2.89,4.9,0.0
20230327:0211,0.0,0.0,0.0,-2.99,4.83,0.0
20230327:0311,0.0,0.0,0.0,-3.09,4.9,0.0
20230327:0411,0.0,0.0,0.0,-3.2,4.97,0.0
20230327:0511,0.0,4.48,4.47,-3.34,5.38,0.0
20230327:0611,23.39,39.45,12.03,-3.4,5.79,0.0
20230327:0711,69.87,92.49,19.11,-3.36,5.79,0.0
20230327:0811,167.22,196.0,25.26,-3.16,6.97,0.0
20230327:0911,158.82,187.94,29.98,-2.7,6.83,0.0
20230327:1011,159.55,189.14,32.76,-2.29,6.97,0.0
20230327:1111,169.14,199.33,33.26,-2.2,7.1,0.0
20230327:1211,181.01,211.69,31.4,-2.13,7.1,0.0
20230327:1311,185.13,215.69,27.43,-2.08,7.24,0.0
20230327:1411,92.82,117.84,21.82,-2.17,7.1,0.0
20230327:1511,161.35,192.97,15.07,-2.51,6.48,0.0
20230327:1611,57.41,88.74,7.66,-2.71,6.07,0.0
20230327:1711,0.0,0.0,0.0,-2.98,5.93,0.0
20230327:1811,0.0,0.0,0.0,-3.24,6.48,0.0
20230327:1911,0.0,0.0,0.0,-3.63,6.14,0.0
20230327:2011,0.0,0.0,0.0,-3.69,6.48,0.0
20230327:2111,0.0,0.0,0.0,-3.64,6.69,0.0
20230327:2211,0.0,0.0,0.0,-3.6,6.55,0.0
20230327:2311,0.0,0.0,0.0,-3.62,6.41,0.0
20230328:0011,0.0,0.0,0.0,-3.61,6.55,0.0
20230328:0111,0.0,0.0,0.0,-3.61,6.21,0.0
20230328:0211,0.0,0.0,0.0,-3.55,6.41,0.0
20230328:0311,0.0,0.0,0.0,-3.55,6.62,0.0
20230328:0411,0.0,0.0,0.0,-3.68,6.83,0.0
20230328:0511,0.0,5.38,4.85,-3.76,6.76,0.0
20230328:0611,22.72,38.55,12.41,-3.89,6.28,0.0
20230328:0711,235.44,267.37,19.5,-3.44,7.38,0.0
20230328:0811,286.27,319.53,25.65,-3.03,8.21,0.0
20230328:0911,189.11,219.62,30.37,-2.43,8.14,0.0
20230328:1011,303.44,340.13,33.16,-1.96,7.72,0.0
20230328:1111,434.99,480.35,33.65,-1.76,7.59,0.0
20230328:1211,395.14,437.86,31.77,-1.59,7.38,0.0
20230328:1311,272.88,308.27,27.78,-1.48,7.17,0.0
20230328:1411,338.37,377.92,22.14,-1.72,6.41,0.0
20230328:1511,311.06,359.68,15.38,-1.8,5.72,0.0
20230328:1611,85.61,133.8,7.96,-2.15,5.1,0.0
20230328:1711,0.0,0.0,0.0,-2.86,4.55,0.0
20230328:1811,0.0,0.0,0.0,-3.62,4.14,0.0
20230328:1911,0.0,0.0,0.0,-4.19,3.59,0.0
20230328:2011,0.0,0.0,0.0,-4.83,3.38,0.0
20230328:2111,0.0,0.0,0.0,-5.25,3.24,0.0
20230328:2211,0.0,0.0,0.0,-5.53,3.17,0.0
20230328:2311,0.0,0.0,0.0,-5.63,3.1,0.0
20230329:0011,0.0,0.0,0.0,-5.68,2.83,0.0
20230329:0111,0.0,0.0,0.0,-5.74,2.41,0.0
20230329:0211,0.0,0.0,0.0,-5.92,1.72,0.0
20230329:0311,0.0,0.0,0.0,-7.16,1.17,0.0
20230329:0411,0.0,0.0,0.0,-6.47,0.76,0.0
20230329:0511,0.0,4.48,5.23,-5.98,0.76,0.0
20230329:0611,16.59,30.48,12.79,-7.81,1.59,0.0
20230329:0711,46.86,66.34,19.88,-6.32,1.38,0.0
20230329:0811,100.32,126.41,26.05,-2.71,2.07,0.0
20230329:0911,156.91,187.7,30.77,-1.96,2.55,0.0
20230329:1011,157.9,189.0,33.56,-1.57,3.03,0.0
20230329:1111,125.66,154.2,34.03,-1.59,3.52,0.0
20230329:1211,127.43,156.0,32.13,-1.63,3.93,0.0
20230329:1311,73.99,97.72,28.12,-1.86,4.07,0.0
20230329:1411,67.56,90.55,22.47,-1.97,4.28,0.0
20230329:1511,26.16,43.03,15.68,-2.14,4.07,0.0
20230329:1611,27.37,45.16,8.25,-2.33,4.21,0.0
20230329:1711,0.0,0.0,0.0,-2.48,4.62,0.0
20230329:1811,0.0,0.0,0.0,-2.64,4.69,0.0
20230329:1911,0.0,0.0,0.0,-2.81,4.97,0.0
20230329:2011,0.0,0.0,0.0,-3.13,4.55,0.0
20230329:2111,0.0,0.0,0.0,-3.22,4.28,0.0
20230329:2211,0.0,0.0,0.0,-3.35,4.0,0.0
20230329:2311,0.0,0.0,0.0,-3.4,3.72,0.0
20230330:0011,0.0,0.0,0.0,-3.53,3.52,0.0
20230330:0111,0.0,0.0,0.0,-3.7,3.31,0.0
20230330:0211,0.0,0.0,0.0,-3.88,3.17,0.0
20230330:0311,0.0,0.0,0.0,-4.19,3.24,0.0
20230330:0411,0.0,0.0,0.0,-4.24,3.45,0.0
20230330:0511,0.0,5.38,5.6,-4.08,3.24,0.0
20230330:0611,144.09,178.83,13.17,-3.43,2.69,0.0
20230330:0711,282.26,322.32,20.27,-2.23,2.48,0.0
20230330:0811,250.19,287.15,26.44,-1.25,3.17,0.0
20230330:0911,179.63,212.92,31.17,-0.57,3.24,0.0
20230330:1011,155.01,186.92,33.95,-0.22,3.24,0.0
20230330:1111,147.97,179.52,34.42,-0.01,3.17,0.0
20230330:1211,124.59,154.2,32.5,0.12,3.17,0.0
20230330:1311,125.82,155.46,28.46,0.18,3.17,0.0
20230330:1411,184.76,218.43,22.78,0.1,3.38,0.0
20230330:1511,74.13,98.72,15.99,-0.14,3.66,0.0
20230330:1611,27.77,45.95,8.55,-0.4,3.45,0.0
20230330:1711,0.0,0.0,0.0,-0.75,3.45,0.0
20230330:1811,0.0,0.0,0.0,-0.92,3.52,0.0
20230330:1911,0.0,0.0,0.0,-1.29,3.38,0.0
20230330:2011,0.0,0.0,0.0,-1.36,3.31,0.0
20230330:2111,0.0,0.0,0.0,-1.28,3.17,0.0
20230330:2211,0.0,0.0,0.0,-1.11,3.1,0.0
20230330:2311,0.0,0.0,0.0,-0.99,3.24,0.0
20230331:0011,0.0,0.0,0.0,-1.01,3.59,0.0
20230331:0111,0.0,0.0,0.0,-0.98,3.93,0.0
20230331:0211,0.0,0.0,0.0,-1.01,4.21,0.0
20230331:0311,0.0,0.0,0.0,-1.03,4.41,0.0
20230331:0411,0.0,0.0,0.0,-1.03,4.55,0.0
20230331:0511,0.7,7.17,5.97,-1.0,4.83,0.0
20230331:0611,10.03,22.41,13.55,-0.78,5.1,0.0
20230331:0711,50.45,71.72,20.65,-0.66,5.24,0.0
20230331:0811,113.12,140.89,26.83,-0.37,6.0,0.0
20230331:0911,201.09,234.92,31.56,-0.42,5.59,0.0
20230331:1011,293.47,333.37,34.35,-0.41,5.59,0.0
20230331:1111,525.99,587.11,34.8,-0.47,5.52,0.0
20230331:1211,699.17,784.71,32.86,-0.62,5.45,0.0
20230331:1311,601.12,670.84,28.8,-0.55,5.38,0.0
20230331:1411,358.38,402.65,23.1,-0.53,5.31,0.0
20230331:1511,178.01,212.8,16.29,-0.77,5.1,0.0
20230331:1611,72.65,110.1,8.84,-1.16,4.83,0.0
20230331:1711,0.0,0.0,0.0,-1.75,4.76,0.0
20230331:1811,0.0,0.0,0.0,-2.52,4.48,0.0
20230331:1911,0.0,0.0,0.0,-3.28,4.14,0.0
20230331:2011,0.0,0.0,0.0,-3.71,4.0,0.0
20230331:2111,0.0,0.0,0.0,-4.04,3.86,0.0
20230331:2211,0.0,0.0,0.0,-4.14,3.79,0.0
20230331:2311,0.0,0.0,0.0,-4.22,3.66,0.0
20230401:0011,0.0,0.0,0.0,-4.37,3.66,0.0
20230401:0111,0.0,0.0,0.0,-4.72,3.72,0.0
20230401:0211,0.0,0.0,0.0,-5.04,3.72,0.0
20230401:0311,0.0,0.0,0.0,-5.31,3.79,0.0
20230401:0411,0.0,0.0,0.0,-5.44,3.79,0.0
20230401:0511,34.22,71.87,6.35,-5.33,3.66,0.0
20230401:0611,240.23,289.7,13.92,-4.28,3.38,0.0
20230401:0711,435.09,489.42,21.03,-1.91,3.66,0.0
20230401:0811,605.34,682.49,27.22,-0.18,4.07,0.0
20230401:0911,725.88,830.71,31.96,1.25,4.28,0.0
20230401:1011,802.82,928.29,34.74,2.32,4.69,0.0
20230401:1111,858.92,998.12,35.18,3.06,5.17,0.0
20230401:1211,831.84,960.79,33.22,3.28,5.59,0.0
20230401:1311,703.46,802.55,29.14,3.11,5.52,0.0
20230401:1411,542.45,615.7,23.42,2.76,5.31,0.0
20230401:1511,332.23,391.01,16.59,2.2,4.9,0.0
20230401:1611,96.29,150.03,9.14,1.35,4.9,0.0
20230401:1711,0.0,0.0,0.0,0.12,4.55,0.0
20230401:1811,0.0,0.0,0.0,-1.1,4.34,0.0
20230401:1911,0.0,0.0,0.0,-1.81,4.21,0.0
20230401:2011,0.0,0.0,0.0,-2.49,4.14,0.0
20230401:2111,0.0,0.0,0.0,-3.01,4.0,0.0
20230401:2211,0.0,0.0,0.0,-3.4,3.93,0.0
20230401:2311,0.0,0.0,0.0,-3.69,3.86,0.0
20230402:0011,0.0,0.0,0.0,-3.91,3.86,0.0
20230402:0111,0.0,0.0,0.0,-4.17,3.79,0.0
20230402:0211,0.0,0.0,0.0,-4.43,3.66,0.0
20230402:0311,0.0,0.0,0.0,-4.71,3.59,0.0
20230402:0411,0.0,0.0,0.0,-5.0,3.59,0.0
20230402:0511,38.31,79.26,6.72,-5.0,3.45,0.0
20230402:0611,252.9,304.66,14.29,-4.09,3.03,0.0
20230402:0711,464.67,524.82,21.41,-2.1,2.83,0.0
20230402:0811,645.46,734.74,27.6,-0.34,3.1,0.0
20230402:0911,777.44,899.69,32.35,1.19,3.59,0.0
20230402:1011,831.96,962.61,35.13,2.03,4.76,0.0
20230402:1111,684.13,780.19,35.56,2.09,5.1,0.0
20230402:1211,833.85,961.72,33.59,2.04,5.03,0.0
20230402:1311,568.38,641.89,29.48,1.78,5.1,0.0
20230402:1411,541.98,611.49,23.74,1.35,5.17,0.0
20230402:1511,333.46,389.23,16.89,0.67,5.24,0.0
20230402:1611,98.3,150.99,9.43,-0.04,5.03,0.0
20230402:1711,0.0,1.65,1.77,-0.92,4.9,0.0
20230402:1811,0.0,0.0,0.0,-1.95,4.76,0.0
20230402:1911,0.0,0.0,0.0,-2.56,4.21,0.0
20230402:2011,0.0,0.0,0.0,-3.16,4.07,0.0
20230402:2111,0.0,0.0,0.0,-3.75,3.86,0.0
20230402:2211,0.0,0.0,0.0,-4.26,3.79,0.0
20230402:2311,0.0,0.0,0.0,-4.56,3.79,0.0
20230403:0011,0.0,0.0,0.0,-4.82,3.79,0.0
20230403:0111,0.0,0.0,0.0,-4.97,3.66,0.0
20230403:0211,0.0,0.0,0.0,-5.08,3.52,0.0
20230403:0311,0.0,0.0,0.0,-5.25,3.45,0.0
20230403:0411,0.0,0.0,0.0,-5.46,3.45,0.0
20230403:0511,40.66,81.69,7.09,-5.44,3.45,0.0
20230403:0611,254.34,305.01,14.67,-4.45,3.17,0.0
20230403:0711,477.89,536.74,21.79,-2.65,3.31,0.0
20230403:0811,660.64,748.46,27.99,-1.05,3.38,0.0
20230403:0911,786.67,909.17,32.74,0.1,3.31,0.0
20230403:1011,873.04,1027.67,35.52,0.89,3.17,0.0
20230403:1111,889.64,1053.1,35.94,1.46,3.17,0.0
20230403:1211,837.78,985.84,33.94,1.73,3.1,0.0
20230403:1311,727.0,842.31,29.81,1.93,3.24,0.0
20230403:1411,554.57,637.39,24.05,1.89,2.83,0.0
20230403:1511,323.44,383.37,17.19,1.76,2.55,0.0
20230403:1611,97.83,150.78,9.72,1.16,1.86,0.0
20230403:1711,0.0,2.48,2.06,0.13,2.21,0.0
20230403:1811,0.0,0.0,0.0,-0.94,2.41,0.0
20230403:1911,0.0,0.0,0.0,-1.73,2.14,0.0
20230403:2011,0.0,0.0,0.0,-2.47,1.86,0.0
20230403:2111,0.0,0.0,0.0,-3.57,1.38,0.0
20230403:2211,0.0,0.0,0.0,-3.82,0.97,0.0
20230403:2311,0.0,0.0,0.0,-3.0,0.83,0.0
20230404:0011,0.0,0.0,0.0,-4.45,1.1,0.0
20230404:0111,0.0,0.0,0.0,-6.75,1.45,0.0
20230404:0211,0.0,0.0,0.0,-7.92,1.66,0.0
20230404:0311,0.0,0.0,0.0,-8.52,1.79,0.0
20230404:0411,0.0,0.0,0.0,-9.01,1.93,0.0
20230404:0511,20.49,35.93,7.45,-9.36,2.07,0.0
20230404:0611,201.49,239.0,15.04,-7.86,2.28,0.0
20230404:0711,235.22,270.89,22.16,-3.31,1.66,0.0
20230404:0811,351.96,400.47,28.37,-1.22,1.72,0.0
20230404:0911,370.87,424.07,33.13,-0.05,1.79,0.0
20230404:1011,325.02,374.35,35.91,0.53,1.79,0.0
20230404:1111,323.31,373.17,36.32,0.82,1.72,0.0
20230404:1211,325.47,375.87,34.3,1.19,1.72,0.0
20230404:1311,263.03,306.35,30.15,1.42,1.86,0.0
20230404:1411,236.34,277.41,24.36,1.84,1.93,0.0
20230404:1511,311.87,371.05,17.49,1.84,1.93,0.0
20230404:1611,99.65,153.66,10.01,1.32,1.45,0.0
20230404:1711,0.0,4.13,2.35,0.47,2.0,0.0
20230404:1811,0.0,0.0,0.0,-0.66,2.41,0.0
20230404:1911,0.0,0.0,0.0,-1.12,2.0,0.0
20230404:2011,0.0,0.0,0.0,-1.82,2.0,0.0
20230404:2111,0.0,0.0,0.0,-2.37,2.21,0.0
20230404:2211,0.0,0.0,0.0,-2.73,2.55,0.0
20230404:2311,0.0,0.0,0.0,-3.04,2.9,0.0
20230405:0011,0.0,0.0,0.0,-3.33,3.1,0.0
20230405:0111,0.0,0.0,0.0,-3.61,3.31,0.0
20230405:0211,0.0,0.0,0.0,-3.86,3.45,0.0
20230405:0311,0.0,0.0,0.0,-4.01,3.45,0.0
20230405:0411,0.0,0.0,0.0,-4.01,3.38,0.0
20230405:0511,23.53,40.38,7.82,-3.63,3.38,0.0
20230405:0611,57.38,79.26,15.4,-2.52,3.17,0.0
20230405:0711,133.82,163.05,22.54,-1.07,3.59,0.0
20230405:0811,130.91,160.63,28.75,-0.01,4.07,0.0
20230405:0911,152.49,184.08,33.52,0.2,4.41,0.0
20230405:1011,101.74,129.1,36.3,0.39,4.97,0.0
20230405:1111,145.1,175.82,36.7,0.07,5.66,0.0
20230405:1211,125.15,154.2,34.66,-0.01,5.93,0.0
20230405:1311,69.27,93.24,30.48,0.47,5.93,0.0
20230405:1411,53.23,75.31,24.67,0.77,4.97,0.0
20230405:1511,47.76,69.03,17.78,0.73,4.76,0.0
20230405:1611,28.0,46.03,10.3,0.73,3.79,0.0
20230405:1711,0.0,1.65,2.64,0.86,3.45,0.0
20230405:1811,0.0,0.0,0.0,0.59,3.38,0.0
20230405:1911,0.0,0.0,0.0,-0.09,3.38,0.0
20230405:2011,0.0,0.0,0.0,-0.32,3.38,0.0
20230405:2111,0.0,0.0,0.0,-0.38,3.38,0.0
20230405:2211,0.0,0.0,0.0,-0.44,3.24,0.0
20230405:2311,0.0,0.0,0.0,-0.54,2.97,0.0
20230406:0011,0.0,0.0,0.0,-0.68,2.83,0.0
20230406:0111,0.0,0.0,0.0,-0.69,2.62,0.0
20230406:0211,0.0,0.0,0.0,-0.68,2.48,0.0
20230406:0311,0.0,0.0,0.0,-0.63,2.41,0.0
20230406:0411,0.0,0.0,0.0,-0.61,2.34,0.0
20230406:0511,6.92,17.93,8.18,-0.58,2.28,0.0
20230406:0611,48.56,69.93,15.77,0.11,1.79,0.0
20230406:0711,116.2,145.79,22.91,1.11,1.86,0.0
20230406:0811,255.37,298.32,29.13,1.86,1.93,0.0
20230406:0911,307.31,356.64,33.9,2.23,2.0,0.0
20230406:1011,285.87,333.69,36.68,2.54,2.0,0.0
20230406:1111,520.51,603.71,37.07,2.77,2.07,0.0
20230406:1211,465.18,537.8,35.01,2.81,2.07,0.0
20230406:1311,424.53,489.18,30.81,2.63,2.14,0.0
20230406:1411,330.2,382.27,24.98,2.46,2.07,0.0
20230406:1511,133.5,166.46,18.07,1.98,1.86,0.0
20230406:1611,49.25,73.57,10.58,1.45,1.31,0.0
20230406:1711,0.0,1.65,2.93,0.81,1.1,0.0
20230406:1811,0.0,0.0,0.0,0.21,0.69,0.0
20230406:1911,0.0,0.0,0.0,-0.37,1.24,0.0
20230406:2011,0.0,0.0,0.0,-0.62,1.52,0.0
20230406:2111,0.0,0.0,0.0,-0.71,1.59,0.0
20230406:2211,0.0,0.0,0.0,-0.55,1.72,0.0
20230406:2311,0.0,0.0,0.0,-0.37,1.86,0.0
20230407:0011,0.0,0.0,0.0,-0.42,2.0,0.0
20230407:0111,0.0,0.0,0.0,-0.53,2.21,0.0
20230407:0211,0.0,0.0,0.0,-0.66,2.41,0.0
20230407:0311,0.0,0.0,0.0,-0.82,2.55,0.0
20230407:0411,0.0,0.0,0.0,-0.83,2.62,0.0
20230407:0511,4.6,14.34,8.55,-0.46,2.76,0.0
20230407:0611,29.52,47.52,16.13,0.18,2.83,0.0
20230407:0711,71.33,95.93,23.28,0.95,3.03,0.0
20230407:0811,88.06,114.76,29.51,1.41,3.17,0.0
20230407:0911,68.59,93.24,34.29,2.05,3.31,0.0
20230407:1011,73.95,99.51,37.06,2.7,3.45,0.0
20230407:1111,70.68,95.93,37.44,2.94,3.31,0.0
20230407:1211,68.14,93.24,35.36,3.46,3.45,0.0
20230407:1311,84.75,112.07,31.14,3.7,3.52,0.0
20230407:1411,57.87,81.58,25.29,3.67,3.45,0.0
20230407:1511,71.53,97.27,18.37,3.73,3.1,0.0
20230407:1611,47.13,71.18,10.87,3.34,2.9,0.0
20230407:1711,0.0,4.13,3.22,2.45,2.97,0.0
20230407:1811,0.0,0.0,0.0,1.61,3.1,0.0
20230407:1911,0.0,0.0,0.0,1.4,2.97,0.0
20230407:2011,0.0,0.0,0.0,1.33,2.97,0.0
20230407:2111,0.0,0.0,0.0,1.14,3.1,0.0
20230407:2211,0.0,0.0,0.0,1.03,3.24,0.0
20230407:2311,0.0,0.0,0.0,1.1,3.38,0.0
20230408:0011,0.0,0.0,0.0,1.14,3.52,0.0
20230408:0111,0.0,0.0,0.0,1.14,3.66,0.0
20230408:0211,0.0,0.0,0.0,1.15,3.66,0.0
20230408:0311,0.0,0.0,0.0,1.24,3.59,0.0
20230408:0411,0.0,0.0,0.0,0.9,3.45,0.0
20230408:0511,9.93,22.41,8.91,0.94,3.24,0.0
20230408:0611,82.83,109.63,16.5,1.57,2.97,0.0
20230408:0711,375.44,432.5,23.65,2.94,3.38,0.0
20230408:0811,664.12,770.2,29.89,3.95,3.52,0.0
20230408:0911,794.47,938.75,34.67,4.91,3.59,0.0
20230408:1011,861.33,1029.32,37.44,5.66,3.79,0.0
20230408:1111,849.61,1016.41,37.81,6.11,3.79,0.0
20230408:1211,814.61,973.72,35.71,6.38,3.52,0.0
20230408:1311,702.71,831.51,31.46,6.51,3.17,0.0
20230408:1411,538.49,632.04,25.59,6.48,2.83,0.0
20230408:1511,327.65,396.53,18.66,6.04,2.21,0.0
20230408:1611,104.2,161.57,11.15,5.15,1.86,0.0
20230408:1711,1.96,9.92,3.5,4.44,2.14,0.0
20230408:1811,0.0,0.0,0.0,3.4,2.41,0.0
20230408:1911,0.0,0.0,0.0,2.34,2.07,0.0
20230408:2011,0.0,0.0,0.0,1.55,2.07,0.0
20230408:2111,0.0,0.0,0.0,0.9,1.93,0.0
20230408:2211,0.0,0.0,0.0,0.34,2.0,0.0
20230408:2311,0.0,0.0,0.0,-0.07,2.07,0.0
20230409:0011,0.0,0.0,0.0,-0.34,2.21,0.0
20230409:0111,0.0,0.0,0.0,-0.46,2.28,0.0
20230409:0211,0.0,0.0,0.0,-0.55,2.41,0.0
20230409:0311,0.0,0.0,0.0,-0.6,2.55,0.0
20230409:0411,0.0,0.0,0.0,-0.62,2.62,0.0
20230409:0511,56.53,102.68,9.26,-0.31,2.55,0.0
20230409:0611,116.53,147.74,16.86,0.88,2.28,0.0
20230409:0711,293.03,342.3,24.01,2.93,2.0,0.0
20230409:0811,444.77,518.06,30.26,4.48,1.93,0.0
20230409:0911,645.44,769.04,35.05,5.75,1.93,0.0
20230409:1011,803.81,981.97,37.82,6.71,2.14,0.0
20230409:1111,820.88,1006.91,38.18,7.12,2.21,0.0
20230409:1211,735.7,899.85,36.06,8.62,2.0,0.0
20230409:1311,300.42,358.8,31.79,8.29,1.79,0.0
20230409:1411,230.51,278.69,25.9,7.91,1.72,0.0
20230409:1511,222.43,273.41,18.95,7.2,1.66,0.0
20230409:1611,104.88,162.89,11.43,6.17,1.31,0.0
20230409:1711,4.28,14.06,3.79,4.62,1.38,0.0
20230409:1811,0.0,0.0,0.0,2.91,1.31,0.0
20230409:1911,0.0,0.0,0.0,1.81,1.24,0.0
20230409:2011,0.0,0.0,0.0,0.53,0.83,0.0
20230409:2111,0.0,0.0,0.0,1.01,0.62,0.0
20230409:2211,0.0,0.0,0.0,0.97,0.55,0.0
20230409:2311,0.0,0.0,0.0,0.77,0.55,0.0
20230410:0011,0.0,0.0,0.0,0.59,0.41,0.0
20230410:0111,0.0,0.0,0.0,-0.67,0.9,0.0
20230410:0211,0.0,0.0,0.0,-1.85,1.31,0.0
20230410:0311,0.0,0.0,0.0,-2.46,1.31,0.0
20230410:0411,0.0,0.83,2.0,-2.44,1.38,0.0
20230410:0511,53.67,85.2,9.62,-1.72,1.31,0.0
20230410:0611,262.53,322.12,17.21,1.6,1.1,0.0
20230410:0711,489.07,575.71,24.37,3.6,1.17,0.0
20230410:0811,616.62,732.47,30.63,5.03,1.52,0.0
20230410:0911,764.94,932.18,35.42,6.05,1.66,0.0
20230410:1011,828.78,1020.7,38.2,6.68,1.93,0.0
20230410:1111,825.74,1010.05,38.55,6.9,2.34,0.0
20230410:1211,796.99,963.46,36.41,6.79,2.69,0.0
20230410:1311,675.21,802.16,32.11,6.42,2.55,0.0
20230410:1411,529.04,622.27,26.2,6.01,2.28,0.0
20230410:1511,329.39,397.29,19.24,5.32,2.14,0.0
20230410:1611,69.94,101.53,11.72,4.17,2.07,0.0
20230410:1711,2.43,10.75,4.07,2.62,2.21,0.0
20230410:1811,0.0,0.0,0.0,1.47,2.41,0.0
20230410:1911,0.0,0.0,0.0,1.33,2.55,0.0
20230410:2011,0.0,0.0,0.0,1.03,2.62,0.0
20230410:2111,0.0,0.0,0.0,0.99,2.69,0.0
20230410:2211,0.0,0.0,0.0,0.98,2.62,0.0
20230410:2311,0.0,0.0,0.0,0.96,2.62,0.0
20230411:0011,0.0,0.0,0.0,0.99,2.55,0.0
20230411:0111,0.0,0.0,0.0,1.05,2.48,0.0
20230411:0211,0.0,0.0,0.0,1.13,2.41,0.0
20230411:0311,0.0,0.0,0.0,1.17,2.55,0.0
20230411:0411,0.0,0.83,2.36,1.16,2.69,0.0
20230411:0511,61.58,109.31,9.97,1.73,2.76,0.0
20230411:0611,273.05,334.45,17.57,3.22,2.69,0.0
20230411:0711,481.95,560.6,24.73,4.71,2.97,0.0
20230411:0811,568.57,663.52,31.0,6.11,3.24,0.0
20230411:0911,491.22,573.75,35.8,7.07,3.52,0.0
20230411:1011,388.78,455.83,38.57,7.78,3.86,0.0
20230411:1111,117.73,151.51,38.91,8.27,4.28,0.0
20230411:1211,726.67,859.85,36.75,8.07,4.41,0.0
20230411:1311,682.52,802.1,32.43,8.21,4.62,0.0
20230411:1411,127.76,162.51,26.5,8.18,4.41,0.0
20230411:1511,150.14,188.71,19.52,7.82,4.14,0.0
20230411:1611,103.34,158.37,12.0,7.12,4.0,0.0
20230411:1711,4.74,14.88,4.35,5.99,3.79,0.0
20230411:1811,0.0,0.0,0.0,4.88,3.66,0.0
20230411:1911,0.0,0.0,0.0,4.78,3.45,0.0
20230411:2011,0.0,0.0,0.0,4.34,3.17,0.0
20230411:2111,0.0,0.0,0.0,4.01,3.03,0.0
20230411:2211,0.0,0.0,0.0,3.8,3.03,0.0
20230411:2311,0.0,0.0,0.0,3.72,3.03,0.0
20230412:0011,0.0,0.0,0.0,3.64,2.97,0.0
20230412:0111,0.0,0.0,0.0,3.54,2.9,0.0
20230412:0211,0.0,0.0,0.0,3.51,2.69,0.0
20230412:0311,0.0,0.0,0.0,3.42,2.41,0.0
20230412:0411,0.0,1.65,2.71,3.11,2.48,0.0
20230412:0511,59.18,95.9,10.32,3.35,2.41,0.0
20230412:0611,243.24,300.11,17.92,4.75,2.34,0.0
20230412:0711,433.05,508.08,25.09,6.79,2.97,0.0
20230412:0811,648.54,770.11,31.36,7.91,2.97,0.0
20230412:0911,747.69,898.85,36.17,8.71,3.31,0.0
20230412:1011,816.53,990.61,38.95,8.82,3.45,0.0
20230412:1111,796.83,965.79,39.27,8.93,3.38,0.0
20230412:1211,781.84,945.87,37.09,9.19,3.38,0.0
20230412:1311,578.27,684.57,32.75,8.97,3.31,0.0
20230412:1411,396.91,467.67,26.8,8.57,3.31,0.0
20230412:1511,243.26,297.05,19.81,7.9,3.1,0.0
20230412:1611,86.34,127.2,12.27,7.29,2.9,0.0
20230412:1711,4.24,14.06,4.63,6.24,3.1,0.0
20230412:1811,0.0,0.0,0.0,5.36,3.45,0.0
20230412:1911,0.0,0.0,0.0,5.77,3.38,0.0
20230412:2011,0.0,0.0,0.0,5.69,3.38,0.0
20230412:2111,0.0,0.0,0.0,5.57,3.52,0.0
20230412:2211,0.0,0.0,0.0,5.39,3.79,0.0
20230412:2311,0.0,0.0,0.0,5.16,4.21,0.0
20230413:0011,0.0,0.0,0.0,5.32,4.69,0.0
20230413:0111,0.0,0.0,0.0,5.96,4.83,0.0
20230413:0211,0.0,0.0,0.0,6.42,4.76,0.0
20230413:0311,0.0,0.0,0.0,6.05,4.83,0.0
20230413:0411,0.0,1.65,3.06,5.58,4.9,0.0
20230413:0511,22.34,39.45,10.66,5.52,4.9,0.0
20230413:0611,59.12,83.83,18.27,6.1,4.34,0.0
20230413:0711,178.04,217.37,25.45,7.05,4.69,0.0
20230413:0811,240.6,287.05,31.72,7.6,4.69,0.0
20230413:0911,168.52,207.93,36.54,7.67,4.21,0.0
20230413:1011,82.49,111.17,39.31,7.49,4.07,0.0
20230413:1111,49.46,72.62,39.63,6.51,4.48,0.0
20230413:1211,80.12,107.58,37.43,5.62,4.69,0.0
20230413:1311,50.58,73.51,33.07,5.09,4.69,0.0
20230413:1411,24.58,42.14,27.09,4.62,4.83,0.0
20230413:1511,63.22,87.86,20.09,4.34,4.9,0.0
20230413:1611,67.12,96.32,12.55,4.18,4.9,0.0
20230413:1711,0.09,5.79,4.91,4.11,4.69,0.0
20230413:1811,0.0,0.0,0.0,4.22,4.76,0.0
20230413:1911,0.0,0.0,0.0,4.3,3.86,0.0
20230413:2011,0.0,0.0,0.0,4.3,4.14,0.0
20230413:2111,0.0,0.0,0.0,4.42,4.21,0.0
20230413:2211,0.0,0.0,0.0,4.43,4.14,0.0
20230413:2311,0.0,0.0,0.0,4.7,4.21,0.0
20230414:0011,0.0,0.0,0.0,4.73,4.28,0.0
20230414:0111,0.0,0.0,0.0,4.83,4.28,0.0
20230414:0211,0.0,0.0,0.0,4.86,4.34,0.0
20230414:0311,0.0,0.0,0.0,5.15,4.55,0.0
20230414:0411,0.0,1.65,3.4,5.0,4.55,0.0
20230414:0511,2.4,10.76,11.01,4.91,4.62,0.0
20230414:0611,23.82,41.24,18.61,4.97,4.41,0.0
20230414:0711,187.51,225.44,25.8,4.52,4.62,0.0
20230414:0811,308.4,357.57,32.08,4.58,4.69,0.0
20230414:0911,90.72,119.24,36.91,4.95,4.48,0.0
20230414:1011,73.0,99.51,39.68,5.62,4.55,0.0
20230414:1111,143.82,179.3,39.99,6.29,4.69,0.0
20230414:1211,398.64,461.73,37.77,6.01,4.55,0.0
20230414:1311,62.67,87.86,33.38,6.13,4.76,0.0
20230414:1411,43.54,65.45,27.39,5.85,4.76,0.0
20230414:1511,98.36,128.42,20.37,5.85,4.76,0.0
20230414:1611,80.5,115.49,12.83,5.44,4.41,0.0
20230414:1711,7.41,19.02,5.18,4.84,4.69,0.0
20230414:1811,0.0,0.0,0.0,4.24,4.76,0.0
20230414:1911,0.0,0.0,0.0,3.6,4.21,0.0
20230414:2011,0.0,0.0,0.0,3.49,4.07,0.0
20230414:2111,0.0,0.0,0.0,3.66,3.93,0.0
20230414:2211,0.0,0.0,0.0,3.95,3.93,0.0
20230414:2311,0.0,0.0,0.0,3.98,4.0,0.0
20230415:0011,0.0,0.0,0.0,3.79,4.07,0.0
20230415:0111,0.0,0.0,0.0,3.66,3.93,0.0
20230415:0211,0.0,0.0,0.0,3.49,3.79,0.0
20230415:0311,0.0,0.0,0.0,3.25,3.72,0.0
20230415:0411,0.0,2.48,3.74,3.09,3.86,0.0
20230415:0511,72.44,123.09,11.35,3.48,3.86,0.0
20230415:0611,287.46,350.44,18.95,4.48,3.79,0.0
20230415:0711,491.79,570.83,26.14,5.48,3.79,0.0
20230415:0811,677.48,792.67,32.44,6.26,3.93,0.0
20230415:0911,785.02,931.27,37.27,6.89,4.07,0.0
20230415:1011,842.86,1009.76,40.04,7.34,4.14,0.0
20230415:1111,842.81,1011.45,40.34,7.64,4.14,0.0
20230415:1211,806.71,962.54,38.1,7.6,4.14,0.0
20230415:1311,673.85,790.92,33.69,7.41,4.21,0.0
20230415:1411,398.6,464.49,27.68,6.99,4.14,0.0
20230415:1511,337.31,404.95,20.65,6.45,4.0,0.0
20230415:1611,113.67,172.32,13.1,5.7,3.72,0.0
20230415:1711,10.23,23.15,5.46,4.83,3.52,0.0
20230415:1811,0.0,0.0,0.0,3.75,3.52,0.0
20230415:1911,0.0,0.0,0.0,3.41,3.52,0.0
20230415:2011,0.0,0.0,0.0,2.86,3.38,0.0
20230415:2111,0.0,0.0,0.0,2.51,3.24,0.0
20230415:2211,0.0,0.0,0.0,2.18,3.17,0.0
20230415:2311,0.0,0.0,0.0,1.91,3.1,0.0
20230416:0011,0.0,0.0,0.0,1.61,3.1,0.0
20230416:0111,0.0,0.0,0.0,1.42,3.03,0.0
20230416:0211,0.0,0.0,0.0,1.2,3.03,0.0
20230416:0311,0.0,0.0,0.0,1.05,3.1,0.0
20230416:0411,1.19,8.27,4.08,0.94,3.17,0.0
20230416:0511,78.86,134.41,11.69,1.54,3.03,0.0
20230416:0611,300.5,363.27,19.29,2.71,3.31,0.0
20230416:0711,507.26,586.19,26.49,4.13,3.59,0.0
20230416:0811,684.17,800.98,32.79,5.53,3.59,0.0
20230416:0911,795.37,948.7,37.63,6.73,3.66,0.0
20230416:1011,850.0,1027.1,40.41,7.58,3.66,0.0
20230416:1111,848.42,1028.84,40.69,8.09,3.59,0.0
20230416:1211,792.34,955.32,38.44,8.29,3.45,0.0
20230416:1311,703.71,839.26,34.0,8.23,3.31,0.0
20230416:1411,544.97,642.54,27.97,7.97,3.24,0.0
20230416:1511,339.53,410.76,20.93,7.41,3.17,0.0
20230416:1611,117.78,179.2,13.37,6.53,2.83,0.0
20230416:1711,10.77,23.98,5.73,5.34,2.55,0.0
20230416:1811,0.0,0.0,0.0,3.99,2.48,0.0
20230416:1911,0.0,0.0,0.0,3.68,2.34,0.0
20230416:2011,0.0,0.0,0.0,3.02,2.62,0.0
20230416:2111,0.0,0.0,0.0,2.45,2.69,0.0
20230416:2211,0.0,0.0,0.0,1.95,2.69,0.0
20230416:2311,0.0,0.0,0.0,1.52,2.62,0.0
20230417:0011,0.0,0.0,0.0,1.17,2.62,0.0
20230417:0111,0.0,0.0,0.0,0.99,2.69,0.0
20230417:0211,0.0,0.0,0.0,0.86,2.76,0.0
20230417:0311,0.0,0.0,0.0,0.7,2.9,0.0
20230417:0411,2.47,10.75,4.42,0.59,2.97,0.0
20230417:0511,81.94,138.67,12.02,1.22,2.9,0.0
20230417:0611,296.85,358.87,19.63,2.76,2.97,0.0
20230417:0711,505.09,586.1,26.83,4.53,3.24,0.0
20230417:0811,673.99,794.58,33.14,6.38,3.24,0.0
20230417:0911,785.04,945.46,37.99,7.97,3.31,0.0
20230417:1011,847.49,1036.72,40.76,9.2,3.38,0.0
20230417:1111,841.58,1031.13,41.04,9.98,3.52,0.0
20230417:1211,791.08,963.42,38.76,10.35,3.52,0.0
20230417:1311,699.23,841.78,34.31,10.41,3.45,0.0
20230417:1411,537.73,640.45,28.26,10.22,3.31,0.0
20230417:1511,333.77,408.27,21.2,9.75,3.1,0.0
20230417:1611,117.77,180.59,13.64,8.96,2.69,0.0
20230417:1711,11.22,24.81,6.01,7.56,2.83,0.0
20230417:1811,0.0,0.0,0.0,6.07,2.97,0.0
20230417:1911,0.0,0.0,0.0,5.58,3.1,0.0
20230417:2011,0.0,0.0,0.0,4.72,3.17,0.0
20230417:2111,0.0,0.0,0.0,3.97,3.17,0.0
20230417:2211,0.0,0.0,0.0,3.37,3.17,0.0
20230417:2311,0.0,0.0,0.0,2.88,3.1,0.0
20230418:0011,0.0,0.0,0.0,2.49,3.17,0.0
20230418:0111,0.0,0.0,0.0,2.15,3.31,0.0
20230418:0211,0.0,0.0,0.0,1.91,3.52,0.0
20230418:0311,0.0,0.0,0.0,1.76,3.66,0.0
20230418:0411,0.0,4.96,4.75,1.77,3.86,0.0
20230418:0511,84.39,141.75,12.35,2.59,4.14,0.0
20230418:0611,302.11,365.62,19.96,4.2,4.14,0.0
20230418:0711,513.1,594.88,27.17,6.04,4.55,0.0
20230418:0811,684.69,802.48,33.49,7.73,4.76,0.0
20230418:0911,796.26,949.5,38.34,8.97,4.83,0.0
20230418:1011,834.7,1005.84,41.12,9.91,4.83,0.0
20230418:1111,765.05,919.07,41.38,10.56,4.83,0.0
20230418:1211,716.88,857.71,39.09,10.9,4.83,0.0
20230418:1311,651.17,773.94,34.61,11.02,4.83,0.0
20230418:1411,544.26,642.79,28.54,10.7,4.97,0.0
20230418:1511,337.55,410.67,21.47,10.14,4.83,0.0
20230418:1611,119.95,183.63,13.91,9.42,4.28,0.0
20230418:1711,11.76,25.63,6.28,8.23,4.83,0.0
20230418:1811,0.0,0.0,0.0,6.82,4.83,0.0
20230418:1911,0.0,0.0,0.0,6.11,4.76,0.0
20230418:2011,0.0,0.0,0.0,5.34,4.62,0.0
20230418:2111,0.0,0.0,0.0,4.7,4.41,0.0
20230418:2211,0.0,0.0,0.0,4.13,4.14,0.0
20230418:2311,0.0,0.0,0.0,3.64,3.79,0.0
20230419:0011,0.0,0.0,0.0,3.25,3.66,0.0
20230419:0111,0.0,0.0,0.0,2.95,3.66,0.0
20230419:0211,0.0,0.0,0.0,2.7,3.59,0.0
20230419:0311,0.0,0.0,0.0,2.46,3.52,0.0
20230419:0411,6.43,17.36,5.08,2.33,3.45,0.0
20230419:0511,86.61,144.65,12.68,2.98,3.17,0.0
20230419:0611,304.47,369.38,20.29,4.42,3.38,0.0
20230419:0711,511.44,597.3,27.5,6.18,3.45,0.0
20230419:0811,673.22,795.49,33.83,7.54,3.59,0.0
20230419:0911,786.46,945.78,38.69,8.61,3.72,0.0
20230419:1011,841.69,1020.8,41.47,9.26,4.0,0.0
20230419:1111,843.88,1022.24,41.73,9.55,4.28,0.0
20230419:1211,792.69,953.39,39.42,9.59,4.28,0.0
20230419:1311,704.27,838.85,34.92,9.44,4.07,0.0
20230419:1411,535.11,631.66,28.83,9.15,3.79,0.0
20230419:1511,337.39,409.97,21.75,8.76,3.45,0.0
20230419:1611,121.21,184.88,14.18,8.24,2.76,0.0
20230419:1711,12.4,26.46,6.55,7.35,2.62,0.0
20230419:1811,0.0,0.0,0.0,6.18,2.76,0.0
20230419:1911,0.0,0.0,0.0,5.59,2.9,0.0
20230419:2011,0.0,0.0,0.0,4.89,2.9,0.0
20230419:2111,0.0,0.0,0.0,4.36,2.9,0.0
20230419:2211,0.0,0.0,0.0,3.98,2.9,0.0
20230419:2311,0.0,0.0,0.0,3.7,2.83,0.0
20230420:0011,0.0,0.0,0.0,3.42,2.83,0.0
20230420:0111,0.0,0.0,0.0,3.2,2.76,0.0
20230420:0211,0.0,0.0,0.0,2.97,2.62,0.0
20230420:0311,0.0,0.0,0.0,2.75,2.62,0.0
20230420:0411,6.96,18.19,5.4,2.63,2.55,0.0
20230420:0511,88.28,145.75,13.0,3.27,2.21,0.0
20230420:0611,295.62,362.1,20.61,5.11,1.86,0.0
20230420:0711,493.82,587.96,27.83,7.39,1.72,0.0
20230420:0811,642.33,781.76,34.17,9.27,1.59,0.0
20230420:0911,712.62,888.81,39.04,10.56,1.31,0.0
20230420:1011,702.08,889.06,41.82,11.41,0.83,0.0
20230420:1111,679.33,865.36,42.07,12.05,0.55,0.0
20230420:1211,563.46,701.57,39.74,12.5,0.76,0.0
20230420:1311,455.09,557.4,35.22,12.77,1.1,0.0
20230420:1411,405.13,493.99,29.11,12.83,1.45,0.0
20230420:1511,221.43,278.34,22.02,12.62,1.66,0.0
20230420:1611,113.55,172.18,14.44,11.93,1.72,0.0
20230420:1711,17.55,33.9,6.81,10.7,2.21,0.0
20230420:1811,0.0,0.0,0.0,9.27,2.55,0.0
20230420:1911,0.0,0.0,0.0,8.25,2.34,0.0
20230420:2011,0.0,0.0,0.0,7.53,2.41,0.0
20230420:2111,0.0,0.0,0.0,7.02,2.48,0.0
20230420:2211,0.0,0.0,0.0,6.63,2.55,0.0
20230420:2311,0.0,0.0,0.0,6.34,2.62,0.0
20230421:0011,0.0,0.0,0.0,6.02,2.55,0.0
20230421:0111,0.0,0.0,0.0,5.72,2.41,0.0
20230421:0211,0.0,0.0,0.0,5.41,2.21,0.0
20230421:0311,0.0,0.0,0.0,5.09,2.0,0.0
20230421:0411,7.96,19.84,5.72,4.83,1.79,0.0
20230421:0511,89.23,146.9,13.32,5.17,1.38,0.0
20230421:0611,291.18,362.52,20.93,7.43,0.9,0.0
20230421:0711,479.43,582.82,28.16,10.24,1.03,0.0
20230421:0811,627.41,784.3,34.5,12.22,0.83,0.0
20230421:0911,723.9,936.22,39.38,13.52,0.55,0.0
20230421:1011,625.26,802.07,42.16,14.35,0.34,0.0
20230421:1111,515.9,651.15,42.4,14.75,0.34,0.0
20230421:1211,412.23,513.67,40.05,14.89,0.48,0.0
20230421:1311,455.25,561.17,35.51,14.53,1.31,0.0
20230421:1411,443.72,540.25,29.39,13.61,2.14,0.0
20230421:1511,323.22,401.65,22.28,12.25,2.28,0.0
20230421:1611,118.84,182.13,14.7,10.9,1.86,0.0
20230421:1711,14.62,29.77,7.08,9.41,1.59,0.0
20230421:1811,0.0,0.0,0.0,7.82,1.38,0.0
20230421:1911,0.0,0.0,0.0,8.59,1.93,0.0
20230421:2011,0.0,0.0,0.0,7.39,1.93,0.0
20230421:2111,0.0,0.0,0.0,6.6,1.86,0.0
20230421:2211,0.0,0.0,0.0,6.15,1.86,0.0
20230421:2311,0.0,0.0,0.0,5.89,1.86,0.0
20230422:0011,0.0,0.0,0.0,5.74,1.93,0.0
20230422:0111,0.0,0.0,0.0,5.7,2.0,0.0
20230422:0211,0.0,0.0,0.0,5.7,2.0,0.0
20230422:0311,0.0,0.0,0.0,5.6,2.07,0.0
20230422:0411,9.6,22.32,6.04,5.59,2.07,0.0
20230422:0511,91.21,149.31,13.63,6.21,1.72,0.0
20230422:0611,296.63,370.27,21.25,8.7,1.24,0.0
20230422:0711,483.21,589.48,28.48,11.39,1.24,0.0
20230422:0811,634.54,789.83,34.84,13.53,1.52,0.0
20230422:0911,737.29,930.48,39.72,14.81,2.14,0.0
20230422:1011,802.56,1017.35,42.5,15.31,2.76,0.0
20230422:1111,811.03,1023.01,42.73,15.5,3.24,0.0
20230422:1211,768.33,955.66,40.37,15.41,3.72,0.0
20230422:1311,678.23,829.05,35.81,15.06,4.07,0.0
20230422:1411,521.39,629.72,29.67,14.41,4.07,0.0
20230422:1511,328.28,406.83,22.55,13.43,3.93,0.0
20230422:1611,120.14,184.36,14.97,12.15,3.72,0.0
20230422:1711,15.14,30.59,7.34,10.57,3.86,0.0
20230422:1811,0.0,0.0,0.0,9.01,3.86,0.0
20230422:1911,0.0,0.0,0.0,8.11,3.59,0.0
20230422:2011,0.0,0.0,0.0,7.35,3.52,0.0
20230422:2111,0.0,0.0,0.0,6.75,3.38,0.0
20230422:2211,0.0,0.0,0.0,6.23,3.24,0.0
20230422:2311,0.0,0.0,0.0,5.84,3.1,0.0
20230423:0011,0.0,0.0,0.0,5.62,2.97,0.0
20230423:0111,0.0,0.0,0.0,5.49,2.97,0.0
20230423:0211,0.0,0.0,0.0,5.46,3.17,0.0
20230423:0311,0.0,0.0,0.0,5.48,3.38,0.0
20230423:0411,3.29,12.4,6.35,5.58,3.24,0.0
20230423:0511,91.97,148.42,13.94,6.31,2.9,0.0
20230423:0611,273.3,335.68,21.56,7.46,2.83,0.0
20230423:0711,484.63,573.17,28.8,8.57,3.03,0.0
20230423:0811,652.78,778.55,35.16,9.47,3.38,0.0
20230423:0911,742.61,898.87,40.05,10.33,3.45,0.0
20230423:1011,806.69,989.29,42.84,11.18,3.52,0.0
20230423:1111,782.93,957.86,43.06,11.71,3.72,0.0
20230423:1211,719.79,872.66,40.68,11.98,3.93,0.0
20230423:1311,558.18,667.19,36.1,12.08,4.0,0.0
20230423:1411,220.76,270.75,29.94,11.86,4.0,0.0
20230423:1511,145.36,185.55,22.81,11.13,4.0,0.0
20230423:1611,17.08,33.17,15.22,10.15,3.93,0.0
20230423:1711,12.86,27.29,7.6,9.31,3.86,0.0
20230423:1811,0.0,0.0,0.0,8.25,3.79,0.0
20230423:1911,0.0,0.0,0.0,7.45,3.66,0.0
20230423:2011,0.0,0.0,0.0,7.54,3.31,0.0
20230423:2111,0.0,0.0,0.0,7.87,3.52,0.0
20230423:2211,0.0,0.0,0.0,8.29,3.52,0.0
20230423:2311,0.0,0.0,0.0,8.5,3.24,0.0
20230424:0011,0.0,0.0,0.0,7.97,2.76,0.0
20230424:0111,0.0,0.0,0.0,7.53,2.21,0.0
20230424:0211,0.0,0.0,0.0,7.24,1.59,0.0
20230424:0311,0.0,0.0,0.0,6.91,1.17,0.0
20230424:0411,0.0,4.96,6.66,6.69,0.83,0.0
20230424:0511,11.48,25.1,14.25,6.67,1.24,0.0
20230424:0611,57.78,82.48,21.87,6.38,1.93,0.0
20230424:0711,96.9,127.31,29.12,6.38,2.14,0.0
20230424:0811,142.9,178.85,35.49,6.38,2.76,0.0
20230424:0911,164.82,203.19,40.39,6.2,2.97,0.0
20230424:1011,134.28,168.55,43.18,5.75,3.66,0.0
20230424:1111,138.48,173.03,43.39,5.55,3.86,0.0
20230424:1211,159.42,196.18,40.99,5.45,3.93,0.0
20230424:1311,113.7,145.24,36.39,5.34,4.0,0.0
20230424:1411,56.75,80.69,30.21,5.01,4.14,0.0
20230424:1511,97.36,126.62,23.07,4.68,4.34,0.0
20230424:1611,107.38,148.45,15.48,4.35,4.21,0.0
20230424:1711,24.0,41.34,7.86,4.07,3.93,0.0
20230424:1811,0.0,0.0,0.0,3.85,3.93,0.0
20230424:1911,0.0,0.0,0.0,3.18,3.93,0.0
20230424:2011,0.0,0.0,0.0,3.19,3.72,0.0
20230424:2111,0.0,0.0,0.0,3.17,3.66,0.0
20230424:2211,0.0,0.0,0.0,3.14,3.72,0.0
20230424:2311,0.0,0.0,0.0,3.1,3.93,0.0
20230425:0011,0.0,0.0,0.0,3.12,4.14,0.0
20230425:0111,0.0,0.0,0.0,2.96,4.21,0.0
20230425:0211,0.0,0.0,0.0,3.06,4.14,0.0
20230425:0311,0.0,0.0,0.0,3.25,3.38,0.0
20230425:0411,0.09,5.79,6.97,3.55,2.0,0.0
20230425:0511,9.13,21.52,14.55,4.05,0.69,0.0
20230425:0611,24.48,42.14,22.18,4.99,1.24,0.0
20230425:0711,96.52,126.41,29.43,5.01,1.1,0.0
20230425:0811,140.71,176.37,35.8,5.68,1.66,0.0
20230425:0911,194.24,236.54,40.71,6.15,2.07,0.0
20230425:1011,167.6,206.95,43.51,6.67,2.62,0.0
20230425:1111,126.14,160.48,43.71,7.11,3.24,0.0
20230425:1211,137.77,173.93,41.3,7.78,3.66,0.0
20230425:1311,76.13,104.0,36.67,7.51,3.1,0.0
20230425:1411,126.66,161.27,30.48,7.45,2.97,0.0
20230425:1511,81.21,109.72,23.33,7.16,2.9,0.0
20230425:1611,40.27,61.86,15.74,6.89,2.9,0.0
20230425:1711,19.19,35.55,8.12,6.54,2.28,0.0
20230425:1811,0.0,0.0,0.0,5.83,2.14,0.0
20230425:1911,0.0,0.0,0.0,5.25,2.14,0.0
20230425:2011,0.0,0.0,0.0,5.09,2.21,0.0
20230425:2111,0.0,0.0,0.0,5.07,2.28,0.0
20230425:2211,0.0,0.0,0.0,5.01,2.14,0.0
20230425:2311,0.0,0.0,0.0,4.76,2.0,0.0
20230426:0011,0.0,0.0,0.0,4.68,1.86,0.0
20230426:0111,0.0,0.0,0.0,4.77,1.66,0.0
20230426:0211,0.0,0.0,0.0,4.87,1.59,0.0
20230426:0311,0.0,0.0,0.0,4.81,1.59,0.0
20230426:0411,21.93,38.86,7.27,4.76,1.66,0.0
20230426:0511,23.03,40.34,14.85,5.32,1.59,0.0
20230426:0611,61.78,86.96,22.48,5.92,2.0,0.0
20230426:0711,210.65,253.56,29.73,5.94,2.97,0.0
20230426:0811,290.05,342.5,36.12,6.65,3.52,0.0
20230426:0911,425.28,498.6,41.04,7.5,3.59,0.0
20230426:1011,786.98,946.85,43.83,8.41,3.79,0.0
20230426:1111,667.44,794.91,44.03,8.84,3.86,0.0
20230426:1211,552.9,653.35,41.6,9.25,4.0,0.0
20230426:1311,523.37,617.25,36.96,9.43,4.0,0.0
20230426:1411,348.66,412.99,30.75,9.52,4.07,0.0
20230426:1511,154.18,193.87,23.59,9.21,4.41,0.0
20230426:1611,110.27,154.01,15.99,8.37,4.21,0.0
20230426:1711,26.83,45.48,8.38,7.54,4.14,0.0
20230426:1811,0.0,0.0,0.0,6.56,3.59,0.0
20230426:1911,0.0,0.0,0.0,5.26,3.59,0.0
20230426:2011,0.0,0.0,0.0,4.54,3.52,0.0
20230426:2111,0.0,0.0,0.0,3.87,3.59,0.0
20230426:2211,0.0,0.0,0.0,3.27,3.59,0.0
20230426:2311,0.0,0.0,0.0,2.82,3.38,0.0
20230427:0011,0.0,0.0,0.0,2.49,3.31,0.0
20230427:0111,0.0,0.0,0.0,2.25,3.24,0.0
20230427:0211,0.0,0.0,0.0,2.08,3.17,0.0
20230427:0311,0.0,0.0,0.0,1.97,3.1,0.0
20230427:0411,15.84,30.59,7.57,2.12,2.9,0.0
20230427:0511,107.41,168.96,15.14,2.96,2.76,0.0
20230427:0611,326.54,393.48,22.77,4.15,2.9,0.0
20230427:0711,529.11,613.66,30.03,5.09,3.72,0.0
20230427:0811,572.17,666.14,36.43,6.03,3.79,0.0
20230427:0911,452.84,529.3,41.36,6.86,3.59,0.0
20230427:1011,105.31,137.17,44.16,7.53,3.59,0.0
20230427:1111,622.46,736.88,44.35,7.93,3.66,0.0
20230427:1211,249.57,299.38,41.9,8.12,3.93,0.0
20230427:1311,212.91,257.65,37.24,7.9,4.21,0.0
20230427:1411,336.0,395.0,31.01,7.69,4.28,0.0
20230427:1511,348.38,418.52,23.84,7.32,4.21,0.0
20230427:1611,120.26,167.79,16.24,6.24,3.79,0.0
20230427:1711,18.68,34.73,8.63,5.49,3.31,0.0
20230427:1811,0.0,0.0,0.0,4.61,2.97,0.0
20230427:1911,0.0,0.0,0.0,4.06,3.1,0.0
20230427:2011,0.0,0.0,0.0,3.81,3.17,0.0
20230427:2111,0.0,0.0,0.0,3.72,3.03,0.0
20230427:2211,0.0,0.0,0.0,3.42,2.83,0.0
20230427:2311,0.0,0.0,0.0,3.1,2.83,0.0
20230428:0011,0.0,0.0,0.0,2.71,2.83,0.0
20230428:0111,0.0,0.0,0.0,2.39,2.83,0.0
20230428:0211,0.0,0.0,0.0,2.02,2.9,0.0
20230428:0311,0.0,0.0,0.0,1.56,3.03,0.0
20230428:0411,24.32,41.34,7.86,1.4,3.1,0.0
20230428:0511,96.44,132.63,15.43,1.92,3.45,0.0
20230428:0611,194.27,234.54,23.06,2.85,3.72,0.0
20230428:0711,387.68,447.9,30.33,4.16,3.79,0.0
20230428:0811,524.26,607.94,36.74,5.38,3.66,0.0
20230428:0911,571.14,671.5,41.67,6.44,3.03,0.0
20230428:1011,509.59,603.23,44.47,7.48,2.55,0.0
20230428:1111,644.94,780.85,44.66,8.58,2.07,0.0
20230428:1211,630.84,764.9,42.2,9.07,1.93,0.0
20230428:1311,351.66,422.01,37.52,9.53,1.66,0.0
20230428:1411,151.24,191.2,31.27,9.45,1.52,0.0
20230428:1511,164.38,207.0,24.09,9.21,1.45,0.0
20230428:1611,133.09,200.02,16.49,8.92,1.52,0.0
20230428:1711,26.09,44.65,8.88,7.86,1.45,0.0
20230428:1811,0.0,0.0,0.0,7.15,1.38,0.0
20230428:1911,0.0,0.0,0.0,5.27,0.9,0.0
20230428:2011,0.0,0.0,0.0,4.18,1.03,0.0
20230428:2111,0.0,0.0,0.0,3.32,1.24,0.0
20230428:2211,0.0,0.0,0.0,2.36,1.45,0.0
20230428:2311,0.0,0.0,0.0,1.68,1.59,0.0
20230429:0011,0.0,0.0,0.0,1.59,1.45,0.0
20230429:0111,0.0,0.0,0.0,2.0,1.17,0.0
20230429:0211,0.0,0.0,0.0,1.99,1.17,0.0
20230429:0311,0.0,0.0,0.0,0.92,1.72,0.0
20230429:0411,25.47,43.0,8.15,2.66,2.34,0.0
20230429:0511,90.0,123.77,15.72,3.84,2.14,0.0
20230429:0611,113.27,145.39,23.35,5.33,2.21,0.0
20230429:0711,256.1,305.14,30.62,6.65,3.03,0.0
20230429:0811,299.2,354.33,37.04,7.56,3.52,0.0
20230429:0911,462.73,541.91,41.98,8.15,4.34,0.0
20230429:1011,377.48,441.87,44.79,7.74,5.03,0.0
20230429:1111,230.78,277.28,44.97,7.8,5.24,0.0
20230429:1211,153.88,191.86,42.49,8.3,5.79,0.0
20230429:1311,157.55,195.82,37.79,8.13,5.45,0.0
20230429:1411,141.8,177.83,31.53,7.54,4.83,0.0
20230429:1511,219.06,265.49,24.34,6.74,4.34,0.0
20230429:1611,18.15,34.07,16.73,5.88,4.14,0.0
20230429:1711,29.07,47.96,9.13,5.7,3.31,0.0
20230429:1811,0.0,0.83,1.91,5.35,3.1,0.0
20230429:1911,0.0,0.0,0.0,5.35,3.86,0.0
20230429:2011,0.0,0.0,0.0,4.86,4.41,0.0
20230429:2111,0.0,0.0,0.0,4.32,4.62,0.0
20230429:2211,0.0,0.0,0.0,3.88,4.83,0.0
20230429:2311,0.0,0.0,0.0,3.47,4.97,0.0
20230430:0011,0.0,0.0,0.0,3.25,4.9,0.0
20230430:0111,0.0,0.0,0.0,2.89,4.69,0.0
20230430:0211,0.0,0.0,0.0,2.48,4.62,0.0
20230430:0311,0.0,0.0,0.0,2.12,4.55,0.0
20230430:0411,19.02,34.73,8.43,2.09,4.41,0.0
20230430:0511,113.63,163.42,16.0,2.6,4.55,0.0
20230430:0611,206.58,248.44,23.63,3.6,4.97,0.0
20230430:0711,348.77,402.89,30.91,5.02,5.86,0.0
20230430:0811,550.61,634.48,37.33,6.11,5.52,0.0
20230430:0911,762.41,899.76,42.29,7.22,4.76,0.0
20230430:1011,795.89,950.7,45.1,8.37,4.62,0.0
20230430:1111,681.36,811.64,45.27,9.24,4.28,0.0
20230430:1211,719.18,863.98,42.78,9.92,3.93,0.0
20230430:1311,672.0,804.83,38.06,10.43,3.79,0.0
20230430:1411,501.36,595.72,31.79,10.59,3.79,0.0
20230430:1511,309.79,377.81,24.59,10.41,3.86,0.0
20230430:1611,135.09,200.8,16.98,9.85,4.07,0.0
20230430:1711,20.83,38.04,9.38,9.14,3.66,0.0
20230430:1811,0.0,3.31,2.16,8.05,3.38,0.0
20230430:1911,0.0,0.0,0.0,6.89,3.1,0.0
20230430:2011,0.0,0.0,0.0,5.98,3.31,0.0
20230430:2111,0.0,0.0,0.0,5.51,3.52,0.0
20230430:2211,0.0,0.0,0.0,5.15,3.66,0.0
20230430:2311,0.0,0.0,0.0,4.76,3.38,0.0
20230501:0011,0.0,0.0,0.0,4.25,3.17,0.0
20230501:0111,0.0,0.0,0.0,3.75,2.97,0.0
20230501:0211,0.0,0.0,0.0,3.33,2.83,0.0
20230501:0311,0.0,0.0,0.0,2.94,2.48,0.0
20230501:0411,0.78,7.44,8.71,2.96,2.28,0.0
20230501:0511,41.6,62.76,16.27,3.88,2.21,0.0
20230501:0611,79.48,106.69,23.91,4.62,2.34,0.0
20230501:0711,241.3,286.63,31.19,5.44,3.52,0.0
20230501:0811,313.32,367.67,37.62,5.9,3.45,0.0
20230501:0911,313.57,368.76,42.59,6.03,3.38,0.0
20230501:1011,491.02,572.99,45.4,6.12,3.52,0.0
20230501:1111,232.19,277.96,45.57,6.27,3.79,0.0
20230501:1211,156.1,192.75,43.06,5.79,4.14,0.0
20230501:1311,190.68,230.11,38.33,5.1,4.34,0.0
20230501:1411,113.94,145.24,32.04,4.83,3.79,0.0
20230501:1511,56.77,80.69,24.83,4.79,3.24,0.0
20230501:1611,30.3,49.31,17.22,4.91,3.79,0.0
20230501:1711,9.06,21.5,9.62,5.28,4.34,0.0
20230501:1811,0.0,0.83,2.41,5.77,4.34,0.0
20230501:1911,0.0,0.0,0.0,6.48,5.72,0.0
20230501:2011,0.0,0.0,0.0,6.82,5.79,0.0
20230501:2111,0.0,0.0,0.0,6.83,5.72,0.0
20230501:2211,0.0,0.0,0.0,6.89,5.59,0.0
20230501:2311,0.0,0.0,0.0,7.02,5.24,0.0
20230502:0011,0.0,0.0,0.0,6.99,4.41,0.0
20230502:0111,0.0,0.0,0.0,6.54,3.38,0.0
20230502:0211,0.0,0.0,0.0,5.43,2.97,0.0
20230502:0311,0.0,0.83,1.85,4.1,3.38,0.0
20230502:0411,1.16,8.27,8.98,3.34,3.31,0.0
20230502:0511,36.52,56.48,16.54,3.1,3.52,0.0
20230502:0611,62.83,86.96,24.18,2.98,4.48,0.0
20230502:0711,0.0,0.0,0.0,3.08,5.86,0.0
20230502:0811,191.57,229.96,37.91,4.12,4.76,0.0
20230502:0911,564.39,654.71,42.88,5.71,4.34,0.0
20230502:1011,502.33,586.67,45.71,7.43,4.48,0.0
20230502:1111,808.25,966.67,45.87,8.3,4.55,0.0
20230502:1211,728.13,868.84,43.35,9.12,4.28,0.0
20230502:1311,631.69,748.14,38.59,9.69,4.34,0.0
20230502:1411,401.77,474.38,32.29,9.86,4.48,0.0
20230502:1511,259.06,316.74,25.07,10.27,4.0,0.0
20230502:1611,134.07,196.08,17.46,10.38,3.66,0.0
20230502:1711,22.63,40.52,9.86,9.88,2.34,0.0
20230502:1811,0.0,4.96,2.66,8.66,1.86,0.0
20230502:1911,0.0,0.0,0.0,7.03,2.0,0.0
20230502:2011,0.0,0.0,0.0,6.01,2.28,0.0
20230502:2111,0.0,0.0,0.0,5.34,2.48,0.0
20230502:2211,0.0,0.0,0.0,4.87,2.69,0.0
20230502:2311,0.0,0.0,0.0,4.55,2.76,0.0
20230503:0011,0.0,0.0,0.0,4.31,2.83,0.0
20230503:0111,0.0,0.0,0.0,4.07,2.83,0.0
20230503:0211,0.0,0.0,0.0,3.73,2.9,0.0
20230503:0311,0.0,0.83,2.12,3.42,2.97,0.0
20230503:0411,22.1,38.86,9.25,3.4,2.9,0.0
20230503:0511,121.31,187.04,16.81,4.12,2.9,0.0
20230503:0611,345.4,416.61,24.45,5.28,3.03,0.0
20230503:0711,542.76,639.38,31.74,6.79,2.83,0.0
20230503:0811,693.33,831.48,38.19,8.2,2.76,0.0
20230503:0911,805.63,987.73,43.18,9.27,2.76,0.0
20230503:1011,837.63,1041.19,46.0,9.97,2.55,0.0
20230503:1111,763.92,948.23,46.16,10.17,2.07,0.0
20230503:1211,479.52,579.72,43.62,10.29,1.59,0.0
20230503:1311,543.91,659.22,38.86,10.15,1.59,0.0
20230503:1411,518.74,620.5,32.54,9.5,2.34,0.0
20230503:1511,280.28,338.4,25.31,7.27,2.97,0.0
20230503:1611,118.61,159.28,17.69,5.43,3.03,0.0
20230503:1711,33.28,52.92,10.1,4.55,2.55,0.0
20230503:1811,0.09,5.79,2.91,3.99,1.93,0.0
20230503:1911,0.0,0.0,0.0,3.37,2.34,0.0
20230503:2011,0.0,0.0,0.0,3.0,1.79,0.0
20230503:2111,0.0,0.0,0.0,2.39,1.1,0.0
20230503:2211,0.0,0.0,0.0,2.98,0.55,0.0
20230503:2311,0.0,0.0,0.0,3.3,0.14,0.0
20230504:0011,0.0,0.0,0.0,3.2,0.76,0.0
20230504:0111,0.0,0.0,0.0,1.06,1.17,0.0
20230504:0211,0.0,0.0,0.0,-0.29,1.59,0.0
20230504:0311,0.0,0.83,2.39,-0.45,2.0,0.0
20230504:0411,35.33,54.57,9.51,0.53,2.28,0.0
20230504:0511,124.68,188.68,17.07,2.23,2.07,0.0
20230504:0611,344.7,413.97,24.71,3.53,2.14,0.0
20230504:0711,551.79,642.88,32.01,4.48,2.9,0.0
20230504:0811,675.18,794.47,38.47,5.44,3.1,0.0
20230504:0911,631.8,744.08,43.46,5.95,3.17,0.0
20230504:1011,566.59,666.55,46.3,6.34,3.1,0.0
20230504:1111,498.7,585.19,46.45,6.36,3.03,0.0
20230504:1211,202.45,245.41,43.9,6.2,2.83,0.0
20230504:1311,146.34,182.57,39.11,5.99,2.48,0.0
20230504:1411,303.51,358.75,32.78,5.86,2.21,0.0
20230504:1511,129.45,163.79,25.55,5.68,2.0,0.0
20230504:1611,142.18,201.62,17.93,5.34,1.79,0.0
20230504:1711,37.98,58.71,10.34,4.84,1.45,0.0
20230504:1811,1.55,9.1,3.16,4.1,1.31,0.0
20230504:1911,0.0,0.0,0.0,3.21,1.79,0.0
20230504:2011,0.0,0.0,0.0,2.76,1.38,0.0
20230504:2111,0.0,0.0,0.0,2.54,0.62,0.0
20230504:2211,0.0,0.0,0.0,2.97,0.48,0.0
20230504:2311,0.0,0.0,0.0,0.94,1.24,0.0
20230505:0011,0.0,0.0,0.0,0.43,1.72,0.0
20230505:0111,0.0,0.0,0.0,0.95,2.07,0.0
20230505:0211,0.0,0.0,0.0,0.87,2.21,0.0
20230505:0311,0.0,1.65,2.66,0.85,2.34,0.0
20230505:0411,23.67,40.52,9.77,1.19,2.21,0.0
20230505:0511,127.0,191.73,17.33,2.2,1.86,0.0
20230505:0611,349.5,419.95,24.96,3.11,1.72,0.0
20230505:0711,513.61,606.09,32.27,4.11,1.24,0.0
20230505:0811,428.54,504.96,38.74,4.92,1.24,0.0
20230505:0911,211.72,256.57,43.75,5.61,1.31,0.0
20230505:1011,361.3,426.28,46.58,5.81,2.0,0.0
20230505:1111,353.14,416.25,46.74,5.78,2.21,0.0
20230505:1211,630.19,751.95,44.17,5.94,2.0,0.0
20230505:1311,612.96,728.34,39.37,6.06,2.07,0.0
20230505:1411,567.28,668.89,33.02,6.03,2.41,0.0
20230505:1511,373.64,448.59,25.78,5.85,2.69,0.0
20230505:1611,148.68,217.36,18.16,5.33,2.83,0.0
20230505:1711,22.61,39.69,10.57,4.61,2.69,0.0
20230505:1811,1.97,9.92,3.4,3.96,2.34,0.0
20230505:1911,0.0,0.0,0.0,3.02,2.21,0.0
20230505:2011,0.0,0.0,0.0,2.42,2.21,0.0
20230505:2111,0.0,0.0,0.0,2.06,2.21,0.0
20230505:2211,0.0,0.0,0.0,1.87,2.21,0.0
20230505:2311,0.0,0.0,0.0,1.81,2.0,0.0
20230506:0011,0.0,0.0,0.0,1.84,1.79,0.0
20230506:0111,0.0,0.0,0.0,1.53,1.45,0.0
20230506:0211,0.0,0.0,0.0,0.92,1.03,0.0
20230506:0311,0.0,1.65,2.92,2.22,0.69,0.0
20230506:0411,23.53,40.52,10.02,2.07,0.76,0.0
20230506:0511,128.36,195.34,17.58,2.71,0.76,0.0
20230506:0611,351.73,425.84,25.21,3.76,1.1,0.0
20230506:0711,554.27,651.12,32.53,4.37,2.0,0.0
20230506:0811,709.95,843.12,39.01,4.97,2.41,0.0
20230506:0911,820.08,987.84,44.02,5.48,2.76,0.0
20230506:1011,872.91,1058.98,46.87,5.87,3.03,0.0
20230506:1111,894.79,1088.2,47.02,6.13,3.17,0.0
20230506:1211,852.33,1028.33,44.44,6.26,3.24,0.0
20230506:1311,746.7,886.14,39.62,6.19,3.31,0.0
20230506:1411,574.87,672.7,33.26,5.91,3.24,0.0
20230506:1511,371.73,444.59,26.01,5.61,3.1,0.0
20230506:1611,146.93,209.53,18.39,5.19,2.97,0.0
20230506:1711,28.55,47.13,10.8,4.61,2.76,0.0
20230506:1811,0.77,7.44,3.64,3.98,2.41,0.0
20230506:1911,0.0,0.0,0.0,3.2,2.41,0.0
20230506:2011,0.0,0.0,0.0,2.81,2.28,0.0
20230506:2111,0.0,0.0,0.0,2.6,2.21,0.0
20230506:2211,0.0,0.0,0.0,2.62,2.14,0.0
20230506:2311,0.0,0.0,0.0,2.7,2.07,0.0
20230507:0011,0.0,0.0,0.0,2.78,2.0,0.0
20230507:0111,0.0,0.0,0.0,2.84,1.93,0.0
20230507:0211,0.0,0.0,0.0,2.92,1.86,0.0
20230507:0311,0.0,3.31,3.17,2.95,1.79,0.0
20230507:0411,22.77,39.69,10.27,3.04,1.45,0.0
20230507:0511,128.87,196.46,17.82,3.9,1.1,0.0
20230507:0611,349.23,424.47,25.46,5.06,1.31,0.0
20230507:0711,546.97,647.64,32.78,5.97,1.93,0.0
20230507:0811,703.4,843.37,39.27,6.82,2.34,0.0
20230507:0911,815.93,992.86,44.29,7.53,2.76,0.0
20230507:1011,873.12,1070.58,47.15,8.08,3.1,0.0
20230507:1111,870.9,1067.93,47.29,8.52,3.24,0.0
20230507:1211,792.16,959.24,44.7,8.76,3.38,0.0
20230507:1311,702.31,838.99,39.87,8.84,3.52,0.0
20230507:1411,512.4,604.15,33.5,8.74,3.72,0.0
20230507:1511,362.37,437.56,26.24,8.37,3.72,0.0
20230507:1611,139.39,192.92,18.61,7.82,3.52,0.0
20230507:1711,41.73,63.67,11.03,7.06,3.1,0.0
20230507:1811,2.82,11.58,3.87,6.18,2.9,0.0
20230507:1911,0.0,0.0,0.0,5.53,2.76,0.0
20230507:2011,0.0,0.0,0.0,4.99,2.69,0.0
20230507:2111,0.0,0.0,0.0,4.61,2.69,0.0
20230507:2211,0.0,0.0,0.0,4.35,2.83,0.0
20230507:2311,0.0,0.0,0.0,4.23,2.83,0.0
20230508:0011,0.0,0.0,0.0,4.01,2.83,0.0
20230508:0111,0.0,0.0,0.0,3.8,2.83,0.0
20230508:0211,0.0,0.0,0.0,3.68,2.83,0.0
20230508:0311,0.09,5.79,3.42,3.58,2.83,0.0
20230508:0411,23.34,40.52,10.51,3.93,2.62,0.0
20230508:0511,130.64,198.26,18.06,5.2,2.41,0.0
20230508:0611,347.88,423.17,25.7,6.75,2.28,0.0
20230508:0711,543.26,648.01,33.03,8.42,2.34,0.0
20230508:0811,685.72,831.97,39.53,9.89,2.48,0.0
20230508:0911,796.98,985.29,44.56,11.19,2.83,0.0
20230508:1011,851.43,1062.63,47.42,12.12,3.17,0.0
20230508:1111,864.96,1078.84,47.56,12.75,3.59,0.0
20230508:1211,818.98,1008.35,44.96,13.07,4.14,0.0
20230508:1311,721.69,874.42,40.11,13.1,4.48,0.0
20230508:1411,564.84,675.84,33.73,12.87,4.76,0.0
20230508:1511,365.66,447.72,26.46,12.25,4.76,0.0
20230508:1611,148.24,221.21,18.83,11.37,4.34,0.0
20230508:1711,23.89,42.17,11.26,10.24,4.28,0.0
20230508:1811,5.66,16.54,4.1,8.98,3.93,0.0
20230508:1911,0.0,0.0,0.0,7.74,3.66,0.0
20230508:2011,0.0,0.0,0.0,6.94,3.59,0.0
20230508:2111,0.0,0.0,0.0,6.43,3.52,0.0
20230508:2211,0.0,0.0,0.0,6.07,3.45,0.0
20230508:2311,0.0,0.0,0.0,5.8,3.38,0.0
20230509:0011,0.0,0.0,0.0,5.63,3.38,0.0
20230509:0111,0.0,0.0,0.0,5.54,3.38,0.0
20230509:0211,0.0,0.0,0.0,5.51,3.31,0.0
20230509:0311,0.0,3.31,3.66,5.51,3.31,0.0
20230509:0411,28.34,47.13,10.75,6.1,3.31,0.0
20230509:0511,129.81,196.86,18.29,7.43,3.1,0.0
20230509:0611,344.53,420.91,25.94,9.02,3.38,0.0
20230509:0711,538.08,643.26,33.27,11.03,3.52,0.0
20230509:0811,690.93,836.42,39.78,12.24,3.79,0.0
20230509:0911,797.42,977.71,44.82,12.95,4.21,0.0
20230509:1011,852.93,1053.38,47.69,13.34,4.48,0.0
20230509:1111,860.12,1063.32,47.83,13.64,4.62,0.0
20230509:1211,800.21,980.87,45.22,13.76,4.69,0.0
20230509:1311,682.19,824.21,40.35,13.63,4.76,0.0
20230509:1411,554.11,662.99,33.96,13.22,4.97,0.0
20230509:1511,363.26,445.15,26.68,12.58,4.9,0.0
20230509:1611,148.28,220.63,19.05,11.84,4.76,0.0
20230509:1711,25.73,44.65,11.48,10.95,5.38,0.0
20230509:1811,2.3,10.75,4.33,10.06,5.38,0.0
20230509:1911,0.0,0.0,0.0,9.24,5.1,0.0
20230509:2011,0.0,0.0,0.0,8.77,5.03,0.0
20230509:2111,0.0,0.0,0.0,8.47,4.9,0.0
20230509:2211,0.0,0.0,0.0,8.15,4.62,0.0
20230509:2311,0.0,0.0,0.0,7.82,4.21,0.0
20230510:0011,0.0,0.0,0.0,7.42,3.72,0.0
20230510:0111,0.0,0.0,0.0,7.02,3.31,0.0
20230510:0211,0.0,0.0,0.0,6.77,3.1,0.0
20230510:0311,0.0,4.13,3.9,6.63,2.97,0.0
20230510:0411,29.52,48.78,10.98,7.08,2.83,0.0
20230510:0511,130.98,194.57,18.52,8.3,2.55,0.0
20230510:0611,316.53,388.57,26.17,9.79,2.69,0.0
20230510:0711,520.91,626.4,33.5,11.26,2.83,0.0
20230510:0811,684.1,833.7,40.02,12.4,3.17,0.0
20230510:0911,788.67,974.41,45.08,13.21,3.59,0.0
20230510:1011,849.23,1056.21,47.95,13.65,4.0,0.0
20230510:1111,857.57,1066.09,48.09,13.98,4.28,0.0
20230510:1211,813.13,1002.05,45.47,14.09,4.48,0.0
20230510:1311,714.42,868.74,40.59,13.94,4.48,0.0
20230510:1411,556.25,669.67,34.18,13.56,4.28,0.0
20230510:1511,361.02,444.77,26.9,12.98,4.0,0.0
20230510:1611,148.79,221.73,19.27,12.2,3.59,0.0
20230510:1711,25.02,43.82,11.7,11.33,3.31,0.0
20230510:1811,7.18,19.02,4.56,10.28,3.24,0.0
20230510:1911,0.0,0.0,0.0,9.45,3.17,0.0
20230510:2011,0.0,0.0,0.0,8.73,3.17,0.0
20230510:2111,0.0,0.0,0.0,8.33,3.24,0.0
20230510:2211,0.0,0.0,0.0,8.04,3.31,0.0
20230510:2311,0.0,0.0,0.0,7.77,3.31,0.0
20230511:0011,0.0,0.0,0.0,7.58,3.17,0.0
20230511:0111,0.0,0.0,0.0,7.48,3.03,0.0
20230511:0211,0.0,0.0,0.0,7.43,3.03,0.0
20230511:0311,0.0,3.31,4.13,7.43,3.1,0.0
20230511:0411,27.41,46.3,11.21,8.01,2.97,0.0
20230511:0511,131.48,199.13,18.75,9.29,2.62,0.0
20230511:0611,342.44,422.67,26.39,10.77,2.83,0.0
20230511:0711,528.84,639.07,33.73,12.19,2.83,0.0
20230511:0811,672.56,823.89,40.26,13.33,3.03,0.0
20230511:0911,777.19,967.2,45.33,14.19,3.31,0.0
20230511:1011,826.24,1035.97,48.21,14.72,3.59,0.0
20230511:1111,843.22,1058.49,48.35,15.01,3.79,0.0
20230511:1211,799.35,994.65,45.71,15.06,3.93,0.0
20230511:1311,699.31,858.78,40.82,14.98,3.86,0.0
20230511:1411,538.83,654.4,34.41,14.72,3.72,0.0
20230511:1511,358.81,445.5,27.12,14.25,3.59,0.0
20230511:1611,147.66,219.94,19.48,13.47,3.17,0.0
20230511:1711,27.43,47.13,11.92,12.46,3.24,0.0
20230511:1811,5.58,16.54,4.78,11.22,3.1,0.0
20230511:1911,0.0,0.0,0.0,10.38,2.76,0.0
20230511:2011,0.0,0.0,0.0,9.49,2.62,0.0
20230511:2111,0.0,0.0,0.0,8.92,2.55,0.0
20230511:2211,0.0,0.0,0.0,8.5,2.55,0.0
20230511:2311,0.0,0.0,0.0,8.13,2.62,0.0
20230512:0011,0.0,0.0,0.0,7.77,2.69,0.0
20230512:0111,0.0,0.0,0.0,7.5,2.76,0.0
20230512:0211,0.0,0.0,0.0,7.32,2.62,0.0
20230512:0311,1.51,9.1,4.36,7.24,2.55,0.0
20230512:0411,25.47,43.82,11.43,7.75,2.21,0.0
20230512:0511,132.8,203.03,18.96,9.39,1.79,0.0
20230512:0611,339.21,422.59,26.61,11.56,1.86,0.0
20230512:0711,522.73,638.46,33.95,13.38,2.28,0.0
20230512:0811,667.2,826.16,40.49,14.74,2.69,0.0
20230512:0911,767.45,964.77,45.57,15.63,3.03,0.0
20230512:1011,827.83,1052.13,48.46,16.28,3.24,0.0
20230512:1111,830.61,1055.72,48.6,16.75,3.45,0.0
20230512:1211,782.72,986.01,45.96,16.97,3.59,0.0
20230512:1311,694.37,862.1,41.05,16.93,3.72,0.0
20230512:1411,545.23,668.17,34.62,16.6,3.79,0.0
20230512:1511,358.2,448.32,27.33,15.96,3.59,0.0
20230512:1611,149.42,225.15,19.69,15.11,3.17,0.0
20230512:1711,27.21,47.13,12.13,14.05,3.03,0.0
20230512:1811,9.22,22.32,5.0,12.79,2.9,0.0
20230512:1911,0.0,0.0,0.0,11.37,2.69,0.0
20230512:2011,0.0,0.0,0.0,10.48,2.69,0.0
20230512:2111,0.0,0.0,0.0,9.89,2.76,0.0
20230512:2211,0.0,0.0,0.0,9.45,2.69,0.0
20230512:2311,0.0,0.0,0.0,9.06,2.55,0.0
20230513:0011,0.0,0.0,0.0,8.74,2.41,0.0
20230513:0111,0.0,0.0,0.0,8.46,2.21,0.0
20230513:0211,0.0,0.0,0.0,8.24,2.21,0.0
20230513:0311,0.39,6.61,4.58,8.01,2.21,0.0
20230513:0411,28.02,47.13,11.64,8.17,2.14,0.0
20230513:0511,133.42,202.7,19.18,9.63,1.86,0.0
20230513:0611,338.97,421.56,26.82,11.55,2.07,0.0
20230513:0711,524.2,639.33,34.17,13.36,2.41,0.0
20230513:0811,669.89,828.22,40.72,14.72,2.83,0.0
20230513:0911,768.94,965.54,45.81,15.58,3.1,0.0
20230513:1011,825.59,1046.83,48.71,16.13,3.31,0.0
20230513:1111,830.77,1056.45,48.85,16.5,3.31,0.0
20230513:1211,782.61,986.78,46.19,16.67,3.38,0.0
20230513:1311,686.67,852.82,41.28,16.6,3.45,0.0
20230513:1411,542.86,666.21,34.84,16.26,3.38,0.0
20230513:1511,358.72,449.12,27.54,15.6,3.17,0.0
20230513:1611,149.78,224.62,19.9,14.66,2.9,0.0
20230513:1711,27.92,47.96,12.34,13.51,2.62,0.0
20230513:1811,9.8,23.15,5.22,12.34,2.48,0.0
20230513:1911,0.0,0.0,0.0,11.17,2.34,0.0
20230513:2011,0.0,0.0,0.0,10.26,2.28,0.0
20230513:2111,0.0,0.0,0.0,9.76,2.34,0.0
20230513:2211,0.0,0.0,0.0,9.53,2.41,0.0
20230513:2311,0.0,0.0,0.0,9.47,2.55,0.0
20230514:0011,0.0,0.0,0.0,9.36,2.62,0.0
20230514:0111,0.0,0.0,0.0,9.16,2.55,0.0
20230514:0211,0.0,0.0,0.0,8.97,2.48,0.0
20230514:0311,0.0,4.96,4.8,8.84,2.41,0.0
20230514:0411,33.85,54.57,11.85,9.1,2.21,0.0
20230514:0511,132.66,199.5,19.38,10.55,2.0,0.0
20230514:0611,329.98,411.79,27.03,12.49,2.14,0.0
20230514:0711,510.53,626.48,34.39,14.54,2.28,0.0
20230514:0811,651.33,809.66,40.94,16.21,2.83,0.0
20230514:0911,754.28,951.62,46.05,17.54,3.38,0.0
20230514:1011,811.41,1031.04,48.95,18.46,3.93,0.0
20230514:1111,814.59,1033.33,49.09,18.99,4.34,0.0
20230514:1211,772.16,971.61,46.43,19.14,4.55,0.0
20230514:1311,675.21,839.75,41.5,18.72,4.28,0.0
20230514:1411,528.44,651.97,35.05,18.58,4.07,0.0
20230514:1511,349.04,440.97,27.75,17.93,3.52,0.0
20230514:1611,147.01,221.79,20.11,16.8,3.03,0.0
20230514:1711,30.23,51.26,12.55,15.29,2.9,0.0
20230514:1811,10.28,23.98,5.43,13.74,2.97,0.0
20230514:1911,0.0,0.0,0.0,12.81,3.03,0.0
20230514:2011,0.0,0.0,0.0,11.96,3.03,0.0
20230514:2111,0.0,0.0,0.0,11.54,3.03,0.0
20230514:2211,0.0,0.0,0.0,11.25,3.1,0.0
20230514:2311,0.0,0.0,0.0,11.06,2.97,0.0
20230515:0011,0.0,0.0,0.0,10.81,2.76,0.0
20230515:0111,0.0,0.0,0.0,10.53,2.62,0.0
20230515:0211,0.0,0.0,0.0,10.24,2.69,0.0
20230515:0311,0.0,3.31,5.01,10.04,2.69,0.0
20230515:0411,25.11,43.82,12.05,10.56,2.62,0.0
20230515:0511,111.22,151.57,19.58,11.73,2.76,0.0
20230515:0611,207.63,260.23,27.23,12.78,3.03,0.0
20230515:0711,454.03,551.32,34.59,13.89,2.9,0.0
20230515:0811,431.83,525.63,41.16,14.47,2.83,0.0
20230515:0911,498.11,611.03,46.27,14.78,2.48,0.0
20230515:1011,244.25,305.39,49.19,15.27,2.07,0.0
20230515:1111,228.54,287.81,49.33,15.98,2.07,0.0
20230515:1211,309.85,383.88,46.66,16.59,2.83,0.0
20230515:1311,419.21,512.86,41.72,15.97,3.17,0.0
20230515:1411,483.88,590.83,35.26,15.12,2.97,0.0
20230515:1511,306.12,381.22,27.95,14.35,2.76,0.0
20230515:1611,134.5,185.38,20.31,13.89,2.69,0.0
20230515:1711,17.93,34.73,12.75,13.1,2.62,0.0
20230515:1811,0.0,4.13,5.64,12.38,2.76,0.0
20230515:1911,0.0,0.0,0.0,11.59,2.28,0.0
20230515:2011,0.0,0.0,0.0,10.85,2.07,0.0
20230515:2111,0.0,0.0,0.0,10.48,1.72,0.0
20230515:2211,0.0,0.0,0.0,10.25,1.66,0.0
20230515:2311,0.0,0.0,0.0,10.06,1.72,0.0
20230516:0011,0.0,0.0,0.0,9.9,2.0,0.0
20230516:0111,0.0,0.0,0.0,9.82,2.34,0.0
20230516:0211,0.0,0.0,0.0,9.89,2.69,0.0
20230516:0311,0.0,3.31,5.21,10.12,2.69,0.0
20230516:0411,2.73,11.58,12.25,10.55,2.07,0.0
20230516:0511,10.0,23.31,19.78,10.73,2.21,0.0
20230516:0611,30.92,51.1,27.43,10.07,2.48,0.0
20230516:0711,69.79,97.72,34.79,10.19,3.45,0.0
20230516:0811,100.67,133.58,41.37,10.43,3.17,0.0
20230516:0911,163.56,205.85,46.5,10.66,2.76,0.0
20230516:1011,111.93,147.03,49.42,11.01,2.48,0.0
20230516:1111,232.89,286.84,49.56,11.23,2.0,0.0
20230516:1211,163.48,207.65,46.88,11.87,1.45,0.0
20230516:1311,236.86,294.37,41.93,13.06,1.31,0.0
20230516:1411,71.48,101.31,35.46,13.52,1.52,0.0
20230516:1511,63.2,91.45,28.15,13.75,2.14,0.0
20230516:1611,62.32,90.32,20.51,13.21,2.21,0.0
20230516:1711,43.91,67.8,12.95,12.68,2.21,0.0
20230516:1811,11.5,25.63,5.85,12.26,2.76,0.0
20230516:1911,0.0,0.0,0.0,11.48,2.55,0.0
20230516:2011,0.0,0.0,0.0,10.88,2.76,0.0
20230516:2111,0.0,0.0,0.0,10.67,2.62,0.0
20230516:2211,0.0,0.0,0.0,10.59,2.83,0.0
20230516:2311,0.0,0.0,0.0,10.66,2.83,0.0
20230517:0011,0.0,0.0,0.0,10.64,3.03,0.0
20230517:0111,0.0,0.0,0.0,10.55,3.24,0.0
20230517:0211,0.0,0.0,0.0,10.12,3.38,0.0
20230517:0311,0.0,4.13,5.41,9.86,3.52,0.0
20230517:0411,3.19,12.4,12.44,10.02,3.66,0.0
20230517:0511,51.66,76.2,19.97,9.81,4.28,0.0
20230517:0611,247.06,302.36,27.61,9.91,4.0,0.0
20230517:0711,252.56,306.13,34.99,10.5,3.59,0.0
20230517:0811,164.91,207.17,41.57,10.84,3.52,0.0
20230517:0911,144.43,183.79,46.71,10.41,2.76,0.0
20230517:1011,184.44,228.3,49.65,9.2,2.83,0.0
20230517:1111,174.83,216.96,49.79,9.0,3.31,0.0
20230517:1211,137.23,173.93,47.1,8.5,3.38,0.0
20230517:1311,122.92,156.89,42.14,7.51,4.21,0.0
20230517:1411,143.82,180.04,35.66,7.09,4.0,0.0
20230517:1511,202.06,246.09,28.34,6.89,3.66,0.0
20230517:1611,154.57,217.87,20.7,7.43,2.41,0.0
20230517:1711,30.7,50.44,13.15,8.0,2.34,0.0
20230517:1811,14.73,29.77,6.05,8.21,2.83,0.0
20230517:1911,0.0,0.0,0.0,7.99,3.31,0.0
20230517:2011,0.0,0.0,0.0,7.85,3.59,0.0
20230517:2111,0.0,0.0,0.0,7.85,3.72,0.0
20230517:2211,0.0,0.0,0.0,7.75,3.86,0.0
20230517:2311,0.0,0.0,0.0,7.41,3.72,0.0
20230518:0011,0.0,0.0,0.0,6.95,3.59,0.0
20230518:0111,0.0,0.0,0.0,6.45,3.24,0.0
20230518:0211,0.0,0.0,0.0,5.97,3.03,0.0
20230518:0311,2.38,10.75,5.6,5.67,2.97,0.0
20230518:0411,29.02,47.96,12.63,5.96,2.69,0.0
20230518:0511,142.79,210.6,20.15,6.75,3.03,0.0
20230518:0611,351.8,426.05,27.8,7.69,3.31,0.0
20230518:0711,554.7,655.39,35.18,8.31,3.45,0.0
20230518:0811,701.68,844.83,41.77,9.49,3.1,0.0
20230518:0911,793.92,983.77,46.92,10.67,2.48,0.0
20230518:1011,829.64,1057.66,49.87,11.79,1.72,0.0
20230518:1111,826.72,1067.22,50.01,12.64,1.38,0.0
20230518:1211,785.82,998.81,47.32,13.21,1.79,0.0
20230518:1311,697.94,869.23,42.35,13.58,2.14,0.0
20230518:1411,551.76,677.37,35.86,13.78,2.14,0.0
20230518:1511,369.72,461.01,28.53,13.78,2.28,0.0
20230518:1611,158.36,234.27,20.89,13.34,2.62,0.0
20230518:1711,30.02,50.44,13.34,12.42,2.76,0.0
20230518:1811,10.99,24.81,6.25,11.22,3.1,0.0
20230518:1911,0.0,0.0,0.0,10.13,3.03,0.0
20230518:2011,0.0,0.0,0.0,9.22,2.97,0.0
20230518:2111,0.0,0.0,0.0,8.63,2.9,0.0
20230518:2211,0.0,0.0,0.0,8.21,2.76,0.0
20230518:2311,0.0,0.0,0.0,7.9,2.55,0.0
20230519:0011,0.0,0.0,0.0,7.68,2.48,0.0
20230519:0111,0.0,0.0,0.0,7.6,2.34,0.0
20230519:0211,0.0,0.0,0.0,7.6,2.28,0.0
20230519:0311,8.93,21.5,5.79,7.64,2.28,0.0
20230519:0411,36.73,57.88,12.81,8.01,2.07,0.0
20230519:0511,140.68,210.51,20.33,9.42,1.93,0.0
20230519:0611,344.89,427.07,27.98,11.01,2.14,0.0
20230519:0711,532.65,644.39,35.36,12.11,2.69,0.0
20230519:0811,680.49,835.14,41.96,13.2,2.9,0.0
20230519:0911,780.13,972.01,47.13,14.0,3.17,0.0
20230519:1011,838.67,1052.83,50.08,14.47,3.52,0.0
20230519:1111,843.67,1056.31,50.22,14.69,3.86,0.0
20230519:1211,797.27,988.4,47.53,14.71,4.07,0.0
20230519:1311,699.9,855.3,42.55,14.53,4.14,0.0
20230519:1411,555.64,671.13,36.05,14.05,4.14,0.0
20230519:1511,371.3,457.32,28.72,13.35,4.07,0.0
20230519:1611,159.41,233.4,21.08,12.47,3.86,0.0
20230519:1711,31.48,52.09,13.53,11.55,3.52,0.0
20230519:1811,12.18,26.46,6.45,10.6,3.17,0.0
20230519:1911,0.0,0.0,0.0,9.53,2.97,0.0
20230519:2011,0.0,0.0,0.0,8.74,2.76,0.0
20230519:2111,0.0,0.0,0.0,8.24,2.48,0.0
20230519:2211,0.0,0.0,0.0,7.88,2.28,0.0
20230519:2311,0.0,0.0,0.0,7.67,2.14,0.0
20230520:0011,0.0,0.0,0.0,7.58,2.07,0.0
20230520:0111,0.0,0.0,0.0,7.54,2.07,0.0
20230520:0211,0.0,0.0,0.0,7.48,2.14,0.0
20230520:0311,10.65,23.98,5.97,7.41,2.28,0.0
20230520:0411,35.4,56.23,12.99,7.86,2.07,0.0
20230520:0511,142.83,213.3,20.5,9.21,2.0,0.0
20230520:0611,339.62,420.11,28.15,10.79,2.0,0.0
20230520:0711,520.07,631.62,35.54,12.21,2.28,0.0
20230520:0811,543.91,663.3,42.15,13.19,2.48,0.0
20230520:0911,576.67,706.73,47.32,13.85,2.76,0.0
20230520:1011,614.46,756.36,50.29,14.26,2.97,0.0
20230520:1111,589.15,723.09,50.44,14.38,3.1,0.0
20230520:1211,690.16,854.2,47.73,14.37,3.1,0.0
20230520:1311,574.68,702.89,42.74,14.41,3.03,0.0
20230520:1411,522.48,636.51,36.24,14.09,2.9,0.0
20230520:1511,345.94,429.69,28.91,13.99,2.76,0.0
20230520:1611,156.69,221.37,21.26,13.45,2.55,0.0
20230520:1711,48.0,72.76,13.72,12.58,2.21,0.0
20230520:1811,12.12,26.46,6.64,11.51,2.07,0.0
20230520:1911,0.0,0.0,0.0,10.1,1.86,0.0
20230520:2011,0.0,0.0,0.0,9.14,2.0,0.0
20230520:2111,0.0,0.0,0.0,8.66,2.0,0.0
20230520:2211,0.0,0.0,0.0,8.51,2.0,0.0
20230520:2311,0.0,0.0,0.0,8.53,2.07,0.0
20230521:0011,0.0,0.0,0.0,8.64,2.07,0.0
20230521:0111,0.0,0.0,0.0,8.76,1.86,0.0
20230521:0211,0.0,0.0,0.0,8.92,1.66,0.0
20230521:0311,0.0,4.96,6.14,8.79,1.52,0.0
20230521:0411,3.21,12.4,13.15,9.27,1.45,0.0
20230521:0511,137.96,205.27,20.66,10.58,1.24,0.0
20230521:0611,297.85,371.43,28.31,12.12,1.45,0.0
20230521:0711,196.75,247.42,35.71,13.34,1.59,0.0
20230521:0811,511.09,629.6,42.33,14.36,1.79,0.0
20230521:0911,531.49,656.76,47.52,14.92,2.07,0.0
20230521:1011,483.62,596.55,50.49,15.41,2.28,0.0
20230521:1111,741.68,939.89,50.64,15.35,2.28,0.0
20230521:1211,707.06,894.04,47.93,15.77,2.14,0.0
20230521:1311,655.68,823.58,42.94,16.01,2.0,0.0
20230521:1411,524.01,649.92,36.43,16.1,2.0,0.0
20230521:1511,349.77,441.44,29.09,16.24,2.07,0.0
20230521:1611,154.13,228.17,21.44,15.62,2.07,0.0
20230521:1711,34.22,56.23,13.9,14.56,1.93,0.0
20230521:1811,14.9,30.59,6.82,13.41,1.72,0.0
20230521:1911,0.0,0.0,0.0,12.62,1.59,0.0
20230521:2011,0.0,0.0,0.0,11.73,1.72,0.0
20230521:2111,0.0,0.0,0.0,11.28,1.86,0.0
20230521:2211,0.0,0.0,0.0,11.18,1.86,0.0
20230521:2311,0.0,0.0,0.0,11.1,1.86,0.0
20230522:0011,0.0,0.0,0.0,11.07,1.72,0.0
20230522:0111,0.0,0.0,0.0,11.09,1.52,0.0
20230522:0211,0.0,0.0,0.0,10.33,1.17,0.0
20230522:0311,15.75,31.42,6.31,10.21,1.03,0.0
20230522:0411,46.89,71.11,13.32,11.21,1.1,0.0
20230522:0511,138.61,203.11,20.82,12.44,1.03,0.0
20230522:0611,321.47,404.7,28.47,13.43,1.24,0.0
20230522:0711,487.96,605.73,35.87,15.19,1.38,0.0
20230522:0811,606.69,761.14,42.5,16.1,1.72,0.0
20230522:0911,699.78,891.94,47.7,16.87,1.93,0.0
20230522:1011,775.28,1000.79,50.69,17.42,2.14,0.0
20230522:1111,782.48,1010.43,50.84,17.93,2.34,0.0
20230522:1211,734.78,940.37,48.13,18.16,2.41,0.0
20230522:1311,642.63,809.52,43.12,18.12,2.48,0.0
20230522:1411,514.24,640.26,36.61,18.01,2.48,0.0
20230522:1511,336.96,426.73,29.26,17.77,2.55,0.0
20230522:1611,152.94,223.81,21.62,17.09,2.34,0.0
20230522:1711,42.46,66.97,14.08,16.23,2.07,0.0
20230522:1811,15.37,31.42,7.01,14.84,2.0,0.0
20230522:1911,0.0,0.0,0.0,13.76,2.07,0.0
20230522:2011,0.0,0.0,0.0,12.65,2.14,0.0
20230522:2111,0.0,0.0,0.0,11.88,2.21,0.0
20230522:2211,0.0,0.0,0.0,11.28,2.28,0.0
20230522:2311,0.0,0.0,0.0,10.91,2.28,0.0
20230523:0011,0.0,0.0,0.0,10.72,2.28,0.0
20230523:0111,0.0,0.0,0.0,10.56,2.34,0.0
20230523:0211,0.0,0.0,0.0,10.54,2.34,0.0
20230523:0311,9.9,23.15,6.47,10.57,2.34,0.0
20230523:0411,8.21,20.67,13.47,11.23,2.07,0.0
20230523:0511,121.0,164.19,20.97,12.81,1.79,0.0
20230523:0611,319.99,402.61,28.63,14.47,1.93,0.0
20230523:0711,489.94,604.16,36.03,15.84,2.34,0.0
20230523:0811,621.88,774.92,42.67,16.86,2.69,0.0
20230523:0911,728.36,920.59,47.88,17.47,2.97,0.0
20230523:1011,692.66,871.78,50.88,17.69,3.24,0.0
20230523:1111,763.06,963.49,51.04,17.72,3.66,0.0
20230523:1211,731.0,917.06,48.32,17.4,3.59,0.0
20230523:1311,695.87,866.11,43.31,17.19,3.59,0.0
20230523:1411,513.97,631.09,36.78,16.91,3.52,0.0
20230523:1511,337.3,422.65,29.44,16.4,3.17,0.0
20230523:1611,157.03,227.24,21.79,15.72,2.62,0.0
20230523:1711,49.48,75.24,14.25,14.82,2.07,0.0
20230523:1811,14.28,29.77,7.19,13.79,1.79,0.0
20230523:1911,0.0,0.0,0.0,12.64,1.59,0.0
20230523:2011,0.0,0.0,0.0,11.65,1.72,0.0
20230523:2111,0.0,0.0,0.0,11.14,1.72,0.0
20230523:2211,0.0,0.0,0.0,10.95,1.59,0.0
20230523:2311,0.0,0.0,0.0,10.78,1.45,0.0
20230524:0011,0.0,0.0,0.0,10.13,1.31,0.0
20230524:0111,0.0,0.0,0.0,9.39,1.31,0.0
20230524:0211,0.0,0.0,0.0,9.43,1.1,0.0
20230524:0311,0.0,4.96,6.63,10.06,0.83,0.0
20230524:0411,51.97,76.9,13.62,10.09,1.03,0.0
20230524:0511,142.12,208.56,21.12,12.77,0.83,0.0
20230524:0611,322.19,408.71,28.77,14.75,1.03,0.0
20230524:0711,499.16,626.58,36.18,16.25,1.03,0.0
20230524:0811,639.32,814.59,42.83,17.59,1.52,0.0
20230524:0911,743.58,959.77,48.06,18.55,2.14,0.0
20230524:1011,796.39,1031.55,51.06,19.27,2.76,0.0
20230524:1111,803.02,1035.21,51.22,19.76,3.31,0.0
20230524:1211,761.7,969.39,48.51,20.05,3.86,0.0
20230524:1311,669.26,836.17,43.49,19.9,4.41,0.0
20230524:1411,535.39,662.13,36.96,19.64,4.55,0.0
20230524:1511,353.98,447.07,29.6,19.23,4.48,0.0
20230524:1611,157.99,233.26,21.96,18.7,4.28,0.0
20230524:1711,30.51,53.03,14.43,18.05,4.76,0.0
20230524:1811,15.2,31.42,7.36,17.06,4.55,0.0
20230524:1911,0.0,0.0,0.0,15.76,4.41,0.0
20230524:2011,0.0,0.0,0.0,14.89,4.28,0.0
20230524:2111,0.0,0.0,0.0,14.51,4.07,0.0
20230524:2211,0.0,0.0,0.0,14.23,3.66,0.0
20230524:2311,0.0,0.0,0.0,14.67,3.45,0.0
20230525:0011,0.0,0.0,0.0,15.11,3.45,0.0
20230525:0111,0.0,0.0,0.0,14.99,3.66,0.0
20230525:0211,0.0,0.0,0.0,14.48,3.72,0.0
20230525:0311,0.04,5.79,6.78,13.9,3.59,0.0
20230525:0411,4.03,14.06,13.77,13.8,3.45,0.0
20230525:0511,126.84,172.87,21.26,14.31,3.45,0.0
20230525:0611,288.86,361.9,28.91,15.23,3.17,0.0
20230525:0711,439.95,537.5,36.33,15.74,3.38,0.0
20230525:0811,579.02,708.02,42.99,15.88,3.86,0.0
20230525:0911,663.95,814.2,48.22,15.49,4.28,0.0
20230525:1011,604.55,740.88,51.24,15.16,3.79,0.0
20230525:1111,501.43,615.52,51.41,15.14,2.83,0.0
20230525:1211,395.61,487.76,48.69,15.36,2.0,0.0
20230525:1311,461.51,570.34,43.66,15.6,1.86,0.0
20230525:1411,341.23,417.73,37.12,15.09,3.03,0.0
20230525:1511,318.29,393.38,29.77,14.06,3.59,0.0
20230525:1611,162.52,235.71,22.12,13.33,3.59,0.0
20230525:1711,60.01,87.6,14.59,12.61,3.38,0.0
20230525:1811,19.27,36.38,7.53,12.06,3.59,0.0
20230525:1911,0.0,0.0,0.0,11.0,3.86,0.0
20230525:2011,0.0,0.0,0.0,10.58,4.28,0.0
20230525:2111,0.0,0.0,0.0,10.51,4.28,0.0
20230525:2211,0.0,0.0,0.0,10.71,3.79,0.0
20230525:2311,0.0,0.0,0.0,10.95,3.52,0.0
20230526:0011,0.0,0.0,0.0,10.97,3.52,0.0
20230526:0111,0.0,0.0,0.0,10.85,3.59,0.0
20230526:0211,0.0,0.0,0.0,10.59,3.59,0.0
20230526:0311,0.06,5.79,6.92,10.48,3.52,0.0
20230526:0411,18.76,35.55,13.9,10.97,3.52,0.0
20230526:0511,145.7,202.38,21.4,12.01,3.86,0.0
20230526:0611,323.96,399.22,29.05,12.87,4.41,0.0
20230526:0711,519.18,619.17,36.47,12.7,5.17,0.0
20230526:0811,672.52,809.45,43.13,13.38,5.03,0.0
20230526:0911,770.76,940.88,48.38,14.0,4.97,0.0
20230526:1011,740.79,906.67,51.41,14.44,4.9,0.0
20230526:1111,658.22,802.6,51.59,14.47,4.55,0.0
20230526:1211,509.59,617.42,48.86,14.46,4.14,0.0
20230526:1311,423.04,513.24,43.83,14.23,3.38,0.0
20230526:1411,336.45,412.2,37.29,14.19,2.28,0.0
20230526:1511,214.01,270.77,29.93,14.22,1.03,0.0
20230526:1611,164.06,232.78,22.28,13.52,0.97,0.0
20230526:1711,38.39,63.0,14.75,12.9,1.59,0.0
20230526:1811,16.2,32.25,7.7,12.14,2.14,0.0
20230526:1911,0.0,0.0,0.0,10.66,2.48,0.0
20230526:2011,0.0,0.0,0.0,9.87,2.62,0.0
20230526:2111,0.0,0.0,0.0,9.45,2.76,0.0
20230526:2211,0.0,0.0,0.0,9.26,2.69,0.0
20230526:2311,0.0,0.0,0.0,9.17,2.55,0.0
20230527:0011,0.0,0.0,0.0,9.18,2.34,0.0
20230527:0111,0.0,0.0,0.0,9.22,2.07,0.0
20230527:0211,0.0,0.0,0.0,9.09,1.59,0.0
20230527:0311,0.07,5.79,7.06,8.62,0.9,0.0
20230527:0411,7.19,19.02,14.04,9.81,0.21,0.0
20230527:0511,120.94,162.41,21.52,11.1,0.62,0.0
20230527:0611,327.25,408.71,29.18,12.46,1.59,0.0
20230527:0711,500.3,606.65,36.6,12.12,2.28,0.0
20230527:0811,662.69,809.64,43.28,12.88,2.97,0.0
20230527:0911,757.78,934.12,48.54,13.53,3.59,0.0
20230527:1011,804.78,998.34,51.58,14.24,4.0,0.0
20230527:1111,692.08,848.33,51.76,14.81,4.41,0.0
20230527:1211,710.0,868.07,49.03,14.9,4.76,0.0
20230527:1311,653.3,792.88,43.99,15.46,5.17,0.0
20230527:1411,552.08,664.57,37.45,15.15,5.52,0.0
20230527:1511,365.09,450.14,30.09,15.3,5.72,0.0
20230527:1611,165.75,240.04,22.44,14.96,5.59,0.0
20230527:1711,27.5,50.58,14.91,14.19,5.24,0.0
20230527:1811,16.11,32.25,7.86,13.4,5.72,0.0
20230527:1911,0.0,0.83,1.61,12.51,5.59,0.0
20230527:2011,0.0,0.0,0.0,11.93,5.52,0.0
20230527:2111,0.0,0.0,0.0,11.56,5.17,0.0
20230527:2211,0.0,0.0,0.0,11.29,4.34,0.0
20230527:2311,0.0,0.0,0.0,11.3,3.66,0.0
20230528:0011,0.0,0.0,0.0,11.42,3.66,0.0
20230528:0111,0.0,0.0,0.0,11.57,4.07,0.0
20230528:0211,0.0,0.0,0.0,11.42,4.41,0.0
20230528:0311,0.05,5.79,7.19,11.34,4.48,0.0
20230528:0411,4.09,14.06,14.16,11.65,4.69,0.0
20230528:0511,92.3,125.33,21.65,12.0,4.69,0.0
20230528:0611,106.2,140.82,29.3,12.54,5.38,0.0
20230528:0711,168.67,212.85,36.73,13.28,5.52,0.0
20230528:0811,422.81,506.93,43.41,13.86,5.38,0.0
20230528:0911,445.5,537.2,48.68,14.99,5.45,0.0
20230528:1011,452.45,548.29,51.74,15.74,5.31,0.0
20230528:1111,344.84,421.78,51.92,16.41,5.24,0.0
20230528:1211,329.46,405.01,49.2,17.17,5.1,0.0
20230528:1311,466.63,569.71,44.15,17.28,4.76,0.0
20230528:1411,380.49,466.55,37.6,17.42,4.48,0.0
20230528:1511,144.11,188.56,30.24,17.23,4.0,0.0
20230528:1611,101.92,139.9,22.59,16.95,3.24,0.0
20230528:1711,44.65,69.83,15.07,16.83,2.97,0.0
20230528:1811,16.45,33.07,8.01,16.12,2.69,0.0
20230528:1911,0.0,1.65,1.77,14.56,1.86,0.0
20230528:2011,0.0,0.0,0.0,13.55,2.14,0.0
20230528:2111,0.0,0.0,0.0,12.39,2.9,0.0
20230528:2211,0.0,0.0,0.0,11.56,2.76,0.0
20230528:2311,0.0,0.0,0.0,11.07,2.28,0.0
20230529:0011,0.0,0.0,0.0,10.74,2.07,0.0
20230529:0111,0.0,0.0,0.0,10.44,2.34,0.0
20230529:0211,0.0,0.0,0.0,10.13,3.03,0.0
20230529:0311,0.06,5.79,7.32,9.89,3.86,0.0
20230529:0411,57.87,83.51,14.28,9.6,4.07,0.0
20230529:0511,146.72,217.15,21.76,9.78,3.66,0.0
20230529:0611,350.88,430.41,29.42,10.35,3.17,0.0
20230529:0711,503.66,605.22,36.85,10.59,2.48,0.0
20230529:0811,653.83,807.3,43.54,11.46,1.59,0.0
20230529:0911,746.77,956.26,48.83,12.34,0.9,0.0
20230529:1011,759.78,987.66,51.89,13.47,0.76,0.0
20230529:1111,548.37,677.61,52.08,14.08,2.0,0.0
20230529:1211,542.36,657.81,49.36,13.64,3.59,0.0
20230529:1311,510.49,612.43,44.31,13.02,4.34,0.0
20230529:1411,498.2,596.2,37.75,12.88,4.55,0.0
20230529:1511,359.95,440.27,30.39,12.72,4.34,0.0
20230529:1611,169.84,243.93,22.74,12.85,4.0,0.0
20230529:1711,31.74,56.81,15.21,12.64,3.52,0.0
20230529:1811,24.87,43.82,8.17,12.51,3.38,0.0
20230529:1911,0.0,0.83,1.92,12.46,3.17,0.0
20230529:2011,0.0,0.0,0.0,11.88,3.1,0.0
20230529:2111,0.0,0.0,0.0,11.34,3.1,0.0
20230529:2211,0.0,0.0,0.0,10.93,3.24,0.0
20230529:2311,0.0,0.0,0.0,10.67,3.45,0.0
20230530:0011,0.0,0.0,0.0,10.69,3.52,0.0
20230530:0111,0.0,0.0,0.0,10.46,3.45,0.0
20230530:0211,0.0,0.0,0.0,10.1,3.38,0.0
20230530:0311,17.01,33.07,7.44,9.93,3.31,0.0
20230530:0411,31.69,52.09,14.4,10.22,3.17,0.0
20230530:0511,147.82,220.33,21.87,10.46,4.07,0.0
20230530:0611,356.22,437.03,29.53,10.92,3.72,0.0
20230530:0711,543.7,650.76,36.96,11.31,3.59,0.0
20230530:0811,683.87,835.51,43.66,12.27,2.9,0.0
20230530:0911,767.94,964.86,48.96,13.37,2.28,0.0
20230530:1011,801.76,1037.93,52.04,14.37,1.45,0.0
20230530:1111,783.35,1043.11,52.24,15.24,0.48,0.0
20230530:1211,740.75,977.6,49.51,15.75,0.48,0.0
20230530:1311,649.75,824.25,44.46,16.13,1.45,0.0
20230530:1411,544.1,672.28,37.9,16.1,2.55,0.0
20230530:1511,375.11,467.43,30.53,15.56,3.38,0.0
20230530:1611,169.99,246.15,22.88,14.76,3.79,0.0
20230530:1711,25.86,50.86,15.36,14.04,3.59,0.0
20230530:1811,17.31,33.9,8.31,13.38,3.52,0.0
20230530:1911,0.0,2.48,2.07,12.81,4.0,0.0
20230530:2011,0.0,0.0,0.0,12.3,4.21,0.0
20230530:2111,0.0,0.0,0.0,12.1,4.28,0.0
20230530:2211,0.0,0.0,0.0,11.97,4.21,0.0
20230530:2311,0.0,0.0,0.0,11.82,4.21,0.0
20230531:0011,0.0,0.0,0.0,11.71,4.41,0.0
20230531:0111,0.0,0.0,0.0,11.69,4.62,0.0
20230531:0211,0.0,0.0,0.0,11.65,4.55,0.0
20230531:0311,20.54,38.04,7.55,11.81,4.34,0.0
20230531:0411,38.64,61.19,14.5,12.46,4.0,0.0
20230531:0511,145.06,214.96,21.98,13.51,3.66,0.0
20230531:0611,336.1,420.53,29.63,14.85,3.38,0.0
20230531:0711,499.12,610.6,37.07,16.32,3.72,0.0
20230531:0811,614.02,759.5,43.78,17.13,3.52,0.0
20230531:0911,712.64,906.19,49.09,17.81,2.55,0.0
20230531:1011,740.89,967.82,52.18,18.72,1.66,0.0
20230531:1111,697.68,917.03,52.38,19.04,1.1,0.0
20230531:1211,581.77,746.44,49.66,19.0,1.31,0.0
20230531:1311,490.44,621.51,44.6,19.1,1.38,0.0
20230531:1411,331.45,415.58,38.04,18.58,1.93,0.0
20230531:1511,229.97,291.69,30.67,17.32,2.83,0.0
20230531:1611,146.44,197.53,23.02,15.86,3.24,0.0
20230531:1711,50.29,79.57,15.5,14.7,3.24,0.0
20230531:1811,23.44,42.17,8.46,13.74,2.76,0.0
20230531:1911,0.0,2.48,2.22,12.57,3.03,0.0
20230531:2011,0.0,0.0,0.0,11.67,2.97,0.0
20230531:2111,0.0,0.0,0.0,11.1,2.41,0.0
20230531:2211,0.0,0.0,0.0,10.81,1.66,0.0
20230531:2311,0.0,0.0,0.0,10.79,0.9,0.0
20230601:0011,0.0,0.0,0.0,10.91,0.48,0.0
20230601:0111,0.0,0.0,0.0,10.56,1.59,0.0
20230601:0211,0.0,0.83,1.56,10.49,2.76,0.0
20230601:0311,0.37,6.61,7.66,10.48,4.07,0.0
20230601:0411,4.62,14.88,14.6,10.21,4.55,0.0
20230601:0511,79.93,109.6,22.08,10.08,4.55,0.0
20230601:0611,244.33,299.41,29.73,10.44,3.93,0.0
20230601:0711,449.29,531.52,37.17,9.81,4.21,0.0
20230601:0811,629.24,749.85,43.89,10.3,4.07,0.0
20230601:0911,767.31,932.4,49.21,11.22,3.93,0.0
20230601:1011,780.67,960.0,52.31,12.2,3.66,0.0
20230601:1111,681.96,839.59,52.52,13.05,3.03,0.0
20230601:1211,638.94,790.64,49.8,13.38,2.28,0.0
20230601:1311,541.63,664.75,44.74,13.2,1.93,0.0
20230601:1411,465.02,564.2,38.18,12.63,2.34,0.0
20230601:1511,303.13,371.36,30.8,11.53,2.69,0.0
20230601:1611,173.9,240.34,23.15,10.97,2.76,0.0
20230601:1711,25.28,51.09,15.63,10.25,3.03,0.0
20230601:1811,18.28,34.73,8.59,9.51,2.83,0.0
20230601:1911,0.0,1.65,2.36,9.62,3.03,0.0
20230601:2011,0.0,0.0,0.0,8.95,3.38,0.0
20230601:2111,0.0,0.0,0.0,8.57,3.52,0.0
20230601:2211,0.0,0.0,0.0,8.46,3.31,0.0
20230601:2311,0.0,0.0,0.0,8.4,2.69,0.0
20230602:0011,0.0,0.0,0.0,8.33,2.55,0.0
20230602:0111,0.0,0.0,0.0,7.94,3.17,0.0
20230602:0211,0.0,0.83,1.67,7.67,3.45,0.0
20230602:0311,19.11,35.55,7.76,7.51,3.52,0.0
20230602:0411,32.11,52.09,14.7,7.72,3.93,0.0
20230602:0511,150.31,219.77,22.17,8.15,4.34,0.0
20230602:0611,358.5,434.54,29.82,8.92,4.34,0.0
20230602:0711,531.94,625.84,37.26,9.05,4.55,0.0
20230602:0811,511.24,603.75,43.99,9.84,4.48,0.0
20230602:0911,507.37,603.51,49.32,10.86,4.34,0.0
20230602:1011,576.75,691.7,52.44,11.74,4.28,0.0
20230602:1111,660.33,800.17,52.66,12.47,4.14,0.0
20230602:1211,720.55,884.38,49.94,13.31,3.66,0.0
20230602:1311,539.18,656.47,44.88,13.7,2.97,0.0
20230602:1411,468.87,571.9,38.31,13.8,2.41,0.0
20230602:1511,258.38,319.31,30.93,12.68,2.76,0.0
20230602:1611,135.24,177.15,23.28,11.25,3.1,0.0
20230602:1711,68.9,97.52,15.77,10.18,3.03,0.0
20230602:1811,28.51,47.96,8.73,9.46,2.76,0.0
20230602:1911,0.0,1.65,2.49,8.89,2.62,0.0
20230602:2011,0.0,0.0,0.0,8.35,2.48,0.0
20230602:2111,0.0,0.0,0.0,8.11,2.41,0.0
20230602:2211,0.0,0.0,0.0,7.93,2.76,0.0
20230602:2311,0.0,0.0,0.0,8.01,2.97,0.0
20230603:0011,0.0,0.0,0.0,7.97,2.97,0.0
20230603:0111,0.0,0.0,0.0,7.92,2.76,0.0
20230603:0211,0.0,0.83,1.77,7.82,2.62,0.0
20230603:0311,0.39,6.61,7.85,8.08,2.41,0.0
20230603:0411,51.65,76.07,14.79,8.92,2.14,0.0
20230603:0511,148.88,205.33,22.25,10.18,2.28,0.0
20230603:0611,322.93,399.86,29.91,11.86,2.41,0.0
20230603:0711,514.12,626.1,37.35,12.73,2.21,0.0
20230603:0811,660.07,817.78,44.09,13.98,2.28,0.0
20230603:0911,739.47,932.9,49.43,15.12,2.34,0.0
20230603:1011,806.38,1035.51,52.56,16.37,2.41,0.0
20230603:1111,799.96,1039.63,52.79,17.02,1.93,0.0
20230603:1211,743.15,970.14,50.07,17.3,1.24,0.0
20230603:1311,659.81,844.83,45.01,17.66,1.45,0.0
20230603:1411,515.92,646.6,38.43,18.31,2.07,0.0
20230603:1511,292.12,371.51,31.06,18.24,1.72,0.0
20230603:1611,104.67,143.71,23.41,17.49,1.72,0.0
20230603:1711,44.06,69.03,15.89,16.56,2.28,0.0
20230603:1811,0.66,7.44,8.85,16.2,2.69,0.0
20230603:1911,0.0,2.48,2.62,14.48,2.21,0.0
20230603:2011,0.0,0.0,0.0,14.2,2.55,0.0
20230603:2111,0.0,0.0,0.0,13.85,2.76,0.0
20230603:2211,0.0,0.0,0.0,13.53,2.9,0.0
20230603:2311,0.0,0.0,0.0,13.22,3.03,0.0
20230604:0011,0.0,0.0,0.0,12.94,2.9,0.0
20230604:0111,0.0,0.0,0.0,12.53,2.97,0.0
20230604:0211,0.0,0.83,1.86,11.8,3.86,0.0
20230604:0311,0.37,6.61,7.94,10.71,4.14,0.0
20230604:0411,6.65,18.19,14.87,10.27,3.59,0.0
20230604:0511,96.64,129.69,22.33,10.52,3.59,0.0
20230604:0611,327.97,402.5,29.99,11.11,3.52,0.0
20230604:0711,522.04,625.81,37.44,12.12,3.79,0.0
20230604:0811,590.28,713.86,44.18,12.87,3.52,0.0
20230604:0911,479.94,582.65,49.53,13.5,3.03,0.0
20230604:1011,390.19,477.39,52.67,14.22,2.48,0.0
20230604:1111,384.56,474.08,52.91,14.59,1.72,0.0
20230604:1211,550.13,696.81,50.19,15.12,0.62,0.0
20230604:1311,450.84,565.37,45.13,15.42,0.55,0.0
20230604:1411,439.74,539.01,38.56,14.78,2.28,0.0
20230604:1511,254.77,315.88,31.18,13.82,3.38,0.0
20230604:1611,174.51,241.26,23.53,12.64,4.07,0.0
20230604:1711,26.23,54.49,16.01,11.79,3.93,0.0
20230604:1811,19.98,37.21,8.98,11.19,3.66,0.0
20230604:1911,0.0,1.65,2.75,10.42,3.38,0.0
20230604:2011,0.0,0.0,0.0,9.97,3.03,0.0
20230604:2111,0.0,0.0,0.0,9.76,2.62,0.0
20230604:2211,0.0,0.0,0.0,9.69,2.62,0.0
20230604:2311,0.0,0.0,0.0,9.7,2.9,0.0
20230605:0011,0.0,0.0,0.0,9.73,3.17,0.0
20230605:0111,0.0,0.0,0.0,9.68,3.24,0.0
20230605:0211,0.0,0.83,1.95,9.55,3.03,0.0
20230605:0311,23.28,41.34,8.02,9.8,2.76,0.0
20230605:0411,52.57,77.72,14.94,10.84,2.48,0.0
20230605:0511,144.95,217.15,22.4,12.5,2.55,0.0
20230605:0611,343.6,431.65,30.06,14.51,2.55,0.0
20230605:0711,502.9,619.88,37.51,16.45,2.83,0.0
20230605:0811,657.91,823.57,44.26,18.16,3.17,0.0
20230605:0911,757.24,963.13,49.63,19.33,3.52,0.0
20230605:1011,777.86,991.54,52.78,19.98,4.0,0.0
20230605:1111,708.53,894.79,53.03,20.43,4.48,0.0
20230605:1211,718.52,903.39,50.31,20.48,4.9,0.0
20230605:1311,659.6,822.13,45.25,20.44,4.97,0.0
20230605:1411,535.04,661.23,38.67,20.05,4.97,0.0
20230605:1511,372.28,468.34,31.3,19.4,5.03,0.0
20230605:1611,173.08,252.63,23.65,18.43,4.9,0.0
20230605:1711,25.67,55.37,16.13,17.28,4.9,0.0
20230605:1811,20.07,38.04,9.09,16.24,4.76,0.0
20230605:1911,0.0,4.96,2.87,15.08,4.55,0.0
20230605:2011,0.0,0.0,0.0,14.14,4.21,0.0
20230605:2111,0.0,0.0,0.0,13.54,3.86,0.0
20230605:2211,0.0,0.0,0.0,13.13,3.45,0.0
20230605:2311,0.0,0.0,0.0,12.74,3.1,0.0
20230606:0011,0.0,0.0,0.0,12.64,2.83,0.0
20230606:0111,0.0,0.0,0.0,12.6,2.76,0.0
20230606:0211,0.0,0.83,2.03,12.86,2.76,0.0
20230606:0311,24.15,43.0,8.09,13.1,2.69,0.0
20230606:0411,46.36,71.11,15.01,13.8,2.34,0.0
20230606:0511,144.35,213.45,22.47,15.18,2.14,0.0
20230606:0611,318.46,405.65,30.13,16.5,1.59,0.0
20230606:0711,0.0,0.0,0.0,16.63,0.76,0.0
20230606:0811,634.11,815.83,44.34,17.41,0.9,0.0
20230606:0911,725.58,954.85,49.72,18.24,0.97,0.0
20230606:1011,770.27,1022.18,52.88,18.96,1.24,0.0
20230606:1111,655.96,844.58,53.14,19.38,1.93,0.0
20230606:1211,697.78,889.69,50.43,19.13,2.76,0.0
20230606:1311,642.13,798.62,45.36,17.89,3.59,0.0
20230606:1411,549.64,671.74,38.79,16.5,4.07,0.0
20230606:1511,293.58,362.29,31.41,14.81,4.76,0.0
20230606:1611,173.97,238.19,23.76,13.53,4.83,0.0
20230606:1711,59.53,91.41,16.24,13.05,4.69,0.0
20230606:1811,22.96,41.34,9.21,12.62,4.14,0.0
20230606:1911,0.0,4.13,2.98,11.95,3.52,0.0
20230606:2011,0.0,0.0,0.0,11.29,3.24,0.0
20230606:2111,0.0,0.0,0.0,11.14,2.76,0.0
20230606:2211,0.0,0.0,0.0,11.03,2.41,0.0
20230606:2311,0.0,0.0,0.0,10.75,2.0,0.0
20230607:0011,0.0,0.0,0.0,10.68,1.86,0.0
20230607:0111,0.0,0.0,0.0,10.68,1.93,0.0
20230607:0211,0.0,0.83,2.11,10.57,2.07,0.0
20230607:0311,3.18,12.4,8.16,10.61,2.21,0.0
20230607:0411,53.82,79.38,15.08,11.26,2.14,0.0
20230607:0511,147.04,215.36,22.53,12.24,2.48,0.0
20230607:0611,338.88,422.73,30.19,13.38,2.76,0.0
20230607:0711,528.57,643.11,37.65,13.91,3.03,0.0
20230607:0811,662.6,815.4,44.41,14.61,3.1,0.0
20230607:0911,767.42,959.71,49.8,15.08,3.17,0.0
20230607:1011,819.11,1032.92,52.97,15.36,3.31,0.0
20230607:1111,818.53,1032.83,53.24,15.46,3.31,0.0
20230607:1211,777.35,976.15,50.53,15.54,3.17,0.0
20230607:1311,686.34,850.97,45.47,15.53,3.1,0.0
20230607:1411,554.35,679.84,38.89,15.44,3.03,0.0
20230607:1511,378.72,471.92,31.51,15.23,2.83,0.0
20230607:1611,177.5,254.98,23.86,14.79,2.62,0.0
20230607:1711,30.21,61.26,16.35,14.23,2.62,0.0
20230607:1811,21.61,39.69,9.31,13.3,2.55,0.0
20230607:1911,0.05,5.79,3.09,12.4,2.55,0.0
20230607:2011,0.0,0.0,0.0,11.57,2.76,0.0
20230607:2111,0.0,0.0,0.0,11.22,3.03,0.0
20230607:2211,0.0,0.0,0.0,11.14,3.38,0.0
20230607:2311,0.0,0.0,0.0,11.14,3.66,0.0
20230608:0011,0.0,0.0,0.0,11.16,3.72,0.0
20230608:0111,0.0,0.0,0.0,11.18,3.66,0.0
20230608:0211,0.0,0.83,2.18,11.25,3.45,0.0
20230608:0311,18.1,34.73,8.22,11.45,3.17,0.0
20230608:0411,48.1,72.76,15.13,12.3,2.76,0.0
20230608:0511,146.83,213.61,22.59,13.49,2.41,0.0
20230608:0611,320.85,406.65,30.24,14.64,1.1,0.0
20230608:0711,509.15,644.1,37.7,15.83,0.48,0.0
20230608:0811,643.29,822.9,44.48,16.82,1.1,0.0
20230608:0911,746.01,950.43,49.87,17.22,2.48,0.0
20230608:1011,703.09,876.95,53.06,16.99,3.86,0.0
20230608:1111,547.96,669.32,53.34,16.53,4.83,0.0
20230608:1211,439.44,532.88,50.64,15.72,5.1,0.0
20230608:1311,598.16,723.18,45.57,15.01,5.1,0.0
20230608:1411,318.66,387.16,38.99,14.54,5.03,0.0
20230608:1511,216.48,270.0,31.61,14.27,4.83,0.0
20230608:1611,162.89,216.81,23.96,13.95,4.55,0.0
20230608:1711,31.36,62.84,16.45,13.31,3.79,0.0
20230608:1811,28.03,47.96,9.42,12.8,3.03,0.0
20230608:1911,0.0,3.31,3.19,12.17,3.17,0.0
20230608:2011,0.0,0.0,0.0,11.51,3.03,0.0
20230608:2111,0.0,0.0,0.0,11.08,2.69,0.0
20230608:2211,0.0,0.0,0.0,10.68,2.48,0.0
20230608:2311,0.0,0.0,0.0,10.44,2.41,0.0
20230609:0011,0.0,0.0,0.0,10.24,2.48,0.0
20230609:0111,0.0,0.0,0.0,10.04,2.62,0.0
20230609:0211,0.0,0.83,2.24,9.82,2.62,0.0
20230609:0311,0.72,7.44,8.28,9.72,2.62,0.0
20230609:0411,57.57,83.51,15.19,10.31,2.48,0.0
20230609:0511,149.71,220.23,22.64,11.46,2.83,0.0
20230609:0611,351.55,436.92,30.29,12.61,2.9,0.0
20230609:0711,546.35,662.38,37.76,13.23,3.24,0.0
20230609:0811,689.53,845.71,44.53,14.04,3.45,0.0
20230609:0911,789.17,982.44,49.94,14.6,3.59,0.0
20230609:1011,843.66,1058.79,53.14,14.94,3.79,0.0
20230609:1111,839.6,1052.07,53.43,15.06,3.93,0.0
20230609:1211,804.4,1000.65,50.73,14.98,4.0,0.0
20230609:1311,712.19,874.48,45.67,14.74,3.93,0.0
20230609:1411,573.36,695.97,39.09,14.43,3.86,0.0
20230609:1511,392.84,484.11,31.71,14.02,3.72,0.0
20230609:1611,184.73,262.44,24.06,13.61,3.52,0.0
20230609:1711,29.02,61.29,16.54,13.09,3.17,0.0
20230609:1811,23.59,42.17,9.51,12.51,2.69,0.0
20230609:1911,1.07,8.27,3.29,11.45,3.03,0.0
20230609:2011,0.0,0.0,0.0,10.58,2.76,0.0
20230609:2111,0.0,0.0,0.0,10.02,2.55,0.0
20230609:2211,0.0,0.0,0.0,9.78,2.48,0.0
20230609:2311,0.0,0.0,0.0,9.65,2.34,0.0
20230610:0011,0.0,0.0,0.0,9.66,2.28,0.0
20230610:0111,0.0,0.0,0.0,9.65,2.21,0.0
20230610:0211,0.0,1.65,2.3,9.58,2.21,0.0
20230610:0311,23.94,42.17,8.33,9.56,2.14,0.0
20230610:0411,66.08,93.43,15.23,9.85,1.93,0.0
20230610:0511,145.51,194.7,22.68,10.87,1.93,0.0
20230610:0611,328.62,408.81,30.33,12.22,2.0,0.0
20230610:0711,529.28,651.53,37.8,13.47,1.72,0.0
20230610:0811,635.08,793.45,44.58,14.58,1.79,0.0
20230610:0911,740.68,940.75,50.0,15.32,2.07,0.0
20230610:1011,810.86,1039.59,53.21,15.83,2.41,0.0
20230610:1111,807.85,1032.18,53.51,16.11,2.69,0.0
20230610:1211,748.29,945.34,50.82,16.23,2.83,0.0
20230610:1311,695.42,869.75,45.76,16.2,2.83,0.0
20230610:1411,561.67,693.04,39.18,16.06,2.83,0.0
20230610:1511,384.49,480.38,31.8,15.81,2.76,0.0
20230610:1611,183.32,262.3,24.15,15.39,2.69,0.0
20230610:1711,27.53,60.74,16.64,14.78,2.34,0.0
20230610:1811,19.67,37.21,9.6,13.98,1.72,0.0
20230610:1911,2.25,10.75,3.38,12.85,1.86,0.0
20230610:2011,0.0,0.0,0.0,11.81,1.93,0.0
20230610:2111,0.0,0.0,0.0,11.28,1.93,0.0
20230610:2211,0.0,0.0,0.0,11.06,2.0,0.0
20230610:2311,0.0,0.0,0.0,10.96,1.93,0.0
20230611:0011,0.0,0.0,0.0,10.76,1.59,0.0
20230611:0111,0.0,0.0,0.0,9.65,1.17,0.0
20230611:0211,0.0,1.65,2.34,9.47,1.1,0.0
20230611:0311,3.67,13.23,8.37,9.52,1.1,0.0
20230611:0411,41.55,64.49,15.27,10.85,1.31,0.0
20230611:0511,146.51,221.63,22.71,12.57,1.24,0.0
20230611:0611,351.55,443.95,30.37,13.85,1.52,0.0
20230611:0711,536.32,664.51,37.84,14.8,1.79,0.0
20230611:0811,672.08,843.4,44.63,15.64,2.14,0.0
20230611:0911,771.69,980.14,50.06,16.24,2.62,0.0
20230611:1011,824.01,1049.73,53.28,16.6,3.17,0.0
20230611:1111,827.93,1051.18,53.59,16.76,3.52,0.0
20230611:1211,793.81,999.91,50.9,16.78,3.66,0.0
20230611:1311,698.64,868.9,45.85,16.78,3.59,0.0
20230611:1411,565.84,695.82,39.27,16.71,3.59,0.0
20230611:1511,387.0,482.77,31.89,16.44,3.52,0.0
20230611:1611,184.84,264.8,24.24,15.97,3.45,0.0
20230611:1711,28.89,62.87,16.72,15.21,3.24,0.0
20230611:1811,19.65,37.21,9.69,14.32,2.9,0.0
20230611:1911,4.52,14.88,3.46,13.32,2.9,0.0
20230611:2011,0.0,0.0,0.0,12.33,2.76,0.0
20230611:2111,0.0,0.0,0.0,11.77,2.69,0.0
20230611:2211,0.0,0.0,0.0,11.46,2.69,0.0
20230611:2311,0.0,0.0,0.0,11.25,2.69,0.0
20230612:0011,0.0,0.0,0.0,11.12,2.69,0.0
20230612:0111,0.0,0.0,0.0,11.07,2.62,0.0
20230612:0211,0.0,1.65,2.39,11.05,2.48,0.0
20230612:0311,19.35,36.38,8.41,11.2,2.28,0.0
20230612:0411,34.69,56.23,15.3,11.84,1.79,0.0
20230612:0511,146.56,224.62,22.74,13.28,1.72,0.0
20230612:0611,351.88,445.72,30.4,14.77,1.72,0.0
20230612:0711,537.41,666.73,37.87,15.81,2.14,0.0
20230612:0811,673.04,845.97,44.67,16.84,2.48,0.0
20230612:0911,0.0,0.0,0.0,17.57,2.9,0.0
20230612:1011,822.4,1053.86,53.34,18.06,3.31,0.0
20230612:1111,825.68,1055.4,53.66,18.37,3.66,0.0
20230612:1211,791.8,1004.17,50.98,18.55,3.86,0.0
20230612:1311,698.47,873.08,45.93,18.56,4.0,0.0
20230612:1411,563.97,696.37,39.35,18.39,4.14,0.0
20230612:1511,388.17,486.25,31.97,18.01,4.14,0.0
20230612:1611,185.18,266.59,24.32,17.41,4.0,0.0
20230612:1711,29.56,64.34,16.8,16.59,3.59,0.0
20230612:1811,20.73,38.86,9.77,15.71,3.38,0.0
20230612:1911,4.97,15.71,3.54,14.52,3.31,0.0
20230612:2011,0.0,0.0,0.0,13.57,3.1,0.0
20230612:2111,0.0,0.0,0.0,13.0,2.9,0.0
20230612:2211,0.0,0.0,0.0,12.62,2.9,0.0
20230612:2311,0.0,0.0,0.0,12.36,2.9,0.0
20230613:0011,0.0,0.0,0.0,12.15,2.83,0.0
20230613:0111,0.0,0.0,0.0,11.97,2.69,0.0
20230613:0211,0.0,1.65,2.42,11.91,2.55,0.0
20230613:0311,21.11,38.86,8.44,12.11,2.34,0.0
20230613:0411,39.15,62.01,15.33,12.9,2.0,0.0
20230613:0511,144.06,220.62,22.77,14.58,2.0,0.0
20230613:0611,345.26,439.18,30.42,16.38,2.21,0.0
20230613:0711,527.01,656.22,37.9,17.71,2.62,0.0
20230613:0811,657.92,832.88,44.7,19.09,2.69,0.0
20230613:0911,750.7,968.98,50.15,20.16,2.76,0.0
20230613:1011,799.28,1038.24,53.39,20.8,3.17,0.0
20230613:1111,803.96,1038.64,53.72,21.09,3.72,0.0
20230613:1211,773.78,990.31,51.05,21.15,4.07,0.0
20230613:1311,678.19,854.99,46.0,21.0,4.21,0.0
20230613:1411,550.63,687.03,39.42,20.76,4.21,0.0
20230613:1511,378.73,479.81,32.04,20.41,4.14,0.0
20230613:1611,182.88,266.75,24.39,19.89,3.86,0.0
20230613:1711,30.8,66.48,16.88,19.1,3.31,0.0
20230613:1811,21.69,40.52,9.84,18.04,3.24,0.0
20230613:1911,0.66,7.44,3.62,16.74,2.76,0.0
20230613:2011,0.0,0.0,0.0,15.56,2.55,0.0
20230613:2111,0.0,0.0,0.0,14.72,2.34,0.0
20230613:2211,0.0,0.0,0.0,14.18,2.14,0.0
20230613:2311,0.0,0.0,0.0,13.87,1.93,0.0
20230614:0011,0.0,0.0,0.0,13.65,1.79,0.0
20230614:0111,0.0,0.0,0.0,13.22,1.52,0.0
20230614:0211,0.0,1.65,2.45,12.18,1.1,0.0
20230614:0311,26.74,46.3,8.47,12.44,0.83,0.0
20230614:0411,60.56,88.47,15.35,13.68,0.62,0.0
20230614:0511,140.57,214.5,22.79,15.63,0.55,0.0
20230614:0611,324.27,419.44,30.44,17.64,0.76,0.0
20230614:0711,493.05,629.61,37.92,19.05,0.83,0.0
20230614:0811,621.6,802.98,44.73,20.21,1.38,0.0
20230614:0911,721.91,946.6,50.18,20.94,1.79,0.0
20230614:1011,716.63,940.03,53.44,21.39,2.0,0.0
20230614:1111,612.72,791.78,53.78,21.68,2.14,0.0
20230614:1211,567.75,729.47,51.11,21.95,2.21,0.0
20230614:1311,566.17,724.75,46.07,21.88,2.28,0.0
20230614:1411,526.01,666.7,39.49,21.49,2.55,0.0
20230614:1511,366.79,469.7,32.11,21.04,2.69,0.0
20230614:1611,180.79,265.5,24.46,20.11,2.41,0.0
20230614:1711,28.22,64.11,16.95,19.21,1.79,0.0
20230614:1811,21.63,40.52,9.91,18.32,1.17,0.0
20230614:1911,5.37,16.54,3.68,17.25,1.38,0.0
20230614:2011,0.0,0.0,0.0,16.01,1.38,0.0
20230614:2111,0.0,0.0,0.0,15.13,1.24,0.0
20230614:2211,0.0,0.0,0.0,14.03,0.9,0.0
20230614:2311,0.0,0.0,0.0,14.4,0.55,0.0
20230615:0011,0.0,0.0,0.0,13.36,0.76,0.0
20230615:0111,0.0,0.0,0.0,12.26,1.17,0.0
20230615:0211,0.0,1.65,2.48,11.85,1.45,0.0
20230615:0311,18.56,35.55,8.48,12.77,1.66,0.0
20230615:0411,38.91,62.01,15.36,13.97,1.31,0.0
20230615:0511,140.01,215.4,22.8,15.81,1.1,0.0
20230615:0611,316.09,405.49,30.45,17.16,1.24,0.0
20230615:0711,423.03,533.28,37.93,19.0,1.52,0.0
20230615:0811,621.2,796.62,44.75,19.86,1.72,0.0
20230615:0911,723.41,944.31,50.21,20.54,1.93,0.0
20230615:1011,771.85,1017.36,53.48,21.16,2.14,0.0
20230615:1111,774.71,1019.02,53.83,21.58,2.41,0.0
20230615:1211,741.19,965.82,51.17,21.75,2.62,0.0
20230615:1311,658.22,844.58,46.13,21.65,2.69,0.0
20230615:1411,535.49,678.75,39.56,21.33,2.55,0.0
20230615:1511,366.29,469.78,32.18,20.92,2.34,0.0
20230615:1611,178.39,259.08,24.53,20.36,2.0,0.0
20230615:1711,34.67,71.33,17.01,19.57,1.52,0.0
20230615:1811,22.82,42.17,9.98,18.56,1.03,0.0
20230615:1911,4.88,15.71,3.74,17.37,1.45,0.0
20230615:2011,0.0,0.0,0.0,16.12,1.59,0.0
20230615:2111,0.0,0.0,0.0,15.27,1.79,0.0
20230615:2211,0.0,0.0,0.0,14.78,1.79,0.0
20230615:2311,0.0,0.0,0.0,14.62,1.66,0.0
20230616:0011,0.0,0.0,0.0,14.6,1.59,0.0
20230616:0111,0.0,0.0,0.0,14.52,1.72,0.0
20230616:0211,0.0,1.65,2.49,14.4,1.86,0.0
20230616:0311,0.68,7.44,8.5,14.35,2.0,0.0
20230616:0411,59.01,86.82,15.37,14.79,2.0,0.0
20230616:0511,143.75,201.26,22.81,16.1,2.34,0.0
20230616:0611,286.53,364.21,30.46,17.28,2.41,0.0
20230616:0711,442.62,552.8,37.94,18.8,2.48,0.0
20230616:0811,578.41,731.82,44.76,19.85,2.41,0.0
20230616:0911,598.38,763.71,50.23,20.8,2.48,0.0
20230616:1011,508.63,645.89,53.51,21.37,2.62,0.0
20230616:1111,762.34,995.3,53.87,21.42,2.69,0.0
20230616:1211,628.74,806.13,51.22,21.77,2.83,0.0
20230616:1311,621.55,792.73,46.19,21.33,2.76,0.0
20230616:1411,413.53,521.36,39.61,21.17,2.62,0.0
20230616:1511,218.36,282.19,32.24,20.79,2.48,0.0
20230616:1611,130.39,177.75,24.58,20.16,2.07,0.0
20230616:1711,73.13,107.45,17.07,19.24,1.59,0.0
20230616:1811,30.31,52.09,10.03,18.61,1.31,0.0
20230616:1911,4.87,15.71,3.8,17.67,1.79,0.0
20230616:2011,0.0,0.0,0.0,16.63,1.86,0.0
20230616:2111,0.0,0.0,0.0,15.95,1.86,0.0
20230616:2211,0.0,0.0,0.0,15.56,2.0,0.0
20230616:2311,0.0,0.0,0.0,15.33,2.07,0.0
20230617:0011,0.0,0.0,0.0,15.2,2.07,0.0
20230617:0111,0.0,0.0,0.0,15.08,2.14,0.0
20230617:0211,0.0,1.65,2.5,14.96,2.21,0.0
20230617:0311,0.67,7.44,8.5,14.91,2.28,0.0
20230617:0411,54.07,81.03,15.38,15.45,2.21,0.0
20230617:0511,139.54,211.7,22.81,16.98,2.34,0.0
20230617:0611,322.86,414.52,30.46,18.75,2.55,0.0
20230617:0711,496.61,625.53,37.94,20.47,2.62,0.0
20230617:0811,496.08,627.78,44.77,21.93,2.9,0.0
20230617:0911,685.83,887.9,50.25,23.06,3.03,0.0
20230617:1011,639.91,823.94,53.53,23.62,3.52,0.0
20230617:1111,627.03,803.15,53.91,23.72,4.0,0.0
20230617:1211,353.14,446.9,51.27,23.12,4.28,0.0
20230617:1311,191.03,248.61,46.24,22.05,4.28,0.0
20230617:1411,141.52,188.55,39.67,21.05,3.86,0.0
20230617:1511,69.31,101.31,32.29,20.31,3.38,0.0
20230617:1611,34.27,57.38,24.64,19.58,2.83,0.0
20230617:1711,31.6,53.79,17.12,18.9,2.34,0.0
20230617:1811,7.36,19.84,10.09,18.17,1.86,0.0
20230617:1911,0.0,2.48,3.85,17.23,1.86,0.0
20230617:2011,0.0,0.0,0.0,16.8,2.07,0.0
20230617:2111,0.0,0.0,0.0,16.5,2.21,0.0
20230617:2211,0.0,0.0,0.0,16.42,2.28,0.0
20230617:2311,0.0,0.0,0.0,16.4,2.34,0.0
20230618:0011,0.0,0.0,0.0,16.41,2.41,0.0
20230618:0111,0.0,0.0,0.0,16.43,2.41,0.0
20230618:0211,0.0,0.83,2.51,16.37,2.21,0.0
20230618:0311,0.66,7.44,8.5,16.22,1.79,0.0
20230618:0411,4.44,14.88,15.37,16.08,1.72,0.0
20230618:0511,12.1,26.9,22.8,16.18,1.72,0.0
20230618:0611,22.43,41.24,30.45,16.22,2.07,0.0
20230618:0711,44.26,69.03,37.94,15.86,3.38,0.0
20230618:0811,63.98,93.24,44.77,16.43,3.79,0.0
20230618:0911,135.88,178.41,50.25,16.8,4.14,0.0
20230618:1011,105.37,142.55,53.55,16.74,4.07,0.0
20230618:1111,75.47,107.58,53.94,17.73,3.93,0.0
20230618:1211,95.5,131.79,51.31,18.36,4.21,0.0
20230618:1311,73.27,104.89,46.28,17.73,4.48,0.0
20230618:1411,78.63,111.17,39.71,17.41,4.48,0.0
20230618:1511,92.25,127.31,32.34,17.2,4.14,0.0
20230618:1611,31.24,52.89,24.69,17.1,3.79,0.0
20230618:1711,70.45,102.59,17.17,16.95,3.59,0.0
20230618:1811,14.06,29.77,10.13,16.66,3.24,0.0
20230618:1911,5.92,17.36,3.89,16.01,3.24,0.0
20230618:2011,0.0,0.0,0.0,15.69,2.76,0.0
20230618:2111,0.0,0.0,0.0,15.39,2.48,0.0
20230618:2211,0.0,0.0,0.0,15.24,2.21,0.0
20230618:2311,0.0,0.0,0.0,15.05,2.14,0.0
20230619:0011,0.0,0.0,0.0,14.97,2.07,0.0
20230619:0111,0.0,0.0,0.0,14.88,1.93,0.0
20230619:0211,0.0,0.83,2.51,14.7,1.66,0.0
20230619:0311,0.68,7.44,8.5,14.64,1.72,0.0
20230619:0411,4.48,14.88,15.36,14.84,2.07,0.0
20230619:0511,17.26,34.07,22.79,15.21,2.48,0.0
20230619:0611,106.21,143.45,30.44,15.96,2.41,0.0
20230619:0711,118.8,158.68,37.93,16.4,2.07,0.0
20230619:0811,292.6,365.86,44.76,17.16,1.93,0.0
20230619:0911,467.43,582.36,50.26,17.61,2.21,0.0
20230619:1011,272.3,342.58,53.56,18.18,2.55,0.0
20230619:1111,108.04,147.03,53.96,18.3,2.48,0.0
20230619:1211,155.2,203.51,51.34,18.73,2.48,0.0
20230619:1311,193.56,249.42,46.32,18.94,2.34,0.0
20230619:1411,103.83,142.55,39.75,19.02,2.14,0.0
20230619:1511,204.87,264.04,32.38,18.97,1.93,0.0
20230619:1611,164.54,226.25,24.73,18.89,1.72,0.0
20230619:1711,36.55,60.07,17.21,18.36,1.72,0.0
20230619:1811,16.3,33.07,10.17,17.71,1.52,0.0
20230619:1911,0.0,2.48,3.93,17.09,1.45,0.0
20230619:2011,0.0,0.0,0.0,16.36,1.31,0.0
20230619:2111,0.0,0.0,0.0,15.82,1.1,0.0
20230619:2211,0.0,0.0,0.0,15.28,0.83,0.0
20230619:2311,0.0,0.0,0.0,14.77,0.76,0.0
20230620:0011,0.0,0.0,0.0,14.22,0.97,0.0
20230620:0111,0.0,0.0,0.0,14.35,1.31,0.0
20230620:0211,0.0,1.65,2.5,14.12,1.24,0.0
20230620:0311,0.68,7.44,8.48,14.25,1.1,0.0
20230620:0411,17.73,34.73,15.35,14.95,0.69,0.0
20230620:0511,123.23,169.09,22.77,16.17,0.69,0.0
20230620:0611,194.23,251.44,30.42,17.34,0.83,0.0
20230620:0711,360.75,460.23,37.92,18.69,0.14,0.0
20230620:0811,568.78,741.07,44.75,20.14,0.48,0.0
20230620:0911,598.51,781.33,50.25,20.86,0.97,0.0
20230620:1011,578.04,749.69,53.57,21.45,1.45,0.0
20230620:1111,478.77,613.49,53.98,22.12,1.86,0.0
20230620:1211,502.1,642.36,51.36,22.38,2.21,0.0
20230620:1311,509.98,648.42,46.35,22.25,2.62,0.0
20230620:1411,514.68,650.68,39.79,21.93,2.9,0.0
20230620:1511,355.16,454.83,32.42,21.5,2.83,0.0
20230620:1611,176.39,254.49,24.77,20.96,2.62,0.0
20230620:1711,44.14,82.61,17.25,20.27,2.48,0.0
20230620:1811,30.83,52.92,10.21,19.44,2.07,0.0
20230620:1911,5.32,16.54,3.96,18.77,2.0,0.0
20230620:2011,0.0,0.0,0.0,17.61,1.86,0.0
20230620:2111,0.0,0.0,0.0,16.78,1.79,0.0
20230620:2211,0.0,0.0,0.0,16.1,1.86,0.0
20230620:2311,0.0,0.0,0.0,15.71,1.86,0.0
20230621:0011,0.0,0.0,0.0,15.51,1.79,0.0
20230621:0111,0.0,0.0,0.0,15.35,1.93,0.0
20230621:0211,0.0,1.65,2.48,15.18,2.0,0.0
20230621:0311,0.67,7.44,8.46,15.25,1.72,0.0
20230621:0411,61.31,90.13,15.33,16.0,1.31,0.0
20230621:0511,136.82,203.98,22.75,17.43,1.38,0.0
20230621:0611,308.83,398.8,30.4,18.77,1.72,0.0
20230621:0711,482.35,605.66,37.89,19.93,2.55,0.0
20230621:0811,614.63,779.22,44.73,20.83,2.83,0.0
20230621:0911,711.32,914.14,50.24,21.52,3.1,0.0
20230621:1011,761.7,987.99,53.57,21.98,3.24,0.0
20230621:1111,767.13,991.2,53.98,21.78,3.52,0.0
20230621:1211,722.07,922.04,51.38,21.65,3.86,0.0
20230621:1311,645.95,813.91,46.37,21.3,4.0,0.0
20230621:1411,493.27,615.47,39.82,20.84,3.86,0.0
20230621:1511,259.81,330.72,32.45,20.29,3.79,0.0
20230621:1611,130.62,177.05,24.8,19.64,3.45,0.0
20230621:1711,55.6,84.29,17.28,19.21,3.03,0.0
20230621:1811,23.46,43.0,10.23,18.63,3.24,0.0
20230621:1911,0.0,2.48,3.99,18.24,2.41,0.0
20230621:2011,0.0,0.0,0.0,17.56,2.83,0.0
20230621:2111,0.0,0.0,0.0,17.21,2.97,0.0
20230621:2211,0.0,0.0,0.0,17.04,3.38,0.0
20230621:2311,0.0,0.0,0.0,16.83,3.31,0.0
20230622:0011,0.0,0.0,0.0,16.65,3.24,0.0
20230622:0111,0.0,0.0,0.0,16.53,3.17,0.0
20230622:0211,0.0,1.65,2.46,16.57,3.24,0.0
20230622:0311,0.66,7.44,8.44,16.71,3.45,0.0
20230622:0411,51.77,78.55,15.3,16.76,3.66,0.0
20230622:0511,95.33,131.73,22.72,16.87,3.79,0.0
20230622:0611,125.64,166.82,30.37,17.17,4.0,0.0
20230622:0711,405.85,497.9,37.87,18.41,5.38,0.0
20230622:0811,405.52,500.32,44.71,19.82,5.45,0.0
20230622:0911,610.59,762.48,50.22,21.0,5.03,0.0
20230622:1011,754.28,964.84,53.56,22.49,4.62,0.0
20230622:1111,782.58,1011.68,53.99,23.75,4.55,0.0
20230622:1211,743.94,960.29,51.4,24.57,4.55,0.0
20230622:1311,647.15,826.75,46.39,25.08,4.69,0.0
20230622:1411,489.57,621.43,39.84,25.36,4.69,0.0
20230622:1511,360.05,465.47,32.47,25.49,4.76,0.0
20230622:1611,177.5,260.65,24.82,25.3,4.62,0.0
20230622:1711,39.9,80.07,17.3,24.74,4.28,0.0
20230622:1811,25.9,47.13,10.26,23.55,4.28,0.0
20230622:1911,6.19,18.19,4.0,22.12,4.34,0.0
20230622:2011,0.0,0.0,0.0,20.89,4.34,0.0
20230622:2111,0.0,0.0,0.0,19.88,4.14,0.0
20230622:2211,0.0,0.0,0.0,19.08,3.93,0.0
20230622:2311,0.0,0.0,0.0,18.43,3.59,0.0
20230623:0011,0.0,0.0,0.0,17.79,3.38,0.0
20230623:0111,0.0,0.0,0.0,17.31,3.24,0.0
20230623:0211,0.0,1.65,2.44,16.83,3.17,0.0
20230623:0311,20.01,38.04,8.41,16.64,3.03,0.0
20230623:0411,47.61,73.59,15.27,17.12,2.62,0.0
20230623:0511,135.74,207.96,22.69,18.05,2.48,0.0
20230623:0611,316.46,408.72,30.34,19.16,2.14,0.0
20230623:0711,495.09,629.91,37.83,20.76,1.79,0.0
20230623:0811,614.89,792.21,44.68,22.14,2.14,0.0
20230623:0911,507.51,652.42,50.2,23.07,2.14,0.0
20230623:1011,723.28,966.48,53.54,23.87,1.79,0.0
20230623:1111,702.31,941.02,53.98,24.43,1.66,0.0
20230623:1211,685.63,919.89,51.4,24.52,1.38,0.0
20230623:1311,610.17,819.33,46.41,24.36,0.55,0.0
20230623:1411,277.54,358.13,39.86,23.82,2.21,0.0
20230623:1511,299.08,380.31,32.49,21.54,4.48,0.0
20230623:1611,184.59,264.11,24.84,19.98,4.97,0.0
20230623:1711,41.04,80.55,17.32,19.13,4.41,0.0
20230623:1811,24.69,44.65,10.27,18.71,3.24,0.0
20230623:1911,0.0,3.31,4.02,18.21,2.41,0.0
20230623:2011,0.0,0.0,0.0,17.58,1.79,0.0
20230623:2111,0.0,0.0,0.0,17.0,1.24,0.0
20230623:2211,0.0,0.0,0.0,16.53,0.62,0.0
20230623:2311,0.0,0.0,0.0,16.84,0.28,0.0
20230624:0011,0.0,0.0,0.0,16.62,0.07,0.0
20230624:0111,0.0,0.0,0.0,14.61,0.97,0.0
20230624:0211,0.0,1.65,2.4,15.0,1.86,0.0
20230624:0311,1.41,9.1,8.37,15.16,2.14,0.0
20230624:0411,45.22,70.28,15.23,15.75,1.86,0.0
20230624:0511,135.91,205.67,22.65,16.64,1.79,0.0
20230624:0611,312.31,401.75,30.3,17.57,1.52,0.0
20230624:0711,455.47,574.22,37.79,18.47,1.38,0.0
20230624:0811,515.3,656.46,44.64,19.79,1.38,0.0
20230624:0911,687.94,904.3,50.17,20.99,1.38,0.0
20230624:1011,736.82,991.09,53.52,21.94,1.1,0.0
20230624:1111,718.69,965.47,53.97,22.55,1.17,0.0
20230624:1211,666.06,880.78,51.4,22.99,1.52,0.0
20230624:1311,565.76,732.33,46.41,23.04,1.86,0.0
20230624:1411,378.27,483.78,39.87,23.14,2.0,0.0
20230624:1511,330.35,427.72,32.51,23.31,2.28,0.0
20230624:1611,162.93,226.17,24.86,23.11,2.28,0.0
20230624:1711,54.18,94.48,17.33,21.89,2.41,0.0
20230624:1811,28.01,49.61,10.28,21.52,2.41,0.0
20230624:1911,6.74,19.02,4.02,20.61,1.59,0.0
20230624:2011,0.0,0.0,0.0,19.19,1.03,0.0
20230624:2111,0.0,0.0,0.0,18.63,1.03,0.0
20230624:2211,0.0,0.0,0.0,18.06,1.03,0.0
20230624:2311,0.0,0.0,0.0,18.03,0.9,0.0
20230625:0011,0.0,0.0,0.0,16.86,0.97,0.0
20230625:0111,0.0,0.0,0.0,15.81,1.24,0.0
20230625:0211,0.0,1.65,2.36,15.11,1.38,0.0
20230625:0311,0.67,7.44,8.33,15.41,1.45,0.0
20230625:0411,40.98,65.32,15.18,16.78,1.17,0.0
20230625:0511,132.07,207.37,22.6,18.26,1.31,0.0
20230625:0611,321.14,418.21,30.25,19.69,1.52,0.0
20230625:0711,495.8,629.77,37.75,20.71,1.93,0.0
20230625:0811,622.42,807.19,44.6,21.59,1.59,0.0
20230625:0911,709.65,948.12,50.13,22.36,1.17,0.0
20230625:1011,756.87,1031.41,53.49,23.07,1.03,0.0
20230625:1111,749.95,1017.19,53.95,23.42,1.24,0.0
20230625:1211,649.68,848.59,51.39,23.44,2.28,0.0
20230625:1311,675.58,867.95,46.41,22.67,3.17,0.0
20230625:1411,539.33,679.14,39.88,21.71,3.45,0.0
20230625:1511,377.41,480.27,32.51,20.86,3.31,0.0
20230625:1611,186.2,268.11,24.86,20.12,2.76,0.0
20230625:1711,35.42,75.74,17.34,19.47,2.07,0.0
20230625:1811,22.78,42.17,10.29,18.97,1.66,0.0
20230625:1911,6.34,18.19,4.02,18.09,1.45,0.0
20230625:2011,0.0,0.0,0.0,17.16,1.31,0.0
20230625:2111,0.0,0.0,0.0,16.6,1.24,0.0
20230625:2211,0.0,0.0,0.0,15.83,1.1,0.0
20230625:2311,0.0,0.0,0.0,15.65,0.83,0.0
20230626:0011,0.0,0.0,0.0,15.87,0.69,0.0
20230626:0111,0.0,0.0,0.0,16.07,0.69,0.0
20230626:0211,1.4,9.1,2.32,15.97,0.69,0.0
20230626:0311,18.92,36.38,8.28,15.22,0.9,0.0
20230626:0411,35.28,57.88,15.13,15.62,0.69,0.0
20230626:0511,130.55,208.83,22.55,17.52,0.55,0.0
20230626:0611,321.72,420.16,30.2,18.7,0.69,0.0
20230626:0711,498.4,629.81,37.7,19.36,1.79,0.0
20230626:0811,629.19,803.82,44.55,20.05,2.07,0.0
20230626:0911,699.51,904.76,50.09,20.66,2.28,0.0
20230626:1011,713.5,924.13,53.46,21.07,2.62,0.0
20230626:1111,780.68,1013.76,53.93,21.2,3.1,0.0
20230626:1211,756.72,974.77,51.38,20.98,3.24,0.0
20230626:1311,677.79,859.89,46.41,20.73,3.38,0.0
20230626:1411,546.89,685.35,39.88,20.32,3.24,0.0
20230626:1511,379.22,481.64,32.51,20.06,2.97,0.0
20230626:1611,185.82,267.15,24.87,19.82,2.76,0.0
20230626:1711,34.96,75.59,17.34,19.35,2.83,0.0
20230626:1811,22.84,42.17,10.28,18.65,2.97,0.0
20230626:1911,6.36,18.19,4.02,17.57,3.03,0.0
20230626:2011,0.0,0.0,0.0,16.86,3.1,0.0
20230626:2111,0.0,0.0,0.0,16.46,2.97,0.0
20230626:2211,0.0,0.0,0.0,16.23,2.83,0.0
20230626:2311,0.0,0.0,0.0,16.08,2.69,0.0
20230627:0011,0.0,0.0,0.0,16.05,2.76,0.0
20230627:0111,0.0,0.0,0.0,16.02,2.83,0.0
20230627:0211,1.4,9.1,2.27,16.04,2.76,0.0
20230627:0311,21.89,40.52,8.23,16.3,2.69,0.0
20230627:0411,53.02,80.2,15.08,16.97,2.76,0.0
20230627:0511,136.55,201.4,22.5,17.68,3.1,0.0
20230627:0611,306.06,391.22,30.15,18.4,3.31,0.0
20230627:0711,410.01,508.12,37.65,19.0,3.79,0.0
20230627:0811,478.41,593.68,44.5,19.5,3.79,0.0
20230627:0911,562.3,702.89,50.04,20.02,3.86,0.0
20230627:1011,571.02,716.52,53.41,20.29,3.79,0.0
20230627:1111,574.77,722.64,53.89,20.48,3.72,0.0
20230627:1211,646.58,818.53,51.36,20.51,3.52,0.0
20230627:1311,659.79,833.75,46.4,20.48,3.45,0.0
20230627:1411,524.17,656.08,39.87,20.55,3.38,0.0
20230627:1511,377.55,478.68,32.51,20.33,3.45,0.0
20230627:1611,185.67,266.24,24.86,19.95,3.24,0.0
20230627:1711,35.15,75.98,17.34,19.51,2.83,0.0
20230627:1811,23.41,43.0,10.27,18.95,2.41,0.0
20230627:1911,6.33,18.19,4.0,18.4,1.86,0.0
20230627:2011,0.0,0.0,0.0,17.64,1.72,0.0
20230627:2111,0.0,0.0,0.0,17.29,1.79,0.0
20230627:2211,0.0,0.0,0.0,17.0,2.0,0.0
20230627:2311,0.0,0.0,0.0,16.81,2.21,0.0
20230628:0011,0.0,0.0,0.0,16.57,2.34,0.0
20230628:0111,0.0,0.0,0.0,16.35,2.48,0.0
20230628:0211,1.4,9.1,2.21,16.0,2.62,0.0
20230628:0311,18.87,36.38,8.17,15.87,2.48,0.0
20230628:0411,38.45,62.01,15.02,16.52,2.21,0.0
20230628:0511,128.91,203.86,22.43,17.72,2.21,0.0
20230628:0611,317.1,410.17,30.09,19.01,2.14,0.0
20230628:0711,463.41,584.29,37.58,20.68,2.48,0.0
20230628:0811,556.89,708.24,44.44,21.17,2.34,0.0
20230628:0911,507.39,649.82,49.98,21.95,1.93,0.0
20230628:1011,459.79,591.08,53.36,22.24,1.52,0.0
20230628:1111,194.29,256.12,53.86,22.78,1.17,0.0
20230628:1211,547.81,719.94,51.33,23.08,0.9,0.0
20230628:1311,369.16,478.32,46.38,23.46,0.83,0.0
20230628:1411,268.86,348.47,39.86,23.29,1.24,0.0
20230628:1511,219.35,288.07,32.5,23.48,1.52,0.0
20230628:1611,179.76,260.42,24.85,23.3,1.79,0.0
20230628:1711,74.54,113.08,17.32,22.73,2.07,0.0
20230628:1811,16.5,33.9,10.26,22.03,2.21,0.0
20230628:1911,3.4,13.23,3.98,20.74,2.41,0.0
20230628:2011,0.0,0.0,0.0,19.76,2.41,0.0
20230628:2111,0.0,0.0,0.0,19.22,2.41,0.0
20230628:2211,0.0,0.0,0.0,18.78,2.34,0.0
20230628:2311,0.0,0.0,0.0,18.52,2.28,0.0
20230629:0011,0.0,0.0,0.0,18.43,2.34,0.0
20230629:0111,0.0,0.0,0.0,18.37,2.34,0.0
20230629:0211,1.0,8.27,2.15,18.25,2.41,0.0
20230629:0311,0.32,6.61,8.1,18.23,2.28,0.0
20230629:0411,4.37,14.88,14.95,18.65,1.86,0.0
20230629:0511,132.0,193.28,22.37,19.87,1.86,0.0
20230629:0611,220.7,287.78,30.02,21.02,2.07,0.0
20230629:0711,461.96,586.06,37.52,20.96,1.93,0.0
20230629:0811,526.2,677.65,44.37,22.2,1.52,0.0
20230629:0911,484.59,635.28,49.92,23.87,0.76,0.0
20230629:1011,516.45,688.41,53.31,24.79,0.41,0.0
20230629:1111,682.8,931.19,53.81,25.34,0.9,0.0
20230629:1211,177.92,238.52,51.29,25.41,1.45,0.0
20230629:1311,348.96,452.7,46.35,25.44,1.72,0.0
20230629:1411,75.97,112.07,39.84,25.5,1.93,0.0
20230629:1511,195.83,260.56,32.48,25.51,2.07,0.0
20230629:1611,133.84,186.02,24.84,24.52,2.21,0.0
20230629:1711,43.95,85.32,17.31,23.91,2.07,0.0
20230629:1811,27.11,48.78,10.24,23.42,1.93,0.0
20230629:1911,6.18,18.19,3.96,22.3,2.0,0.0
20230629:2011,0.0,0.0,0.0,21.61,2.41,0.0
20230629:2111,0.0,0.0,0.0,21.07,2.76,0.0
20230629:2211,0.0,0.0,0.0,20.66,2.62,0.0
20230629:2311,0.0,0.0,0.0,20.12,2.41,0.0
20230630:0011,0.0,0.0,0.0,19.55,2.34,0.0
20230630:0111,0.0,0.0,0.0,19.1,2.21,0.0
20230630:0211,0.99,8.27,2.08,18.73,2.07,0.0
20230630:0311,0.32,6.61,8.03,18.48,1.86,0.0
20230630:0411,4.36,14.88,14.88,18.91,1.31,0.0
20230630:0511,61.82,92.34,22.3,20.16,1.03,0.0
20230630:0611,175.56,232.95,29.95,21.29,0.76,0.0
20230630:0711,287.33,368.15,37.45,21.76,1.59,0.0
20230630:0811,302.09,384.09,44.3,21.99,2.76,0.0
20230630:0911,351.2,444.51,49.85,22.17,3.17,0.0
20230630:1011,371.12,469.0,53.25,22.27,3.52,0.0
20230630:1111,0.0,0.0,0.0,22.19,3.79,0.0
20230630:1211,393.51,493.13,51.25,21.04,3.72,0.0
20230630:1311,219.82,281.29,46.32,20.33,3.66,0.0
20230630:1411,58.43,87.86,39.81,20.03,3.31,0.0
20230630:1511,79.84,113.86,32.46,19.68,3.03,0.0
20230630:1611,46.35,72.62,24.81,19.28,3.1,0.0
20230630:1711,14.99,31.38,17.28,19.16,2.76,0.0
20230630:1811,28.99,50.44,10.21,19.13,2.41,0.0
20230630:1911,0.0,3.31,3.93,17.88,2.48,0.0
20230630:2011,0.0,0.0,0.0,17.6,2.34,0.0
20230630:2111,0.0,0.0,0.0,17.28,2.55,0.0
20230630:2211,0.0,0.0,0.0,16.85,2.9,0.0
20230630:2311,0.0,0.0,0.0,16.42,3.24,0.0
20230701:0011,0.0,0.0,0.0,15.89,3.72,0.0
20230701:0111,0.0,0.0,0.0,15.49,4.14,0.0
20230701:0211,0.67,7.44,2.0,15.2,4.28,0.0
20230701:0311,13.61,28.94,7.96,15.03,4.34,0.0
20230701:0411,58.34,85.99,14.8,15.24,4.28,0.0
20230701:0511,136.99,196.33,22.22,15.77,4.97,0.0
20230701:0611,287.62,363.04,29.87,16.9,4.62,0.0
20230701:0711,492.93,601.98,37.37,17.94,5.45,0.0
20230701:0811,638.2,787.33,44.23,19.14,5.17,0.0
20230701:0911,734.05,921.98,49.78,20.52,5.03,0.0
20230701:1011,760.74,965.5,53.18,21.47,4.97,0.0
20230701:1111,766.89,976.06,53.7,21.95,5.03,0.0
20230701:1211,724.65,917.28,51.2,22.28,5.24,0.0
20230701:1311,550.74,688.51,46.28,22.41,5.31,0.0
20230701:1411,406.11,507.26,39.78,22.34,5.31,0.0
20230701:1511,257.56,329.19,32.43,22.23,5.38,0.0
20230701:1611,182.7,256.47,24.79,21.83,5.17,0.0
20230701:1711,44.47,85.93,17.25,21.08,4.76,0.0
20230701:1811,28.85,50.44,10.18,20.34,4.55,0.0
20230701:1911,5.8,17.36,3.89,19.12,4.14,0.0
20230701:2011,0.0,0.0,0.0,18.59,3.59,0.0
20230701:2111,0.0,0.0,0.0,17.97,3.45,0.0
20230701:2211,0.0,0.0,0.0,17.5,3.45,0.0
20230701:2311,0.0,0.0,0.0,17.16,2.9,0.0
20230702:0011,0.0,0.0,0.0,16.85,2.34,0.0
20230702:0111,0.0,0.0,0.0,16.59,2.07,0.0
20230702:0211,0.66,7.44,1.92,16.4,1.72,0.0
20230702:0311,0.33,6.61,7.87,16.37,1.72,0.0
20230702:0411,4.43,14.88,14.72,16.5,1.79,0.0
20230702:0511,13.91,29.59,22.14,16.94,1.72,0.0
20230702:0611,39.55,63.65,29.79,17.38,1.45,0.0
20230702:0711,71.72,103.1,37.29,16.94,1.17,0.0
20230702:0811,40.3,64.55,44.15,17.25,1.59,0.0
20230702:0911,40.26,64.55,49.7,17.55,2.0,0.0
20230702:1011,186.14,238.97,53.1,17.02,2.0,0.0
20230702:1111,235.55,296.63,53.63,16.53,2.34,0.0
20230702:1211,83.73,117.44,51.15,17.27,2.55,0.0
20230702:1311,82.75,116.55,46.24,18.04,3.17,0.0
20230702:1411,67.21,97.72,39.74,18.0,4.21,0.0
20230702:1511,34.15,56.48,32.4,16.5,4.21,0.0
20230702:1611,161.68,214.87,24.75,16.39,4.48,0.0
20230702:1711,75.39,109.27,17.22,16.35,4.48,0.0
20230702:1811,23.14,42.17,10.14,16.31,4.21,0.0
20230702:1911,5.43,16.54,3.84,15.53,3.66,0.0
20230702:2011,0.0,0.0,0.0,15.37,3.59,0.0
20230702:2111,0.0,0.0,0.0,14.93,4.07,0.0
20230702:2211,0.0,0.0,0.0,14.58,4.48,0.0
20230702:2311,0.0,0.0,0.0,14.33,4.76,0.0
20230703:0011,0.0,0.0,0.0,14.07,4.62,0.0
20230703:0111,0.0,0.0,0.0,13.87,4.48,0.0
20230703:0211,0.35,6.61,1.83,13.61,4.34,0.0
20230703:0311,19.75,37.21,7.79,13.5,4.41,0.0
20230703:0411,4.52,14.88,14.63,13.51,4.48,0.0
20230703:0511,11.66,26.0,22.05,13.87,4.76,0.0
20230703:0611,65.41,94.14,29.7,14.49,4.9,0.0
20230703:0711,88.99,121.93,37.2,14.75,6.48,0.0
20230703:0811,133.77,173.93,44.06,14.96,7.1,0.0
20230703:0911,262.92,322.43,49.61,15.12,7.17,0.0
20230703:1011,153.38,197.24,53.02,15.75,6.97,0.0
20230703:1111,452.1,547.11,53.56,16.8,7.03,0.0
20230703:1211,218.5,274.22,51.09,17.23,6.76,0.0
20230703:1311,300.08,370.02,46.19,18.0,6.69,0.0
20230703:1411,281.66,345.17,39.7,16.46,7.72,0.0
20230703:1511,313.75,383.95,32.36,15.78,8.14,0.0
20230703:1611,51.85,78.0,24.71,15.22,7.03,0.0
20230703:1711,30.13,51.1,17.18,15.55,7.17,0.0
20230703:1811,5.94,17.36,10.09,15.6,6.9,0.0
20230703:1911,4.96,15.71,3.79,15.08,6.28,0.0
20230703:2011,0.0,0.0,0.0,15.04,5.86,0.0
20230703:2111,0.0,0.0,0.0,14.9,5.93,0.0
20230703:2211,0.0,0.0,0.0,14.59,6.21,0.0
20230703:2311,0.0,0.0,0.0,14.24,6.41,0.0
20230704:0011,0.0,0.0,0.0,13.88,6.41,0.0
20230704:0111,0.0,0.0,0.0,13.52,6.41,0.0
20230704:0211,0.04,5.79,1.74,13.37,6.48,0.0
20230704:0311,3.12,12.4,7.69,13.26,6.41,0.0
20230704:0411,51.36,76.9,14.54,13.46,6.28,0.0
20230704:0511,134.31,197.57,21.96,14.06,7.79,0.0
20230704:0611,293.93,365.11,29.61,14.72,7.03,0.0
20230704:0711,390.12,469.91,37.11,14.96,6.41,0.0
20230704:0811,467.4,562.42,43.97,15.59,6.21,0.0
20230704:0911,590.53,715.86,49.52,16.17,5.86,0.0
20230704:1011,563.98,685.46,52.93,16.47,5.72,0.0
20230704:1111,729.08,897.05,53.48,16.6,5.45,0.0
20230704:1211,695.75,856.3,51.02,16.91,5.1,0.0
20230704:1311,645.18,791.55,46.13,17.33,4.97,0.0
20230704:1411,448.72,549.21,39.65,17.88,4.83,0.0
20230704:1511,66.36,96.82,32.31,18.46,4.97,0.0
20230704:1611,95.88,132.67,24.67,18.73,5.24,0.0
20230704:1711,34.26,76.37,17.13,17.89,5.1,0.0
20230704:1811,34.5,57.05,10.04,16.97,3.93,0.0
20230704:1911,5.41,16.54,3.73,16.15,4.69,0.0
20230704:2011,0.0,0.0,0.0,15.62,4.83,0.0
20230704:2111,0.0,0.0,0.0,15.03,4.62,0.0
20230704:2211,0.0,0.0,0.0,14.55,4.55,0.0
20230704:2311,0.0,0.0,0.0,14.23,4.34,0.0
20230705:0011,0.0,0.0,0.0,13.93,4.21,0.0
20230705:0111,0.0,0.0,0.0,13.72,4.21,0.0
20230705:0211,0.04,5.79,1.64,13.81,4.34,0.0
20230705:0311,11.96,26.46,7.6,14.01,4.48,0.0
20230705:0411,7.01,19.02,14.44,14.22,4.07,0.0
20230705:0511,35.2,57.38,21.86,14.59,4.62,0.0
20230705:0611,302.33,379.99,29.51,15.3,4.41,0.0
20230705:0711,0.0,0.0,0.0,16.24,4.21,0.0
20230705:0811,630.32,775.93,43.87,16.94,3.93,0.0
20230705:0911,676.89,843.85,49.42,17.75,3.79,0.0
20230705:1011,594.76,741.6,52.84,18.38,3.59,0.0
20230705:1111,559.5,696.53,53.39,18.97,3.86,0.0
20230705:1211,617.14,769.42,50.94,19.35,4.28,0.0
20230705:1311,505.31,626.27,46.06,19.41,4.07,0.0
20230705:1411,504.55,625.83,39.59,19.64,3.93,0.0
20230705:1511,372.84,468.77,32.26,19.56,4.14,0.0
20230705:1611,165.15,222.75,24.61,18.85,4.14,0.0
20230705:1711,74.96,111.81,17.07,17.85,4.0,0.0
20230705:1811,10.63,24.81,9.98,17.18,3.66,0.0
20230705:1911,0.0,4.96,3.67,16.41,3.59,0.0
20230705:2011,0.0,0.0,0.0,15.47,3.31,0.0
20230705:2111,0.0,0.0,0.0,15.11,2.76,0.0
20230705:2211,0.0,0.0,0.0,15.14,2.41,0.0
20230705:2311,0.0,0.0,0.0,14.76,3.17,0.0
20230706:0011,0.0,0.0,0.0,13.69,3.31,0.0
20230706:0111,0.0,0.0,0.0,12.87,3.72,0.0
20230706:0211,0.0,4.96,1.54,12.68,4.34,0.0
20230706:0311,15.52,31.42,7.49,13.31,5.1,0.0
20230706:0411,10.28,23.98,14.34,13.87,5.24,0.0
20230706:0511,67.15,96.42,21.76,14.65,4.55,0.0
20230706:0611,192.86,245.1,29.41,15.33,3.93,0.0
20230706:0711,428.32,522.83,36.91,16.44,4.28,0.0
20230706:0811,607.35,743.31,43.76,17.08,4.62,0.0
20230706:0911,589.26,721.33,49.31,17.62,5.31,0.0
20230706:1011,625.18,765.73,52.74,17.58,5.72,0.0
20230706:1111,435.47,531.48,53.3,17.64,5.86,0.0
20230706:1211,433.75,529.16,50.86,17.81,6.0,0.0
20230706:1311,569.04,693.61,45.99,17.84,5.86,0.0
20230706:1411,491.68,599.87,39.53,18.04,5.45,0.0
20230706:1511,262.08,328.0,32.2,18.26,6.14,0.0
20230706:1611,166.89,223.88,24.56,17.95,5.31,0.0
20230706:1711,65.55,104.43,17.01,17.75,5.03,0.0
20230706:1811,31.84,53.75,9.92,17.5,4.76,0.0
20230706:1911,3.96,14.06,3.6,16.58,4.69,0.0
20230706:2011,0.0,0.0,0.0,16.16,4.48,0.0
20230706:2111,0.0,0.0,0.0,15.62,4.21,0.0
20230706:2211,0.0,0.0,0.0,15.2,4.0,0.0
20230706:2311,0.0,0.0,0.0,14.89,3.79,0.0
20230707:0011,0.0,0.0,0.0,14.59,3.59,0.0
20230707:0111,0.0,0.0,0.0,14.24,3.72,0.0
20230707:0211,0.0,4.96,1.43,13.94,3.79,0.0
20230707:0311,0.04,5.79,7.38,13.91,3.86,0.0
20230707:0411,4.02,14.06,14.23,14.2,3.79,0.0
20230707:0511,52.66,78.89,21.65,14.55,3.93,0.0
20230707:0611,100.12,135.38,29.3,15.12,4.55,0.0
20230707:0711,82.25,114.76,36.8,15.72,3.79,0.0
20230707:0811,304.1,375.22,43.65,16.26,3.45,0.0
20230707:0911,172.28,221.01,49.21,16.5,3.59,0.0
20230707:1011,334.19,413.26,52.63,17.45,3.86,0.0
20230707:1111,424.34,524.99,53.2,18.51,3.86,0.0
20230707:1211,356.83,444.06,50.77,19.3,3.86,0.0
20230707:1311,195.22,251.4,45.92,19.97,3.93,0.0
20230707:1411,377.9,470.34,39.46,19.79,3.66,0.0
20230707:1511,118.26,159.81,32.13,19.51,3.24,0.0
20230707:1611,51.3,78.89,24.49,19.51,2.69,0.0
20230707:1711,41.69,66.34,16.95,17.61,2.62,0.0
20230707:1811,27.49,47.96,9.85,16.49,2.69,0.0
20230707:1911,5.42,16.54,3.52,15.8,3.1,0.0
20230707:2011,0.0,0.0,0.0,15.38,3.24,0.0
20230707:2111,0.0,0.0,0.0,14.97,2.9,0.0
20230707:2211,0.0,0.0,0.0,14.69,2.48,0.0
20230707:2311,0.0,0.0,0.0,14.42,2.41,0.0
20230708:0011,0.0,0.0,0.0,14.21,2.41,0.0
20230708:0111,0.0,0.0,0.0,13.97,2.34,0.0
20230708:0211,0.0,0.0,0.0,13.81,2.28,0.0
20230708:0311,0.04,5.79,7.27,13.79,2.14,0.0
20230708:0411,38.87,62.01,14.12,14.3,1.86,0.0
20230708:0511,127.33,190.9,21.54,15.27,1.93,0.0
20230708:0611,299.83,383.59,29.19,16.41,2.07,0.0
20230708:0711,477.45,593.7,36.69,17.76,2.48,0.0
20230708:0811,569.98,716.32,43.54,19.01,2.48,0.0
20230708:0911,641.54,820.79,49.09,20.02,2.28,0.0
20230708:1011,575.57,737.64,52.51,20.74,2.0,0.0
20230708:1111,560.36,726.37,53.09,21.11,1.24,0.0
20230708:1211,223.15,291.66,50.68,21.56,0.28,0.0
20230708:1311,149.16,200.34,45.83,21.72,0.41,0.0
20230708:1411,41.37,67.24,39.38,22.09,0.97,0.0
20230708:1511,346.26,449.11,32.06,22.1,1.17,0.0
20230708:1611,152.58,209.15,24.42,21.09,1.31,0.0
20230708:1711,67.51,106.87,16.87,20.13,1.03,0.0
20230708:1811,28.97,50.44,9.77,19.04,1.24,0.0
20230708:1911,2.16,10.75,3.44,18.58,1.1,0.0
20230708:2011,0.0,0.0,0.0,17.85,1.17,0.0
20230708:2111,0.0,0.0,0.0,16.74,1.17,0.0
20230708:2211,0.0,0.0,0.0,15.75,1.17,0.0
20230708:2311,0.0,0.0,0.0,15.18,1.38,0.0
20230709:0011,0.0,0.0,0.0,14.76,1.45,0.0
20230709:0111,0.0,0.0,0.0,14.8,1.59,0.0
20230709:0211,0.0,0.0,0.0,14.76,1.79,0.0
20230709:0311,19.59,37.21,7.15,14.71,1.66,0.0
20230709:0411,38.08,61.19,14.0,14.91,1.66,0.0
20230709:0511,120.51,191.31,21.42,15.8,1.52,0.0
20230709:0611,308.98,398.48,29.07,16.97,1.59,0.0
20230709:0711,480.43,605.75,36.57,18.51,1.52,0.0
20230709:0811,618.99,788.63,43.42,19.44,1.93,0.0
20230709:0911,713.63,927.18,48.97,20.11,1.93,0.0
20230709:1011,726.24,948.85,52.4,20.56,2.0,0.0
20230709:1111,221.31,285.82,52.98,20.82,1.86,0.0
20230709:1211,188.63,246.24,50.58,20.89,1.86,0.0
20230709:1311,214.67,277.56,45.74,20.72,1.72,0.0
20230709:1411,506.72,644.17,39.3,20.63,1.72,0.0
20230709:1511,351.39,449.13,31.99,20.28,1.86,0.0
20230709:1611,183.88,259.11,24.34,19.44,2.0,0.0
20230709:1711,39.73,80.92,16.79,18.65,1.93,0.0
20230709:1811,24.15,43.82,9.69,17.87,1.59,0.0
20230709:1911,3.95,14.06,3.35,16.94,1.38,0.0
20230709:2011,0.0,0.0,0.0,16.0,1.38,0.0
20230709:2111,0.0,0.0,0.0,15.38,1.1,0.0
20230709:2211,0.0,0.0,0.0,14.93,1.24,0.0
20230709:2311,0.0,0.0,0.0,14.6,1.31,0.0
20230710:0011,0.0,0.0,0.0,13.89,0.97,0.0
20230710:0111,0.0,0.0,0.0,14.65,0.41,0.0
20230710:0211,0.0,0.0,0.0,14.1,0.69,0.0
20230710:0311,20.36,38.04,7.03,13.19,1.1,0.0
20230710:0411,36.85,59.53,13.88,14.29,1.03,0.0
20230710:0511,121.06,193.98,21.3,15.9,1.17,0.0
20230710:0611,313.47,404.09,28.95,16.99,1.72,0.0
20230710:0711,492.62,615.47,36.45,17.94,2.21,0.0
20230710:0811,628.75,792.0,43.3,18.58,2.55,0.0
20230710:0911,731.91,934.95,48.84,19.09,2.83,0.0
20230710:1011,792.23,1021.89,52.27,19.49,3.03,0.0
20230710:1111,797.98,1028.92,52.86,19.77,3.24,0.0
20230710:1211,759.95,973.84,50.47,19.87,3.24,0.0
20230710:1311,677.36,856.9,45.64,19.82,3.24,0.0
20230710:1411,550.2,687.79,39.21,19.65,3.17,0.0
20230710:1511,382.51,482.52,31.9,19.23,3.17,0.0
20230710:1611,190.82,269.78,24.26,18.66,3.1,0.0
20230710:1711,39.14,80.34,16.71,17.94,2.97,0.0
20230710:1811,23.03,42.17,9.6,17.09,2.83,0.0
20230710:1911,3.97,14.06,3.25,16.2,2.69,0.0
20230710:2011,0.0,0.0,0.0,15.34,2.76,0.0
20230710:2111,0.0,0.0,0.0,14.91,2.76,0.0
20230710:2211,0.0,0.0,0.0,14.74,2.83,0.0
20230710:2311,0.0,0.0,0.0,14.69,2.76,0.0
20230711:0011,0.0,0.0,0.0,14.72,2.69,0.0
20230711:0111,0.0,0.0,0.0,14.69,2.69,0.0
20230711:0211,0.0,0.0,0.0,14.67,2.76,0.0
20230711:0311,15.98,32.25,6.9,14.78,2.76,0.0
20230711:0411,34.74,57.05,13.75,15.43,2.55,0.0
20230711:0511,119.88,189.7,21.18,16.3,3.1,0.0
20230711:0611,288.08,367.33,28.83,17.04,3.17,0.0
20230711:0711,487.27,601.21,36.32,17.7,3.52,0.0
20230711:0811,629.87,782.27,43.17,18.17,3.66,0.0
20230711:0911,733.84,924.68,48.71,18.81,3.79,0.0
20230711:1011,797.6,1015.88,52.14,19.17,3.86,0.0
20230711:1111,797.95,1017.12,52.73,19.4,3.93,0.0
20230711:1211,756.64,957.87,50.35,19.46,4.0,0.0
20230711:1311,657.24,820.86,45.54,19.36,4.07,0.0
20230711:1411,546.67,676.47,39.12,19.24,4.14,0.0
20230711:1511,377.17,472.37,31.81,18.9,4.21,0.0
20230711:1611,188.96,264.67,24.17,18.43,4.21,0.0
20230711:1711,41.79,82.68,16.62,17.9,3.86,0.0
20230711:1811,22.4,41.34,9.5,17.22,3.52,0.0
20230711:1911,3.96,14.06,3.15,16.42,3.1,0.0
20230711:2011,0.0,0.0,0.0,15.88,3.17,0.0
20230711:2111,0.0,0.0,0.0,15.7,3.38,0.0
20230711:2211,0.0,0.0,0.0,15.68,3.52,0.0
20230711:2311,0.0,0.0,0.0,15.6,3.52,0.0
20230712:0011,0.0,0.0,0.0,15.58,3.66,0.0
20230712:0111,0.0,0.0,0.0,15.53,3.66,0.0
20230712:0211,0.0,0.0,0.0,15.49,3.45,0.0
20230712:0311,16.52,33.07,6.77,15.39,3.31,0.0
20230712:0411,52.74,79.38,13.62,15.59,3.31,0.0
20230712:0511,122.84,184.43,21.05,15.96,3.52,0.0
20230712:0611,83.52,116.55,28.7,16.28,3.66,0.0
20230712:0711,275.58,341.87,36.19,17.03,4.21,0.0
20230712:0811,577.16,707.52,43.03,17.92,4.76,0.0
20230712:0911,674.56,835.57,48.57,18.97,5.17,0.0
20230712:1011,647.38,802.06,52.0,19.35,5.45,0.0
20230712:1111,623.79,772.53,52.6,19.58,5.52,0.0
20230712:1211,447.11,550.29,50.23,19.4,5.52,0.0
20230712:1311,193.4,247.47,45.43,19.15,5.66,0.0
20230712:1411,178.18,228.99,39.02,18.68,5.66,0.0
20230712:1511,96.4,132.69,31.72,18.42,5.72,0.0
20230712:1611,67.25,97.72,24.08,18.07,5.31,0.0
20230712:1711,36.73,60.07,16.52,17.93,5.17,0.0
20230712:1811,5.38,16.54,9.4,17.13,5.45,0.0
20230712:1911,0.0,1.65,3.04,16.23,5.03,0.0
20230712:2011,0.0,0.0,0.0,15.91,4.9,0.0
20230712:2111,0.0,0.0,0.0,15.75,4.9,0.0
20230712:2211,0.0,0.0,0.0,15.68,4.76,0.0
20230712:2311,0.0,0.0,0.0,15.21,3.66,0.0
20230713:0011,0.0,0.0,0.0,15.29,2.41,0.0
20230713:0111,0.0,0.0,0.0,15.27,2.83,0.0
20230713:0211,0.0,0.0,0.0,15.06,3.31,0.0
20230713:0311,0.04,5.79,6.63,14.82,3.31,0.0
20230713:0411,47.51,72.76,13.49,14.83,3.1,0.0
20230713:0511,108.08,148.61,20.91,15.21,3.86,0.0
20230713:0611,276.13,348.64,28.57,15.72,4.07,0.0
20230713:0711,455.91,560.63,36.06,16.91,3.38,0.0
20230713:0811,598.69,742.38,42.9,18.15,3.59,0.0
20230713:0911,493.79,611.64,48.43,18.99,3.93,0.0
20230713:1011,597.79,746.08,51.86,19.48,4.14,0.0
20230713:1111,542.28,673.96,52.46,19.75,4.48,0.0
20230713:1211,403.45,500.77,50.1,20.05,4.62,0.0
20230713:1311,338.59,422.28,45.31,20.4,4.62,0.0
20230713:1411,437.11,541.19,38.91,20.15,4.62,0.0
20230713:1511,270.45,342.11,31.61,20.11,4.69,0.0
20230713:1611,166.21,226.04,23.97,19.73,4.34,0.0
20230713:1711,48.49,75.36,16.42,19.29,4.07,0.0
20230713:1811,25.34,45.48,9.29,18.58,3.79,0.0
20230713:1911,3.02,12.4,2.92,18.0,2.83,0.0
20230713:2011,0.0,0.0,0.0,17.25,2.76,0.0
20230713:2111,0.0,0.0,0.0,16.88,2.69,0.0
20230713:2211,0.0,0.0,0.0,16.3,2.83,0.0
20230713:2311,0.0,0.0,0.0,15.85,2.97,0.0
20230714:0011,0.0,0.0,0.0,15.37,2.76,0.0
20230714:0111,0.0,0.0,0.0,14.88,2.48,0.0
20230714:0211,0.0,0.0,0.0,14.46,2.55,0.0
20230714:0311,0.0,4.96,6.48,14.26,2.69,0.0
20230714:0411,39.5,62.84,13.35,14.66,2.76,0.0
20230714:0511,122.23,172.07,20.78,15.3,3.45,0.0
20230714:0611,253.88,321.55,28.43,16.07,3.66,0.0
20230714:0711,476.86,585.91,35.92,17.09,3.66,0.0
20230714:0811,626.75,777.33,42.75,17.85,3.59,0.0
20230714:0911,723.37,909.93,48.28,18.58,3.72,0.0
20230714:1011,627.18,786.77,51.71,19.46,3.79,0.0
20230714:1111,700.19,886.85,52.32,19.91,3.79,0.0
20230714:1211,552.98,692.53,49.97,20.45,3.86,0.0
20230714:1311,470.78,588.0,45.19,20.82,3.79,0.0
20230714:1411,349.54,438.05,38.79,20.92,3.66,0.0
20230714:1511,310.1,394.03,31.5,20.87,3.38,0.0
20230714:1611,185.34,264.98,23.87,21.06,3.1,0.0
20230714:1711,41.25,82.09,16.31,20.67,2.41,0.0
20230714:1811,22.08,41.34,9.17,19.77,1.86,0.0
20230714:1911,2.57,11.58,2.8,18.85,2.41,0.0
20230714:2011,0.0,0.0,0.0,17.86,2.76,0.0
20230714:2111,0.0,0.0,0.0,17.13,2.76,0.0
20230714:2211,0.0,0.0,0.0,16.45,2.76,0.0
20230714:2311,0.0,0.0,0.0,15.96,2.83,0.0
20230715:0011,0.0,0.0,0.0,15.37,2.9,0.0
20230715:0111,0.0,0.0,0.0,14.93,2.83,0.0
20230715:0211,0.0,0.0,0.0,14.48,2.69,0.0
20230715:0311,0.0,4.96,6.34,14.29,2.41,0.0
20230715:0411,10.78,24.81,13.2,14.65,2.28,0.0
20230715:0511,122.01,174.84,20.63,15.46,2.41,0.0
20230715:0611,199.26,255.74,28.29,16.37,2.21,0.0
20230715:0711,316.45,395.84,35.77,17.74,1.93,0.0
20230715:0811,402.0,501.75,42.6,18.74,2.28,0.0
20230715:0911,522.9,656.5,48.13,19.6,2.76,0.0
20230715:1011,665.32,844.03,51.55,20.0,3.31,0.0
20230715:1111,757.83,970.81,52.17,20.3,3.52,0.0
20230715:1211,744.63,951.59,49.83,20.93,3.72,0.0
20230715:1311,643.75,809.72,45.06,21.1,4.14,0.0
20230715:1411,539.65,671.71,38.67,20.82,4.34,0.0
20230715:1511,363.41,457.98,31.39,20.29,4.28,0.0
20230715:1611,183.01,255.76,23.75,19.6,4.14,0.0
20230715:1711,65.77,103.28,16.19,18.79,3.86,0.0
20230715:1811,27.92,48.78,9.05,18.0,3.72,0.0
20230715:1911,0.0,1.65,2.67,17.15,3.72,0.0
20230715:2011,0.0,0.0,0.0,16.91,4.21,0.0
20230715:2111,0.0,0.0,0.0,17.02,4.69,0.0
20230715:2211,0.0,0.0,0.0,17.06,4.97,0.0
20230715:2311,0.0,0.0,0.0,16.99,5.03,0.0
20230716:0011,0.0,0.0,0.0,17.09,5.17,0.0
20230716:0111,0.0,0.0,0.0,17.34,5.24,0.0
20230716:0211,0.0,0.0,0.0,17.61,5.24,0.0
20230716:0311,0.0,4.96,6.18,18.12,5.45,0.0
20230716:0411,3.01,12.4,13.05,18.47,5.52,0.0
20230716:0511,9.64,23.31,20.49,17.36,5.38,0.0
20230716:0611,28.55,49.31,28.14,16.68,5.38,0.0
20230716:0711,42.89,68.14,35.62,19.14,5.93,0.0
20230716:0811,52.12,79.79,42.45,19.65,5.79,0.0
20230716:0911,75.56,108.48,47.97,19.71,5.03,0.0
20230716:1011,44.44,69.93,51.39,18.42,4.21,0.0
20230716:1111,59.93,88.76,52.01,17.63,4.28,0.0
20230716:1211,491.41,606.34,49.68,17.39,3.38,0.0
20230716:1311,467.55,576.27,44.93,18.55,4.07,0.0
20230716:1411,432.76,534.74,38.55,20.09,4.9,0.0
20230716:1511,370.73,466.07,31.27,20.55,5.17,0.0
20230716:1611,181.87,256.51,23.63,20.18,4.62,0.0
20230716:1711,39.11,78.88,16.07,19.62,4.55,0.0
20230716:1811,27.16,47.96,8.92,19.06,4.76,0.0
20230716:1911,1.36,9.1,2.54,18.9,4.21,0.0
20230716:2011,0.0,0.0,0.0,18.58,4.07,0.0
20230716:2111,0.0,0.0,0.0,18.16,4.34,0.0
20230716:2211,0.0,0.0,0.0,17.77,4.69,0.0
20230716:2311,0.0,0.0,0.0,17.34,4.62,0.0
20230717:0011,0.0,0.0,0.0,16.88,4.69,0.0
20230717:0111,0.0,0.0,0.0,16.45,4.69,0.0
20230717:0211,0.0,0.0,0.0,16.07,4.48,0.0
20230717:0311,0.0,4.96,6.03,15.89,4.48,0.0
20230717:0411,49.95,76.07,12.9,16.13,4.62,0.0
20230717:0511,113.69,159.5,20.34,16.6,4.62,0.0
20230717:0611,181.65,233.63,27.99,17.27,4.97,0.0
20230717:0711,306.18,377.19,35.47,17.71,5.93,0.0
20230717:0811,481.94,588.1,42.29,18.52,5.93,0.0
20230717:0911,444.33,544.02,47.81,18.93,6.14,0.0
20230717:1011,472.04,578.8,51.22,19.18,6.21,0.0
20230717:1111,70.52,102.2,51.85,19.52,6.48,0.0
20230717:1211,440.41,541.85,49.53,19.88,6.21,0.0
20230717:1311,88.81,124.62,44.78,20.3,6.07,0.0
20230717:1411,60.66,90.55,38.42,20.39,6.21,0.0
20230717:1511,136.9,181.32,31.14,19.48,5.66,0.0
20230717:1611,184.2,258.03,23.51,19.4,4.97,0.0
20230717:1711,37.64,77.41,15.94,19.05,4.34,0.0
20230717:1811,21.65,40.52,8.79,18.45,4.28,0.0
20230717:1911,0.0,2.48,2.4,17.36,4.07,0.0
20230717:2011,0.0,0.0,0.0,16.91,4.21,0.0
20230717:2111,0.0,0.0,0.0,16.29,4.28,0.0
20230717:2211,0.0,0.0,0.0,15.69,4.41,0.0
20230717:2311,0.0,0.0,0.0,15.27,4.48,0.0
20230718:0011,0.0,0.0,0.0,14.81,4.34,0.0
20230718:0111,0.0,0.0,0.0,14.42,4.48,0.0
20230718:0211,0.0,0.0,0.0,14.18,4.55,0.0
20230718:0311,0.0,4.13,5.87,14.19,4.69,0.0
20230718:0411,3.1,12.4,12.74,14.48,4.28,0.0
20230718:0511,103.16,142.35,20.18,14.93,5.17,0.0
20230718:0611,278.94,350.64,27.83,15.62,6.14,0.0
20230718:0711,453.26,548.67,35.31,16.42,6.0,0.0
20230718:0811,599.23,728.23,42.13,17.32,5.86,0.0
20230718:0911,482.44,589.92,47.64,18.35,5.66,0.0
20230718:1011,566.11,696.26,51.05,18.79,5.52,0.0
20230718:1111,487.63,600.49,51.68,19.26,5.38,0.0
20230718:1211,513.31,633.51,49.37,19.42,5.03,0.0
20230718:1311,353.31,436.98,44.64,19.3,5.03,0.0
20230718:1411,240.18,302.92,38.28,19.51,5.03,0.0
20230718:1511,193.01,247.85,31.01,19.15,4.62,0.0
20230718:1611,149.1,201.36,23.37,18.81,4.28,0.0
20230718:1711,47.98,74.46,15.8,18.37,3.72,0.0
20230718:1811,27.31,47.96,8.65,17.86,3.59,0.0
20230718:1911,0.33,6.61,2.25,16.84,3.03,0.0
20230718:2011,0.0,0.0,0.0,16.26,3.31,0.0
20230718:2111,0.0,0.0,0.0,15.7,3.59,0.0
20230718:2211,0.0,0.0,0.0,15.36,3.52,0.0
20230718:2311,0.0,0.0,0.0,14.97,3.38,0.0
20230719:0011,0.0,0.0,0.0,14.48,3.17,0.0
20230719:0111,0.0,0.0,0.0,14.02,3.24,0.0
20230719:0211,0.0,0.0,0.0,13.6,3.31,0.0
20230719:0311,0.69,7.44,5.7,13.41,3.24,0.0
20230719:0411,8.63,21.5,12.58,13.63,3.24,0.0
20230719:0511,112.97,181.05,20.02,14.17,3.31,0.0
20230719:0611,293.9,373.43,27.68,15.05,2.83,0.0
20230719:0711,449.54,552.79,35.15,16.22,2.9,0.0
20230719:0811,568.33,704.87,41.96,17.02,2.76,0.0
20230719:0911,504.42,626.0,47.47,17.52,2.76,0.0
20230719:1011,572.72,717.18,50.87,18.08,2.76,0.0
20230719:1111,543.0,680.16,51.5,18.43,2.69,0.0
20230719:1211,408.99,509.07,49.2,18.71,2.9,0.0
20230719:1311,299.18,374.68,44.48,18.92,3.03,0.0
20230719:1411,133.84,177.86,38.13,18.85,3.17,0.0
20230719:1511,49.88,76.2,30.87,16.69,3.38,0.0
20230719:1611,160.79,215.28,23.24,15.63,2.69,0.0
20230719:1711,5.71,17.03,15.66,16.03,1.79,0.0
20230719:1811,25.64,45.48,8.51,16.09,1.93,0.0
20230719:1911,1.4,9.1,2.1,15.96,2.69,0.0
20230719:2011,0.0,0.0,0.0,15.44,2.76,0.0
20230719:2111,0.0,0.0,0.0,14.83,2.97,0.0
20230719:2211,0.0,0.0,0.0,14.6,3.24,0.0
20230719:2311,0.0,0.0,0.0,14.11,3.38,0.0
20230720:0011,0.0,0.0,0.0,13.68,3.45,0.0
20230720:0111,0.0,0.0,0.0,13.4,3.31,0.0
20230720:0211,0.0,0.0,0.0,13.09,3.24,0.0
20230720:0311,11.46,25.63,5.53,12.86,3.24,0.0
20230720:0411,37.14,59.53,12.42,13.16,3.1,0.0
20230720:0511,111.46,178.17,19.86,13.92,3.45,0.0
20230720:0611,303.99,386.49,27.51,15.04,3.1,0.0
20230720:0711,437.82,536.82,34.99,15.75,2.97,0.0
20230720:0811,509.7,628.08,41.79,16.78,2.97,0.0
20230720:0911,571.35,710.1,47.29,17.59,3.1,0.0
20230720:1011,497.38,616.94,50.69,18.27,3.38,0.0
20230720:1111,38.68,62.76,51.32,18.62,3.52,0.0
20230720:1211,197.71,253.21,49.03,18.69,3.66,0.0
20230720:1311,565.77,700.21,44.32,18.28,3.79,0.0
20230720:1411,266.07,332.23,37.98,18.02,3.93,0.0
20230720:1511,289.62,361.06,30.72,16.54,3.45,0.0
20230720:1611,164.82,223.58,23.09,17.37,2.83,0.0
20230720:1711,67.62,101.15,15.52,16.95,1.79,0.0
20230720:1811,25.6,45.48,8.35,16.32,1.79,0.0
20230720:1911,0.0,0.83,1.94,16.36,2.0,0.0
20230720:2011,0.0,0.0,0.0,15.83,2.28,0.0
20230720:2111,0.0,0.0,0.0,15.29,2.55,0.0
20230720:2211,0.0,0.0,0.0,14.9,2.76,0.0
20230720:2311,0.0,0.0,0.0,14.55,2.83,0.0
20230721:0011,0.0,0.0,0.0,14.14,2.76,0.0
20230721:0111,0.0,0.0,0.0,13.76,2.83,0.0
20230721:0211,0.0,0.0,0.0,13.42,2.83,0.0
20230721:0311,6.53,18.19,5.36,13.26,2.97,0.0
20230721:0411,39.05,62.01,12.25,13.59,2.83,0.0
20230721:0511,111.49,176.39,19.69,14.44,3.17,0.0
20230721:0611,295.64,376.8,27.35,15.55,2.97,0.0
20230721:0711,383.69,472.27,34.82,16.44,2.97,0.0
20230721:0811,451.83,557.05,41.62,17.34,3.03,0.0
20230721:0911,609.01,759.25,47.11,17.88,3.24,0.0
20230721:1011,688.39,865.66,50.5,18.3,3.52,0.0
20230721:1111,756.84,960.6,51.13,18.71,3.59,0.0
20230721:1211,633.68,793.43,48.85,19.05,3.72,0.0
20230721:1311,641.43,800.54,44.15,19.35,4.0,0.0
20230721:1411,482.51,596.64,37.82,19.33,4.07,0.0
20230721:1511,372.66,466.74,30.57,18.85,4.14,0.0
20230721:1611,86.93,121.41,22.94,17.52,4.48,0.0
20230721:1711,44.08,81.59,15.36,17.08,3.24,0.0
20230721:1811,24.95,44.65,8.19,16.68,3.03,0.0
20230721:1911,0.0,0.83,1.77,15.99,2.34,0.0
20230721:2011,0.0,0.0,0.0,15.25,2.55,0.0
20230721:2111,0.0,0.0,0.0,14.74,2.76,0.0
20230721:2211,0.0,0.0,0.0,14.48,2.9,0.0
20230721:2311,0.0,0.0,0.0,14.05,2.97,0.0
20230722:0011,0.0,0.0,0.0,13.68,2.97,0.0
20230722:0111,0.0,0.0,0.0,13.33,2.97,0.0
20230722:0211,0.0,0.0,0.0,12.95,3.1,0.0
20230722:0311,1.44,9.1,5.18,12.76,3.17,0.0
20230722:0411,41.86,65.32,12.08,12.95,2.97,0.0
20230722:0511,112.32,174.81,19.52,13.53,3.38,0.0
20230722:0611,293.36,371.2,27.18,14.39,3.24,0.0
20230722:0711,452.62,553.54,34.65,15.59,3.24,0.0
20230722:0811,559.94,689.05,41.44,16.6,3.31,0.0
20230722:0911,550.26,681.01,46.92,17.75,3.52,0.0
20230722:1011,501.86,623.59,50.31,18.6,3.38,0.0
20230722:1111,472.94,586.45,50.94,18.84,3.72,0.0
20230722:1211,378.28,469.07,48.66,19.07,4.0,0.0
20230722:1311,619.7,768.54,43.98,18.72,4.21,0.0
20230722:1411,499.32,614.39,37.66,18.62,4.34,0.0
20230722:1511,320.94,399.93,30.41,17.86,4.55,0.0
20230722:1611,182.34,252.44,22.78,17.22,4.62,0.0
20230722:1711,62.23,92.37,15.2,16.44,3.31,0.0
20230722:1811,14.69,30.59,8.03,16.02,2.07,0.0
20230722:1911,0.0,2.48,1.6,15.29,2.07,0.0
20230722:2011,0.0,0.0,0.0,14.5,2.48,0.0
20230722:2111,0.0,0.0,0.0,13.99,2.55,0.0
20230722:2211,0.0,0.0,0.0,13.73,2.48,0.0
20230722:2311,0.0,0.0,0.0,13.66,2.21,0.0
20230723:0011,0.0,0.0,0.0,13.41,2.34,0.0
20230723:0111,0.0,0.0,0.0,13.12,2.28,0.0
20230723:0211,0.0,0.0,0.0,12.76,2.34,0.0
20230723:0311,10.92,24.81,5.0,12.4,2.69,0.0
20230723:0411,33.95,55.4,11.9,12.47,2.69,0.0
20230723:0511,108.57,174.81,19.35,13.03,2.83,0.0
20230723:0611,302.84,383.87,27.0,14.07,2.97,0.0
20230723:0711,440.44,538.72,34.47,14.72,2.62,0.0
20230723:0811,477.32,586.4,41.26,15.85,2.62,0.0
20230723:0911,591.73,734.93,46.73,16.75,2.9,0.0
20230723:1011,649.43,811.9,50.11,17.51,3.31,0.0
20230723:1111,609.83,759.43,50.74,17.81,3.52,0.0
20230723:1211,516.23,637.8,48.47,17.87,3.66,0.0
20230723:1311,649.44,807.62,43.8,17.89,3.66,0.0
20230723:1411,516.17,638.24,37.49,18.21,3.38,0.0
20230723:1511,187.8,241.21,30.25,18.0,3.24,0.0
20230723:1611,125.69,170.22,22.62,17.8,3.31,0.0
20230723:1711,65.15,98.22,15.04,17.11,3.17,0.0
20230723:1811,23.73,43.0,7.86,16.44,3.17,0.0
20230723:1911,0.0,0.83,1.42,15.59,2.83,0.0
20230723:2011,0.0,0.0,0.0,15.06,2.48,0.0
20230723:2111,0.0,0.0,0.0,14.54,2.28,0.0
20230723:2211,0.0,0.0,0.0,14.07,2.21,0.0
20230723:2311,0.0,0.0,0.0,13.75,2.21,0.0
20230724:0011,0.0,0.0,0.0,13.54,2.21,0.0
20230724:0111,0.0,0.0,0.0,13.49,2.14,0.0
20230724:0211,0.0,0.0,0.0,13.53,1.93,0.0
20230724:0311,0.0,3.31,4.81,13.63,1.93,0.0
20230724:0411,2.23,10.75,11.72,13.98,1.66,0.0
20230724:0511,63.34,92.44,19.17,15.12,2.14,0.0
20230724:0611,194.47,250.16,26.83,16.15,2.14,0.0
20230724:0711,414.9,515.07,34.29,16.99,2.07,0.0
20230724:0811,446.64,550.26,41.07,17.58,3.24,0.0
20230724:0911,576.97,715.12,46.53,17.9,3.59,0.0
20230724:1011,751.88,954.65,49.9,18.04,3.17,0.0
20230724:1111,704.57,892.15,50.53,18.33,3.1,0.0
20230724:1211,755.27,955.54,48.28,18.68,3.66,0.0
20230724:1311,626.02,777.26,43.61,18.58,4.0,0.0
20230724:1411,316.73,392.14,37.31,18.25,4.21,0.0
20230724:1511,252.51,317.43,30.08,17.82,4.28,0.0
20230724:1611,148.75,200.79,22.45,17.43,4.28,0.0
20230724:1711,37.61,60.96,14.87,16.91,4.14,0.0
20230724:1811,18.83,36.38,7.68,16.4,3.79,0.0
20230724:1911,0.0,0.0,0.0,16.01,3.79,0.0
20230724:2011,0.0,0.0,0.0,15.84,3.66,0.0
20230724:2111,0.0,0.0,0.0,15.75,3.52,0.0
20230724:2211,0.0,0.0,0.0,15.78,3.31,0.0
20230724:2311,0.0,0.0,0.0,15.83,3.17,0.0
20230725:0011,0.0,0.0,0.0,15.54,2.9,0.0
20230725:0111,0.0,0.0,0.0,15.44,2.69,0.0
20230725:0211,0.0,0.0,0.0,15.2,2.69,0.0
20230725:0311,0.0,3.31,4.62,15.07,2.41,0.0
20230725:0411,5.94,17.36,11.54,15.2,2.14,0.0
20230725:0511,47.15,72.62,18.99,15.53,1.59,0.0
20230725:0611,47.82,73.51,26.65,15.76,1.45,0.0
20230725:0711,80.3,112.96,34.1,15.99,1.31,0.0
20230725:0811,309.85,387.56,40.88,16.34,0.9,0.0
20230725:0911,371.33,465.09,46.33,16.95,0.97,0.0
20230725:1011,93.06,129.1,49.69,17.42,0.83,0.0
20230725:1111,166.44,217.53,50.32,18.35,1.1,0.0
20230725:1211,200.41,258.06,48.07,18.82,1.79,0.0
20230725:1311,97.69,135.38,43.42,19.26,1.93,0.0
20230725:1411,341.83,429.43,37.13,19.19,1.79,0.0
20230725:1511,275.38,351.31,29.9,19.23,1.66,0.0
20230725:1611,126.92,174.01,22.28,19.03,1.38,0.0
20230725:1711,57.02,91.62,14.69,18.9,1.45,0.0
20230725:1811,21.02,39.69,7.5,18.35,1.66,0.0
20230725:1911,0.0,0.0,0.0,17.7,2.28,0.0
20230725:2011,0.0,0.0,0.0,16.96,2.34,0.0
20230725:2111,0.0,0.0,0.0,16.43,2.48,0.0
20230725:2211,0.0,0.0,0.0,15.92,2.69,0.0
20230725:2311,0.0,0.0,0.0,15.36,2.76,0.0
20230726:0011,0.0,0.0,0.0,14.83,2.9,0.0
20230726:0111,0.0,0.0,0.0,14.24,2.9,0.0
20230726:0211,0.0,0.0,0.0,13.74,2.9,0.0
20230726:0311,0.0,4.13,4.43,13.34,2.76,0.0
20230726:0411,39.06,62.01,11.35,13.48,2.55,0.0
20230726:0511,107.92,171.06,18.81,14.1,2.97,0.0
20230726:0611,293.33,373.11,26.46,14.98,3.17,0.0
20230726:0711,413.02,505.93,33.92,15.91,3.24,0.0
20230726:0811,485.39,596.41,40.68,16.75,3.17,0.0
20230726:0911,388.6,479.59,46.12,17.48,3.24,0.0
20230726:1011,408.87,505.73,49.48,17.92,3.31,0.0
20230726:1111,533.29,664.28,50.11,18.63,3.31,0.0
20230726:1211,551.12,689.97,47.86,19.46,3.24,0.0
20230726:1311,441.83,550.28,43.22,19.67,3.24,0.0
20230726:1411,331.32,414.6,36.94,19.99,3.24,0.0
20230726:1511,313.11,396.47,29.72,19.89,3.17,0.0
20230726:1611,165.71,229.57,22.1,19.56,3.1,0.0
20230726:1711,42.03,77.66,14.51,18.94,3.03,0.0
20230726:1811,19.87,38.04,7.31,17.99,3.24,0.0
20230726:1911,0.0,0.0,0.0,17.05,3.31,0.0
20230726:2011,0.0,0.0,0.0,16.34,2.9,0.0
20230726:2111,0.0,0.0,0.0,16.01,2.55,0.0
20230726:2211,0.0,0.0,0.0,15.59,2.28,0.0
20230726:2311,0.0,0.0,0.0,15.25,2.14,0.0
20230727:0011,0.0,0.0,0.0,14.84,2.14,0.0
20230727:0111,0.0,0.0,0.0,14.32,2.14,0.0
20230727:0211,0.0,0.0,0.0,13.83,2.14,0.0
20230727:0311,0.0,3.31,4.23,13.39,2.21,0.0
20230727:0411,35.74,57.88,11.16,13.43,2.07,0.0
20230727:0511,105.59,168.25,18.62,14.02,2.28,0.0
20230727:0611,250.35,318.55,26.28,14.87,2.28,0.0
20230727:0711,470.04,578.18,33.73,15.55,2.48,0.0
20230727:0811,528.12,648.89,40.48,16.43,3.17,0.0
20230727:0911,651.39,806.85,45.91,17.0,3.79,0.0
20230727:1011,664.02,823.14,49.26,17.32,4.21,0.0
20230727:1111,603.48,743.04,49.88,17.38,4.55,0.0
20230727:1211,528.57,647.23,47.65,17.4,4.69,0.0
20230727:1311,592.68,726.13,43.02,17.34,4.69,0.0
20230727:1411,432.64,528.77,36.75,17.39,4.48,0.0
20230727:1511,325.27,404.12,29.53,17.1,4.41,0.0
20230727:1611,173.49,239.78,21.91,16.69,4.07,0.0
20230727:1711,51.95,85.81,14.32,16.29,3.59,0.0
20230727:1811,19.5,37.21,7.12,15.77,3.03,0.0
20230727:1911,0.0,0.0,0.0,15.24,2.9,0.0
20230727:2011,0.0,0.0,0.0,14.81,2.34,0.0
20230727:2111,0.0,0.0,0.0,14.43,2.41,0.0
20230727:2211,0.0,0.0,0.0,14.07,2.55,0.0
20230727:2311,0.0,0.0,0.0,13.91,2.28,0.0
20230728:0011,0.0,0.0,0.0,13.83,2.07,0.0
20230728:0111,0.0,0.0,0.0,13.67,1.93,0.0
20230728:0211,0.0,0.0,0.0,13.49,2.07,0.0
20230728:0311,0.0,2.48,4.03,13.44,2.14,0.0
20230728:0411,20.95,38.86,10.96,13.58,1.86,0.0
20230728:0511,68.32,98.34,18.43,14.37,1.93,0.0
20230728:0611,236.6,302.77,26.09,15.12,1.52,0.0
20230728:0711,209.97,266.59,33.53,15.35,0.55,0.0
20230728:0811,300.05,375.92,40.28,15.9,0.55,0.0
20230728:0911,127.91,170.34,45.69,16.69,0.69,0.0
20230728:1011,80.4,113.86,49.03,17.28,0.62,0.0
20230728:1111,37.42,60.96,49.66,17.16,0.48,0.0
20230728:1211,73.87,105.79,47.43,16.94,0.76,0.0
20230728:1311,219.77,280.08,42.81,16.91,0.76,0.0
20230728:1411,419.38,523.11,36.55,16.48,1.1,0.0
20230728:1511,350.84,441.95,29.33,16.55,1.45,0.0
20230728:1611,160.44,220.16,21.72,16.51,1.79,0.0
20230728:1711,34.54,68.54,14.12,16.45,2.07,0.0
20230728:1811,17.04,33.9,6.92,16.1,1.79,0.0
20230728:1911,0.0,0.0,0.0,15.61,1.66,0.0
20230728:2011,0.0,0.0,0.0,15.24,1.79,0.0
20230728:2111,0.0,0.0,0.0,14.96,1.86,0.0
20230728:2211,0.0,0.0,0.0,14.48,2.28,0.0
20230728:2311,0.0,0.0,0.0,13.95,2.41,0.0
20230729:0011,0.0,0.0,0.0,13.63,2.34,0.0
20230729:0111,0.0,0.0,0.0,13.37,2.48,0.0
20230729:0211,0.0,0.0,0.0,13.16,2.76,0.0
20230729:0311,0.0,2.48,3.83,13.07,2.97,0.0
20230729:0411,33.13,54.57,10.77,13.45,2.97,0.0
20230729:0511,101.27,166.42,18.24,14.51,3.17,0.0
20230729:0611,290.87,371.85,25.89,15.95,3.45,0.0
20230729:0711,474.1,584.77,33.33,17.89,3.66,0.0
20230729:0811,618.42,772.08,40.07,19.46,3.66,0.0
20230729:0911,712.31,903.04,45.48,20.63,3.86,0.0
20230729:1011,620.45,784.1,48.8,21.23,3.86,0.0
20230729:1111,679.27,865.71,49.42,21.59,3.79,0.0
20230729:1211,632.17,801.45,47.2,21.68,3.79,0.0
20230729:1311,606.07,765.99,42.59,21.64,3.59,0.0
20230729:1411,474.59,597.06,36.34,21.8,3.24,0.0
20230729:1511,352.12,450.65,29.13,21.67,2.76,0.0
20230729:1611,174.14,252.92,21.52,21.42,2.62,0.0
20230729:1711,35.69,69.94,13.92,20.72,2.62,0.0
20230729:1811,17.32,34.73,6.71,19.55,3.1,0.0
20230729:1911,0.0,0.0,0.0,18.46,3.17,0.0
20230729:2011,0.0,0.0,0.0,17.47,3.24,0.0
20230729:2111,0.0,0.0,0.0,16.78,2.9,0.0
20230729:2211,0.0,0.0,0.0,16.32,2.55,0.0
20230729:2311,0.0,0.0,0.0,15.93,2.28,0.0
20230730:0011,0.0,0.0,0.0,15.57,2.21,0.0
20230730:0111,0.0,0.0,0.0,15.33,2.21,0.0
20230730:0211,0.0,0.0,0.0,15.16,2.0,0.0
20230730:0311,0.0,2.48,3.62,15.05,1.86,0.0
20230730:0411,4.47,14.88,10.56,15.09,1.79,0.0
20230730:0511,9.1,22.41,18.04,16.09,1.79,0.0
20230730:0611,62.87,92.34,25.69,17.23,2.34,0.0
20230730:0711,300.92,375.38,33.13,18.11,2.9,0.0
20230730:0811,421.96,522.06,39.86,18.77,3.38,0.0
20230730:0911,408.77,502.16,45.25,17.51,3.86,0.0
20230730:1011,444.14,548.57,48.57,18.32,3.72,0.0
20230730:1111,485.09,599.58,49.19,19.09,4.34,0.0
20230730:1211,230.47,290.2,46.97,17.77,4.14,0.0
20230730:1311,230.07,290.36,42.37,18.08,3.52,0.0
20230730:1411,296.02,369.34,36.13,18.41,3.03,0.0
20230730:1511,330.6,417.55,28.93,18.91,2.76,0.0
20230730:1611,171.57,246.14,21.32,18.9,2.69,0.0
20230730:1711,36.45,69.31,13.72,18.26,2.41,0.0
20230730:1811,16.3,33.07,6.5,17.81,2.55,0.0
20230730:1911,0.0,0.0,0.0,17.14,2.55,0.0
20230730:2011,0.0,0.0,0.0,16.67,2.28,0.0
20230730:2111,0.0,0.0,0.0,16.18,2.34,0.0
20230730:2211,0.0,0.0,0.0,15.89,2.07,0.0
20230730:2311,0.0,0.0,0.0,15.76,1.72,0.0
20230731:0011,0.0,0.0,0.0,15.48,1.1,0.0
20230731:0111,0.0,0.0,0.0,15.64,0.14,0.0
20230731:0211,0.0,0.0,0.0,15.42,0.34,0.0
20230731:0311,0.0,2.48,3.41,14.35,0.76,0.0
20230731:0411,5.96,17.36,10.36,14.75,1.17,0.0
20230731:0511,13.34,28.69,17.84,16.15,1.1,0.0
20230731:0611,32.63,54.69,25.49,16.73,1.45,0.0
20230731:0711,28.68,49.31,32.93,15.15,0.69,0.0
20230731:0811,42.83,67.24,39.64,15.0,0.21,0.0
20230731:0911,214.78,272.59,45.02,14.96,0.28,0.0
20230731:1011,176.51,226.24,48.33,14.92,0.97,0.0
20230731:1111,194.97,248.16,48.94,15.73,1.72,0.0
20230731:1211,120.18,159.58,46.73,15.62,2.62,0.0
20230731:1311,126.22,166.75,42.14,16.01,3.24,0.0
20230731:1411,82.81,115.65,35.91,16.16,3.59,0.0
20230731:1511,79.7,112.07,28.72,16.31,3.24,0.0
20230731:1611,129.89,176.38,21.11,16.5,2.97,0.0
20230731:1711,43.16,68.12,13.51,16.39,2.69,0.0
20230731:1811,7.45,19.84,6.29,16.18,3.1,0.0
20230731:1911,0.0,0.0,0.0,15.22,2.69,0.0
20230731:2011,0.0,0.0,0.0,14.81,3.24,0.0
20230731:2111,0.0,0.0,0.0,14.48,3.45,0.0
20230731:2211,0.0,0.0,0.0,14.28,3.52,0.0
20230731:2311,0.0,0.0,0.0,13.96,3.52,0.0
20230801:0011,0.0,0.0,0.0,13.89,3.45,0.0
20230801:0111,0.0,0.0,0.0,14.0,3.38,0.0
20230801:0211,0.0,0.0,0.0,13.84,3.17,0.0
20230801:0311,0.0,1.65,3.19,13.9,3.1,0.0
20230801:0411,27.83,47.96,10.15,14.13,2.69,0.0
20230801:0511,55.04,82.11,17.64,14.71,2.48,0.0
20230801:0611,123.53,163.72,25.29,15.34,2.83,0.0
20230801:0711,241.32,300.67,32.72,15.66,3.03,0.0
20230801:0811,399.49,489.5,39.43,16.52,3.24,0.0
20230801:0911,503.22,619.68,44.79,17.22,3.38,0.0
20230801:1011,670.51,836.58,48.09,17.73,3.72,0.0
20230801:1111,658.16,821.42,48.7,18.08,3.79,0.0
20230801:1211,435.16,536.52,46.49,18.18,3.79,0.0
20230801:1311,354.08,437.15,41.91,18.11,3.79,0.0
20230801:1411,306.18,380.26,35.69,17.94,3.24,0.0
20230801:1511,205.55,262.56,28.5,17.74,2.76,0.0
20230801:1611,93.75,130.55,20.89,17.5,3.03,0.0
20230801:1711,43.03,68.1,13.29,16.92,2.76,0.0
20230801:1811,0.0,4.96,6.06,16.35,2.62,0.0
20230801:1911,0.0,0.0,0.0,15.97,2.48,0.0
20230801:2011,0.0,0.0,0.0,15.69,2.0,0.0
20230801:2111,0.0,0.0,0.0,15.59,1.66,0.0
20230801:2211,0.0,0.0,0.0,15.27,1.45,0.0
20230801:2311,0.0,0.0,0.0,15.31,1.52,0.0
20230802:0011,0.0,0.0,0.0,15.37,1.52,0.0
20230802:0111,0.0,0.0,0.0,15.47,1.79,0.0
20230802:0211,0.0,0.0,0.0,15.49,1.86,0.0
20230802:0311,0.0,1.65,2.98,15.64,1.93,0.0
20230802:0411,32.06,53.75,9.94,15.86,2.21,0.0
20230802:0511,93.03,134.7,17.43,16.12,3.31,0.0
20230802:0611,76.72,108.48,25.09,16.32,3.59,0.0
20230802:0711,109.36,147.39,32.51,16.93,3.86,0.0
20230802:0811,286.47,354.32,39.2,17.17,4.21,0.0
20230802:0911,328.34,402.73,44.56,17.19,5.24,0.0
20230802:1011,512.06,621.77,47.84,17.34,6.14,0.0
20230802:1111,612.11,747.17,48.44,17.96,6.34,0.0
20230802:1211,585.55,715.07,46.24,18.33,6.21,0.0
20230802:1311,503.4,612.86,41.67,18.3,6.07,0.0
20230802:1411,415.61,507.51,35.46,18.46,5.79,0.0
20230802:1511,239.2,301.69,28.28,18.39,5.31,0.0
20230802:1611,118.72,162.88,20.67,18.22,4.76,0.0
20230802:1711,51.6,79.89,13.07,17.4,3.86,0.0
20230802:1811,12.89,28.11,5.84,17.08,3.59,0.0
20230802:1911,0.0,0.0,0.0,16.84,3.79,0.0
20230802:2011,0.0,0.0,0.0,16.37,2.9,0.0
20230802:2111,0.0,0.0,0.0,15.8,2.48,0.0
20230802:2211,0.0,0.0,0.0,15.4,2.55,0.0
20230802:2311,0.0,0.0,0.0,15.3,2.48,0.0
20230803:0011,0.0,0.0,0.0,15.25,2.55,0.0
20230803:0111,0.0,0.0,0.0,15.18,2.69,0.0
20230803:0211,0.0,0.0,0.0,15.22,2.97,0.0
20230803:0311,0.0,1.65,2.76,15.34,2.83,0.0
20230803:0411,10.72,24.81,9.73,15.64,2.83,0.0
20230803:0511,19.12,36.76,17.22,16.3,2.97,0.0
20230803:0611,60.81,89.65,24.88,17.02,3.45,0.0
20230803:0711,37.8,60.96,32.29,15.92,4.07,0.0
20230803:0811,61.3,89.65,38.98,15.62,4.55,0.0
20230803:0911,85.13,118.34,44.32,16.37,4.97,0.0
20230803:1011,63.98,93.24,47.59,16.77,5.72,0.0
20230803:1111,145.28,188.27,48.18,16.15,6.55,0.0
20230803:1211,88.97,122.82,45.99,16.37,5.45,0.0
20230803:1311,97.02,132.69,41.43,16.52,3.45,0.0
20230803:1411,145.8,190.97,35.22,17.35,2.55,0.0
20230803:1511,62.75,92.34,28.05,17.69,2.55,0.0
20230803:1611,61.1,90.43,20.44,17.72,2.97,0.0
20230803:1711,49.35,77.13,12.84,17.59,3.66,0.0
20230803:1811,0.33,6.61,5.6,16.99,4.34,0.0
20230803:1911,0.0,0.0,0.0,16.56,3.59,0.0
20230803:2011,0.0,0.0,0.0,16.09,3.17,0.0
20230803:2111,0.0,0.0,0.0,15.84,2.97,0.0
20230803:2211,0.0,0.0,0.0,15.69,2.76,0.0
20230803:2311,0.0,0.0,0.0,15.54,2.34,0.0
20230804:0011,0.0,0.0,0.0,15.43,1.93,0.0
20230804:0111,0.0,0.0,0.0,15.42,1.59,0.0
20230804:0211,0.0,0.0,0.0,15.39,1.31,0.0
20230804:0311,0.0,1.65,2.53,15.23,1.45,0.0
20230804:0411,27.68,47.96,9.52,15.04,1.86,0.0
20230804:0511,21.22,39.45,17.01,15.22,2.55,0.0
20230804:0611,42.18,66.34,24.67,15.58,4.07,0.0
20230804:0711,99.09,135.38,32.07,16.84,3.1,0.0
20230804:0811,360.83,446.75,38.75,17.88,2.76,0.0
20230804:0911,565.5,706.5,44.07,18.61,2.9,0.0
20230804:1011,38.6,62.76,47.33,18.99,3.38,0.0
20230804:1111,168.57,219.39,47.92,19.31,3.52,0.0
20230804:1211,386.66,480.83,45.73,19.78,3.72,0.0
20230804:1311,359.46,447.16,41.18,19.9,3.79,0.0
20230804:1411,35.0,58.27,34.98,19.51,3.45,0.0
20230804:1511,277.93,350.03,27.81,18.06,3.31,0.0
20230804:1611,10.79,25.1,20.21,17.76,2.41,0.0
20230804:1711,40.09,69.16,12.6,17.55,2.21,0.0
20230804:1811,12.3,27.29,5.36,17.2,2.07,0.0
20230804:1911,0.0,0.0,0.0,16.05,2.34,0.0
20230804:2011,0.0,0.0,0.0,15.85,1.86,0.0
20230804:2111,0.0,0.0,0.0,15.67,1.72,0.0
20230804:2211,0.0,0.0,0.0,15.33,1.72,0.0
20230804:2311,0.0,0.0,0.0,15.15,1.66,0.0
20230805:0011,0.0,0.0,0.0,15.07,1.59,0.0
20230805:0111,0.0,0.0,0.0,14.85,1.45,0.0
20230805:0211,0.0,0.0,0.0,14.62,1.66,0.0
20230805:0311,0.0,1.65,2.31,14.34,1.72,0.0
20230805:0411,1.04,8.27,9.3,14.43,1.59,0.0
20230805:0511,46.62,71.72,16.8,14.77,1.86,0.0
20230805:0611,265.18,340.85,24.45,15.58,2.07,0.0
20230805:0711,398.18,494.16,31.85,16.32,1.66,0.0
20230805:0811,323.48,400.94,38.52,17.28,2.62,0.0
20230805:0911,447.4,548.98,43.83,16.99,3.52,0.0
20230805:1011,473.31,581.6,47.07,17.6,4.0,0.0
20230805:1111,356.52,440.0,47.65,18.08,4.21,0.0
20230805:1211,557.54,688.47,45.46,18.45,4.28,0.0
20230805:1311,650.45,807.71,40.92,18.65,4.14,0.0
20230805:1411,521.81,641.74,34.74,18.25,4.07,0.0
20230805:1511,353.93,442.86,27.58,17.8,3.72,0.0
20230805:1611,159.64,225.75,19.97,17.59,3.45,0.0
20230805:1711,35.33,63.71,12.36,17.15,2.9,0.0
20230805:1811,0.66,7.44,5.12,16.56,2.41,0.0
20230805:1911,0.0,0.0,0.0,15.98,2.55,0.0
20230805:2011,0.0,0.0,0.0,15.4,2.48,0.0
20230805:2111,0.0,0.0,0.0,15.21,2.41,0.0
20230805:2211,0.0,0.0,0.0,15.11,2.07,0.0
20230805:2311,0.0,0.0,0.0,14.93,1.86,0.0
20230806:0011,0.0,0.0,0.0,14.96,1.45,0.0
20230806:0111,0.0,0.0,0.0,14.75,0.83,0.0
20230806:0211,0.0,0.0,0.0,14.16,1.03,0.0
20230806:0311,0.0,0.83,2.08,14.05,1.38,0.0
20230806:0411,1.04,8.27,9.08,14.43,1.52,0.0
20230806:0511,54.41,81.77,16.58,15.14,1.52,0.0
20230806:0611,47.05,72.62,24.23,16.04,1.79,0.0
20230806:0711,196.48,249.72,31.63,16.41,2.21,0.0
20230806:0811,121.64,162.27,38.28,17.04,2.69,0.0
20230806:0911,191.16,243.81,43.58,17.01,3.03,0.0
20230806:1011,118.84,158.68,46.8,17.05,3.72,0.0
20230806:1111,70.54,101.31,47.38,16.98,4.28,0.0
20230806:1211,77.45,109.38,45.19,16.59,4.55,0.0
20230806:1311,48.73,74.41,40.66,15.69,4.97,0.0
20230806:1411,53.02,79.79,34.49,16.26,5.86,0.0
20230806:1511,42.72,67.24,27.33,16.71,6.48,0.0
20230806:1611,32.72,54.69,19.73,16.86,6.97,0.0
20230806:1711,11.45,26.0,12.12,17.08,6.97,0.0
20230806:1811,1.01,8.27,4.87,17.02,6.76,0.0
20230806:1911,0.0,0.0,0.0,16.75,5.72,0.0
20230806:2011,0.0,0.0,0.0,17.15,5.31,0.0
20230806:2111,0.0,0.0,0.0,17.74,5.03,0.0
20230806:2211,0.0,0.0,0.0,18.39,4.9,0.0
20230806:2311,0.0,0.0,0.0,18.66,4.28,0.0
20230807:0011,0.0,0.0,0.0,18.61,3.72,0.0
20230807:0111,0.0,0.0,0.0,18.45,3.38,0.0
20230807:0211,0.0,0.0,0.0,18.2,3.59,0.0
20230807:0311,0.0,0.83,1.84,18.22,3.93,0.0
20230807:0411,0.65,7.44,8.85,18.24,4.41,0.0
20230807:0511,6.19,17.93,16.36,18.15,5.17,0.0
20230807:0611,20.24,38.55,24.01,18.36,5.79,0.0
20230807:0711,355.32,438.79,31.4,19.35,5.24,0.0
20230807:0811,454.01,560.37,38.04,19.92,4.48,0.0
20230807:0911,233.54,296.8,43.32,20.07,3.79,0.0
20230807:1011,154.17,203.26,46.53,20.41,3.45,0.0
20230807:1111,405.94,507.47,47.1,20.73,3.52,0.0
20230807:1211,338.08,425.03,44.92,21.36,3.52,0.0
20230807:1311,199.39,258.45,40.4,21.89,3.59,0.0
20230807:1411,264.47,335.27,34.23,21.37,3.52,0.0
20230807:1511,173.39,226.53,27.08,20.05,2.9,0.0
20230807:1611,37.21,60.96,19.48,18.75,2.55,0.0
20230807:1711,22.25,41.24,11.87,17.82,2.69,0.0
20230807:1811,3.95,14.06,4.62,16.9,3.1,0.0
20230807:1911,0.0,0.0,0.0,16.23,4.28,0.0
20230807:2011,0.0,0.0,0.0,16.16,4.62,0.0
20230807:2111,0.0,0.0,0.0,16.04,4.62,0.0
20230807:2211,0.0,0.0,0.0,15.99,4.62,0.0
20230807:2311,0.0,0.0,0.0,16.05,4.55,0.0
20230808:0011,0.0,0.0,0.0,16.15,4.07,0.0
20230808:0111,0.0,0.0,0.0,16.11,3.86,0.0
20230808:0211,0.0,0.0,0.0,15.87,3.79,0.0
20230808:0311,0.0,0.83,1.61,15.82,3.45,0.0
20230808:0411,0.67,7.44,8.63,15.8,3.45,0.0
20230808:0511,6.27,17.93,16.14,15.87,3.72,0.0
20230808:0611,31.36,52.89,23.79,16.28,3.31,0.0
20230808:0711,40.76,64.55,31.17,15.51,4.48,0.0
20230808:0811,54.68,81.58,37.8,15.36,4.48,0.0
20230808:0911,146.39,188.88,43.06,15.13,5.59,0.0
20230808:1011,122.07,160.48,46.26,14.85,6.14,0.0
20230808:1111,220.26,273.29,46.82,14.82,6.34,0.0
20230808:1211,180.0,227.0,44.64,14.82,6.76,0.0
20230808:1311,210.66,261.93,40.13,15.11,7.24,0.0
20230808:1411,176.07,222.29,33.97,15.29,7.93,0.0
20230808:1511,92.44,125.79,26.82,14.72,8.48,0.0
20230808:1611,72.67,102.83,19.23,14.23,7.86,0.0
20230808:1711,40.93,64.75,11.62,14.12,8.0,0.0
20230808:1811,0.0,3.31,4.36,14.14,9.17,0.0
20230808:1911,0.0,0.0,0.0,14.71,8.55,0.0
20230808:2011,0.0,0.0,0.0,15.01,8.34,0.0
20230808:2111,0.0,0.0,0.0,14.89,7.93,0.0
20230808:2211,0.0,0.0,0.0,14.74,7.52,0.0
20230808:2311,0.0,0.0,0.0,14.44,7.1,0.0
20230809:0011,0.0,0.0,0.0,14.22,6.69,0.0
20230809:0111,0.0,0.0,0.0,14.0,6.41,0.0
20230809:0211,0.0,0.0,0.0,13.79,6.14,0.0
20230809:0311,0.0,0.83,1.37,13.54,5.72,0.0
20230809:0411,26.04,45.48,8.4,13.51,5.59,0.0
20230809:0511,89.42,131.95,15.92,13.86,6.07,0.0
20230809:0611,207.02,261.86,23.57,14.29,6.83,0.0
20230809:0711,373.81,447.41,30.94,13.86,6.83,0.0
20230809:0811,356.3,427.25,37.56,14.1,6.41,0.0
20230809:0911,210.18,261.09,42.8,14.33,6.21,0.0
20230809:1011,264.77,323.92,45.98,14.52,6.21,0.0
20230809:1111,217.37,269.97,46.54,14.71,6.14,0.0
20230809:1211,321.95,389.51,44.35,14.54,6.21,0.0
20230809:1311,231.29,285.59,39.85,14.76,6.07,0.0
20230809:1411,285.47,347.28,33.7,14.73,6.0,0.0
20230809:1511,251.98,311.43,26.56,14.63,6.0,0.0
20230809:1611,79.54,111.58,18.97,14.47,5.45,0.0
20230809:1711,23.37,42.14,11.36,14.34,5.38,0.0
20230809:1811,0.0,4.96,4.09,14.16,5.31,0.0
20230809:1911,0.0,0.0,0.0,13.83,5.38,0.0
20230809:2011,0.0,0.0,0.0,13.79,5.1,0.0
20230809:2111,0.0,0.0,0.0,13.63,4.9,0.0
20230809:2211,0.0,0.0,0.0,13.33,5.1,0.0
20230809:2311,0.0,0.0,0.0,12.96,5.1,0.0
20230810:0011,0.0,0.0,0.0,12.74,4.9,0.0
20230810:0111,0.0,0.0,0.0,12.68,4.55,0.0
20230810:0211,0.0,0.0,0.0,12.72,4.28,0.0
20230810:0311,0.0,0.0,0.0,12.66,4.21,0.0
20230810:0411,0.36,6.61,8.17,12.66,4.14,0.0
20230810:0511,8.7,21.52,15.69,12.71,4.14,0.0
20230810:0611,12.97,27.79,23.34,12.82,4.28,0.0
20230810:0711,102.64,137.17,30.71,13.01,4.0,0.0
20230810:0811,167.2,211.52,37.31,13.2,4.07,0.0
20230810:0911,127.39,165.86,42.54,13.17,4.14,0.0
20230810:1011,211.27,262.08,45.7,13.16,4.34,0.0
20230810:1111,142.05,182.89,46.25,13.3,4.0,0.0
20230810:1211,164.29,208.66,44.07,13.44,3.93,0.0
20230810:1311,188.33,236.09,39.57,13.57,4.14,0.0
20230810:1411,144.72,186.33,33.43,13.96,4.0,0.0
20230810:1511,116.19,153.39,26.3,13.88,4.34,0.0
20230810:1611,78.8,110.72,18.71,14.14,3.93,0.0
20230810:1711,38.72,61.97,11.09,14.22,3.93,0.0
20230810:1811,2.23,10.75,3.82,14.16,3.86,0.0
20230810:1911,0.0,0.0,0.0,13.76,3.66,0.0
20230810:2011,0.0,0.0,0.0,13.57,3.17,0.0
20230810:2111,0.0,0.0,0.0,13.42,3.1,0.0
20230810:2211,0.0,0.0,0.0,13.32,3.03,0.0
20230810:2311,0.0,0.0,0.0,13.14,2.97,0.0
20230811:0011,0.0,0.0,0.0,13.01,2.9,0.0
20230811:0111,0.0,0.0,0.0,12.96,2.83,0.0
20230811:0211,0.0,0.0,0.0,12.82,2.76,0.0
20230811:0311,0.0,0.0,0.0,12.81,2.76,0.0
20230811:0411,0.35,6.61,7.93,12.93,2.76,0.0
20230811:0511,12.95,27.79,15.46,13.08,2.48,0.0
20230811:0611,110.47,147.31,23.11,13.55,2.69,0.0
20230811:0711,304.42,370.68,30.47,13.72,3.52,0.0
20230811:0811,434.11,525.38,37.06,14.4,3.38,0.0
20230811:0911,402.53,488.89,42.27,15.05,3.66,0.0
20230811:1011,476.17,580.21,45.41,15.64,3.72,0.0
20230811:1111,596.72,732.39,45.95,16.27,4.0,0.0
20230811:1211,711.2,879.88,43.77,16.31,4.07,0.0
20230811:1311,678.46,835.13,39.28,16.32,4.0,0.0
20230811:1411,501.74,610.34,33.15,16.1,4.0,0.0
20230811:1511,350.33,435.74,26.03,16.2,3.79,0.0
20230811:1611,154.05,223.97,18.44,16.01,3.45,0.0
20230811:1711,24.83,46.3,10.82,15.47,2.9,0.0
20230811:1811,5.46,16.54,3.55,14.79,2.69,0.0
20230811:1911,0.0,0.0,0.0,13.64,2.55,0.0
20230811:2011,0.0,0.0,0.0,13.17,2.55,0.0
20230811:2111,0.0,0.0,0.0,12.88,2.41,0.0
20230811:2211,0.0,0.0,0.0,12.64,2.48,0.0
20230811:2311,0.0,0.0,0.0,12.51,2.55,0.0
20230812:0011,0.0,0.0,0.0,12.47,2.55,0.0
20230812:0111,0.0,0.0,0.0,12.45,2.55,0.0
20230812:0211,0.0,0.0,0.0,12.39,2.55,0.0
20230812:0311,0.0,0.0,0.0,12.38,2.48,0.0
20230812:0411,22.31,40.52,7.7,12.62,2.48,0.0
20230812:0511,42.86,66.92,15.23,13.53,2.34,0.0
20230812:0611,85.07,117.85,22.88,14.79,2.83,0.0
20230812:0711,108.82,145.69,30.23,15.17,3.72,0.0
20230812:0811,186.82,236.69,36.81,16.07,4.34,0.0
20230812:0911,325.47,399.02,42.0,16.89,4.76,0.0
20230812:1011,787.98,980.01,45.12,16.92,4.69,0.0
20230812:1111,505.55,618.12,45.65,16.93,4.28,0.0
20230812:1211,703.45,873.58,43.47,17.01,3.93,0.0
20230812:1311,437.56,535.72,38.99,17.21,3.72,0.0
20230812:1411,162.41,209.47,32.87,16.9,3.52,0.0
20230812:1511,115.39,154.74,25.75,17.11,3.66,0.0
20230812:1611,127.76,179.93,18.17,17.0,3.59,0.0
20230812:1711,36.52,60.01,10.55,16.69,3.79,0.0
20230812:1811,2.62,11.58,3.27,16.34,3.45,0.0
20230812:1911,0.0,0.0,0.0,15.79,2.97,0.0
20230812:2011,0.0,0.0,0.0,15.47,2.97,0.0
20230812:2111,0.0,0.0,0.0,15.04,2.97,0.0
20230812:2211,0.0,0.0,0.0,14.87,2.97,0.0
20230812:2311,0.0,0.0,0.0,14.71,2.97,0.0
20230813:0011,0.0,0.0,0.0,14.5,2.83,0.0
20230813:0111,0.0,0.0,0.0,14.45,2.76,0.0
20230813:0211,0.0,0.0,0.0,14.48,3.1,0.0
20230813:0311,0.0,0.0,0.0,14.45,3.59,0.0
20230813:0411,8.62,21.5,7.46,13.86,4.34,0.0
20230813:0511,14.15,29.59,15.0,14.12,5.1,0.0
20230813:0611,67.76,96.82,22.64,14.32,5.45,0.0
20230813:0711,110.21,147.05,29.99,15.13,4.83,0.0
20230813:0811,119.69,158.68,36.55,15.88,4.62,0.0
20230813:0911,119.25,158.68,41.72,16.45,4.0,0.0
20230813:1011,371.87,456.98,44.83,17.97,4.55,0.0
20230813:1111,593.38,733.98,45.35,19.09,4.76,0.0
20230813:1211,591.2,733.3,43.17,20.06,4.9,0.0
20230813:1311,439.95,545.05,38.7,20.64,4.55,0.0
20230813:1411,376.87,468.72,32.59,20.74,4.21,0.0
20230813:1511,215.97,278.23,25.47,20.66,3.93,0.0
20230813:1611,126.77,182.61,17.89,20.25,3.31,0.0
20230813:1711,23.57,43.52,10.27,19.57,3.31,0.0
20230813:1811,3.0,12.4,2.98,18.81,3.03,0.0
20230813:1911,0.0,0.0,0.0,17.64,2.62,0.0
20230813:2011,0.0,0.0,0.0,16.83,2.55,0.0
20230813:2111,0.0,0.0,0.0,16.22,2.48,0.0
20230813:2211,0.0,0.0,0.0,15.71,2.48,0.0
20230813:2311,0.0,0.0,0.0,15.34,2.41,0.0
20230814:0011,0.0,0.0,0.0,15.01,2.41,0.0
20230814:0111,0.0,0.0,0.0,14.79,2.34,0.0
20230814:0211,0.0,0.0,0.0,14.65,2.34,0.0
20230814:0311,0.0,0.0,0.0,14.61,2.28,0.0
20230814:0411,18.99,36.38,7.22,14.64,2.21,0.0
20230814:0511,82.06,137.96,14.76,15.45,2.14,0.0
20230814:0611,166.01,217.09,22.4,16.59,2.28,0.0
20230814:0711,459.05,571.35,29.74,18.18,2.48,0.0
20230814:0811,596.59,746.3,36.29,19.12,2.97,0.0
20230814:0911,668.38,845.41,41.44,19.67,3.1,0.0
20230814:1011,441.98,551.24,44.53,20.37,3.52,0.0
20230814:1111,666.67,842.62,45.04,20.67,3.86,0.0
20230814:1211,687.06,868.47,42.86,20.96,4.07,0.0
20230814:1311,572.26,714.92,38.4,21.05,4.14,0.0
20230814:1411,383.45,477.18,32.29,20.79,4.07,0.0
20230814:1511,82.83,117.77,25.19,20.49,3.86,0.0
20230814:1611,70.04,102.81,17.61,19.71,3.45,0.0
20230814:1711,20.98,39.69,9.98,18.95,3.45,0.0
20230814:1811,0.32,6.61,2.69,18.05,3.24,0.0
20230814:1911,0.0,0.0,0.0,17.4,3.03,0.0
20230814:2011,0.0,0.0,0.0,16.94,3.03,0.0
20230814:2111,0.0,0.0,0.0,16.6,2.97,0.0
20230814:2211,0.0,0.0,0.0,16.35,2.9,0.0
20230814:2311,0.0,0.0,0.0,16.02,3.1,0.0
20230815:0011,0.0,0.0,0.0,15.84,2.97,0.0
20230815:0111,0.0,0.0,0.0,15.92,2.83,0.0
20230815:0211,0.0,0.0,0.0,15.85,2.76,0.0
20230815:0311,0.0,0.0,0.0,15.98,2.55,0.0
20230815:0411,0.03,5.79,6.98,16.12,2.41,0.0
20230815:0511,13.95,29.59,14.52,16.43,2.41,0.0
20230815:0611,252.43,328.01,22.17,17.25,2.55,0.0
20230815:0711,451.66,557.95,29.5,18.23,3.45,0.0
20230815:0811,581.58,720.0,36.03,19.01,3.86,0.0
20230815:0911,580.22,718.8,41.16,19.58,4.48,0.0
20230815:1011,581.54,721.83,44.23,19.84,4.62,0.0
20230815:1111,721.39,907.57,44.73,19.99,4.48,0.0
20230815:1211,93.16,130.0,42.55,20.23,4.41,0.0
20230815:1311,134.96,179.95,38.09,20.29,4.28,0.0
20230815:1411,129.48,173.44,32.0,20.32,3.93,0.0
20230815:1511,100.32,138.59,24.9,19.88,3.45,0.0
20230815:1611,18.84,36.76,17.32,19.05,3.1,0.0
20230815:1711,29.14,50.44,9.69,18.24,3.1,0.0
20230815:1811,0.0,3.31,2.4,17.56,3.24,0.0
20230815:1911,0.0,0.0,0.0,16.97,2.55,0.0
20230815:2011,0.0,0.0,0.0,16.84,2.69,0.0
20230815:2111,0.0,0.0,0.0,16.76,2.76,0.0
20230815:2211,0.0,0.0,0.0,16.45,2.69,0.0
20230815:2311,0.0,0.0,0.0,16.27,2.69,0.0
20230816:0011,0.0,0.0,0.0,16.25,2.69,0.0
20230816:0111,0.0,0.0,0.0,16.33,2.62,0.0
20230816:0211,0.0,0.0,0.0,16.49,2.9,0.0
20230816:0311,0.0,0.0,0.0,16.53,2.62,0.0
20230816:0411,14.64,30.59,6.73,16.6,2.41,0.0
20230816:0511,21.04,39.45,14.28,16.83,2.9,0.0
20230816:0611,75.0,106.93,21.92,17.32,3.52,0.0
20230816:0711,192.74,246.78,29.25,18.28,2.76,0.0
20230816:0811,464.93,576.74,35.76,18.95,2.97,0.0
20230816:0911,398.15,494.99,40.87,19.9,3.52,0.0
20230816:1011,631.75,796.76,43.93,20.44,3.59,0.0
20230816:1111,654.67,828.24,44.42,20.69,3.66,0.0
20230816:1211,578.34,726.91,42.24,20.98,3.66,0.0
20230816:1311,338.31,423.59,37.79,21.11,3.72,0.0
20230816:1411,215.34,275.94,31.7,21.1,3.72,0.0
20230816:1511,205.15,265.85,24.6,20.89,3.52,0.0
20230816:1611,134.95,201.67,17.03,20.31,2.83,0.0
20230816:1711,28.31,49.61,9.4,19.55,2.76,0.0
20230816:1811,0.0,2.48,2.1,18.53,2.62,0.0
20230816:1911,0.0,0.0,0.0,17.51,2.62,0.0
20230816:2011,0.0,0.0,0.0,17.06,2.55,0.0
20230816:2111,0.0,0.0,0.0,16.62,2.48,0.0
20230816:2211,0.0,0.0,0.0,16.23,2.41,0.0
20230816:2311,0.0,0.0,0.0,15.93,2.41,0.0
20230817:0011,0.0,0.0,0.0,15.66,2.34,0.0
20230817:0111,0.0,0.0,0.0,15.42,2.21,0.0
20230817:0211,0.0,0.0,0.0,15.26,2.14,0.0
20230817:0311,0.0,0.0,0.0,14.99,2.14,0.0
20230817:0411,0.0,4.96,6.49,14.89,2.0,0.0
20230817:0511,15.29,31.38,14.04,15.57,2.0,0.0
20230817:0611,53.45,80.69,21.68,16.68,2.0,0.0
20230817:0711,209.13,266.08,28.99,17.18,1.52,0.0
20230817:0811,290.9,365.31,35.49,18.13,1.45,0.0
20230817:0911,287.79,363.38,40.59,19.0,1.52,0.0
20230817:1011,168.16,220.11,43.62,19.46,1.66,0.0
20230817:1111,230.83,294.99,44.1,19.52,1.93,0.0
20230817:1211,216.16,276.82,41.92,19.37,2.14,0.0
20230817:1311,143.07,189.62,37.47,19.37,2.21,0.0
20230817:1411,325.7,407.13,31.39,19.06,2.34,0.0
20230817:1511,220.46,282.47,24.3,18.41,2.41,0.0
20230817:1611,139.31,209.0,16.73,17.58,2.34,0.0
20230817:1711,29.95,51.26,9.1,16.93,2.0,0.0
20230817:1811,0.0,4.96,1.8,16.34,1.52,0.0
20230817:1911,0.0,0.0,0.0,15.8,1.86,0.0
20230817:2011,0.0,0.0,0.0,15.46,2.0,0.0
20230817:2111,0.0,0.0,0.0,15.22,2.0,0.0
20230817:2211,0.0,0.0,0.0,15.01,1.93,0.0
20230817:2311,0.0,0.0,0.0,14.78,2.07,0.0
20230818:0011,0.0,0.0,0.0,14.52,2.28,0.0
20230818:0111,0.0,0.0,0.0,14.27,2.41,0.0
20230818:0211,0.0,0.0,0.0,14.11,2.41,0.0
20230818:0311,0.0,0.0,0.0,13.91,2.48,0.0
20230818:0411,0.0,4.96,6.24,13.94,2.41,0.0
20230818:0511,8.6,21.52,13.8,14.51,2.21,0.0
20230818:0611,15.29,31.38,21.43,15.57,2.28,0.0
20230818:0711,77.89,110.27,28.74,17.12,3.38,0.0
20230818:0811,295.39,366.33,35.22,18.06,3.66,0.0
20230818:0911,419.03,516.08,40.3,18.58,3.93,0.0
20230818:1011,538.25,666.17,43.31,19.1,4.14,0.0
20230818:1111,492.44,606.88,43.77,18.92,4.41,0.0
20230818:1211,518.25,636.88,41.59,18.69,4.69,0.0
20230818:1311,357.37,438.93,37.15,18.63,5.1,0.0
20230818:1411,218.74,275.39,31.08,18.37,5.38,0.0
20230818:1511,54.01,81.58,24.0,17.81,4.28,0.0
20230818:1611,78.87,113.65,16.43,17.16,3.66,0.0
20230818:1711,20.04,38.04,8.8,16.44,3.66,0.0
20230818:1811,0.0,0.83,1.49,15.88,3.93,0.0
20230818:1911,0.0,0.0,0.0,15.79,3.72,0.0
20230818:2011,0.0,0.0,0.0,15.54,3.52,0.0
20230818:2111,0.0,0.0,0.0,15.41,3.52,0.0
20230818:2211,0.0,0.0,0.0,15.23,3.45,0.0
20230818:2311,0.0,0.0,0.0,15.05,3.59,0.0
20230819:0011,0.0,0.0,0.0,15.03,3.66,0.0
20230819:0111,0.0,0.0,0.0,15.0,3.86,0.0
20230819:0211,0.0,0.0,0.0,14.92,3.86,0.0
20230819:0311,0.0,0.0,0.0,14.85,3.86,0.0
20230819:0411,1.81,9.92,5.99,14.87,3.72,0.0
20230819:0511,60.44,92.06,13.55,15.49,3.72,0.0
20230819:0611,164.06,213.63,21.19,16.31,4.9,0.0
20230819:0711,143.65,186.93,28.48,16.54,4.34,0.0
20230819:0811,151.04,196.14,34.95,17.09,4.28,0.0
20230819:0911,176.31,225.96,40.0,17.37,4.34,0.0
20230819:1011,170.65,220.17,43.0,18.01,4.14,0.0
20230819:1111,93.94,130.0,43.45,18.47,4.14,0.0
20230819:1211,119.55,160.48,41.27,18.59,4.14,0.0
20230819:1311,258.89,323.47,36.83,18.51,4.28,0.0
20230819:1411,285.24,354.37,30.77,18.5,4.14,0.0
20230819:1511,168.79,218.84,23.69,17.97,3.86,0.0
20230819:1611,104.37,150.35,16.12,17.65,3.52,0.0
20230819:1711,18.74,36.38,8.49,17.21,2.97,0.0
20230819:1811,0.0,0.0,0.0,16.68,2.9,0.0
20230819:1911,0.0,0.0,0.0,15.83,2.83,0.0
20230819:2011,0.0,0.0,0.0,15.43,2.76,0.0
20230819:2111,0.0,0.0,0.0,15.19,2.83,0.0
20230819:2211,0.0,0.0,0.0,14.99,2.69,0.0
20230819:2311,0.0,0.0,0.0,14.88,2.55,0.0
20230820:0011,0.0,0.0,0.0,14.77,2.55,0.0
20230820:0111,0.0,0.0,0.0,14.79,2.76,0.0
20230820:0211,0.0,0.0,0.0,14.75,2.83,0.0
20230820:0311,0.0,0.0,0.0,14.74,2.83,0.0
20230820:0411,0.0,4.13,5.74,14.76,2.9,0.0
20230820:0511,8.57,21.52,13.31,15.27,3.79,0.0
20230820:0611,47.17,72.62,20.94,15.91,3.66,0.0
20230820:0711,84.16,117.44,28.22,16.52,3.52,0.0
20230820:0811,112.69,151.51,34.67,16.94,3.1,0.0
20230820:0911,162.54,210.11,39.7,17.21,3.45,0.0
20230820:1011,172.33,221.89,42.68,17.35,3.24,0.0
20230820:1111,144.85,189.93,43.12,17.56,2.97,0.0
20230820:1211,115.38,155.1,40.93,17.47,2.9,0.0
20230820:1311,50.45,77.1,36.51,17.25,2.97,0.0
20230820:1411,38.21,61.86,30.45,17.25,2.76,0.0
20230820:1511,12.67,27.79,23.38,16.92,2.0,0.0
20230820:1611,13.3,28.69,15.81,16.79,1.79,0.0
20230820:1711,16.98,33.9,8.18,16.72,1.86,0.0
20230820:1811,0.0,0.0,0.0,16.45,1.45,0.0
20230820:1911,0.0,0.0,0.0,15.59,1.93,0.0
20230820:2011,0.0,0.0,0.0,15.62,1.66,0.0
20230820:2111,0.0,0.0,0.0,15.7,1.38,0.0
20230820:2211,0.0,0.0,0.0,15.7,1.24,0.0
20230820:2311,0.0,0.0,0.0,15.79,1.24,0.0
20230821:0011,0.0,0.0,0.0,15.84,1.24,0.0
20230821:0111,0.0,0.0,0.0,15.75,1.17,0.0
20230821:0211,0.0,0.0,0.0,15.6,1.38,0.0
20230821:0311,0.0,0.0,0.0,15.57,1.59,0.0
20230821:0411,0.0,4.96,5.48,15.55,1.66,0.0
20230821:0511,10.92,25.1,13.06,15.69,2.41,0.0
20230821:0611,138.88,183.53,20.69,16.0,2.76,0.0
20230821:0711,247.37,308.57,27.96,16.53,2.97,0.0
20230821:0811,422.9,520.6,34.4,17.58,2.97,0.0
20230821:0911,451.21,560.13,39.4,18.72,2.83,0.0
20230821:1011,644.66,816.08,42.36,19.66,2.97,0.0
20230821:1111,720.3,919.96,42.78,20.22,3.24,0.0
20230821:1211,517.57,647.19,40.6,20.27,3.31,0.0
20230821:1311,561.53,701.19,36.18,20.27,3.59,0.0
20230821:1411,409.41,507.74,30.13,19.98,3.79,0.0
20230821:1511,256.59,327.96,23.06,19.47,3.17,0.0
20230821:1611,109.52,161.19,15.5,19.09,3.17,0.0
20230821:1711,22.24,41.34,7.87,18.6,3.1,0.0
20230821:1811,0.0,0.0,0.0,17.98,3.17,0.0
20230821:1911,0.0,0.0,0.0,17.3,3.1,0.0
20230821:2011,0.0,0.0,0.0,16.98,3.24,0.0
20230821:2111,0.0,0.0,0.0,16.63,3.45,0.0
20230821:2211,0.0,0.0,0.0,16.31,3.52,0.0
20230821:2311,0.0,0.0,0.0,15.89,3.52,0.0
20230822:0011,0.0,0.0,0.0,15.66,3.52,0.0
20230822:0111,0.0,0.0,0.0,15.32,3.52,0.0
20230822:0211,0.0,0.0,0.0,15.1,3.45,0.0
20230822:0311,0.0,0.0,0.0,14.81,3.45,0.0
20230822:0411,0.68,7.44,5.23,14.58,3.31,0.0
20230822:0511,40.82,65.01,12.8,14.92,3.03,0.0
20230822:0611,50.84,77.1,20.43,15.81,3.52,0.0
20230822:0711,123.86,164.02,27.7,16.69,4.34,0.0
20230822:0811,180.08,229.99,34.11,17.32,4.34,0.0
20230822:0911,224.23,282.51,39.1,18.05,4.28,0.0
20230822:1011,397.49,489.41,42.04,18.4,4.07,0.0
20230822:1111,326.76,405.29,42.45,18.96,4.21,0.0
20230822:1211,387.7,478.84,40.26,19.11,4.07,0.0
20230822:1311,513.95,636.24,35.84,19.32,3.72,0.0
20230822:1411,439.14,544.54,29.8,19.58,3.45,0.0
20230822:1511,281.48,358.95,22.74,19.39,3.24,0.0
20230822:1611,105.11,155.51,15.18,19.21,2.97,0.0
20230822:1711,22.86,42.17,7.55,18.44,2.62,0.0
20230822:1811,0.0,0.0,0.0,17.62,2.55,0.0
20230822:1911,0.0,0.0,0.0,16.57,1.79,0.0
20230822:2011,0.0,0.0,0.0,16.08,2.07,0.0
20230822:2111,0.0,0.0,0.0,15.73,2.34,0.0
20230822:2211,0.0,0.0,0.0,15.46,2.48,0.0
20230822:2311,0.0,0.0,0.0,15.13,2.69,0.0
20230823:0011,0.0,0.0,0.0,14.84,2.9,0.0
20230823:0111,0.0,0.0,0.0,14.58,2.9,0.0
20230823:0211,0.0,0.0,0.0,14.34,2.69,0.0
20230823:0311,0.0,0.0,0.0,14.08,2.55,0.0
20230823:0411,5.49,16.54,4.97,13.94,2.55,0.0
20230823:0511,29.55,50.21,12.55,14.4,2.97,0.0
20230823:0611,66.77,96.27,20.18,15.3,3.1,0.0
20230823:0711,177.02,225.53,27.43,15.87,3.03,0.0
20230823:0811,294.83,364.16,33.83,16.78,3.1,0.0
20230823:0911,452.2,558.6,38.8,17.99,2.97,0.0
20230823:1011,720.33,922.12,41.71,19.0,2.55,0.0
20230823:1111,787.13,1020.05,42.11,19.69,2.69,0.0
20230823:1211,600.13,758.22,39.92,20.15,2.83,0.0
20230823:1311,590.39,743.52,35.51,20.16,2.83,0.0
20230823:1411,412.53,514.29,29.47,19.96,2.9,0.0
20230823:1511,260.77,334.47,22.42,19.77,2.83,0.0
20230823:1611,96.62,143.28,14.86,19.29,2.48,0.0
20230823:1711,21.0,39.69,7.23,18.63,2.28,0.0
20230823:1811,0.0,0.0,0.0,17.81,2.41,0.0
20230823:1911,0.0,0.0,0.0,16.81,2.34,0.0
20230823:2011,0.0,0.0,0.0,16.29,2.21,0.0
20230823:2111,0.0,0.0,0.0,16.0,2.0,0.0
20230823:2211,0.0,0.0,0.0,15.82,2.07,0.0
20230823:2311,0.0,0.0,0.0,15.73,2.34,0.0
20230824:0011,0.0,0.0,0.0,15.62,2.41,0.0
20230824:0111,0.0,0.0,0.0,15.45,2.41,0.0
20230824:0211,0.0,0.0,0.0,15.36,2.34,0.0
20230824:0311,0.0,0.0,0.0,15.03,2.28,0.0
20230824:0411,0.0,3.31,4.71,14.8,2.14,0.0
20230824:0511,28.05,48.41,12.3,14.98,2.0,0.0
20230824:0611,160.68,209.99,19.92,15.64,3.03,0.0
20230824:0711,144.67,188.21,27.16,16.02,2.76,0.0
20230824:0811,360.81,444.07,33.55,16.88,2.62,0.0
20230824:0911,211.76,269.66,38.49,17.99,2.07,0.0
20230824:1011,302.34,380.28,41.38,18.82,1.72,0.0
20230824:1111,696.71,904.38,41.76,19.39,1.66,0.0
20230824:1211,557.28,706.33,39.57,19.61,1.93,0.0
20230824:1311,428.11,536.44,35.17,19.8,2.07,0.0
20230824:1411,263.87,333.27,29.14,19.61,2.21,0.0
20230824:1511,228.33,292.74,22.09,18.42,2.62,0.0
20230824:1611,105.83,158.81,14.54,18.0,2.07,0.0
20230824:1711,18.67,36.38,6.9,17.76,1.31,0.0
20230824:1811,0.0,0.0,0.0,17.36,1.45,0.0
20230824:1911,0.0,0.0,0.0,16.53,1.93,0.0
20230824:2011,0.0,0.0,0.0,16.17,1.79,0.0
20230824:2111,0.0,0.0,0.0,15.96,1.59,0.0
20230824:2211,0.0,0.0,0.0,15.7,1.38,0.0
20230824:2311,0.0,0.0,0.0,15.11,1.66,0.0
20230825:0011,0.0,0.0,0.0,14.88,1.66,0.0
20230825:0111,0.0,0.0,0.0,14.45,1.24,0.0
20230825:0211,0.0,0.0,0.0,14.04,0.9,0.0
20230825:0311,0.0,0.0,0.0,14.6,0.41,0.0
20230825:0411,0.0,3.31,4.45,14.75,0.34,0.0
20230825:0511,12.88,27.79,12.04,13.86,1.1,0.0
20230825:0611,10.95,25.1,19.66,15.1,1.31,0.0
20230825:0711,24.47,43.93,26.89,16.0,1.24,0.0
20230825:0811,73.5,104.89,33.26,16.37,1.79,0.0
20230825:0911,178.61,228.98,38.18,16.53,2.14,0.0
20230825:1011,174.08,223.88,41.05,16.83,2.41,0.0
20230825:1111,178.61,229.3,41.42,16.83,2.34,0.0
20230825:1211,132.33,174.82,39.22,16.69,2.21,0.0
20230825:1311,55.08,82.48,34.82,16.07,2.0,0.0
20230825:1411,47.79,73.51,28.8,15.94,1.66,0.0
20230825:1511,35.68,58.27,21.76,15.41,1.59,0.0
20230825:1611,27.99,48.41,14.21,15.32,1.52,0.0
20230825:1711,4.48,14.88,6.57,14.95,1.86,0.0
20230825:1811,0.0,0.0,0.0,14.74,2.28,0.0
20230825:1911,0.0,0.0,0.0,14.73,1.86,0.0
20230825:2011,0.0,0.0,0.0,14.37,1.66,0.0
20230825:2111,0.0,0.0,0.0,14.08,2.0,0.0
20230825:2211,0.0,0.0,0.0,14.12,2.28,0.0
20230825:2311,0.0,0.0,0.0,14.3,2.41,0.0
20230826:0011,0.0,0.0,0.0,14.75,2.48,0.0
20230826:0111,0.0,0.0,0.0,14.81,2.62,0.0
20230826:0211,0.0,0.0,0.0,14.9,3.03,0.0
20230826:0311,0.0,0.0,0.0,14.96,3.31,0.0
20230826:0411,0.0,4.13,4.19,15.04,3.38,0.0
20230826:0511,3.65,13.45,11.78,15.23,3.52,0.0
20230826:0611,63.78,92.73,19.4,15.53,3.52,0.0
20230826:0711,69.32,99.51,26.62,15.93,3.17,0.0
20230826:0811,41.98,66.34,32.97,16.34,3.1,0.0
20230826:0911,76.52,108.48,37.87,17.0,4.21,0.0
20230826:1011,103.52,140.75,40.71,17.49,4.48,0.0
20230826:1111,62.93,92.34,41.07,17.55,4.62,0.0
20230826:1211,88.48,122.82,38.87,17.15,4.0,0.0
20230826:1311,32.66,54.69,34.47,16.97,4.28,0.0
20230826:1411,30.57,52.0,28.46,16.99,4.28,0.0
20230826:1511,28.49,49.31,21.43,16.99,4.34,0.0
20230826:1611,30.6,52.0,13.88,16.78,4.07,0.0
20230826:1711,1.39,9.1,6.24,16.69,3.86,0.0
20230826:1811,0.0,0.0,0.0,16.69,3.72,0.0
20230826:1911,0.0,0.0,0.0,16.63,3.45,0.0
20230826:2011,0.0,0.0,0.0,16.67,3.52,0.0
20230826:2111,0.0,0.0,0.0,16.78,3.52,0.0
20230826:2211,0.0,0.0,0.0,16.91,3.52,0.0
20230826:2311,0.0,0.0,0.0,16.65,3.45,0.0
20230827:0011,0.0,0.0,0.0,16.41,3.24,0.0
20230827:0111,0.0,0.0,0.0,16.04,3.1,0.0
20230827:0211,0.0,0.0,0.0,15.81,2.97,0.0
20230827:0311,0.0,0.0,0.0,15.42,2.83,0.0
20230827:0411,0.67,7.44,3.93,15.07,2.69,0.0
20230827:0511,63.36,103.87,11.52,14.99,2.41,0.0
20230827:0611,198.97,257.5,19.14,15.19,2.55,0.0
20230827:0711,256.03,316.7,26.35,15.44,3.24,0.0
20230827:0811,405.09,493.72,32.67,16.14,3.38,0.0
20230827:0911,566.25,697.04,37.55,17.09,3.52,0.0
20230827:1011,758.58,959.65,40.38,18.17,3.45,0.0
20230827:1111,732.19,932.82,40.72,18.87,2.97,0.0
20230827:1211,407.56,504.86,38.51,19.18,3.38,0.0
20230827:1311,437.31,540.04,34.12,19.29,3.72,0.0
20230827:1411,250.28,314.37,28.12,18.99,3.52,0.0
20230827:1511,87.2,122.16,21.09,18.47,3.38,0.0
20230827:1611,37.34,61.02,13.54,17.55,3.17,0.0
20230827:1711,1.38,9.1,5.9,16.96,2.9,0.0
20230827:1811,0.0,0.0,0.0,16.28,2.62,0.0
20230827:1911,0.0,0.0,0.0,15.38,2.69,0.0
20230827:2011,0.0,0.0,0.0,15.22,2.48,0.0
20230827:2111,0.0,0.0,0.0,15.17,2.28,0.0
20230827:2211,0.0,0.0,0.0,15.06,2.34,0.0
20230827:2311,0.0,0.0,0.0,15.0,2.28,0.0
20230828:0011,0.0,0.0,0.0,14.98,2.14,0.0
20230828:0111,0.0,0.0,0.0,14.88,2.21,0.0
20230828:0211,0.0,0.0,0.0,14.85,2.14,0.0
20230828:0311,0.0,0.0,0.0,14.89,1.93,0.0
20230828:0411,0.0,2.48,3.66,14.79,1.93,0.0
20230828:0511,5.21,16.14,11.26,14.93,1.86,0.0
20230828:0611,27.39,47.52,18.87,14.76,2.0,0.0
20230828:0711,45.92,70.83,26.07,14.71,2.07,0.0
20230828:0811,107.02,143.44,32.38,14.23,2.0,0.0
20230828:0911,452.77,551.66,37.23,14.3,2.34,0.0
20230828:1011,204.75,257.45,40.04,14.53,2.07,0.0
20230828:1111,173.17,221.39,40.36,14.78,1.59,0.0
20230828:1211,116.96,156.0,38.15,15.34,1.52,0.0
20230828:1311,115.05,154.08,33.77,15.98,1.59,0.0
20230828:1411,116.89,156.15,27.77,16.28,2.21,0.0
20230828:1511,201.9,258.62,20.75,16.41,2.55,0.0
20230828:1611,94.67,143.53,13.2,15.77,2.48,0.0
20230828:1711,13.57,28.94,5.56,15.54,2.62,0.0
20230828:1811,0.0,0.0,0.0,14.87,2.41,0.0
20230828:1911,0.0,0.0,0.0,14.59,2.55,0.0
20230828:2011,0.0,0.0,0.0,14.31,2.69,0.0
20230828:2111,0.0,0.0,0.0,14.07,2.69,0.0
20230828:2211,0.0,0.0,0.0,13.88,2.69,0.0
20230828:2311,0.0,0.0,0.0,13.76,2.69,0.0
20230829:0011,0.0,0.0,0.0,13.47,2.83,0.0
20230829:0111,0.0,0.0,0.0,13.28,2.76,0.0
20230829:0211,0.0,0.0,0.0,13.12,2.62,0.0
20230829:0311,0.0,0.0,0.0,12.94,2.62,0.0
20230829:0411,1.05,8.27,3.4,12.81,2.55,0.0
20230829:0511,61.0,100.35,11.0,13.14,2.34,0.0
20230829:0611,246.56,316.26,18.61,13.96,2.76,0.0
20230829:0711,429.65,521.97,25.79,14.59,3.24,0.0
20230829:0811,585.17,719.3,32.08,15.38,2.69,0.0
20230829:0911,703.76,885.92,36.91,16.3,2.41,0.0
20230829:1011,787.38,1010.48,39.69,17.14,2.41,0.0
20230829:1111,766.26,983.32,40.0,17.94,2.48,0.0
20230829:1211,695.46,880.13,37.79,18.29,2.76,0.0
20230829:1311,554.8,687.93,33.41,18.12,3.03,0.0
20230829:1411,465.28,573.69,27.42,17.6,2.97,0.0
20230829:1511,129.38,172.0,20.4,17.02,2.76,0.0
20230829:1611,33.43,55.58,12.86,16.36,2.76,0.0
20230829:1711,6.94,19.02,5.22,15.85,2.55,0.0
20230829:1811,0.0,0.0,0.0,15.1,2.34,0.0
20230829:1911,0.0,0.0,0.0,14.74,2.28,0.0
20230829:2011,0.0,0.0,0.0,14.55,1.79,0.0
20230829:2111,0.0,0.0,0.0,14.43,1.45,0.0
20230829:2211,0.0,0.0,0.0,14.37,1.45,0.0
20230829:2311,0.0,0.0,0.0,14.35,1.17,0.0
20230830:0011,0.0,0.0,0.0,14.1,0.69,0.0
20230830:0111,0.0,0.0,0.0,13.96,0.69,0.0
20230830:0211,0.0,0.0,0.0,14.44,0.34,0.0
20230830:0311,0.0,0.0,0.0,14.6,0.28,0.0
20230830:0411,0.0,2.48,3.13,13.3,1.31,0.0
20230830:0511,2.24,10.76,10.74,13.77,1.31,0.0
20230830:0611,19.98,37.65,18.34,14.11,1.17,0.0
20230830:0711,106.4,142.68,25.51,14.52,2.34,0.0
20230830:0811,228.06,283.41,31.78,14.64,2.55,0.0
20230830:0911,254.65,315.44,36.59,15.33,2.76,0.0
20230830:1011,477.19,586.16,39.35,16.65,2.97,0.0
20230830:1111,123.66,164.96,39.64,17.53,2.83,0.0
20230830:1211,91.82,127.31,37.43,17.76,2.83,0.0
20230830:1311,43.73,69.03,33.05,18.17,2.83,0.0
20230830:1411,40.86,65.45,27.07,18.22,2.9,0.0
20230830:1511,29.71,51.1,20.05,17.92,3.03,0.0
20230830:1611,69.98,107.16,12.51,17.5,2.76,0.0
20230830:1711,5.89,17.36,4.87,16.72,2.28,0.0
20230830:1811,0.0,0.0,0.0,15.81,2.14,0.0
20230830:1911,0.0,0.0,0.0,15.5,1.72,0.0
20230830:2011,0.0,0.0,0.0,15.16,1.79,0.0
20230830:2111,0.0,0.0,0.0,14.77,1.79,0.0
20230830:2211,0.0,0.0,0.0,14.48,1.93,0.0
20230830:2311,0.0,0.0,0.0,14.04,2.34,0.0
20230831:0011,0.0,0.0,0.0,13.51,2.69,0.0
20230831:0111,0.0,0.0,0.0,13.11,2.83,0.0
20230831:0211,0.0,0.0,0.0,12.92,2.97,0.0
20230831:0311,0.0,0.0,0.0,12.79,3.03,0.0
20230831:0411,0.0,3.31,2.86,12.69,2.97,0.0
20230831:0511,24.89,43.93,10.47,12.93,2.83,0.0
20230831:0611,210.93,270.99,18.07,13.67,2.76,0.0
20230831:0711,421.12,512.84,25.23,14.61,2.83,0.0
20230831:0811,559.49,685.47,31.48,15.76,2.97,0.0
20230831:0911,572.59,708.07,36.26,16.87,2.9,0.0
20230831:1011,612.05,765.49,39.0,17.94,2.83,0.0
20230831:1111,585.34,735.67,39.28,18.79,2.55,0.0
20230831:1211,519.25,653.03,37.06,19.15,2.0,0.0
20230831:1311,348.03,435.85,32.69,19.04,1.59,0.0
20230831:1411,201.27,258.17,26.71,18.49,1.17,0.0
20230831:1511,244.67,316.02,19.7,18.25,1.45,0.0
20230831:1611,68.53,105.68,12.17,17.61,1.1,0.0
20230831:1711,4.42,14.88,4.52,16.95,1.52,0.0
20230831:1811,0.0,0.0,0.0,16.17,1.79,0.0
20230831:1911,0.0,0.0,0.0,15.7,0.55,0.0
20230831:2011,0.0,0.0,0.0,15.32,0.69,0.0
20230831:2111,0.0,0.0,0.0,14.71,1.03,0.0
20230831:2211,0.0,0.0,0.0,14.44,0.9,0.0
20230831:2311,0.0,0.0,0.0,13.99,0.97,0.0
20230901:0011,0.0,0.0,0.0,14.53,0.48,0.0
20230901:0111,0.0,0.0,0.0,14.67,0.34,0.0
20230901:0211,0.0,0.0,0.0,14.35,0.34,0.0
20230901:0311,0.0,0.0,0.0,13.05,0.55,0.0
20230901:0411,0.0,1.65,2.59,12.53,1.03,0.0
20230901:0511,5.27,16.14,10.21,13.09,1.31,0.0
20230901:0611,19.99,37.65,17.8,14.06,1.38,0.0
20230901:0711,14.77,30.48,24.95,14.1,2.48,0.0
20230901:0811,71.45,101.31,31.18,13.88,2.34,0.0
20230901:0911,51.97,78.0,35.94,14.02,2.34,0.0
20230901:1011,63.02,91.45,38.65,14.32,2.07,0.0
20230901:1111,84.19,116.55,38.92,14.22,2.28,0.0
20230901:1211,289.73,356.37,36.69,14.33,1.93,0.0
20230901:1311,515.48,638.39,32.32,14.52,1.17,0.0
20230901:1411,285.95,353.69,26.35,14.55,1.1,0.0
20230901:1511,257.9,327.36,19.35,14.47,1.38,0.0
20230901:1611,77.93,120.38,11.81,14.36,1.31,0.0
20230901:1711,8.07,20.67,4.17,14.09,1.1,0.0
20230901:1811,0.0,0.0,0.0,13.76,1.1,0.0
20230901:1911,0.0,0.0,0.0,13.98,0.97,0.0
20230901:2011,0.0,0.0,0.0,12.17,1.17,0.0
20230901:2111,0.0,0.0,0.0,10.9,1.1,0.0
20230901:2211,0.0,0.0,0.0,10.58,1.1,0.0
20230901:2311,0.0,0.0,0.0,10.54,1.24,0.0
20230902:0011,0.0,0.0,0.0,10.35,1.31,0.0
20230902:0111,0.0,0.0,0.0,10.61,1.24,0.0
20230902:0211,0.0,0.0,0.0,10.99,1.24,0.0
20230902:0311,0.0,0.0,0.0,10.64,1.52,0.0
20230902:0411,0.0,1.65,2.32,10.69,1.66,0.0
20230902:0511,1.83,9.86,9.94,11.62,1.86,0.0
20230902:0611,134.33,176.62,17.53,12.82,2.28,0.0
20230902:0711,55.78,82.48,24.66,13.67,2.41,0.0
20230902:0811,138.21,179.19,30.87,13.98,2.62,0.0
20230902:0911,172.71,219.11,35.61,14.19,3.03,0.0
20230902:1011,118.02,156.0,38.3,14.36,3.38,0.0
20230902:1111,83.5,115.65,38.55,14.5,3.72,0.0
20230902:1211,128.85,168.55,36.32,14.74,4.34,0.0
20230902:1311,57.05,84.27,31.95,14.91,4.76,0.0
20230902:1411,45.27,69.93,25.99,14.81,4.69,0.0
20230902:1511,71.65,101.61,18.99,14.44,4.69,0.0
20230902:1611,50.59,78.55,11.46,14.27,4.62,0.0
20230902:1711,3.11,12.4,3.82,13.95,4.07,0.0
20230902:1811,0.0,0.0,0.0,13.3,3.79,0.0
20230902:1911,0.0,0.0,0.0,13.2,3.38,0.0
20230902:2011,0.0,0.0,0.0,12.88,3.24,0.0
20230902:2111,0.0,0.0,0.0,12.52,3.24,0.0
20230902:2211,0.0,0.0,0.0,12.27,3.17,0.0
20230902:2311,0.0,0.0,0.0,12.14,3.1,0.0
20230903:0011,0.0,0.0,0.0,12.01,2.97,0.0
20230903:0111,0.0,0.0,0.0,11.9,2.69,0.0
20230903:0211,0.0,0.0,0.0,11.84,2.55,0.0
20230903:0311,0.0,0.0,0.0,11.9,2.34,0.0
20230903:0411,0.0,0.83,2.05,12.04,2.07,0.0
20230903:0511,55.52,96.1,9.67,12.29,1.72,0.0
20230903:0611,244.59,315.41,17.25,13.14,1.31,0.0
20230903:0711,243.87,302.0,24.38,14.07,1.93,0.0
20230903:0811,589.33,727.93,30.57,15.28,2.21,0.0
20230903:0911,682.2,857.15,35.27,16.41,2.34,0.0
20230903:1011,587.94,732.97,37.94,17.37,2.62,0.0
20230903:1111,392.43,486.22,38.18,18.01,2.48,0.0
20230903:1211,529.85,661.1,35.94,18.33,2.41,0.0
20230903:1311,88.43,123.72,31.58,18.42,2.21,0.0
20230903:1411,48.7,75.31,25.62,18.24,2.14,0.0
20230903:1511,56.0,84.27,18.63,18.05,2.0,0.0
20230903:1611,65.3,103.06,11.1,17.43,2.0,0.0
20230903:1711,2.62,11.58,3.46,16.45,2.28,0.0
20230903:1811,0.0,0.0,0.0,15.47,2.41,0.0
20230903:1911,0.0,0.0,0.0,14.75,2.62,0.0
20230903:2011,0.0,0.0,0.0,14.46,2.83,0.0
20230903:2111,0.0,0.0,0.0,14.53,2.97,0.0
20230903:2211,0.0,0.0,0.0,14.62,3.1,0.0
20230903:2311,0.0,0.0,0.0,14.53,3.17,0.0
20230904:0011,0.0,0.0,0.0,14.28,3.03,0.0
20230904:0111,0.0,0.0,0.0,14.02,2.97,0.0
20230904:0211,0.0,0.0,0.0,13.75,3.03,0.0
20230904:0311,0.0,0.0,0.0,13.83,3.24,0.0
20230904:0411,0.0,0.83,1.77,13.99,3.45,0.0
20230904:0511,54.13,96.42,9.4,14.56,3.38,0.0
20230904:0611,232.83,301.31,16.98,15.44,3.17,0.0
20230904:0711,332.63,407.93,24.09,16.63,3.79,0.0
20230904:0811,477.27,586.98,30.26,17.55,2.97,0.0
20230904:0911,668.72,846.44,34.94,18.6,2.48,0.0
20230904:1011,751.01,970.89,37.59,19.51,2.34,0.0
20230904:1111,729.97,945.51,37.81,20.46,2.34,0.0
20230904:1211,600.28,761.94,35.57,21.02,2.69,0.0
20230904:1311,609.34,770.83,31.2,21.35,3.03,0.0
20230904:1411,461.4,577.65,25.25,21.37,3.38,0.0
20230904:1511,277.61,360.72,18.27,21.01,3.52,0.0
20230904:1611,76.1,126.22,10.74,20.25,3.72,0.0
20230904:1711,3.44,13.23,3.1,19.27,3.93,0.0
20230904:1811,0.0,0.0,0.0,18.39,4.0,0.0
20230904:1911,0.0,0.0,0.0,18.17,4.28,0.0
20230904:2011,0.0,0.0,0.0,18.01,4.21,0.0
20230904:2111,0.0,0.0,0.0,17.74,4.21,0.0
20230904:2211,0.0,0.0,0.0,17.32,4.07,0.0
20230904:2311,0.0,0.0,0.0,16.79,4.0,0.0
20230905:0011,0.0,0.0,0.0,16.31,3.93,0.0
20230905:0111,0.0,0.0,0.0,15.95,4.0,0.0
20230905:0211,0.0,0.0,0.0,15.62,4.14,0.0
20230905:0311,0.0,0.0,0.0,15.37,4.14,0.0
20230905:0411,0.0,1.65,1.5,15.1,4.14,0.0
20230905:0511,43.67,74.82,9.13,15.2,4.28,0.0
20230905:0611,103.41,141.02,16.7,15.79,4.0,0.0
20230905:0711,409.98,496.81,23.8,16.45,5.45,0.0
20230905:0811,583.94,707.64,29.95,17.19,5.52,0.0
20230905:0911,706.27,868.32,34.61,18.11,5.52,0.0
20230905:1011,775.57,972.73,37.23,19.21,4.83,0.0
20230905:1111,754.98,953.51,37.43,20.43,4.55,0.0
20230905:1211,650.31,815.44,35.19,21.29,4.55,0.0
20230905:1311,620.21,776.37,30.83,21.71,4.48,0.0
20230905:1411,462.41,577.03,24.88,21.84,4.28,0.0
20230905:1511,265.04,345.68,17.91,21.63,3.79,0.0
20230905:1611,72.21,121.13,10.38,21.0,3.17,0.0
20230905:1711,1.73,9.92,2.74,19.95,2.48,0.0
20230905:1811,0.0,0.0,0.0,18.63,2.0,0.0
20230905:1911,0.0,0.0,0.0,17.02,3.52,0.0
20230905:2011,0.0,0.0,0.0,15.88,4.07,0.0
20230905:2111,0.0,0.0,0.0,15.64,3.66,0.0
20230905:2211,0.0,0.0,0.0,15.67,2.9,0.0
20230905:2311,0.0,0.0,0.0,15.62,2.28,0.0
20230906:0011,0.0,0.0,0.0,15.59,1.72,0.0
20230906:0111,0.0,0.0,0.0,15.43,1.31,0.0
20230906:0211,0.0,0.0,0.0,15.33,1.1,0.0
20230906:0311,0.0,0.0,0.0,15.18,1.45,0.0
20230906:0411,0.0,0.0,0.0,14.81,1.93,0.0
20230906:0511,54.92,102.57,8.86,14.56,2.34,0.0
20230906:0611,249.77,322.19,16.42,14.5,2.69,0.0
20230906:0711,443.34,539.18,23.51,14.04,2.69,0.0
20230906:0811,591.67,729.24,29.64,14.65,2.14,0.0
20230906:0911,692.48,878.53,34.27,15.39,1.52,0.0
20230906:1011,723.1,937.41,36.87,16.11,1.03,0.0
20230906:1111,723.43,951.83,37.05,16.79,0.62,0.0
20230906:1211,657.65,862.3,34.81,17.31,0.28,0.0
20230906:1311,566.84,726.44,30.45,17.58,0.48,0.0
20230906:1411,406.76,510.33,24.51,17.61,0.9,0.0
20230906:1511,234.77,304.38,17.54,17.38,1.24,0.0
20230906:1611,52.59,85.34,10.02,16.7,1.38,0.0
20230906:1711,0.0,4.13,2.37,15.72,1.72,0.0
20230906:1811,0.0,0.0,0.0,14.8,2.0,0.0
20230906:1911,0.0,0.0,0.0,14.09,2.48,0.0
20230906:2011,0.0,0.0,0.0,13.76,2.34,0.0
20230906:2111,0.0,0.0,0.0,13.61,2.21,0.0
20230906:2211,0.0,0.0,0.0,13.52,2.21,0.0
20230906:2311,0.0,0.0,0.0,13.47,2.28,0.0
20230907:0011,0.0,0.0,0.0,13.38,2.48,0.0
20230907:0111,0.0,0.0,0.0,13.43,2.55,0.0
20230907:0211,0.0,0.0,0.0,13.44,2.69,0.0
20230907:0311,0.0,0.0,0.0,13.53,2.83,0.0
20230907:0411,0.0,0.0,0.0,13.71,2.9,0.0
20230907:0511,43.83,76.63,8.58,14.1,2.83,0.0
20230907:0611,223.05,289.02,16.14,15.12,2.83,0.0
20230907:0711,410.04,501.01,23.21,16.11,3.38,0.0
20230907:0811,458.3,559.3,29.32,17.08,3.66,0.0
20230907:0911,667.59,829.38,33.93,17.81,3.72,0.0
20230907:1011,702.89,880.04,36.5,18.54,3.86,0.0
20230907:1111,729.89,917.43,36.68,18.98,4.0,0.0
20230907:1211,607.36,753.22,34.42,19.15,4.14,0.0
20230907:1311,528.81,650.56,30.07,18.97,4.21,0.0
20230907:1411,372.02,457.78,24.14,18.54,4.14,0.0
20230907:1511,81.46,115.2,17.17,17.91,3.79,0.0
20230907:1611,20.35,38.55,9.65,17.16,3.79,0.0
20230907:1711,0.0,4.96,2.01,16.46,3.66,0.0
20230907:1811,0.0,0.0,0.0,15.84,3.66,0.0
20230907:1911,0.0,0.0,0.0,15.79,3.79,0.0
20230907:2011,0.0,0.0,0.0,15.64,3.59,0.0
20230907:2111,0.0,0.0,0.0,15.58,3.31,0.0
20230907:2211,0.0,0.0,0.0,15.53,3.1,0.0
20230907:2311,0.0,0.0,0.0,15.44,2.9,0.0
20230908:0011,0.0,0.0,0.0,15.31,2.83,0.0
20230908:0111,0.0,0.0,0.0,15.21,2.83,0.0
20230908:0211,0.0,0.0,0.0,15.02,2.9,0.0
20230908:0311,0.0,0.0,0.0,14.83,2.9,0.0
20230908:0411,0.0,0.0,0.0,14.62,2.76,0.0
20230908:0511,9.18,22.41,8.31,14.68,2.62,0.0
20230908:0611,108.19,147.21,15.86,15.43,2.55,0.0
20230908:0711,145.34,189.0,22.92,16.45,2.9,0.0
20230908:0811,390.98,482.61,29.01,17.98,2.48,0.0
20230908:0911,546.85,690.0,33.59,18.74,1.66,0.0
20230908:1011,560.69,718.46,36.14,19.51,1.1,0.0
20230908:1111,564.57,729.46,36.3,20.26,0.9,0.0
20230908:1211,442.75,563.15,34.04,20.81,1.1,0.0
20230908:1311,451.37,571.86,29.69,20.98,1.45,0.0
20230908:1411,216.19,278.27,23.76,20.91,1.52,0.0
20230908:1511,98.03,137.56,16.8,20.64,1.45,0.0
20230908:1611,33.26,58.16,9.29,19.99,1.52,0.0
20230908:1711,0.0,0.83,1.64,19.1,1.93,0.0
20230908:1811,0.0,0.0,0.0,18.06,2.0,0.0
20230908:1911,0.0,0.0,0.0,17.13,2.21,0.0
20230908:2011,0.0,0.0,0.0,16.68,2.28,0.0
20230908:2111,0.0,0.0,0.0,16.42,2.07,0.0
20230908:2211,0.0,0.0,0.0,16.26,1.66,0.0
20230908:2311,0.0,0.0,0.0,16.04,1.72,0.0
20230909:0011,0.0,0.0,0.0,15.77,1.86,0.0
20230909:0111,0.0,0.0,0.0,15.59,1.86,0.0
20230909:0211,0.0,0.0,0.0,15.48,2.0,0.0
20230909:0311,0.0,0.0,0.0,15.36,2.14,0.0
20230909:0411,0.0,0.0,0.0,15.33,2.28,0.0
20230909:0511,39.11,70.59,8.03,15.46,2.28,0.0
20230909:0611,141.9,189.45,15.58,16.28,2.14,0.0
20230909:0711,300.97,373.3,22.62,16.76,2.14,0.0
20230909:0811,245.31,307.7,28.69,18.06,2.48,0.0
20230909:0911,476.19,592.35,33.25,18.86,2.48,0.0
20230909:1011,499.47,624.23,35.77,19.68,2.69,0.0
20230909:1111,210.41,269.71,35.91,20.13,2.69,0.0
20230909:1211,351.85,439.99,33.65,20.39,2.69,0.0
20230909:1311,555.19,695.74,29.3,20.27,2.9,0.0
20230909:1411,305.85,382.05,23.38,19.67,3.1,0.0
20230909:1511,201.37,263.18,16.43,18.79,3.17,0.0
20230909:1611,35.81,61.68,8.92,17.99,3.1,0.0
20230909:1711,0.0,1.65,1.27,17.22,3.1,0.0
20230909:1811,0.0,0.0,0.0,16.78,3.17,0.0
20230909:1911,0.0,0.0,0.0,16.44,3.38,0.0
20230909:2011,0.0,0.0,0.0,16.39,3.52,0.0
20230909:2111,0.0,0.0,0.0,16.43,3.66,0.0
20230909:2211,0.0,0.0,0.0,16.44,3.59,0.0
20230909:2311,0.0,0.0,0.0,16.46,3.38,0.0
20230910:0011,0.0,0.0,0.0,16.29,3.31,0.0
20230910:0111,0.0,0.0,0.0,16.03,3.24,0.0
20230910:0211,0.0,0.0,0.0,15.73,3.17,0.0
20230910:0311,0.0,0.0,0.0,15.49,3.03,0.0
20230910:0411,0.0,0.0,0.0,15.27,2.97,0.0
20230910:0511,9.74,23.31,7.75,15.3,2.97,0.0
20230910:0611,82.26,116.02,15.3,16.14,2.69,0.0
20230910:0711,334.79,413.55,22.32,17.22,2.76,0.0
20230910:0811,436.09,539.01,28.37,18.61,2.76,0.0
20230910:0911,599.27,755.34,32.9,19.74,2.62,0.0
20230910:1011,569.85,720.85,35.4,20.62,2.55,0.0
20230910:1111,505.12,636.37,35.53,21.33,2.76,0.0
20230910:1211,573.19,726.09,33.26,21.75,2.9,0.0
20230910:1311,468.58,589.17,28.92,22.04,2.9,0.0
20230910:1411,292.75,371.21,23.0,22.05,2.62,0.0
20230910:1511,170.98,229.77,16.05,21.91,2.0,0.0
20230910:1611,51.19,91.09,8.54,21.25,1.66,0.0
20230910:1711,0.0,0.0,0.0,20.33,1.66,0.0
20230910:1811,0.0,0.0,0.0,19.55,1.66,0.0
20230910:1911,0.0,0.0,0.0,18.48,2.55,0.0
20230910:2011,0.0,0.0,0.0,17.87,2.48,0.0
20230910:2111,0.0,0.0,0.0,17.46,2.21,0.0
20230910:2211,0.0,0.0,0.0,17.06,2.0,0.0
20230910:2311,0.0,0.0,0.0,16.58,2.07,0.0
20230911:0011,0.0,0.0,0.0,16.25,2.0,0.0
20230911:0111,0.0,0.0,0.0,16.08,1.79,0.0
20230911:0211,0.0,0.0,0.0,16.0,1.66,0.0
20230911:0311,0.0,0.0,0.0,15.75,1.66,0.0
20230911:0411,0.0,0.0,0.0,15.57,1.59,0.0
20230911:0511,3.15,12.55,7.47,15.69,1.52,0.0
20230911:0611,63.13,92.75,15.01,16.44,2.0,0.0
20230911:0711,94.7,130.3,22.03,16.7,1.52,0.0
20230911:0811,149.05,194.76,28.05,17.35,1.66,0.0
20230911:0911,143.51,189.16,32.55,18.24,1.86,0.0
20230911:1011,189.79,244.58,35.03,18.98,1.93,0.0
20230911:1111,337.67,423.23,35.15,19.88,2.14,0.0
20230911:1211,409.9,512.87,32.87,20.22,2.28,0.0
20230911:1311,293.56,368.46,28.53,20.28,2.55,0.0
20230911:1411,331.41,414.2,22.62,19.97,2.83,0.0
20230911:1511,112.86,154.93,15.68,19.36,2.97,0.0
20230911:1611,40.93,71.94,8.17,18.59,2.9,0.0
20230911:1711,0.0,0.0,0.0,17.68,3.03,0.0
20230911:1811,0.0,0.0,0.0,16.8,3.17,0.0
20230911:1911,0.0,0.0,0.0,15.86,3.24,0.0
20230911:2011,0.0,0.0,0.0,15.79,3.17,0.0
20230911:2111,0.0,0.0,0.0,15.77,3.31,0.0
20230911:2211,0.0,0.0,0.0,15.86,3.52,0.0
20230911:2311,0.0,0.0,0.0,15.79,3.66,0.0
20230912:0011,0.0,0.0,0.0,15.74,3.45,0.0
20230912:0111,0.0,0.0,0.0,15.81,3.72,0.0
20230912:0211,0.0,0.0,0.0,15.85,3.79,0.0
20230912:0311,0.0,0.0,0.0,15.97,3.52,0.0
20230912:0411,0.0,0.0,0.0,15.99,2.9,0.0
20230912:0511,0.21,6.28,7.19,16.05,3.52,0.0
20230912:0611,5.16,16.14,14.72,16.55,4.0,0.0
20230912:0711,106.23,143.45,21.72,16.9,3.66,0.0
20230912:0811,78.51,111.17,27.73,17.56,3.79,0.0
20230912:0911,94.82,130.89,32.21,18.12,3.93,0.0
20230912:1011,120.51,161.54,34.66,18.56,4.07,0.0
20230912:1111,78.0,111.17,34.76,18.96,4.14,0.0
20230912:1211,52.85,80.69,32.48,19.39,4.21,0.0
20230912:1311,342.44,423.53,28.14,20.07,4.34,0.0
20230912:1411,230.85,292.47,22.24,20.57,4.21,0.0
20230912:1511,25.29,45.72,15.3,20.31,3.59,0.0
20230912:1611,0.53,7.17,7.8,19.72,3.45,0.0
20230912:1711,0.0,0.0,0.0,18.93,3.17,0.0
20230912:1811,0.0,0.0,0.0,18.35,3.1,0.0
20230912:1911,0.0,0.0,0.0,17.87,2.69,0.0
20230912:2011,0.0,0.0,0.0,17.52,2.48,0.0
20230912:2111,0.0,0.0,0.0,17.1,2.34,0.0
20230912:2211,0.0,0.0,0.0,16.71,2.28,0.0
20230912:2311,0.0,0.0,0.0,16.31,2.28,0.0
20230913:0011,0.0,0.0,0.0,15.8,2.28,0.0
20230913:0111,0.0,0.0,0.0,15.44,2.21,0.0
20230913:0211,0.0,0.0,0.0,14.93,2.28,0.0
20230913:0311,0.0,0.0,0.0,14.58,2.14,0.0
20230913:0411,0.0,0.0,0.0,14.31,2.21,0.0
20230913:0511,4.19,14.34,6.91,14.23,2.28,0.0
20230913:0611,37.3,60.07,14.44,14.61,2.9,0.0
20230913:0711,27.23,47.52,21.42,15.94,2.21,0.0
20230913:0811,73.53,104.89,27.4,16.49,2.34,0.0
20230913:0911,61.15,89.65,31.86,15.72,2.76,0.0
20230913:1011,87.69,121.03,34.29,15.25,3.24,0.0
20230913:1111,87.79,121.03,34.37,15.2,3.86,0.0
20230913:1211,64.44,93.24,32.09,15.04,4.07,0.0
20230913:1311,48.18,73.51,27.75,14.79,3.93,0.0
20230913:1411,57.87,85.17,21.85,14.48,3.86,0.0
20230913:1511,13.49,28.69,14.92,14.39,3.93,0.0
20230913:1611,1.79,9.86,7.42,14.28,4.0,0.0
20230913:1711,0.0,0.0,0.0,14.05,4.07,0.0
20230913:1811,0.0,0.0,0.0,13.83,4.21,0.0
20230913:1911,0.0,0.0,0.0,13.52,3.79,0.0
20230913:2011,0.0,0.0,0.0,13.18,3.93,0.0
20230913:2111,0.0,0.0,0.0,12.79,4.0,0.0
20230913:2211,0.0,0.0,0.0,12.44,4.0,0.0
20230913:2311,0.0,0.0,0.0,12.12,3.86,0.0
20230914:0011,0.0,0.0,0.0,11.75,3.79,0.0
20230914:0111,0.0,0.0,0.0,11.33,3.79,0.0
20230914:0211,0.0,0.0,0.0,10.89,3.86,0.0
20230914:0311,0.0,0.0,0.0,10.47,3.93,0.0
20230914:0411,0.0,0.0,0.0,10.1,4.0,0.0
20230914:0511,45.4,89.07,6.63,9.87,3.93,0.0
20230914:0611,197.53,251.04,14.15,10.21,3.86,0.0
20230914:0711,430.95,511.44,21.12,10.71,4.0,0.0
20230914:0811,593.39,709.08,27.08,11.85,3.79,0.0
20230914:0911,698.31,851.96,31.51,13.02,3.38,0.0
20230914:1011,566.39,688.61,33.92,14.1,3.17,0.0
20230914:1111,435.99,530.75,33.98,14.93,2.69,0.0
20230914:1211,437.38,535.98,31.69,15.32,2.0,0.0
20230914:1311,267.09,331.46,27.36,15.48,1.31,0.0
20230914:1411,12.14,26.9,21.47,15.51,0.62,0.0
20230914:1511,145.88,194.2,14.54,15.18,0.34,0.0
20230914:1611,45.12,82.97,7.04,14.76,0.69,0.0
20230914:1711,0.0,0.0,0.0,14.12,1.1,0.0
20230914:1811,0.0,0.0,0.0,13.51,1.38,0.0
20230914:1911,0.0,0.0,0.0,12.14,0.97,0.0
20230914:2011,0.0,0.0,0.0,11.67,1.31,0.0
20230914:2111,0.0,0.0,0.0,11.32,1.45,0.0
20230914:2211,0.0,0.0,0.0,10.62,1.59,0.0
20230914:2311,0.0,0.0,0.0,11.01,1.93,0.0
20230915:0011,0.0,0.0,0.0,11.58,2.14,0.0
20230915:0111,0.0,0.0,0.0,11.99,2.41,0.0
20230915:0211,0.0,0.0,0.0,12.26,2.76,0.0
20230915:0311,0.0,0.0,0.0,12.43,2.9,0.0
20230915:0411,0.0,0.0,0.0,12.47,2.9,0.0
20230915:0511,32.26,61.98,6.35,12.64,2.76,0.0
20230915:0611,176.09,229.51,13.86,13.36,2.41,0.0
20230915:0711,404.03,488.44,20.81,14.02,3.45,0.0
20230915:0811,529.94,642.41,26.75,14.74,3.24,0.0
20230915:0911,397.65,482.78,31.16,15.44,3.24,0.0
20230915:1011,400.88,487.02,33.54,15.88,3.66,0.0
20230915:1111,433.05,526.22,33.59,16.57,4.14,0.0
20230915:1211,271.41,334.4,31.3,16.94,4.62,0.0
20230915:1311,326.1,397.23,26.97,16.74,4.69,0.0
20230915:1411,46.26,71.72,21.08,16.88,4.97,0.0
20230915:1511,117.6,159.35,14.16,16.8,4.0,0.0
20230915:1611,9.7,23.31,6.67,16.16,3.79,0.0
20230915:1711,0.0,0.0,0.0,15.61,3.93,0.0
20230915:1811,0.0,0.0,0.0,15.36,4.07,0.0
20230915:1911,0.0,0.0,0.0,15.07,4.62,0.0
20230915:2011,0.0,0.0,0.0,15.02,4.76,0.0
20230915:2111,0.0,0.0,0.0,14.87,4.69,0.0
20230915:2211,0.0,0.0,0.0,14.76,4.55,0.0
20230915:2311,0.0,0.0,0.0,14.6,4.34,0.0
20230916:0011,0.0,0.0,0.0,14.34,4.21,0.0
20230916:0111,0.0,0.0,0.0,14.15,4.07,0.0
20230916:0211,0.0,0.0,0.0,14.03,3.86,0.0
20230916:0311,0.0,0.0,0.0,13.86,3.79,0.0
20230916:0411,0.0,0.0,0.0,13.7,3.59,0.0
20230916:0511,10.43,24.21,6.07,13.75,3.38,0.0
20230916:0611,102.89,140.52,13.57,14.25,3.03,0.0
20230916:0711,234.92,290.39,20.51,15.32,4.28,0.0
20230916:0811,261.44,320.95,26.42,16.11,4.76,0.0
20230916:0911,429.13,518.41,30.8,16.54,5.1,0.0
20230916:1011,456.55,551.67,33.17,16.96,5.66,0.0
20230916:1111,479.09,580.03,33.2,17.1,5.38,0.0
20230916:1211,485.6,587.44,30.9,17.17,5.45,0.0
20230916:1311,528.35,639.94,26.57,17.41,5.38,0.0
20230916:1411,322.87,395.37,20.69,17.31,5.03,0.0
20230916:1511,195.47,255.53,13.78,16.93,4.34,0.0
20230916:1611,36.94,71.16,6.29,16.3,4.28,0.0
20230916:1711,0.0,0.0,0.0,15.54,4.0,0.0
20230916:1811,0.0,0.0,0.0,15.11,3.86,0.0
20230916:1911,0.0,0.0,0.0,15.04,4.07,0.0
20230916:2011,0.0,0.0,0.0,14.96,4.21,0.0
20230916:2111,0.0,0.0,0.0,14.95,4.21,0.0
20230916:2211,0.0,0.0,0.0,14.93,4.07,0.0
20230916:2311,0.0,0.0,0.0,14.97,3.72,0.0
20230917:0011,0.0,0.0,0.0,14.91,3.31,0.0
20230917:0111,0.0,0.0,0.0,14.79,2.97,0.0
20230917:0211,0.0,0.0,0.0,14.63,2.83,0.0
20230917:0311,0.0,0.0,0.0,14.34,2.9,0.0
20230917:0411,0.0,0.0,0.0,13.85,3.03,0.0
20230917:0511,0.96,8.07,5.78,13.17,3.72,0.0
20230917:0611,14.27,29.59,13.28,12.53,4.21,0.0
20230917:0711,190.76,236.75,20.2,12.51,4.0,0.0
20230917:0811,244.65,298.23,26.09,13.09,4.0,0.0
20230917:0911,600.15,723.53,30.45,13.5,3.93,0.0
20230917:1011,663.76,811.11,32.79,14.09,3.52,0.0
20230917:1111,705.84,874.76,32.81,14.66,2.97,0.0
20230917:1211,692.63,862.34,30.5,15.09,2.55,0.0
20230917:1311,571.76,704.85,26.18,15.35,2.21,0.0
20230917:1411,394.85,484.79,20.31,15.33,2.07,0.0
20230917:1511,189.31,247.74,13.4,15.06,2.0,0.0
20230917:1611,25.02,49.02,5.91,14.37,1.79,0.0
20230917:1711,0.0,0.0,0.0,13.66,1.93,0.0
20230917:1811,0.0,0.0,0.0,13.21,1.86,0.0
20230917:1911,0.0,0.0,0.0,12.1,2.48,0.0
20230917:2011,0.0,0.0,0.0,11.75,2.41,0.0
20230917:2111,0.0,0.0,0.0,11.55,2.28,0.0
20230917:2211,0.0,0.0,0.0,11.36,2.41,0.0
20230917:2311,0.0,0.0,0.0,11.16,2.55,0.0
20230918:0011,0.0,0.0,0.0,11.06,2.69,0.0
20230918:0111,0.0,0.0,0.0,11.11,2.69,0.0
20230918:0211,0.0,0.0,0.0,11.18,2.83,0.0
20230918:0311,0.0,0.0,0.0,11.17,3.03,0.0
20230918:0411,0.0,0.0,0.0,11.18,3.31,0.0
20230918:0511,22.73,46.97,5.5,11.38,3.45,0.0
20230918:0611,24.31,43.03,12.98,12.2,3.66,0.0
20230918:0711,165.42,208.09,19.89,12.6,3.93,0.0
20230918:0811,226.86,277.54,25.76,13.1,4.62,0.0
20230918:0911,351.75,421.45,30.09,13.67,4.83,0.0
20230918:1011,539.25,644.18,32.41,14.07,5.38,0.0
20230918:1111,272.09,331.05,32.42,14.45,5.31,0.0
20230918:1211,356.5,428.0,30.11,14.56,5.31,0.0
20230918:1311,356.47,427.32,25.78,14.58,5.45,0.0
20230918:1411,198.45,247.01,19.92,14.62,5.45,0.0
20230918:1511,84.64,118.3,13.01,14.71,5.59,0.0
20230918:1611,4.7,15.24,5.53,14.72,4.9,0.0
20230918:1711,0.0,0.0,0.0,14.72,4.83,0.0
20230918:1811,0.0,0.0,0.0,14.96,5.1,0.0
20230918:1911,0.0,0.0,0.0,15.09,5.86,0.0
20230918:2011,0.0,0.0,0.0,15.47,5.66,0.0
20230918:2111,0.0,0.0,0.0,15.72,5.52,0.0
20230918:2211,0.0,0.0,0.0,16.01,5.79,0.0
20230918:2311,0.0,0.0,0.0,16.33,5.93,0.0
20230919:0011,0.0,0.0,0.0,16.51,5.93,0.0
20230919:0111,0.0,0.0,0.0,16.52,5.93,0.0
20230919:0211,0.0,0.0,0.0,16.71,5.86,0.0
20230919:0311,0.0,0.0,0.0,16.77,5.38,0.0
20230919:0411,0.0,0.0,0.0,15.89,4.76,0.0
20230919:0511,17.95,39.18,5.21,15.78,4.62,0.0
20230919:0611,4.66,15.24,12.69,15.79,4.76,0.0
20230919:0711,23.15,42.14,19.58,16.16,4.83,0.0
20230919:0811,42.74,67.24,25.43,16.46,5.1,0.0
20230919:0911,216.92,270.11,29.74,16.83,6.41,0.0
20230919:1011,276.94,339.7,32.03,17.25,6.48,0.0
20230919:1111,345.92,419.21,32.02,17.14,6.62,0.0
20230919:1211,393.38,474.94,29.71,17.54,6.83,0.0
20230919:1311,84.4,117.71,25.39,17.3,6.9,0.0
20230919:1411,46.28,71.72,19.53,16.95,6.48,0.0
20230919:1511,196.71,257.02,12.63,16.4,6.69,0.0
20230919:1611,22.53,48.94,5.15,15.68,6.76,0.0
20230919:1711,0.0,0.0,0.0,14.83,6.41,0.0
20230919:1811,0.0,0.0,0.0,14.27,6.28,0.0
20230919:1911,0.0,0.0,0.0,13.79,5.52,0.0
20230919:2011,0.0,0.0,0.0,13.69,6.69,0.0
20230919:2111,0.0,0.0,0.0,13.26,6.14,0.0
20230919:2211,0.0,0.0,0.0,12.9,6.55,0.0
20230919:2311,0.0,0.0,0.0,13.25,9.45,0.0
20230920:0011,0.0,0.0,0.0,14.4,9.72,0.0
20230920:0111,0.0,0.0,0.0,14.11,8.48,0.0
20230920:0211,0.0,0.0,0.0,13.6,6.28,0.0
20230920:0311,0.0,0.0,0.0,13.27,5.17,0.0
20230920:0411,0.0,0.0,0.0,13.14,5.03,0.0
20230920:0511,0.0,3.59,4.93,13.22,4.9,0.0
20230920:0611,3.7,13.45,12.4,13.55,4.62,0.0
20230920:0711,82.7,114.21,19.27,14.04,4.97,0.0
20230920:0811,105.18,140.85,25.1,14.54,3.86,0.0
20230920:0911,280.07,341.34,29.38,15.12,4.48,0.0
20230920:1011,189.97,239.53,31.65,15.89,4.21,0.0
20230920:1111,277.24,341.35,31.63,16.62,3.93,0.0
20230920:1211,130.57,172.11,29.31,17.0,3.66,0.0
20230920:1311,421.04,511.87,24.99,17.73,4.62,0.0
20230920:1411,379.09,466.14,19.14,18.26,4.21,0.0
20230920:1511,33.9,56.68,12.24,18.4,4.41,0.0
20230920:1611,15.22,35.41,4.76,18.17,4.34,0.0
20230920:1711,0.0,0.0,0.0,17.38,4.14,0.0
20230920:1811,0.0,0.0,0.0,16.99,4.41,0.0
20230920:1911,0.0,0.0,0.0,17.03,4.9,0.0
20230920:2011,0.0,0.0,0.0,16.95,5.03,0.0
20230920:2111,0.0,0.0,0.0,16.9,5.1,0.0
20230920:2211,0.0,0.0,0.0,16.51,4.97,0.0
20230920:2311,0.0,0.0,0.0,16.26,4.97,0.0
20230921:0011,0.0,0.0,0.0,16.01,5.03,0.0
20230921:0111,0.0,0.0,0.0,15.76,4.97,0.0
20230921:0211,0.0,0.0,0.0,15.62,4.9,0.0
20230921:0311,0.0,0.0,0.0,15.51,4.9,0.0
20230921:0411,0.0,0.0,0.0,15.53,4.83,0.0
20230921:0511,19.69,45.32,4.64,15.63,4.76,0.0
20230921:0611,190.64,250.2,12.1,16.13,4.76,0.0
20230921:0711,378.65,460.95,18.96,16.92,4.97,0.0
20230921:0811,522.53,632.1,24.77,17.68,5.66,0.0
20230921:0911,608.03,740.25,29.02,18.26,5.86,0.0
20230921:1011,566.76,690.78,31.27,18.68,5.86,0.0
20230921:1111,652.89,800.48,31.23,18.86,5.86,0.0
20230921:1211,656.32,804.36,28.91,18.82,5.72,0.0
20230921:1311,113.57,152.87,24.59,18.78,5.59,0.0
20230921:1411,362.39,444.66,18.75,18.6,5.38,0.0
20230921:1511,158.01,212.1,11.86,18.13,5.03,0.0
20230921:1611,18.31,44.11,4.38,17.5,5.17,0.0
20230921:1711,0.0,0.0,0.0,16.91,5.03,0.0
20230921:1811,0.0,0.0,0.0,16.58,5.03,0.0
20230921:1911,0.0,0.0,0.0,16.67,5.31,0.0
20230921:2011,0.0,0.0,0.0,16.59,5.1,0.0
20230921:2111,0.0,0.0,0.0,16.49,4.69,0.0
20230921:2211,0.0,0.0,0.0,16.37,4.41,0.0
20230921:2311,0.0,0.0,0.0,16.24,4.28,0.0
20230922:0011,0.0,0.0,0.0,16.15,4.21,0.0
20230922:0111,0.0,0.0,0.0,16.14,4.28,0.0
20230922:0211,0.0,0.0,0.0,16.2,4.48,0.0
20230922:0311,0.0,0.0,0.0,16.22,4.69,0.0
20230922:0411,0.0,0.0,0.0,16.26,4.9,0.0
20230922:0511,14.31,34.97,4.35,16.32,5.1,0.0
20230922:0611,177.83,234.89,11.8,16.82,5.38,0.0
20230922:0711,377.16,459.26,18.65,17.41,5.52,0.0
20230922:0811,464.02,560.7,24.43,17.86,5.93,0.0
20230922:0911,436.62,528.71,28.66,18.32,6.28,0.0
20230922:1011,290.67,357.53,30.89,18.5,6.21,0.0
20230922:1111,48.74,75.31,30.84,18.74,6.21,0.0
20230922:1211,33.88,56.48,28.51,18.15,5.66,0.0
20230922:1311,73.17,104.89,24.2,18.22,5.59,0.0
20230922:1411,38.11,61.86,18.36,18.12,5.38,0.0
20230922:1511,103.13,143.75,11.47,17.86,5.45,0.0
20230922:1611,1.32,8.97,4.0,17.41,5.66,0.0
20230922:1711,0.0,0.0,0.0,16.87,5.24,0.0
20230922:1811,0.0,0.0,0.0,16.59,4.97,0.0
20230922:1911,0.0,0.0,0.0,16.04,5.31,0.0
20230922:2011,0.0,0.0,0.0,15.85,4.69,0.0
20230922:2111,0.0,0.0,0.0,15.74,4.0,0.0
20230922:2211,0.0,0.0,0.0,15.59,3.38,0.0
20230922:2311,0.0,0.0,0.0,15.32,3.1,0.0
20230923:0011,0.0,0.0,0.0,14.86,3.17,0.0
20230923:0111,0.0,0.0,0.0,14.21,3.03,0.0
20230923:0211,0.0,0.0,0.0,13.58,2.76,0.0
20230923:0311,0.0,0.0,0.0,13.16,2.41,0.0
20230923:0411,0.0,0.0,0.0,12.95,2.55,0.0
20230923:0511,1.81,9.86,4.06,12.94,2.55,0.0
20230923:0611,59.94,88.17,11.51,13.19,2.48,0.0
20230923:0711,184.29,231.77,18.34,13.91,2.14,0.0
20230923:0811,231.49,285.68,24.1,14.76,3.17,0.0
20230923:0911,365.07,443.29,28.3,15.51,3.24,0.0
20230923:1011,381.31,464.4,30.51,16.17,3.31,0.0
20230923:1111,525.05,642.07,30.44,16.65,3.45,0.0
20230923:1211,534.86,654.23,28.11,17.19,3.72,0.0
20230923:1311,135.99,178.13,23.8,17.34,4.07,0.0
20230923:1411,346.13,424.75,17.96,17.02,3.86,0.0
20230923:1511,160.36,214.84,11.09,16.39,3.59,0.0
20230923:1611,11.62,31.11,3.62,15.61,3.86,0.0
20230923:1711,0.0,0.0,0.0,14.91,3.66,0.0
20230923:1811,0.0,0.0,0.0,14.49,3.45,0.0
20230923:1911,0.0,0.0,0.0,14.34,3.45,0.0
20230923:2011,0.0,0.0,0.0,14.07,3.38,0.0
20230923:2111,0.0,0.0,0.0,13.66,3.31,0.0
20230923:2211,0.0,0.0,0.0,13.45,3.45,0.0
20230923:2311,0.0,0.0,0.0,12.94,3.24,0.0
20230924:0011,0.0,0.0,0.0,12.45,3.31,0.0
20230924:0111,0.0,0.0,0.0,12.11,3.45,0.0
20230924:0211,0.0,0.0,0.0,11.9,3.45,0.0
20230924:0311,0.0,0.0,0.0,11.78,3.66,0.0
20230924:0411,0.0,0.0,0.0,11.63,3.79,0.0
20230924:0511,1.83,9.86,3.77,11.6,4.07,0.0
20230924:0611,160.07,208.86,11.21,11.95,3.79,0.0
20230924:0711,315.95,379.16,18.02,12.64,4.9,0.0
20230924:0811,460.11,545.59,23.76,13.47,5.59,0.0
20230924:0911,631.31,758.79,27.94,14.23,5.03,0.0
20230924:1011,695.51,843.01,30.13,14.77,5.1,0.0
20230924:1111,636.99,770.89,30.05,15.31,5.03,0.0
20230924:1211,588.47,712.18,27.71,15.8,4.76,0.0
20230924:1311,522.34,630.69,23.4,15.92,4.55,0.0
20230924:1411,376.89,458.3,17.57,15.75,4.34,0.0
20230924:1511,167.39,222.86,10.7,15.35,3.86,0.0
20230924:1611,10.91,31.44,3.24,14.52,3.52,0.0
20230924:1711,0.0,0.0,0.0,13.54,3.38,0.0
20230924:1811,0.0,0.0,0.0,12.81,3.17,0.0
20230924:1911,0.0,0.0,0.0,11.89,3.1,0.0
20230924:2011,0.0,0.0,0.0,11.48,3.03,0.0
20230924:2111,0.0,0.0,0.0,11.18,2.83,0.0
20230924:2211,0.0,0.0,0.0,10.94,2.83,0.0
20230924:2311,0.0,0.0,0.0,10.85,2.9,0.0
20230925:0011,0.0,0.0,0.0,10.89,3.03,0.0
20230925:0111,0.0,0.0,0.0,11.12,3.24,0.0
20230925:0211,0.0,0.0,0.0,11.41,3.52,0.0
20230925:0311,0.0,0.0,0.0,11.61,3.72,0.0
20230925:0411,0.0,0.0,0.0,11.8,3.86,0.0
20230925:0511,0.0,5.38,3.48,11.95,4.0,0.0
20230925:0611,60.77,88.95,10.91,12.52,4.28,0.0
20230925:0711,208.9,257.81,17.71,13.35,4.48,0.0
20230925:0811,332.59,398.61,23.42,13.98,5.03,0.0
20230925:0911,342.78,411.14,27.58,14.55,5.59,0.0
20230925:1011,459.42,548.49,29.75,14.9,5.86,0.0
20230925:1111,272.12,330.94,29.65,15.13,6.14,0.0
20230925:1211,316.27,380.91,27.31,15.17,6.34,0.0
20230925:1311,133.44,173.03,23.01,15.11,6.14,0.0
20230925:1411,63.84,92.38,17.18,15.07,5.66,0.0
20230925:1511,19.28,36.76,10.32,14.92,5.93,0.0
20230925:1611,0.0,4.48,2.86,14.6,5.66,0.0
20230925:1711,0.0,0.0,0.0,14.37,5.52,0.0
20230925:1811,0.0,0.0,0.0,14.3,5.45,0.0
20230925:1911,0.0,0.0,0.0,14.09,5.52,0.0
20230925:2011,0.0,0.0,0.0,13.9,5.45,0.0
20230925:2111,0.0,0.0,0.0,13.74,5.45,0.0
20230925:2211,0.0,0.0,0.0,13.61,5.38,0.0
20230925:2311,0.0,0.0,0.0,13.45,5.1,0.0
20230926:0011,0.0,0.0,0.0,13.33,4.9,0.0
20230926:0111,0.0,0.0,0.0,13.22,4.55,0.0
20230926:0211,0.0,0.0,0.0,13.08,4.28,0.0
20230926:0311,0.0,0.0,0.0,13.07,4.0,0.0
20230926:0411,0.0,0.0,0.0,12.97,3.86,0.0
20230926:0511,0.0,2.69,3.19,12.85,3.66,0.0
20230926:0611,30.11,50.74,10.61,13.0,3.45,0.0
20230926:0711,159.53,202.26,17.39,13.63,3.52,0.0
20230926:0811,122.55,160.83,23.08,14.62,3.45,0.0
20230926:0911,471.11,571.58,27.22,15.52,3.24,0.0
20230926:1011,421.7,512.88,29.36,16.31,3.45,0.0
20230926:1111,532.26,651.68,29.26,17.0,3.52,0.0
20230926:1211,469.13,573.25,26.91,17.1,3.31,0.0
20230926:1311,368.28,450.47,22.61,17.1,3.03,0.0
20230926:1411,319.39,394.63,16.79,16.84,2.76,0.0
20230926:1511,89.59,127.43,9.93,16.29,2.69,0.0
20230926:1611,0.94,8.07,2.48,15.42,2.69,0.0
20230926:1711,0.0,0.0,0.0,14.55,2.76,0.0
20230926:1811,0.0,0.0,0.0,14.13,2.62,0.0
20230926:1911,0.0,0.0,0.0,13.73,2.55,0.0
20230926:2011,0.0,0.0,0.0,13.58,2.55,0.0
20230926:2111,0.0,0.0,0.0,13.66,2.62,0.0
20230926:2211,0.0,0.0,0.0,13.78,2.69,0.0
20230926:2311,0.0,0.0,0.0,13.93,2.69,0.0
20230927:0011,0.0,0.0,0.0,14.03,2.55,0.0
20230927:0111,0.0,0.0,0.0,14.05,2.48,0.0
20230927:0211,0.0,0.0,0.0,14.06,2.48,0.0
20230927:0311,0.0,0.0,0.0,14.09,2.69,0.0
20230927:0411,0.0,0.0,0.0,14.08,2.9,0.0
20230927:0511,1.79,9.86,2.9,14.09,3.03,0.0
20230927:0611,19.99,37.65,10.31,14.28,3.1,0.0
20230927:0711,125.26,163.95,17.07,14.52,2.76,0.0
20230927:0811,122.12,160.75,22.75,15.19,3.03,0.0
20230927:0911,205.51,257.09,26.86,16.19,4.14,0.0
20230927:1011,339.21,412.13,28.98,16.31,4.41,0.0
20230927:1111,525.8,636.87,28.86,16.3,4.48,0.0
20230927:1211,355.25,433.55,26.51,16.95,3.52,0.0
20230927:1311,199.82,251.87,22.21,17.53,3.72,0.0
20230927:1411,119.73,159.58,16.4,17.68,3.52,0.0
20230927:1511,26.73,47.24,9.55,17.36,3.31,0.0
20230927:1611,0.0,1.79,2.09,16.38,3.31,0.0
20230927:1711,0.0,0.0,0.0,15.55,3.31,0.0
20230927:1811,0.0,0.0,0.0,15.19,3.1,0.0
20230927:1911,0.0,0.0,0.0,14.71,2.97,0.0
20230927:2011,0.0,0.0,0.0,14.4,2.83,0.0
20230927:2111,0.0,0.0,0.0,14.11,2.69,0.0
20230927:2211,0.0,0.0,0.0,13.9,2.34,0.0
20230927:2311,0.0,0.0,0.0,13.72,2.0,0.0
20230928:0011,0.0,0.0,0.0,13.5,1.93,0.0
20230928:0111,0.0,0.0,0.0,13.28,1.59,0.0
20230928:0211,0.0,0.0,0.0,12.54,0.9,0.0
20230928:0311,0.0,0.0,0.0,13.11,0.21,0.0
20230928:0411,0.0,0.0,0.0,11.51,0.83,0.0
20230928:0511,0.0,1.79,2.61,11.51,1.52,0.0
20230928:0611,74.75,106.54,10.01,12.23,1.66,0.0
20230928:0711,136.78,176.42,16.76,13.35,2.41,0.0
20230928:0811,320.67,387.69,22.41,14.3,3.31,0.0
20230928:0911,544.3,657.14,26.49,14.68,3.79,0.0
20230928:1011,396.06,477.68,28.6,15.02,3.86,0.0
20230928:1111,336.57,408.35,28.46,15.33,3.66,0.0
20230928:1211,281.27,344.18,26.11,15.68,3.52,0.0
20230928:1311,88.27,121.79,21.82,15.92,3.66,0.0
20230928:1411,17.84,34.96,16.01,16.01,3.66,0.0
20230928:1511,28.76,49.85,9.17,16.22,3.1,0.0
20230928:1611,0.0,0.9,1.72,16.09,3.03,0.0
20230928:1711,0.0,0.0,0.0,15.64,3.45,0.0
20230928:1811,0.0,0.0,0.0,15.05,3.79,0.0
20230928:1911,0.0,0.0,0.0,14.74,4.0,0.0
20230928:2011,0.0,0.0,0.0,14.63,3.86,0.0
20230928:2111,0.0,0.0,0.0,14.58,3.66,0.0
20230928:2211,0.0,0.0,0.0,14.78,3.31,0.0
20230928:2311,0.0,0.0,0.0,14.97,2.9,0.0
20230929:0011,0.0,0.0,0.0,14.99,2.69,0.0
20230929:0111,0.0,0.0,0.0,14.98,2.55,0.0
20230929:0211,0.0,0.0,0.0,14.77,2.41,0.0
20230929:0311,0.0,0.0,0.0,14.51,2.34,0.0
20230929:0411,0.0,0.0,0.0,14.23,2.76,0.0
20230929:0511,0.0,1.79,2.31,14.2,2.97,0.0
20230929:0611,13.5,28.69,9.71,14.23,3.03,0.0
20230929:0711,46.69,71.72,16.44,14.79,3.31,0.0
20230929:0811,85.04,117.69,22.07,15.13,3.31,0.0
20230929:0911,120.3,158.9,26.13,15.59,4.21,0.0
20230929:1011,212.76,265.04,28.21,16.2,5.03,0.0
20230929:1111,108.24,145.41,28.07,16.41,4.97,0.0
20230929:1211,113.11,151.12,25.71,16.47,4.34,0.0
20230929:1311,98.41,133.95,21.42,16.58,3.86,0.0
20230929:1411,247.56,307.8,15.62,16.55,3.45,0.0
20230929:1511,76.16,111.22,8.78,16.19,3.66,0.0
20230929:1611,0.0,1.79,1.34,15.43,3.52,0.0
20230929:1711,0.0,0.0,0.0,14.8,3.45,0.0
20230929:1811,0.0,0.0,0.0,14.38,3.24,0.0
20230929:1911,0.0,0.0,0.0,14.23,3.03,0.0
20230929:2011,0.0,0.0,0.0,14.16,3.17,0.0
20230929:2111,0.0,0.0,0.0,14.15,3.38,0.0
20230929:2211,0.0,0.0,0.0,14.33,3.93,0.0
20230929:2311,0.0,0.0,0.0,14.53,4.76,0.0
20230930:0011,0.0,0.0,0.0,14.66,5.1,0.0
20230930:0111,0.0,0.0,0.0,14.46,5.38,0.0
20230930:0211,0.0,0.0,0.0,13.94,5.24,0.0
20230930:0311,0.0,0.0,0.0,13.15,5.03,0.0
20230930:0411,0.0,0.0,0.0,12.44,5.17,0.0
20230930:0511,0.0,2.69,2.02,11.95,5.03,0.0
20230930:0611,66.72,96.51,9.4,12.18,5.03,0.0
20230930:0711,251.27,304.1,16.12,12.71,6.14,0.0
20230930:0811,370.87,439.7,21.73,13.74,6.83,0.0
20230930:0911,241.21,294.19,25.77,14.76,7.03,0.0
20230930:1011,227.84,280.31,27.83,15.32,6.62,0.0
20230930:1111,18.58,35.86,27.67,15.31,5.93,0.0
20230930:1211,408.18,489.22,25.31,15.37,5.31,0.0
20230930:1311,310.69,375.77,21.03,15.45,4.97,0.0
20230930:1411,131.52,171.38,15.24,15.57,5.24,0.0
20230930:1511,103.66,145.56,8.4,15.37,5.24,0.0
20230930:1611,0.0,0.0,0.0,14.92,5.17,0.0
20230930:1711,0.0,0.0,0.0,14.63,5.1,0.0
20230930:1811,0.0,0.0,0.0,14.3,4.97,0.0
20230930:1911,0.0,0.0,0.0,13.85,4.76,0.0
20230930:2011,0.0,0.0,0.0,13.53,4.28,0.0
20230930:2111,0.0,0.0,0.0,13.07,3.72,0.0
20230930:2211,0.0,0.0,0.0,12.54,3.38,0.0
20230930:2311,0.0,0.0,0.0,12.12,3.52,0.0
20231001:0011,0.0,0.0,0.0,11.84,3.72,0.0
20231001:0111,0.0,0.0,0.0,11.61,3.79,0.0
20231001:0211,0.0,0.0,0.0,11.37,3.66,0.0
20231001:0311,0.0,0.0,0.0,11.12,3.59,0.0
20231001:0411,0.0,0.0,0.0,10.86,3.45,0.0
20231001:0511,0.0,4.13,1.73,10.61,3.45,0.0
20231001:0611,130.97,173.98,9.1,10.79,3.38,0.0
20231001:0711,336.47,403.15,15.8,11.63,3.52,0.0
20231001:0811,475.69,567.45,21.39,12.69,3.59,0.0
20231001:0911,581.06,701.91,25.4,13.85,3.52,0.0
20231001:1011,644.77,789.07,27.45,14.82,3.38,0.0
20231001:1111,634.25,775.8,27.28,15.59,3.72,0.0
20231001:1211,618.33,755.26,24.92,16.19,3.93,0.0
20231001:1311,466.26,565.35,20.63,16.33,3.79,0.0
20231001:1411,294.48,362.93,14.85,16.28,3.59,0.0
20231001:1511,101.11,143.49,8.02,15.84,2.9,0.0
20231001:1611,0.0,0.0,0.0,14.91,2.62,0.0
20231001:1711,0.0,0.0,0.0,13.87,2.55,0.0
20231001:1811,0.0,0.0,0.0,13.22,2.62,0.0
20231001:1911,0.0,0.0,0.0,12.02,3.03,0.0
20231001:2011,0.0,0.0,0.0,11.66,2.97,0.0
20231001:2111,0.0,0.0,0.0,11.31,2.83,0.0
20231001:2211,0.0,0.0,0.0,10.98,2.76,0.0
20231001:2311,0.0,0.0,0.0,10.73,2.69,0.0
20231002:0011,0.0,0.0,0.0,10.51,2.55,0.0
20231002:0111,0.0,0.0,0.0,10.32,2.41,0.0
20231002:0211,0.0,0.0,0.0,10.13,2.48,0.0
20231002:0311,0.0,0.0,0.0,9.97,2.55,0.0
20231002:0411,0.0,0.0,0.0,9.94,2.41,0.0
20231002:0511,0.0,0.83,1.43,9.89,2.34,0.0
20231002:0611,8.82,21.52,8.8,10.28,2.69,0.0
20231002:0711,44.59,68.14,15.48,11.0,2.76,0.0
20231002:0811,38.61,60.96,21.05,11.7,3.93,0.0
20231002:0911,82.37,112.96,25.04,11.69,4.0,0.0
20231002:1011,81.27,112.07,27.07,12.58,4.28,0.0
20231002:1111,320.4,386.23,26.89,13.83,3.79,0.0
20231002:1211,199.76,249.39,24.52,15.22,3.72,0.0
20231002:1311,199.28,249.26,20.24,16.07,3.93,0.0
20231002:1411,110.77,147.96,14.47,15.91,3.66,0.0
20231002:1511,38.29,62.74,7.64,15.6,3.59,0.0
20231002:1611,0.0,0.0,0.0,14.7,3.59,0.0
20231002:1711,0.0,0.0,0.0,13.87,3.66,0.0
20231002:1811,0.0,0.0,0.0,13.47,3.72,0.0
20231002:1911,0.0,0.0,0.0,13.23,3.86,0.0
20231002:2011,0.0,0.0,0.0,12.85,3.93,0.0
20231002:2111,0.0,0.0,0.0,12.54,4.0,0.0
20231002:2211,0.0,0.0,0.0,12.23,4.0,0.0
20231002:2311,0.0,0.0,0.0,11.96,3.86,0.0
20231003:0011,0.0,0.0,0.0,11.74,3.59,0.0
20231003:0111,0.0,0.0,0.0,11.5,3.17,0.0
20231003:0211,0.0,0.0,0.0,11.16,3.17,0.0
20231003:0311,0.0,0.0,0.0,11.09,3.03,0.0
20231003:0411,0.0,0.0,0.0,10.94,2.76,0.0
20231003:0511,0.0,0.0,0.0,10.76,2.62,0.0
20231003:0611,1.84,9.86,8.49,10.9,2.69,0.0
20231003:0711,39.4,61.86,15.16,11.17,2.41,0.0
20231003:0811,48.15,72.62,20.7,11.61,2.69,0.0
20231003:0911,44.36,68.14,24.68,12.04,2.76,0.0
20231003:1011,43.56,67.24,26.69,12.44,3.45,0.0
20231003:1111,31.45,52.0,26.49,11.35,3.38,0.0
20231003:1211,33.61,54.69,24.13,11.01,1.72,0.0
20231003:1311,18.99,35.86,19.85,10.78,1.17,0.0
20231003:1411,8.2,20.62,14.08,10.67,1.52,0.0
20231003:1511,0.6,7.17,7.27,10.3,1.79,0.0
20231003:1611,0.0,0.0,0.0,10.12,1.93,0.0
20231003:1711,0.0,0.0,0.0,10.03,2.34,0.0
20231003:1811,0.0,0.0,0.0,10.04,2.41,0.0
20231003:1911,0.0,0.0,0.0,10.22,3.17,0.0
20231003:2011,0.0,0.0,0.0,9.96,4.0,0.0
20231003:2111,0.0,0.0,0.0,9.88,4.55,0.0
20231003:2211,0.0,0.0,0.0,9.96,4.14,0.0
20231003:2311,0.0,0.0,0.0,9.63,4.07,0.0
20231004:0011,0.0,0.0,0.0,9.46,4.0,0.0
20231004:0111,0.0,0.0,0.0,9.47,4.0,0.0
20231004:0211,0.0,0.0,0.0,9.7,4.14,0.0
20231004:0311,0.0,0.0,0.0,9.81,4.0,0.0
20231004:0411,0.0,0.0,0.0,9.77,4.07,0.0
20231004:0511,0.0,0.0,0.0,9.64,4.28,0.0
20231004:0611,81.17,113.61,8.19,9.82,4.21,0.0
20231004:0711,215.56,261.81,14.84,10.48,4.69,0.0
20231004:0811,251.86,301.92,20.36,11.4,5.66,0.0
20231004:0911,260.75,312.9,24.32,12.12,6.07,0.0
20231004:1011,377.23,447.59,26.3,13.06,5.66,0.0
20231004:1111,580.83,694.77,26.1,13.74,4.83,0.0
20231004:1211,564.6,675.38,23.73,14.19,4.9,0.0
20231004:1311,494.7,591.25,19.46,14.46,4.83,0.0
20231004:1411,325.01,394.85,13.7,14.45,4.62,0.0
20231004:1511,100.82,143.13,6.89,13.97,4.21,0.0
20231004:1611,0.0,0.0,0.0,13.17,4.41,0.0
20231004:1711,0.0,0.0,0.0,12.53,4.62,0.0
20231004:1811,0.0,0.0,0.0,12.05,4.55,0.0
20231004:1911,0.0,0.0,0.0,11.73,4.21,0.0
20231004:2011,0.0,0.0,0.0,11.34,4.07,0.0
20231004:2111,0.0,0.0,0.0,10.96,3.93,0.0
20231004:2211,0.0,0.0,0.0,10.64,3.79,0.0
20231004:2311,0.0,0.0,0.0,10.21,3.17,0.0
20231005:0011,0.0,0.0,0.0,9.84,2.69,0.0
20231005:0111,0.0,0.0,0.0,9.67,2.21,0.0
20231005:0211,0.0,0.0,0.0,9.6,1.86,0.0
20231005:0311,0.0,0.0,0.0,9.44,1.45,0.0
20231005:0411,0.0,0.0,0.0,9.37,1.52,0.0
20231005:0511,0.0,0.0,0.0,8.96,2.28,0.0
20231005:0611,1.43,8.97,7.88,8.85,3.03,0.0
20231005:0711,5.97,17.03,14.52,9.16,4.28,0.0
20231005:0811,64.01,90.55,20.02,9.32,4.9,0.0
20231005:0911,74.81,103.1,23.95,9.42,5.1,0.0
20231005:1011,242.21,289.92,25.92,9.75,5.24,0.0
20231005:1111,390.64,456.78,25.71,9.9,5.38,0.0
20231005:1211,300.02,354.17,23.34,10.05,5.45,0.0
20231005:1311,275.96,326.89,19.07,9.9,5.45,0.0
20231005:1411,271.15,323.61,13.32,9.33,5.38,0.0
20231005:1511,88.75,125.2,6.52,8.81,5.03,0.0
20231005:1611,0.0,0.0,0.0,8.2,4.41,0.0
20231005:1711,0.0,0.0,0.0,7.62,4.0,0.0
20231005:1811,0.0,0.0,0.0,7.18,3.66,0.0
20231005:1911,0.0,0.0,0.0,6.4,3.45,0.0
20231005:2011,0.0,0.0,0.0,6.25,2.97,0.0
20231005:2111,0.0,0.0,0.0,6.27,2.62,0.0
20231005:2211,0.0,0.0,0.0,6.27,2.62,0.0
20231005:2311,0.0,0.0,0.0,6.17,2.62,0.0
20231006:0011,0.0,0.0,0.0,6.19,2.41,0.0
20231006:0111,0.0,0.0,0.0,6.28,2.34,0.0
20231006:0211,0.0,0.0,0.0,6.36,2.34,0.0
20231006:0311,0.0,0.0,0.0,6.6,2.28,0.0
20231006:0411,0.0,0.0,0.0,6.8,2.55,0.0
20231006:0511,0.0,0.0,0.0,6.87,2.97,0.0
20231006:0611,5.47,16.14,7.58,7.45,3.1,0.0
20231006:0711,97.12,127.75,14.2,8.33,3.86,0.0
20231006:0811,63.19,89.65,19.68,9.48,4.69,0.0
20231006:0911,147.8,185.8,23.59,10.68,5.93,0.0
20231006:1011,59.73,86.07,25.54,11.05,6.28,0.0
20231006:1111,43.26,66.34,25.32,10.68,5.17,0.0
20231006:1211,21.77,39.45,22.95,10.56,5.45,0.0
20231006:1311,21.82,39.45,18.68,10.17,6.34,0.0
20231006:1411,13.8,28.69,12.94,10.32,7.31,0.0
20231006:1511,3.76,13.45,6.14,11.0,6.28,0.0
20231006:1611,0.0,0.0,0.0,11.63,6.0,0.0
20231006:1711,0.0,0.0,0.0,12.16,6.34,0.0
20231006:1811,0.0,0.0,0.0,12.53,6.83,0.0
20231006:1911,0.0,0.0,0.0,12.28,6.97,0.0
20231006:2011,0.0,0.0,0.0,12.39,7.03,0.0
20231006:2111,0.0,0.0,0.0,12.38,6.76,0.0
20231006:2211,0.0,0.0,0.0,12.27,6.69,0.0
20231006:2311,0.0,0.0,0.0,12.24,6.76,0.0
20231007:0011,0.0,0.0,0.0,11.4,6.9,0.0
20231007:0111,0.0,0.0,0.0,9.07,6.83,0.0
20231007:0211,0.0,0.0,0.0,7.59,8.14,0.0
20231007:0311,0.0,0.0,0.0,7.03,7.93,0.0
20231007:0411,0.0,0.0,0.0,6.76,8.14,0.0
20231007:0511,0.0,0.0,0.0,6.28,8.14,0.0
20231007:0611,40.59,62.88,7.28,5.9,8.14,0.0
20231007:0711,61.95,86.58,13.88,5.62,8.28,0.0
20231007:0811,563.04,637.65,19.34,6.12,8.55,0.0
20231007:0911,698.93,798.23,23.23,6.95,8.48,0.0
20231007:1011,752.0,867.03,25.16,7.84,8.14,0.0
20231007:1111,715.23,827.32,24.93,8.62,7.79,0.0
20231007:1211,493.1,567.9,22.56,9.08,7.59,0.0
20231007:1311,352.2,409.26,18.3,9.21,7.31,0.0
20231007:1411,132.6,167.86,12.56,9.18,6.83,0.0
20231007:1511,97.74,137.37,5.77,8.86,6.14,0.0
20231007:1611,0.0,0.0,0.0,8.31,5.93,0.0
20231007:1711,0.0,0.0,0.0,7.79,6.0,0.0
20231007:1811,0.0,0.0,0.0,7.44,6.21,0.0
20231007:1911,0.0,0.0,0.0,6.34,6.76,0.0
20231007:2011,0.0,0.0,0.0,6.05,6.83,0.0
20231007:2111,0.0,0.0,0.0,5.83,6.69,0.0
20231007:2211,0.0,0.0,0.0,5.63,6.62,0.0
20231007:2311,0.0,0.0,0.0,5.47,6.62,0.0
20231008:0011,0.0,0.0,0.0,5.33,6.62,0.0
20231008:0111,0.0,0.0,0.0,5.19,6.69,0.0
20231008:0211,0.0,0.0,0.0,5.11,6.83,0.0
20231008:0311,0.0,0.0,0.0,5.1,6.97,0.0
20231008:0411,0.0,0.0,0.0,5.12,7.03,0.0
20231008:0511,0.0,0.0,0.0,5.1,6.97,0.0
20231008:0611,97.03,130.43,6.97,5.19,6.97,0.0
20231008:0711,375.96,432.35,13.56,5.4,6.55,0.0
20231008:0811,586.12,667.8,19.0,6.12,7.03,0.0
20231008:0911,692.63,794.91,22.87,6.96,7.38,0.0
20231008:1011,747.62,865.91,24.79,7.67,7.1,0.0
20231008:1111,708.26,822.71,24.54,8.27,6.62,0.0
20231008:1211,584.06,676.16,22.17,8.67,6.21,0.0
20231008:1311,500.03,579.45,17.92,8.9,5.86,0.0
20231008:1411,346.0,408.85,12.18,8.91,5.38,0.0
20231008:1511,81.56,118.03,5.4,8.53,4.62,0.0
20231008:1611,0.0,0.0,0.0,7.81,4.0,0.0
20231008:1711,0.0,0.0,0.0,7.11,3.72,0.0
20231008:1811,0.0,0.0,0.0,6.61,3.72,0.0
20231008:1911,0.0,0.0,0.0,5.69,3.52,0.0
20231008:2011,0.0,0.0,0.0,5.34,3.66,0.0
20231008:2111,0.0,0.0,0.0,5.03,3.66,0.0
20231008:2211,0.0,0.0,0.0,4.78,3.59,0.0
20231008:2311,0.0,0.0,0.0,4.59,3.52,0.0
20231009:0011,0.0,0.0,0.0,4.48,3.45,0.0
20231009:0111,0.0,0.0,0.0,4.31,3.52,0.0
20231009:0211,0.0,0.0,0.0,4.13,3.52,0.0
20231009:0311,0.0,0.0,0.0,3.99,3.38,0.0
20231009:0411,0.0,0.0,0.0,3.93,3.31,0.0
20231009:0511,0.0,0.0,0.0,3.79,3.31,0.0
20231009:0611,91.32,123.67,6.66,3.88,3.17,0.0
20231009:0711,366.01,423.99,13.23,4.24,3.24,0.0
20231009:0811,557.69,645.46,18.66,5.42,3.38,0.0
20231009:0911,668.51,785.93,22.51,6.61,3.31,0.0
20231009:1011,711.77,846.94,24.41,7.59,3.17,0.0
20231009:1111,668.93,795.21,24.16,8.34,3.17,0.0
20231009:1211,536.5,629.98,21.78,8.73,3.45,0.0
20231009:1311,442.13,518.43,17.53,8.81,3.31,0.0
20231009:1411,162.03,201.71,11.81,8.71,2.76,0.0
20231009:1511,26.94,47.54,5.04,8.19,2.21,0.0
20231009:1611,0.0,0.0,0.0,7.43,1.93,0.0
20231009:1711,0.0,0.0,0.0,6.95,2.0,0.0
20231009:1811,0.0,0.0,0.0,6.47,2.21,0.0
20231009:1911,0.0,0.0,0.0,6.47,1.93,0.0
20231009:2011,0.0,0.0,0.0,5.99,2.28,0.0
20231009:2111,0.0,0.0,0.0,5.54,2.34,0.0
20231009:2211,0.0,0.0,0.0,5.13,2.28,0.0
20231009:2311,0.0,0.0,0.0,4.83,2.34,0.0
20231010:0011,0.0,0.0,0.0,4.53,2.55,0.0
20231010:0111,0.0,0.0,0.0,4.28,2.62,0.0
20231010:0211,0.0,0.0,0.0,4.11,2.69,0.0
20231010:0311,0.0,0.0,0.0,4.16,2.69,0.0
20231010:0411,0.0,0.0,0.0,4.25,2.83,0.0
20231010:0511,0.0,0.0,0.0,4.35,2.83,0.0
20231010:0611,109.01,145.39,6.36,4.67,2.76,0.0
20231010:0711,309.19,362.5,12.91,5.21,2.48,0.0
20231010:0811,532.92,624.78,18.32,6.47,2.28,0.0
20231010:0911,636.56,755.96,22.15,7.85,2.62,0.0
20231010:1011,682.9,815.09,24.03,8.74,3.1,0.0
20231010:1111,656.51,781.49,23.77,9.21,3.31,0.0
20231010:1211,501.01,589.08,21.4,9.43,3.45,0.0
20231010:1311,377.04,442.91,17.15,9.38,3.59,0.0
20231010:1411,185.36,227.94,11.44,9.03,3.66,0.0
20231010:1511,37.15,61.54,4.67,8.36,3.72,0.0
20231010:1611,0.0,0.0,0.0,7.88,3.59,0.0
20231010:1711,0.0,0.0,0.0,8.09,3.86,0.0
20231010:1811,0.0,0.0,0.0,8.59,4.41,0.0
20231010:1911,0.0,0.0,0.0,9.46,5.03,0.0
20231010:2011,0.0,0.0,0.0,9.82,5.72,0.0
20231010:2111,0.0,0.0,0.0,9.78,6.41,0.0
20231010:2211,0.0,0.0,0.0,9.39,6.83,0.0
20231010:2311,0.0,0.0,0.0,9.93,6.83,0.0
20231011:0011,0.0,0.0,0.0,10.43,6.69,0.0
20231011:0111,0.0,0.0,0.0,11.05,6.62,0.0
20231011:0211,0.0,0.0,0.0,11.61,6.62,0.0
20231011:0311,0.0,0.0,0.0,12.04,6.83,0.0
20231011:0411,0.0,0.0,0.0,12.3,6.69,0.0
20231011:0511,0.0,0.0,0.0,12.4,6.69,0.0
20231011:0611,2.27,10.76,6.05,12.6,6.62,0.0
20231011:0711,25.57,44.83,12.59,13.37,7.17,0.0
20231011:0811,42.63,66.34,17.98,13.8,7.45,0.0
20231011:0911,230.25,280.32,21.79,14.27,7.45,0.0
20231011:1011,107.27,142.64,23.66,14.56,7.45,0.0
20231011:1111,79.13,110.27,23.39,14.65,7.17,0.0
20231011:1211,12.24,26.9,21.01,14.47,7.17,0.0
20231011:1311,421.19,497.03,16.78,13.91,7.45,0.0
20231011:1411,231.74,283.73,11.07,13.48,7.79,0.0
20231011:1511,34.83,59.91,4.31,12.73,7.59,0.0
20231011:1611,0.0,0.0,0.0,11.78,7.45,0.0
20231011:1711,0.0,0.0,0.0,11.1,7.59,0.0
20231011:1811,0.0,0.0,0.0,10.64,7.72,0.0
20231011:1911,0.0,0.0,0.0,10.44,7.66,0.0
20231011:2011,0.0,0.0,0.0,10.22,7.59,0.0
20231011:2111,0.0,0.0,0.0,9.97,7.31,0.0
20231011:2211,0.0,0.0,0.0,9.79,7.45,0.0
20231011:2311,0.0,0.0,0.0,9.74,8.0,0.0
20231012:0011,0.0,0.0,0.0,9.79,8.34,0.0
20231012:0111,0.0,0.0,0.0,9.78,8.0,0.0
20231012:0211,0.0,0.0,0.0,9.79,7.52,0.0
20231012:0311,0.0,0.0,0.0,9.69,7.1,0.0
20231012:0411,0.0,0.0,0.0,9.6,6.83,0.0
20231012:0511,0.0,0.0,0.0,9.35,6.62,0.0
20231012:0611,108.24,147.01,5.75,9.09,6.28,0.0
20231012:0711,338.92,398.93,12.27,9.42,5.86,0.0
20231012:0811,523.41,611.3,17.64,10.03,5.17,0.0
20231012:0911,611.31,717.05,21.43,10.68,5.66,0.0
20231012:1011,688.14,814.22,23.29,11.37,5.72,0.0
20231012:1111,658.64,780.13,23.01,12.11,5.79,0.0
20231012:1211,510.03,600.36,20.63,12.58,6.0,0.0
20231012:1311,446.86,526.76,16.4,12.78,6.07,0.0
20231012:1411,258.24,313.88,10.7,12.58,6.14,0.0
20231012:1511,49.38,79.84,3.95,11.97,5.86,0.0
20231012:1611,0.0,0.0,0.0,11.24,5.72,0.0
20231012:1711,0.0,0.0,0.0,10.73,5.59,0.0
20231012:1811,0.0,0.0,0.0,10.28,5.38,0.0
20231012:1911,0.0,0.0,0.0,9.96,4.83,0.0
20231012:2011,0.0,0.0,0.0,9.37,4.34,0.0
20231012:2111,0.0,0.0,0.0,8.87,4.07,0.0
20231012:2211,0.0,0.0,0.0,8.42,3.86,0.0
20231012:2311,0.0,0.0,0.0,7.93,3.52,0.0
20231013:0011,0.0,0.0,0.0,7.46,3.31,0.0
20231013:0111,0.0,0.0,0.0,7.13,3.24,0.0
20231013:0211,0.0,0.0,0.0,6.81,3.1,0.0
20231013:0311,0.0,0.0,0.0,6.54,3.17,0.0
20231013:0411,0.0,0.0,0.0,6.31,3.24,0.0
20231013:0511,0.0,0.0,0.0,6.13,3.17,0.0
20231013:0611,87.14,120.93,5.44,6.1,3.17,0.0
20231013:0711,118.66,150.71,11.95,6.44,3.38,0.0
20231013:0811,77.12,104.78,17.3,7.4,3.72,0.0
20231013:0911,248.8,295.26,21.07,8.3,4.14,0.0
20231013:1011,404.49,472.28,22.91,9.15,4.34,0.0
20231013:1111,348.29,409.18,22.63,9.78,4.34,0.0
20231013:1211,289.65,342.44,20.25,10.08,4.97,0.0
20231013:1311,121.39,155.34,16.03,9.83,4.76,0.0
20231013:1411,11.95,26.0,10.34,9.32,4.48,0.0
20231013:1511,0.0,2.69,3.59,8.82,4.76,0.0
20231013:1611,0.0,0.0,0.0,8.27,4.62,0.0
20231013:1711,0.0,0.0,0.0,8.18,5.79,0.0
20231013:1811,0.0,0.0,0.0,8.77,6.62,0.0
20231013:1911,0.0,0.0,0.0,9.66,7.38,0.0
20231013:2011,0.0,0.0,0.0,10.86,7.24,0.0
20231013:2111,0.0,0.0,0.0,12.55,7.45,0.0
20231013:2211,0.0,0.0,0.0,13.01,6.76,0.0
20231013:2311,0.0,0.0,0.0,12.78,6.34,0.0
20231014:0011,0.0,0.0,0.0,11.96,5.93,0.0
20231014:0111,0.0,0.0,0.0,11.09,5.31,0.0
20231014:0211,0.0,0.0,0.0,10.83,4.9,0.0
20231014:0311,0.0,0.0,0.0,10.9,4.76,0.0
20231014:0411,0.0,0.0,0.0,10.67,4.76,0.0
20231014:0511,0.0,0.0,0.0,10.15,4.69,0.0
20231014:0611,118.74,161.34,5.14,9.55,4.62,0.0
20231014:0711,324.15,382.45,11.63,9.11,5.1,0.0
20231014:0811,466.99,542.86,16.96,9.68,5.59,0.0
20231014:0911,334.69,391.51,20.71,10.37,6.97,0.0
20231014:1011,639.88,744.78,22.54,10.85,7.72,0.0
20231014:1111,519.85,602.87,22.25,10.92,7.93,0.0
20231014:1211,30.16,50.21,19.88,10.85,7.52,0.0
20231014:1311,214.27,258.13,15.66,10.91,7.72,0.0
20231014:1411,2.31,10.76,9.97,10.23,7.93,0.0
20231014:1511,0.0,5.38,3.24,9.61,8.0,0.0
20231014:1611,0.0,0.0,0.0,8.83,7.24,0.0
20231014:1711,0.0,0.0,0.0,8.93,7.03,0.0
20231014:1811,0.0,0.0,0.0,8.99,6.9,0.0
20231014:1911,0.0,0.0,0.0,9.04,7.24,0.0
20231014:2011,0.0,0.0,0.0,9.05,7.24,0.0
20231014:2111,0.0,0.0,0.0,8.91,7.17,0.0
20231014:2211,0.0,0.0,0.0,8.63,6.9,0.0
20231014:2311,0.0,0.0,0.0,8.46,6.41,0.0
20231015:0011,0.0,0.0,0.0,8.29,5.72,0.0
20231015:0111,0.0,0.0,0.0,8.01,5.1,0.0
20231015:0211,0.0,0.0,0.0,7.82,4.76,0.0
20231015:0311,0.0,0.0,0.0,7.64,4.48,0.0
20231015:0411,0.0,0.0,0.0,7.21,4.21,0.0
20231015:0511,0.0,0.0,0.0,6.8,4.14,0.0
20231015:0611,94.13,129.99,4.83,6.61,4.14,0.0
20231015:0711,309.61,363.42,11.31,7.06,4.41,0.0
20231015:0811,275.52,323.96,16.62,7.95,4.34,0.0
20231015:0911,623.5,728.65,20.36,8.77,4.83,0.0
20231015:1011,378.72,441.18,22.17,9.32,5.45,0.0
20231015:1111,313.47,368.54,21.88,9.68,5.17,0.0
20231015:1211,404.24,472.33,19.5,9.86,4.76,0.0
20231015:1311,350.64,411.8,15.29,9.84,4.48,0.0
20231015:1411,213.44,260.48,9.62,9.57,4.21,0.0
20231015:1511,33.06,58.32,2.89,8.95,4.28,0.0
20231015:1611,0.0,0.0,0.0,8.22,4.34,0.0
20231015:1711,0.0,0.0,0.0,7.67,4.34,0.0
20231015:1811,0.0,0.0,0.0,7.17,4.14,0.0
20231015:1911,0.0,0.0,0.0,6.26,4.21,0.0
20231015:2011,0.0,0.0,0.0,5.89,4.14,0.0
20231015:2111,0.0,0.0,0.0,5.58,4.14,0.0
20231015:2211,0.0,0.0,0.0,5.26,4.34,0.0
20231015:2311,0.0,0.0,0.0,5.0,4.48,0.0
20231016:0011,0.0,0.0,0.0,4.74,4.62,0.0
20231016:0111,0.0,0.0,0.0,4.52,4.62,0.0
20231016:0211,0.0,0.0,0.0,4.3,4.62,0.0
20231016:0311,0.0,0.0,0.0,4.14,4.55,0.0
20231016:0411,0.0,0.0,0.0,3.99,4.41,0.0
20231016:0511,0.0,0.0,0.0,3.79,4.21,0.0
20231016:0611,71.42,101.43,4.53,3.68,4.07,0.0
20231016:0711,340.02,391.97,10.99,3.62,4.34,0.0
20231016:0811,536.94,613.58,16.29,4.47,4.41,0.0
20231016:0911,652.5,752.74,20.01,5.6,4.76,0.0
20231016:1011,691.64,804.55,21.81,6.62,4.83,0.0
20231016:1111,657.76,766.93,21.51,7.46,4.69,0.0
20231016:1211,475.78,551.44,19.13,8.04,4.55,0.0
20231016:1311,411.1,477.96,14.93,8.26,4.48,0.0
20231016:1411,218.09,264.09,9.26,8.09,4.34,0.0
20231016:1511,1.89,9.86,2.54,7.44,4.21,0.0
20231016:1611,0.0,0.0,0.0,6.65,4.21,0.0
20231016:1711,0.0,0.0,0.0,6.08,4.34,0.0
20231016:1811,0.0,0.0,0.0,5.63,4.28,0.0
20231016:1911,0.0,0.0,0.0,4.92,3.79,0.0
20231016:2011,0.0,0.0,0.0,4.53,3.66,0.0
20231016:2111,0.0,0.0,0.0,4.16,3.38,0.0
20231016:2211,0.0,0.0,0.0,3.87,3.38,0.0
20231016:2311,0.0,0.0,0.0,3.7,3.45,0.0
20231017:0011,0.0,0.0,0.0,3.65,3.38,0.0
20231017:0111,0.0,0.0,0.0,3.68,3.38,0.0
20231017:0211,0.0,0.0,0.0,3.75,3.24,0.0
20231017:0311,0.0,0.0,0.0,3.73,3.17,0.0
20231017:0411,0.0,0.0,0.0,3.75,3.1,0.0
20231017:0511,0.0,0.0,0.0,3.72,3.1,0.0
20231017:0611,20.84,38.27,4.23,3.81,3.17,0.0
20231017:0711,268.93,315.94,10.67,4.92,3.17,0.0
20231017:0811,372.03,430.57,15.95,6.11,3.31,0.0
20231017:0911,641.65,750.2,19.65,7.45,4.0,0.0
20231017:1011,579.8,678.61,21.44,8.38,3.93,0.0
20231017:1111,612.8,722.1,21.14,9.29,3.93,0.0
20231017:1211,356.19,418.97,18.76,10.05,3.86,0.0
20231017:1311,51.29,75.82,14.56,10.07,3.38,0.0
20231017:1411,11.91,26.0,8.91,9.88,3.38,0.0
20231017:1511,0.0,2.69,2.19,9.25,3.59,0.0
20231017:1611,0.0,0.0,0.0,8.42,3.52,0.0
20231017:1711,0.0,0.0,0.0,7.98,3.45,0.0
20231017:1811,0.0,0.0,0.0,7.62,3.38,0.0
20231017:1911,0.0,0.0,0.0,6.95,3.86,0.0
20231017:2011,0.0,0.0,0.0,6.31,3.66,0.0
20231017:2111,0.0,0.0,0.0,5.73,3.52,0.0
20231017:2211,0.0,0.0,0.0,5.28,3.52,0.0
20231017:2311,0.0,0.0,0.0,4.95,3.52,0.0
20231018:0011,0.0,0.0,0.0,4.82,3.38,0.0
20231018:0111,0.0,0.0,0.0,4.58,3.38,0.0
20231018:0211,0.0,0.0,0.0,4.33,3.52,0.0
20231018:0311,0.0,0.0,0.0,4.36,3.72,0.0
20231018:0411,0.0,0.0,0.0,4.45,4.07,0.0
20231018:0511,0.0,0.0,0.0,4.49,4.41,0.0
20231018:0611,2.4,10.76,3.92,4.7,4.69,0.0
20231018:0711,92.7,120.82,10.36,4.83,4.48,0.0
20231018:0811,187.0,223.5,15.62,5.33,4.62,0.0
20231018:0911,69.37,95.31,19.3,5.73,4.69,0.0
20231018:1011,422.08,485.08,21.08,6.04,4.41,0.0
20231018:1111,541.34,624.47,20.77,6.31,4.28,0.0
20231018:1211,473.27,545.49,18.4,6.43,4.07,0.0
20231018:1311,156.84,191.85,14.21,6.31,3.93,0.0
20231018:1411,25.36,43.37,8.56,6.06,3.59,0.0
20231018:1511,0.27,6.28,1.85,5.57,3.03,0.0
20231018:1611,0.0,0.0,0.0,4.94,2.76,0.0
20231018:1711,0.0,0.0,0.0,4.39,2.76,0.0
20231018:1811,0.0,0.0,0.0,3.96,2.83,0.0
20231018:1911,0.0,0.0,0.0,3.49,2.62,0.0
20231018:2011,0.0,0.0,0.0,3.13,2.69,0.0
20231018:2111,0.0,0.0,0.0,2.83,2.9,0.0
20231018:2211,0.0,0.0,0.0,2.49,3.24,0.0
20231018:2311,0.0,0.0,0.0,2.29,3.59,0.0
20231019:0011,0.0,0.0,0.0,2.04,3.86,0.0
20231019:0111,0.0,0.0,0.0,2.27,4.0,0.0
20231019:0211,0.0,0.0,0.0,2.32,3.93,0.0
20231019:0311,0.0,0.0,0.0,2.37,3.79,0.0
20231019:0411,0.0,0.0,0.0,2.28,4.0,0.0
20231019:0511,0.0,0.0,0.0,2.0,4.07,0.0
20231019:0611,8.73,21.15,3.62,1.9,3.93,0.0
20231019:0711,110.3,138.52,10.04,1.7,4.34,0.0
20231019:0811,127.88,157.43,15.28,2.38,5.03,0.0
20231019:0911,95.81,123.61,18.95,3.16,4.9,0.0
20231019:1011,61.12,85.17,20.72,3.5,4.9,0.0
20231019:1111,67.43,92.34,20.4,3.49,4.97,0.0
20231019:1211,245.99,284.92,18.03,3.29,4.97,0.0
20231019:1311,237.52,275.67,13.85,3.1,4.9,0.0
20231019:1411,185.01,221.89,8.21,2.82,4.83,0.0
20231019:1511,0.0,0.83,1.51,2.22,4.69,0.0
20231019:1611,0.0,0.0,0.0,1.86,4.48,0.0
20231019:1711,0.0,0.0,0.0,1.84,4.34,0.0
20231019:1811,0.0,0.0,0.0,1.86,4.21,0.0
20231019:1911,0.0,0.0,0.0,1.8,4.14,0.0
20231019:2011,0.0,0.0,0.0,1.96,4.55,0.0
20231019:2111,0.0,0.0,0.0,2.29,5.24,0.0
20231019:2211,0.0,0.0,0.0,2.59,5.79,0.0
20231019:2311,0.0,0.0,0.0,3.06,6.21,0.0
20231020:0011,0.0,0.0,0.0,3.2,6.14,0.0
20231020:0111,0.0,0.0,0.0,3.22,7.1,0.0
20231020:0211,0.0,0.0,0.0,3.23,6.69,0.0
20231020:0311,0.0,0.0,0.0,3.2,6.76,0.0
20231020:0411,0.0,0.0,0.0,3.26,6.83,0.0
20231020:0511,0.0,0.0,0.0,3.57,6.48,0.0
20231020:0611,3.42,12.55,3.32,3.81,6.48,0.0
20231020:0711,3.42,12.55,9.72,3.95,6.69,0.0
20231020:0811,397.85,450.59,14.95,4.43,6.69,0.0
20231020:0911,53.04,76.2,18.61,4.78,7.1,0.0
20231020:1011,20.34,36.76,20.36,4.86,7.52,0.0
20231020:1111,55.31,78.89,20.04,5.01,7.52,0.0
20231020:1211,18.96,34.96,17.67,4.79,7.59,0.0
20231020:1311,16.9,32.27,13.5,4.83,7.38,0.0
20231020:1411,26.61,44.63,7.87,4.48,7.38,0.0
20231020:1511,0.0,0.0,0.0,4.07,7.31,0.0
20231020:1611,0.0,0.0,0.0,3.74,7.52,0.0
20231020:1711,0.0,0.0,0.0,3.71,7.59,0.0
20231020:1811,0.0,0.0,0.0,3.93,7.79,0.0
20231020:1911,0.0,0.0,0.0,4.04,8.0,0.0
20231020:2011,0.0,0.0,0.0,4.21,7.86,0.0
20231020:2111,0.0,0.0,0.0,4.4,7.72,0.0
20231020:2211,0.0,0.0,0.0,4.57,7.45,0.0
20231020:2311,0.0,0.0,0.0,4.61,7.38,0.0
20231021:0011,0.0,0.0,0.0,4.68,7.38,0.0
20231021:0111,0.0,0.0,0.0,4.67,7.59,0.0
20231021:0211,0.0,0.0,0.0,4.58,7.72,0.0
20231021:0311,0.0,0.0,0.0,4.42,7.86,0.0
20231021:0411,0.0,0.0,0.0,4.33,8.0,0.0
20231021:0511,0.0,0.0,0.0,4.39,7.93,0.0
20231021:0611,0.0,2.69,3.02,4.45,7.79,0.0
20231021:0711,1.93,9.86,9.41,5.05,7.66,0.0
20231021:0811,18.23,34.07,14.62,5.2,7.79,0.0
20231021:0911,25.95,43.93,18.26,5.27,8.0,0.0
20231021:1011,42.96,64.55,20.0,5.36,8.28,0.0
20231021:1111,15.5,30.48,19.68,5.43,8.14,0.0
20231021:1211,12.86,26.9,17.32,5.48,8.14,0.0
20231021:1311,7.27,18.83,13.15,5.38,7.79,0.0
20231021:1411,1.05,8.07,7.53,5.02,7.66,0.0
20231021:1511,0.0,0.0,0.0,4.64,7.45,0.0
20231021:1611,0.0,0.0,0.0,4.45,7.45,0.0
20231021:1711,0.0,0.0,0.0,4.35,7.24,0.0
20231021:1811,0.0,0.0,0.0,4.26,6.97,0.0
20231021:1911,0.0,0.0,0.0,4.66,6.07,0.0
20231021:2011,0.0,0.0,0.0,4.74,5.72,0.0
20231021:2111,0.0,0.0,0.0,4.86,5.24,0.0
20231021:2211,0.0,0.0,0.0,5.02,4.76,0.0
20231021:2311,0.0,0.0,0.0,5.17,4.21,0.0
20231022:0011,0.0,0.0,0.0,5.34,3.86,0.0
20231022:0111,0.0,0.0,0.0,5.44,3.45,0.0
20231022:0211,0.0,0.0,0.0,5.56,3.38,0.0
20231022:0311,0.0,0.0,0.0,5.68,3.24,0.0
20231022:0411,0.0,0.0,0.0,5.79,3.1,0.0
20231022:0511,0.0,0.0,0.0,5.92,2.83,0.0
20231022:0611,7.8,20.21,2.72,6.0,2.48,0.0
20231022:0711,84.97,113.05,9.1,6.09,2.21,0.0
20231022:0811,59.24,84.02,14.29,6.49,2.07,0.0
20231022:0911,18.04,34.07,17.92,6.83,2.14,0.0
20231022:1011,29.19,48.41,19.65,7.24,2.14,0.0
20231022:1111,17.97,34.07,19.32,7.64,2.34,0.0
20231022:1211,12.69,26.9,16.96,7.69,2.34,0.0
20231022:1311,19.31,35.86,12.8,7.79,2.34,0.0
20231022:1411,3.33,12.55,7.19,7.6,2.34,0.0
20231022:1511,0.0,0.0,0.0,7.23,2.41,0.0
20231022:1611,0.0,0.0,0.0,6.94,2.48,0.0
20231022:1711,0.0,0.0,0.0,6.86,2.48,0.0
20231022:1811,0.0,0.0,0.0,6.8,2.41,0.0
20231022:1911,0.0,0.0,0.0,6.38,2.0,0.0
20231022:2011,0.0,0.0,0.0,6.36,2.07,0.0
20231022:2111,0.0,0.0,0.0,6.33,2.14,0.0
20231022:2211,0.0,0.0,0.0,6.21,2.21,0.0
20231022:2311,0.0,0.0,0.0,6.19,2.28,0.0
20231023:0011,0.0,0.0,0.0,6.19,2.41,0.0
20231023:0111,0.0,0.0,0.0,6.13,2.48,0.0
20231023:0211,0.0,0.0,0.0,6.06,2.21,0.0
20231023:0311,0.0,0.0,0.0,6.05,2.07,0.0
20231023:0411,0.0,0.0,0.0,6.02,2.21,0.0
20231023:0511,0.0,0.0,0.0,5.97,2.34,0.0
20231023:0611,0.64,7.17,2.42,5.93,2.55,0.0
20231023:0711,54.57,78.21,8.78,5.59,2.14,0.0
20231023:0811,41.92,63.65,13.96,5.99,2.21,0.0
20231023:0911,23.62,41.24,17.57,6.35,2.48,0.0
20231023:1011,23.6,41.24,19.3,6.56,2.41,0.0
20231023:1111,25.7,43.93,18.97,6.68,2.07,0.0
20231023:1211,18.72,34.96,16.61,6.73,1.72,0.0
20231023:1311,16.02,31.38,12.46,6.82,1.72,0.0
20231023:1411,0.63,7.17,6.86,6.7,1.59,0.0
20231023:1511,0.0,0.0,0.0,6.46,1.79,0.0
20231023:1611,0.0,0.0,0.0,6.17,1.86,0.0
20231023:1711,0.0,0.0,0.0,6.11,1.93,0.0
20231023:1811,0.0,0.0,0.0,6.02,2.0,0.0
20231023:1911,0.0,0.0,0.0,5.32,2.28,0.0
20231023:2011,0.0,0.0,0.0,5.09,2.34,0.0
20231023:2111,0.0,0.0,0.0,4.87,2.48,0.0
20231023:2211,0.0,0.0,0.0,4.69,2.62,0.0
20231023:2311,0.0,0.0,0.0,4.51,2.69,0.0
20231024:0011,0.0,0.0,0.0,4.44,2.76,0.0
20231024:0111,0.0,0.0,0.0,4.16,2.9,0.0
20231024:0211,0.0,0.0,0.0,4.04,2.97,0.0
20231024:0311,0.0,0.0,0.0,3.76,3.1,0.0
20231024:0411,0.0,0.0,0.0,3.54,3.38,0.0
20231024:0511,0.0,0.0,0.0,3.54,3.45,0.0
20231024:0611,0.0,2.69,2.12,3.45,3.38,0.0
20231024:0711,54.2,77.3,8.47,4.15,2.83,0.0
20231024:0811,142.41,174.84,13.64,4.58,2.97,0.0
20231024:0911,48.96,71.72,17.23,5.32,3.86,0.0
20231024:1011,169.16,204.88,18.95,5.64,4.0,0.0
20231024:1111,266.27,310.71,18.62,5.75,4.0,0.0
20231024:1211,442.34,507.59,16.26,5.56,3.93,0.0
20231024:1311,318.77,368.78,12.12,5.37,3.79,0.0
20231024:1411,103.86,134.52,6.53,5.06,3.45,0.0
20231024:1511,0.0,0.0,0.0,4.64,3.31,0.0
20231024:1611,0.0,0.0,0.0,4.25,3.52,0.0
20231024:1711,0.0,0.0,0.0,3.84,3.59,0.0
20231024:1811,0.0,0.0,0.0,3.64,3.52,0.0
20231024:1911,0.0,0.0,0.0,3.73,3.52,0.0
20231024:2011,0.0,0.0,0.0,3.74,3.38,0.0
20231024:2111,0.0,0.0,0.0,3.92,3.66,0.0
20231024:2211,0.0,0.0,0.0,4.09,3.72,0.0
20231024:2311,0.0,0.0,0.0,4.26,3.72,0.0
20231025:0011,0.0,0.0,0.0,4.33,4.07,0.0
20231025:0111,0.0,0.0,0.0,4.46,4.21,0.0
20231025:0211,0.0,0.0,0.0,4.52,4.41,0.0
20231025:0311,0.0,0.0,0.0,4.6,4.48,0.0
20231025:0411,0.0,0.0,0.0,4.61,4.07,0.0
20231025:0511,0.0,0.0,0.0,4.8,3.79,0.0
20231025:0611,0.0,2.69,1.82,4.74,3.72,0.0
20231025:0711,53.44,76.44,8.16,4.5,4.28,0.0
20231025:0811,72.11,97.57,13.31,4.52,4.62,0.0
20231025:0911,51.43,74.41,16.9,4.79,5.1,0.0
20231025:1011,84.73,112.04,18.6,4.81,5.45,0.0
20231025:1111,31.1,50.21,18.27,4.66,5.59,0.0
20231025:1211,16.26,31.38,15.92,4.37,5.72,0.0
20231025:1311,29.72,48.41,11.79,4.1,5.79,0.0
20231025:1411,0.28,6.28,6.21,3.84,5.79,0.0
20231025:1511,0.0,0.0,0.0,3.63,5.52,0.0
20231025:1611,0.0,0.0,0.0,3.61,5.38,0.0
20231025:1711,0.0,0.0,0.0,3.59,5.17,0.0
20231025:1811,0.0,0.0,0.0,3.62,5.17,0.0
20231025:1911,0.0,0.0,0.0,3.67,4.76,0.0
20231025:2011,0.0,0.0,0.0,3.72,4.48,0.0
20231025:2111,0.0,0.0,0.0,3.81,4.28,0.0
20231025:2211,0.0,0.0,0.0,3.85,4.14,0.0
20231025:2311,0.0,0.0,0.0,3.92,4.14,0.0
20231026:0011,0.0,0.0,0.0,3.98,4.28,0.0
20231026:0111,0.0,0.0,0.0,4.15,4.34,0.0
20231026:0211,0.0,0.0,0.0,4.22,4.34,0.0
20231026:0311,0.0,0.0,0.0,4.22,4.41,0.0
20231026:0411,0.0,0.0,0.0,4.22,4.48,0.0
20231026:0511,0.0,0.0,0.0,4.29,4.48,0.0
20231026:0611,0.0,0.83,1.53,4.35,4.48,0.0
20231026:0711,25.55,43.23,7.85,4.0,3.93,0.0
20231026:0811,53.52,76.52,12.99,4.25,3.93,0.0
20231026:0911,8.51,20.62,16.56,4.4,3.93,0.0
20231026:1011,23.15,40.34,18.26,4.6,3.93,0.0
20231026:1111,10.97,24.21,17.92,4.79,3.86,0.0
20231026:1211,18.94,34.96,15.58,4.78,3.79,0.0
20231026:1311,9.72,22.41,11.46,4.8,4.0,0.0
20231026:1411,22.61,39.72,5.89,4.63,3.79,0.0
20231026:1511,0.0,0.0,0.0,4.49,3.79,0.0
20231026:1611,0.0,0.0,0.0,4.31,4.0,0.0
20231026:1711,0.0,0.0,0.0,4.13,4.28,0.0
20231026:1811,0.0,0.0,0.0,3.81,4.28,0.0
20231026:1911,0.0,0.0,0.0,3.68,3.45,0.0
20231026:2011,0.0,0.0,0.0,3.57,3.38,0.0
20231026:2111,0.0,0.0,0.0,3.47,3.31,0.0
20231026:2211,0.0,0.0,0.0,3.21,3.31,0.0
20231026:2311,0.0,0.0,0.0,3.06,3.38,0.0
20231027:0011,0.0,0.0,0.0,2.91,3.38,0.0
20231027:0111,0.0,0.0,0.0,2.95,3.31,0.0
20231027:0211,0.0,0.0,0.0,2.87,3.17,0.0
20231027:0311,0.0,0.0,0.0,2.92,3.1,0.0
20231027:0411,0.0,0.0,0.0,3.11,3.03,0.0
20231027:0511,0.0,0.0,0.0,3.13,2.9,0.0
20231027:0611,0.0,0.0,0.0,3.21,2.9,0.0
20231027:0711,22.15,38.86,7.55,3.3,3.1,0.0
20231027:0811,33.45,52.89,12.67,3.54,3.1,0.0
20231027:0911,21.82,38.55,16.23,3.85,3.17,0.0
20231027:1011,28.23,46.62,17.92,4.03,3.03,0.0
20231027:1111,21.07,37.65,17.58,4.22,3.38,0.0
20231027:1211,11.64,25.1,15.25,4.23,3.03,0.0
20231027:1311,8.52,20.62,11.13,4.17,2.76,0.0
20231027:1411,0.28,6.28,5.57,4.13,2.76,0.0
20231027:1511,0.0,0.0,0.0,3.98,2.69,0.0
20231027:1611,0.0,0.0,0.0,3.82,2.69,0.0
20231027:1711,0.0,0.0,0.0,3.69,2.69,0.0
20231027:1811,0.0,0.0,0.0,3.53,2.69,0.0
20231027:1911,0.0,0.0,0.0,3.42,3.52,0.0
20231027:2011,0.0,0.0,0.0,3.31,3.38,0.0
20231027:2111,0.0,0.0,0.0,3.21,3.38,0.0
20231027:2211,0.0,0.0,0.0,3.08,3.52,0.0
20231027:2311,0.0,0.0,0.0,2.91,3.66,0.0
20231028:0011,0.0,0.0,0.0,2.74,3.79,0.0
20231028:0111,0.0,0.0,0.0,2.61,3.86,0.0
20231028:0211,0.0,0.0,0.0,2.41,3.93,0.0
20231028:0311,0.0,0.0,0.0,2.18,4.0,0.0
20231028:0411,0.0,0.0,0.0,2.06,4.07,0.0
20231028:0511,0.0,0.0,0.0,1.93,4.07,0.0
20231028:0611,0.0,0.0,0.0,1.7,3.72,0.0
20231028:0711,275.45,319.28,7.24,1.82,3.45,0.0
20231028:0811,419.69,475.82,12.35,2.0,3.31,0.0
20231028:0911,520.76,590.54,15.9,2.26,3.59,0.0
20231028:1011,551.73,627.73,17.58,2.47,3.52,0.0
20231028:1111,517.09,588.33,17.24,2.66,3.38,0.0
20231028:1211,131.73,161.86,14.91,2.54,3.24,0.0
20231028:1311,7.39,18.83,10.81,2.35,3.17,0.0
20231028:1411,0.29,6.28,5.26,2.17,3.1,0.0
20231028:1511,0.0,0.0,0.0,1.87,2.76,0.0
20231028:1611,0.0,0.0,0.0,1.67,2.55,0.0
20231028:1711,0.0,0.0,0.0,1.52,2.34,0.0
20231028:1811,0.0,0.0,0.0,1.43,2.21,0.0
20231028:1911,0.0,0.0,0.0,1.07,2.34,0.0
20231028:2011,0.0,0.0,0.0,0.96,2.34,0.0
20231028:2111,0.0,0.0,0.0,0.93,2.41,0.0
20231028:2211,0.0,0.0,0.0,0.76,2.34,0.0
20231028:2311,0.0,0.0,0.0,0.67,2.41,0.0
20231029:0011,0.0,0.0,0.0,0.65,2.34,0.0
20231029:0111,0.0,0.0,0.0,0.43,2.21,0.0
20231029:0211,0.0,0.0,0.0,0.29,2.07,0.0
20231029:0311,0.0,0.0,0.0,0.09,2.0,0.0
20231029:0411,0.0,0.0,0.0,0.0,1.86,0.0
20231029:0511,0.0,0.0,0.0,-0.02,1.72,0.0
20231029:0611,0.0,0.0,0.0,0.02,1.24,0.0
20231029:0711,93.96,120.72,6.94,0.65,1.31,0.0
20231029:0811,342.04,392.04,12.04,1.21,1.31,0.0
20231029:0911,62.14,86.08,15.57,2.21,1.17,0.0
20231029:1011,44.82,66.34,17.25,2.88,1.45,0.0
20231029:1111,169.34,203.71,16.91,2.98,1.59,0.0
20231029:1211,63.68,88.12,14.59,3.62,2.14,0.0
20231029:1311,28.97,47.52,10.49,3.81,2.07,0.0
20231029:1411,27.34,45.65,4.95,3.9,2.41,0.0
20231029:1511,0.0,0.0,0.0,3.97,2.76,0.0
20231029:1611,0.0,0.0,0.0,4.08,3.17,0.0
20231029:1711,0.0,0.0,0.0,4.29,3.66,0.0
20231029:1811,0.0,0.0,0.0,4.37,4.21,0.0
20231029:1911,0.0,0.0,0.0,3.93,3.38,0.0
20231029:2011,0.0,0.0,0.0,3.96,3.59,0.0
20231029:2111,0.0,0.0,0.0,4.05,3.93,0.0
20231029:2211,0.0,0.0,0.0,4.07,4.21,0.0
20231029:2311,0.0,0.0,0.0,3.98,4.28,0.0
20231030:0011,0.0,0.0,0.0,3.88,4.55,0.0
20231030:0111,0.0,0.0,0.0,3.83,4.9,0.0
20231030:0211,0.0,0.0,0.0,3.66,4.83,0.0
20231030:0311,0.0,0.0,0.0,3.45,4.9,0.0
20231030:0411,0.0,0.0,0.0,3.05,4.83,0.0
20231030:0511,0.0,0.0,0.0,2.7,4.83,0.0
20231030:0611,0.0,0.0,0.0,2.47,4.69,0.0
20231030:0711,22.05,38.65,6.64,2.82,4.0,0.0
20231030:0811,46.64,68.2,11.72,3.1,3.52,0.0
20231030:0911,14.3,28.69,15.25,3.56,3.17,0.0
20231030:1011,60.11,84.15,16.92,3.92,3.1,0.0
20231030:1111,16.24,31.38,16.58,4.42,3.17,0.0
20231030:1211,6.13,17.03,14.26,4.7,3.1,0.0
20231030:1311,9.73,22.41,10.17,4.56,3.1,0.0
20231030:1411,0.28,6.28,4.65,4.15,3.31,0.0
20231030:1511,0.0,0.0,0.0,3.57,3.66,0.0
20231030:1611,0.0,0.0,0.0,4.02,4.21,0.0
20231030:1711,0.0,0.0,0.0,4.24,4.48,0.0
20231030:1811,0.0,0.0,0.0,4.39,4.83,0.0
20231030:1911,0.0,0.0,0.0,5.88,5.17,0.0
20231030:2011,0.0,0.0,0.0,6.63,5.38,0.0
20231030:2111,0.0,0.0,0.0,6.9,5.31,0.0
20231030:2211,0.0,0.0,0.0,7.63,5.79,0.0
20231030:2311,0.0,0.0,0.0,8.36,6.14,0.0
20231031:0011,0.0,0.0,0.0,8.21,5.72,0.0
20231031:0111,0.0,0.0,0.0,7.91,5.31,0.0
20231031:0211,0.0,0.0,0.0,7.89,4.76,0.0
20231031:0311,0.0,0.0,0.0,7.82,4.28,0.0
20231031:0411,0.0,0.0,0.0,7.77,3.86,0.0
20231031:0511,0.0,0.0,0.0,7.79,3.45,0.0
20231031:0611,0.0,0.0,0.0,7.79,3.24,0.0
20231031:0711,3.84,13.45,6.34,7.81,2.9,0.0
20231031:0811,18.62,34.96,11.41,7.85,2.28,0.0
20231031:0911,38.54,60.07,14.93,7.82,1.31,0.0
20231031:1011,19.94,36.76,16.59,7.95,0.21,0.0
20231031:1111,21.31,38.55,16.26,8.04,0.97,0.0
20231031:1211,12.69,26.9,13.94,7.69,1.93,0.0
20231031:1311,10.19,23.31,9.87,7.32,2.69,0.0
20231031:1411,0.63,7.17,4.35,7.09,3.1,0.0
20231031:1511,0.0,0.0,0.0,6.95,3.52,0.0
20231031:1611,0.0,0.0,0.0,6.85,3.66,0.0
20231031:1711,0.0,0.0,0.0,6.67,3.93,0.0
20231031:1811,0.0,0.0,0.0,6.31,4.48,0.0
20231031:1911,0.0,0.0,0.0,5.05,4.9,0.0
20231031:2011,0.0,0.0,0.0,4.51,4.69,0.0
20231031:2111,0.0,0.0,0.0,4.38,4.48,0.0
20231031:2211,0.0,0.0,0.0,4.42,4.0,0.0
20231031:2311,0.0,0.0,0.0,4.42,3.79,0.0
20231101:0011,0.0,0.0,0.0,4.31,3.72,0.0
20231101:0111,0.0,0.0,0.0,4.22,3.59,0.0
20231101:0211,0.0,0.0,0.0,4.07,3.38,0.0
20231101:0311,0.0,0.0,0.0,3.77,3.38,0.0
20231101:0411,0.0,0.0,0.0,3.25,3.66,0.0
20231101:0511,0.0,0.0,0.0,2.63,3.72,0.0
20231101:0611,0.0,0.0,0.0,2.33,3.86,0.0
20231101:0711,18.25,33.68,6.04,1.96,4.21,0.0
20231101:0811,39.66,59.83,11.1,2.03,4.48,0.0
20231101:0911,11.78,25.1,14.61,2.15,4.55,0.0
20231101:1011,38.94,59.17,16.27,2.38,4.62,0.0
20231101:1111,16.42,31.38,15.93,2.44,4.83,0.0
20231101:1211,15.75,30.48,13.63,2.39,4.9,0.0
20231101:1311,8.61,20.62,9.56,2.3,4.97,0.0
20231101:1411,12.41,26.04,4.06,2.13,4.97,0.0
20231101:1511,0.0,0.0,0.0,1.83,4.69,0.0
20231101:1611,0.0,0.0,0.0,1.51,4.62,0.0
20231101:1711,0.0,0.0,0.0,1.22,4.41,0.0
20231101:1811,0.0,0.0,0.0,1.01,4.14,0.0
20231101:1911,0.0,0.0,0.0,0.89,3.38,0.0
20231101:2011,0.0,0.0,0.0,0.49,3.1,0.0
20231101:2111,0.0,0.0,0.0,0.23,2.9,0.0
20231101:2211,0.0,0.0,0.0,0.1,2.76,0.0
20231101:2311,0.0,0.0,0.0,-0.11,2.48,0.0
20231102:0011,0.0,0.0,0.0,-0.24,2.0,0.0
20231102:0111,0.0,0.0,0.0,-0.18,1.38,0.0
20231102:0211,0.0,0.0,0.0,-0.12,0.69,0.0
20231102:0311,0.0,0.0,0.0,-0.02,0.83,0.0
20231102:0411,0.0,0.0,0.0,0.0,1.72,0.0
20231102:0511,0.0,0.0,0.0,0.37,2.21,0.0
20231102:0611,0.0,0.0,0.0,0.86,2.48,0.0
20231102:0711,8.06,19.72,5.74,1.0,3.1,0.0
20231102:0811,22.8,39.45,10.8,1.49,3.72,0.0
20231102:0911,21.31,37.65,14.29,2.16,4.14,0.0
20231102:1011,7.96,19.72,15.95,3.19,4.41,0.0
20231102:1111,7.92,19.72,15.62,4.14,4.55,0.0
20231102:1211,26.66,44.83,13.32,5.06,4.62,0.0
20231102:1311,2.39,10.76,9.26,5.59,4.76,0.0
20231102:1411,0.0,3.59,3.77,5.87,5.1,0.0
20231102:1511,0.0,0.0,0.0,6.08,5.38,0.0
20231102:1611,0.0,0.0,0.0,6.43,5.38,0.0
20231102:1711,0.0,0.0,0.0,6.79,5.52,0.0
20231102:1811,0.0,0.0,0.0,7.12,5.59,0.0
20231102:1911,0.0,0.0,0.0,7.37,5.45,0.0
20231102:2011,0.0,0.0,0.0,7.42,5.1,0.0
20231102:2111,0.0,0.0,0.0,7.48,5.17,0.0
20231102:2211,0.0,0.0,0.0,7.49,5.38,0.0
20231102:2311,0.0,0.0,0.0,7.42,5.52,0.0
20231103:0011,0.0,0.0,0.0,7.46,5.45,0.0
20231103:0111,0.0,0.0,0.0,7.64,5.38,0.0
20231103:0211,0.0,0.0,0.0,7.58,5.17,0.0
20231103:0311,0.0,0.0,0.0,7.58,5.31,0.0
20231103:0411,0.0,0.0,0.0,7.53,5.59,0.0
20231103:0511,0.0,0.0,0.0,7.54,5.86,0.0
20231103:0611,0.0,0.0,0.0,7.59,5.93,0.0
20231103:0711,0.26,6.28,5.45,7.67,6.14,0.0
20231103:0811,3.84,13.45,10.49,7.89,6.21,0.0
20231103:0911,10.79,24.21,13.98,7.97,6.0,0.0
20231103:1011,7.18,18.83,15.64,7.34,5.86,0.0
20231103:1111,9.58,22.41,15.3,7.44,5.79,0.0
20231103:1211,13.36,27.79,13.01,7.57,5.86,0.0
20231103:1311,1.89,9.86,8.97,7.67,5.86,0.0
20231103:1411,0.0,2.69,3.48,7.76,5.66,0.0
20231103:1511,0.0,0.0,0.0,7.82,5.45,0.0
20231103:1611,0.0,0.0,0.0,7.88,5.17,0.0
20231103:1711,0.0,0.0,0.0,7.93,5.03,0.0
20231103:1811,0.0,0.0,0.0,7.98,4.97,0.0
20231103:1911,0.0,0.0,0.0,8.55,4.55,0.0
20231103:2011,0.0,0.0,0.0,8.17,4.34,0.0
20231103:2111,0.0,0.0,0.0,8.11,4.0,0.0
20231103:2211,0.0,0.0,0.0,8.04,3.79,0.0
20231103:2311,0.0,0.0,0.0,8.0,3.66,0.0
20231104:0011,0.0,0.0,0.0,7.97,3.38,0.0
20231104:0111,0.0,0.0,0.0,7.87,3.17,0.0
20231104:0211,0.0,0.0,0.0,7.8,3.24,0.0
20231104:0311,0.0,0.0,0.0,7.79,2.97,0.0
20231104:0411,0.0,0.0,0.0,7.79,2.83,0.0
20231104:0511,0.0,0.0,0.0,7.79,3.1,0.0
20231104:0611,0.0,0.0,0.0,7.8,3.31,0.0
20231104:0711,0.0,4.48,5.16,7.91,4.0,0.0
20231104:0811,7.16,18.83,10.19,7.97,4.21,0.0
20231104:0911,8.32,20.62,13.67,8.28,4.48,0.0
20231104:1011,7.11,18.83,15.32,9.0,5.17,0.0
20231104:1111,9.48,22.41,14.99,9.14,5.03,0.0
20231104:1211,6.53,17.93,12.71,9.07,4.48,0.0
20231104:1311,3.3,12.55,8.67,8.85,3.72,0.0
20231104:1411,31.22,51.63,3.21,8.58,2.69,0.0
20231104:1511,0.0,0.0,0.0,8.0,1.72,0.0
20231104:1611,0.0,0.0,0.0,7.53,3.66,0.0
20231104:1711,0.0,0.0,0.0,7.08,5.31,0.0
20231104:1811,0.0,0.0,0.0,6.83,5.1,0.0
20231104:1911,0.0,0.0,0.0,7.0,4.83,0.0
20231104:2011,0.0,0.0,0.0,7.06,4.69,0.0
20231104:2111,0.0,0.0,0.0,7.22,4.62,0.0
20231104:2211,0.0,0.0,0.0,7.39,4.48,0.0
20231104:2311,0.0,0.0,0.0,7.44,4.34,0.0
20231105:0011,0.0,0.0,0.0,7.29,4.55,0.0
20231105:0111,0.0,0.0,0.0,7.0,4.41,0.0
20231105:0211,0.0,0.0,0.0,6.75,3.72,0.0
20231105:0311,0.0,0.0,0.0,6.32,3.03,0.0
20231105:0411,0.0,0.0,0.0,6.1,3.03,0.0
20231105:0511,0.0,0.0,0.0,6.48,3.17,0.0
20231105:0611,0.0,0.0,0.0,6.79,3.52,0.0
20231105:0711,205.8,248.6,4.87,6.8,3.66,0.0
20231105:0811,26.35,44.83,9.89,7.34,3.86,0.0
20231105:0911,73.72,100.64,13.37,7.82,4.14,0.0
20231105:1011,38.6,60.07,15.02,8.02,4.34,0.0
20231105:1111,19.29,35.86,14.69,8.08,4.14,0.0
20231105:1211,4.89,15.24,12.41,8.17,3.93,0.0
20231105:1311,3.84,13.45,8.39,7.89,4.48,0.0
20231105:1411,0.0,2.48,2.93,7.59,4.14,0.0
20231105:1511,0.0,0.0,0.0,7.18,4.0,0.0
20231105:1611,0.0,0.0,0.0,6.98,3.86,0.0
20231105:1711,0.0,0.0,0.0,7.04,3.86,0.0
20231105:1811,0.0,0.0,0.0,7.18,3.66,0.0
20231105:1911,0.0,0.0,0.0,7.28,3.31,0.0
20231105:2011,0.0,0.0,0.0,7.08,2.9,0.0
20231105:2111,0.0,0.0,0.0,6.87,2.41,0.0
20231105:2211,0.0,0.0,0.0,6.71,2.21,0.0
20231105:2311,0.0,0.0,0.0,6.5,2.28,0.0
20231106:0011,0.0,0.0,0.0,6.51,2.41,0.0
20231106:0111,0.0,0.0,0.0,6.72,2.34,0.0
20231106:0211,0.0,0.0,0.0,6.86,2.07,0.0
20231106:0311,0.0,0.0,0.0,6.85,1.72,0.0
20231106:0411,0.0,0.0,0.0,6.71,1.59,0.0
20231106:0511,0.0,0.0,0.0,6.35,1.72,0.0
20231106:0611,0.0,0.0,0.0,6.15,1.66,0.0
20231106:0711,14.17,28.73,4.59,5.73,1.38,0.0
20231106:0811,16.05,31.38,9.6,6.39,1.24,0.0
20231106:0911,12.09,26.0,13.07,7.1,1.31,0.0
20231106:1011,26.95,45.72,14.71,7.76,1.17,0.0
20231106:1111,13.95,28.69,14.39,8.1,1.66,0.0
20231106:1211,61.09,86.51,12.12,8.33,1.86,0.0
20231106:1311,1.43,8.97,8.11,8.23,1.93,0.0
20231106:1411,0.0,1.65,2.66,7.81,1.79,0.0
20231106:1511,0.0,0.0,0.0,7.48,1.72,0.0
20231106:1611,0.0,0.0,0.0,7.25,1.59,0.0
20231106:1711,0.0,0.0,0.0,7.09,1.17,0.0
20231106:1811,0.0,0.0,0.0,6.95,0.9,0.0
20231106:1911,0.0,0.0,0.0,6.85,0.97,0.0
20231106:2011,0.0,0.0,0.0,6.75,0.76,0.0
20231106:2111,0.0,0.0,0.0,6.59,0.69,0.0
20231106:2211,0.0,0.0,0.0,6.46,0.62,0.0
20231106:2311,0.0,0.0,0.0,6.39,0.69,0.0
20231107:0011,0.0,0.0,0.0,6.38,0.9,0.0
20231107:0111,0.0,0.0,0.0,6.4,1.31,0.0
20231107:0211,0.0,0.0,0.0,6.37,1.52,0.0
20231107:0311,0.0,0.0,0.0,6.38,1.66,0.0
20231107:0411,0.0,0.0,0.0,6.42,1.66,0.0
20231107:0511,0.0,0.0,0.0,6.32,1.52,0.0
20231107:0611,0.0,0.0,0.0,6.37,1.86,0.0
20231107:0711,1.03,8.07,4.31,6.05,1.31,0.0
20231107:0811,122.92,154.5,9.31,6.26,1.93,0.0
20231107:0911,43.92,66.05,12.77,6.57,2.34,0.0
20231107:1011,10.85,24.21,14.41,6.81,2.69,0.0
20231107:1111,6.05,17.03,14.09,6.87,3.17,0.0
20231107:1211,5.49,16.14,11.83,6.85,3.17,0.0
20231107:1311,1.9,9.86,7.83,6.83,2.9,0.0
20231107:1411,0.0,1.65,2.4,6.64,2.9,0.0
20231107:1511,0.0,0.0,0.0,6.4,2.62,0.0
20231107:1611,0.0,0.0,0.0,6.31,2.55,0.0
20231107:1711,0.0,0.0,0.0,6.18,2.41,0.0
20231107:1811,0.0,0.0,0.0,6.04,2.21,0.0
20231107:1911,0.0,0.0,0.0,5.85,2.34,0.0
20231107:2011,0.0,0.0,0.0,5.54,2.14,0.0
20231107:2111,0.0,0.0,0.0,5.07,2.07,0.0
20231107:2211,0.0,0.0,0.0,4.74,1.93,0.0
20231107:2311,0.0,0.0,0.0,4.35,1.86,0.0
20231108:0011,0.0,0.0,0.0,4.2,1.59,0.0
20231108:0111,0.0,0.0,0.0,4.05,1.31,0.0
20231108:0211,0.0,0.0,0.0,3.54,0.83,0.0
20231108:0311,0.0,0.0,0.0,4.18,0.41,0.0
20231108:0411,0.0,0.0,0.0,4.08,0.48,0.0
20231108:0511,0.0,0.0,0.0,3.3,0.9,0.0
20231108:0611,0.0,0.0,0.0,3.76,1.1,0.0
20231108:0711,0.0,5.38,4.03,3.89,1.52,0.0
20231108:0811,7.88,19.72,9.02,4.77,1.59,0.0
20231108:0911,7.25,18.83,12.48,5.51,1.59,0.0
20231108:1011,11.53,25.1,14.12,5.9,1.66,0.0
20231108:1111,22.93,40.34,13.8,6.18,1.59,0.0
20231108:1211,64.86,90.1,11.55,6.32,1.38,0.0
20231108:1311,6.06,17.03,7.56,6.32,1.1,0.0
20231108:1411,0.0,1.65,2.14,6.24,0.9,0.0
20231108:1511,0.0,0.0,0.0,6.03,0.69,0.0
20231108:1611,0.0,0.0,0.0,5.8,0.07,0.0
20231108:1711,0.0,0.0,0.0,5.4,0.41,0.0
20231108:1811,0.0,0.0,0.0,5.41,0.55,0.0
20231108:1911,0.0,0.0,0.0,4.2,1.86,0.0
20231108:2011,0.0,0.0,0.0,4.44,1.79,0.0
20231108:2111,0.0,0.0,0.0,4.47,1.72,0.0
20231108:2211,0.0,0.0,0.0,4.55,1.72,0.0
20231108:2311,0.0,0.0,0.0,4.56,1.66,0.0
20231109:0011,0.0,0.0,0.0,4.64,1.72,0.0
20231109:0111,0.0,0.0,0.0,4.7,1.66,0.0
20231109:0211,0.0,0.0,0.0,4.73,1.45,0.0
20231109:0311,0.0,0.0,0.0,4.68,1.31,0.0
20231109:0411,0.0,0.0,0.0,4.58,1.1,0.0
20231109:0511,0.0,0.0,0.0,4.65,0.97,0.0
20231109:0611,0.0,0.0,0.0,4.46,0.9,0.0
20231109:0711,0.0,5.38,3.75,4.06,1.03,0.0
20231109:0811,8.5,20.62,8.74,4.43,1.79,0.0
20231109:0911,7.28,18.83,12.19,5.0,2.41,0.0
20231109:1011,22.31,39.45,13.83,5.63,2.83,0.0
20231109:1111,19.47,35.86,13.51,6.22,3.1,0.0
20231109:1211,23.66,41.24,11.27,6.15,3.52,0.0
20231109:1311,1.03,8.07,7.3,6.43,3.93,0.0
20231109:1411,0.0,0.83,1.89,6.58,4.28,0.0
20231109:1511,0.0,0.0,0.0,6.66,4.34,0.0
20231109:1611,0.0,0.0,0.0,6.75,4.41,0.0
20231109:1711,0.0,0.0,0.0,6.81,4.41,0.0
20231109:1811,0.0,0.0,0.0,6.81,4.48,0.0
20231109:1911,0.0,0.0,0.0,6.85,4.9,0.0
20231109:2011,0.0,0.0,0.0,6.88,4.69,0.0
20231109:2111,0.0,0.0,0.0,6.92,4.62,0.0
20231109:2211,0.0,0.0,0.0,7.03,4.41,0.0
20231109:2311,0.0,0.0,0.0,7.15,3.86,0.0
20231110:0011,0.0,0.0,0.0,7.17,3.59,0.0
20231110:0111,0.0,0.0,0.0,7.19,3.52,0.0
20231110:0211,0.0,0.0,0.0,7.21,3.31,0.0
20231110:0311,0.0,0.0,0.0,7.22,2.97,0.0
20231110:0411,0.0,0.0,0.0,7.19,2.69,0.0
20231110:0511,0.0,0.0,0.0,7.15,2.48,0.0
20231110:0611,0.0,0.0,0.0,7.09,2.28,0.0
20231110:0711,0.26,6.28,3.48,7.15,2.62,0.0
20231110:0811,9.58,22.41,8.46,7.27,2.76,0.0
20231110:0911,47.13,69.93,11.9,7.49,3.31,0.0
20231110:1011,17.31,33.17,13.54,7.6,4.07,0.0
20231110:1111,24.89,43.03,13.23,7.65,3.79,0.0
20231110:1211,15.3,30.48,11.0,7.66,3.45,0.0
20231110:1311,72.97,99.27,7.04,7.52,3.45,0.0
20231110:1411,0.0,0.83,1.65,7.17,3.38,0.0
20231110:1511,0.0,0.0,0.0,6.81,3.24,0.0
20231110:1611,0.0,0.0,0.0,6.65,3.03,0.0
20231110:1711,0.0,0.0,0.0,6.67,2.83,0.0
20231110:1811,0.0,0.0,0.0,6.74,3.03,0.0
20231110:1911,0.0,0.0,0.0,6.76,3.17,0.0
20231110:2011,0.0,0.0,0.0,6.85,3.24,0.0
20231110:2111,0.0,0.0,0.0,6.58,3.03,0.0
20231110:2211,0.0,0.0,0.0,6.37,2.83,0.0
20231110:2311,0.0,0.0,0.0,6.1,2.69,0.0
20231111:0011,0.0,0.0,0.0,5.94,2.41,0.0
20231111:0111,0.0,0.0,0.0,5.81,2.21,0.0
20231111:0211,0.0,0.0,0.0,5.71,2.07,0.0
20231111:0311,0.0,0.0,0.0,5.46,2.14,0.0
20231111:0411,0.0,0.0,0.0,5.36,2.07,0.0
20231111:0511,0.0,0.0,0.0,5.26,2.07,0.0
20231111:0611,0.0,0.0,0.0,5.14,2.0,0.0
20231111:0711,18.69,34.7,3.21,5.1,2.07,0.0
20231111:0811,249.39,293.91,8.18,5.45,1.52,0.0
20231111:0911,281.66,331.26,11.62,6.21,1.17,0.0
20231111:1011,340.9,399.86,13.26,6.73,1.24,0.0
20231111:1111,45.35,67.96,12.96,7.02,1.03,0.0
20231111:1211,24.91,43.03,10.74,7.07,0.76,0.0
20231111:1311,7.79,19.72,6.79,6.74,0.34,0.0
20231111:1411,0.0,0.83,1.4,6.46,0.9,0.0
20231111:1511,0.0,0.0,0.0,6.0,1.24,0.0
20231111:1611,0.0,0.0,0.0,5.8,1.38,0.0
20231111:1711,0.0,0.0,0.0,5.68,1.31,0.0
20231111:1811,0.0,0.0,0.0,5.51,1.24,0.0
20231111:1911,0.0,0.0,0.0,4.99,0.41,0.0
20231111:2011,0.0,0.0,0.0,3.97,1.03,0.0
20231111:2111,0.0,0.0,0.0,3.24,1.38,0.0
20231111:2211,0.0,0.0,0.0,3.32,1.79,0.0
20231111:2311,0.0,0.0,0.0,3.13,2.14,0.0
20231112:0011,0.0,0.0,0.0,3.47,2.28,0.0
20231112:0111,0.0,0.0,0.0,3.68,2.55,0.0
20231112:0211,0.0,0.0,0.0,3.89,2.76,0.0
20231112:0311,0.0,0.0,0.0,4.03,3.17,0.0
20231112:0411,0.0,0.0,0.0,4.05,3.38,0.0
20231112:0511,0.0,0.0,0.0,4.01,3.17,0.0
20231112:0611,0.0,0.0,0.0,3.73,3.1,0.0
20231112:0711,0.0,2.69,2.94,3.37,3.38,0.0
20231112:0811,5.61,16.14,7.91,3.2,3.38,0.0
20231112:0911,10.43,23.31,11.35,3.25,3.86,0.0
20231112:1011,11.07,24.21,12.99,3.31,4.62,0.0
20231112:1111,14.98,29.59,12.69,3.55,4.55,0.0
20231112:1211,9.77,22.41,10.48,3.88,4.41,0.0
20231112:1311,2.42,10.76,6.54,4.0,4.07,0.0
20231112:1411,0.0,0.0,0.0,4.07,3.79,0.0
20231112:1511,0.0,0.0,0.0,4.0,4.0,0.0
20231112:1611,0.0,0.0,0.0,3.93,3.31,0.0
20231112:1711,0.0,0.0,0.0,3.85,3.38,0.0
20231112:1811,0.0,0.0,0.0,3.87,4.07,0.0
20231112:1911,0.0,0.0,0.0,3.54,3.31,0.0
20231112:2011,0.0,0.0,0.0,3.34,3.38,0.0
20231112:2111,0.0,0.0,0.0,3.16,4.0,0.0
20231112:2211,0.0,0.0,0.0,3.06,4.14,0.0
20231112:2311,0.0,0.0,0.0,2.93,3.72,0.0
20231113:0011,0.0,0.0,0.0,2.79,3.66,0.0
20231113:0111,0.0,0.0,0.0,2.65,3.72,0.0
20231113:0211,0.0,0.0,0.0,2.49,3.93,0.0
20231113:0311,0.0,0.0,0.0,2.35,4.07,0.0
20231113:0411,0.0,0.0,0.0,2.23,4.0,0.0
20231113:0511,0.0,0.0,0.0,2.17,4.21,0.0
20231113:0611,0.0,0.0,0.0,2.08,4.07,0.0
20231113:0711,0.29,6.28,2.68,1.76,3.86,0.0
20231113:0811,17.16,32.27,7.64,1.8,4.07,0.0
20231113:0911,22.75,39.45,11.07,1.93,4.21,0.0
20231113:1011,30.74,49.31,12.71,2.09,4.14,0.0
20231113:1111,29.24,47.52,12.42,2.25,4.21,0.0
20231113:1211,13.08,26.9,10.22,2.21,4.07,0.0
20231113:1311,0.29,6.28,6.3,2.13,4.07,0.0
20231113:1411,0.0,0.0,0.0,1.95,4.0,0.0
20231113:1511,0.0,0.0,0.0,1.76,3.86,0.0
20231113:1611,0.0,0.0,0.0,1.62,3.72,0.0
20231113:1711,0.0,0.0,0.0,1.53,3.59,0.0
20231113:1811,0.0,0.0,0.0,1.54,3.24,0.0
20231113:1911,0.0,0.0,0.0,1.09,2.62,0.0
20231113:2011,0.0,0.0,0.0,1.06,2.21,0.0
20231113:2111,0.0,0.0,0.0,1.19,2.28,0.0
20231113:2211,0.0,0.0,0.0,1.26,2.34,0.0
20231113:2311,0.0,0.0,0.0,1.48,2.28,0.0
20231114:0011,0.0,0.0,0.0,1.69,2.28,0.0
20231114:0111,0.0,0.0,0.0,2.0,2.41,0.0
20231114:0211,0.0,0.0,0.0,2.24,2.28,0.0
20231114:0311,0.0,0.0,0.0,2.42,2.34,0.0
20231114:0411,0.0,0.0,0.0,2.54,2.76,0.0
20231114:0511,0.0,0.0,0.0,2.56,3.24,0.0
20231114:0611,0.0,0.0,0.0,2.46,3.79,0.0
20231114:0711,0.0,1.79,2.42,2.25,3.93,0.0
20231114:0811,102.39,129.1,7.37,2.25,4.07,0.0
20231114:0911,37.83,57.73,10.81,2.39,4.07,0.0
20231114:1011,19.16,34.96,12.45,2.54,4.21,0.0
20231114:1111,29.18,47.52,12.16,2.69,4.41,0.0
20231114:1211,128.14,157.09,9.97,2.78,4.34,0.0
20231114:1311,11.1,24.21,6.06,2.73,4.14,0.0
20231114:1411,0.0,0.0,0.0,2.54,3.93,0.0
20231114:1511,0.0,0.0,0.0,2.39,3.93,0.0
20231114:1611,0.0,0.0,0.0,2.24,4.07,0.0
20231114:1711,0.0,0.0,0.0,2.17,4.14,0.0
20231114:1811,0.0,0.0,0.0,2.04,4.0,0.0
20231114:1911,0.0,0.0,0.0,1.92,3.59,0.0
20231114:2011,0.0,0.0,0.0,1.99,3.45,0.0
20231114:2111,0.0,0.0,0.0,1.86,3.66,0.0
20231114:2211,0.0,0.0,0.0,1.81,3.66,0.0
20231114:2311,0.0,0.0,0.0,1.51,3.66,0.0
20231115:0011,0.0,0.0,0.0,1.52,3.59,0.0
20231115:0111,0.0,0.0,0.0,1.48,3.66,0.0
20231115:0211,0.0,0.0,0.0,1.51,3.45,0.0
20231115:0311,0.0,0.0,0.0,1.55,3.38,0.0
20231115:0411,0.0,0.0,0.0,1.56,3.38,0.0
20231115:0511,0.0,0.0,0.0,1.56,3.52,0.0
20231115:0611,0.0,0.0,0.0,1.53,3.66,0.0
20231115:0711,0.0,1.79,2.16,1.57,3.38,0.0
20231115:0811,13.12,26.9,7.11,1.63,3.38,0.0
20231115:0911,12.46,26.0,10.54,1.71,3.38,0.0
20231115:1011,11.8,25.1,12.19,1.84,3.66,0.0
20231115:1111,6.82,17.93,11.91,1.8,3.52,0.0
20231115:1211,5.09,15.24,9.73,1.75,3.38,0.0
20231115:1311,1.08,8.07,5.83,1.66,3.31,0.0
20231115:1411,0.0,0.0,0.0,1.52,3.17,0.0
20231115:1511,0.0,0.0,0.0,1.38,3.17,0.0
20231115:1611,0.0,0.0,0.0,1.25,3.17,0.0
20231115:1711,0.0,0.0,0.0,1.09,3.1,0.0
20231115:1811,0.0,0.0,0.0,0.95,2.97,0.0
20231115:1911,0.0,0.0,0.0,0.79,3.17,0.0
20231115:2011,0.0,0.0,0.0,0.59,3.24,0.0
20231115:2111,0.0,0.0,0.0,0.48,3.24,0.0
20231115:2211,0.0,0.0,0.0,0.39,3.24,0.0
20231115:2311,0.0,0.0,0.0,0.18,3.24,0.0
20231116:0011,0.0,0.0,0.0,0.07,3.17,0.0
20231116:0111,0.0,0.0,0.0,-0.12,3.1,0.0
20231116:0211,0.0,0.0,0.0,-0.31,3.1,0.0
20231116:0311,0.0,0.0,0.0,-0.29,3.03,0.0
20231116:0411,0.0,0.0,0.0,-0.28,3.03,0.0
20231116:0511,0.0,0.0,0.0,-0.19,3.1,0.0
20231116:0611,0.0,0.0,0.0,-0.01,3.17,0.0
20231116:0711,0.0,1.79,1.91,-0.14,3.24,0.0
20231116:0811,58.59,80.41,6.86,0.07,3.03,0.0
20231116:0911,28.04,45.72,10.28,0.25,3.17,0.0
20231116:1011,36.98,56.48,11.93,0.58,3.45,0.0
20231116:1111,13.18,26.9,11.66,0.75,3.38,0.0
20231116:1211,96.29,121.9,9.49,0.79,3.31,0.0
20231116:1311,0.68,7.17,5.61,0.67,3.17,0.0
20231116:1411,0.0,0.0,0.0,0.25,3.03,0.0
20231116:1511,0.0,0.0,0.0,0.07,3.1,0.0
20231116:1611,0.0,0.0,0.0,0.0,3.24,0.0
20231116:1711,0.0,0.0,0.0,-0.01,3.38,0.0
20231116:1811,0.0,0.0,0.0,0.02,3.45,0.0
20231116:1911,0.0,0.0,0.0,0.38,4.21,0.0
20231116:2011,0.0,0.0,0.0,0.5,4.21,0.0
20231116:2111,0.0,0.0,0.0,0.72,4.0,0.0
20231116:2211,0.0,0.0,0.0,1.01,3.72,0.0
20231116:2311,0.0,0.0,0.0,1.14,3.31,0.0
20231117:0011,0.0,0.0,0.0,1.22,3.1,0.0
20231117:0111,0.0,0.0,0.0,1.33,2.97,0.0
20231117:0211,0.0,0.0,0.0,1.37,2.97,0.0
20231117:0311,0.0,0.0,0.0,1.29,2.9,0.0
20231117:0411,0.0,0.0,0.0,1.27,2.9,0.0
20231117:0511,0.0,0.0,0.0,1.17,2.83,0.0
20231117:0611,0.0,0.0,0.0,1.23,2.69,0.0
20231117:0711,0.0,0.9,1.66,0.93,2.83,0.0
20231117:0811,15.16,29.59,6.6,1.11,2.83,0.0
20231117:0911,13.81,27.79,10.03,1.2,2.76,0.0
20231117:1011,16.49,31.38,11.68,1.52,2.62,0.0
20231117:1111,20.65,36.76,11.42,1.54,2.48,0.0
20231117:1211,12.47,26.0,9.26,1.52,2.14,0.0
20231117:1311,5.11,15.24,5.39,1.27,1.79,0.0
20231117:1411,0.0,0.0,0.0,1.13,1.72,0.0
20231117:1511,0.0,0.0,0.0,1.09,1.59,0.0
20231117:1611,0.0,0.0,0.0,1.04,1.52,0.0
20231117:1711,0.0,0.0,0.0,0.99,1.45,0.0
20231117:1811,0.0,0.0,0.0,0.87,1.45,0.0
20231117:1911,0.0,0.0,0.0,0.88,1.59,0.0
20231117:2011,0.0,0.0,0.0,0.73,1.59,0.0
20231117:2111,0.0,0.0,0.0,0.45,1.66,0.0
20231117:2211,0.0,0.0,0.0,0.2,1.79,0.0
20231117:2311,0.0,0.0,0.0,-0.02,2.0,0.0
20231118:0011,0.0,0.0,0.0,-0.23,2.07,0.0
20231118:0111,0.0,0.0,0.0,-0.23,1.93,0.0
20231118:0211,0.0,0.0,0.0,-0.21,1.66,0.0
20231118:0311,0.0,0.0,0.0,-0.18,1.52,0.0
20231118:0411,0.0,0.0,0.0,-0.3,1.59,0.0
20231118:0511,0.0,0.0,0.0,-0.56,1.79,0.0
20231118:0611,0.0,0.0,0.0,-0.73,1.93,0.0
20231118:0711,0.0,1.65,1.42,-1.04,1.93,0.0
20231118:0811,28.87,46.19,6.36,-1.26,2.07,0.0
20231118:0911,9.41,21.52,9.78,-1.33,2.14,0.0
20231118:1011,12.66,26.0,11.44,-1.3,2.07,0.0
20231118:1111,12.0,25.1,11.18,-1.31,2.07,0.0
20231118:1211,5.77,16.14,9.04,-1.38,2.07,0.0
20231118:1311,0.31,6.28,5.18,-1.61,2.14,0.0
20231118:1411,0.0,0.0,0.0,-2.04,2.14,0.0
20231118:1511,0.0,0.0,0.0,-2.43,2.21,0.0
20231118:1611,0.0,0.0,0.0,-2.77,2.0,0.0
20231118:1711,0.0,0.0,0.0,-2.99,1.66,0.0
20231118:1811,0.0,0.0,0.0,-3.11,1.38,0.0
20231118:1911,0.0,0.0,0.0,-3.42,1.24,0.0
20231118:2011,0.0,0.0,0.0,-3.41,1.17,0.0
20231118:2111,0.0,0.0,0.0,-3.37,1.31,0.0
20231118:2211,0.0,0.0,0.0,-3.32,1.66,0.0
20231118:2311,0.0,0.0,0.0,-3.29,1.66,0.0
20231119:0011,0.0,0.0,0.0,-3.24,1.1,0.0
20231119:0111,0.0,0.0,0.0,-3.16,0.48,0.0
20231119:0211,0.0,0.0,0.0,-3.08,0.76,0.0
20231119:0311,0.0,0.0,0.0,-2.89,0.69,0.0
20231119:0411,0.0,0.0,0.0,-3.04,0.55,0.0
20231119:0511,0.0,0.0,0.0,-2.82,0.97,0.0
20231119:0611,0.0,0.0,0.0,-2.72,1.31,0.0
20231119:0711,0.0,0.0,0.0,-3.13,1.31,0.0
20231119:0811,102.74,127.27,6.11,-2.77,1.52,0.0
20231119:0911,161.56,190.05,9.54,-1.97,1.66,0.0
20231119:1011,315.93,356.19,11.2,-1.11,2.0,0.0
20231119:1111,221.24,254.99,10.95,-0.19,2.07,0.0
20231119:1211,131.39,159.5,8.82,0.46,2.07,0.0
20231119:1311,15.14,29.36,4.97,0.56,1.86,0.0
20231119:1411,0.0,0.0,0.0,0.87,1.52,0.0
20231119:1511,0.0,0.0,0.0,1.17,1.38,0.0
20231119:1611,0.0,0.0,0.0,1.03,1.24,0.0
20231119:1711,0.0,0.0,0.0,0.61,1.31,0.0
20231119:1811,0.0,0.0,0.0,0.0,1.59,0.0
20231119:1911,0.0,0.0,0.0,0.42,2.14,0.0
20231119:2011,0.0,0.0,0.0,0.69,2.07,0.0
20231119:2111,0.0,0.0,0.0,0.86,2.48,0.0
20231119:2211,0.0,0.0,0.0,0.88,2.83,0.0
20231119:2311,0.0,0.0,0.0,1.1,2.69,0.0
20231120:0011,0.0,0.0,0.0,1.23,2.34,0.0
20231120:0111,0.0,0.0,0.0,1.23,2.0,0.0
20231120:0211,0.0,0.0,0.0,1.19,1.93,0.0
20231120:0311,0.0,0.0,0.0,1.06,2.21,0.0
20231120:0411,0.0,0.0,0.0,-0.86,2.55,0.0
20231120:0511,0.0,0.0,0.0,-0.96,2.97,0.0
20231120:0611,0.0,0.0,0.0,0.66,3.1,0.0
20231120:0711,0.0,0.0,0.0,1.05,2.76,0.0
20231120:0811,72.83,96.47,5.87,1.23,2.69,0.0
20231120:0911,97.53,123.61,9.3,1.49,2.69,0.0
20231120:1011,279.74,320.45,10.96,1.98,2.48,0.0
20231120:1111,238.98,276.46,10.72,2.19,2.41,0.0
20231120:1211,391.2,445.24,8.6,2.25,2.41,0.0
20231120:1311,182.97,216.33,4.77,1.88,2.55,0.0
20231120:1411,0.0,0.0,0.0,1.5,2.83,0.0
20231120:1511,0.0,0.0,0.0,1.23,3.03,0.0
20231120:1611,0.0,0.0,0.0,1.15,3.1,0.0
20231120:1711,0.0,0.0,0.0,1.04,3.17,0.0
20231120:1811,0.0,0.0,0.0,0.92,3.31,0.0
20231120:1911,0.0,0.0,0.0,0.89,3.45,0.0
20231120:2011,0.0,0.0,0.0,0.91,3.52,0.0
20231120:2111,0.0,0.0,0.0,0.81,3.52,0.0
20231120:2211,0.0,0.0,0.0,0.79,3.59,0.0
20231120:2311,0.0,0.0,0.0,0.71,3.59,0.0
20231121:0011,0.0,0.0,0.0,0.53,3.52,0.0
20231121:0111,0.0,0.0,0.0,0.44,3.38,0.0
20231121:0211,0.0,0.0,0.0,0.36,3.24,0.0
20231121:0311,0.0,0.0,0.0,0.17,3.1,0.0
20231121:0411,0.0,0.0,0.0,0.14,3.1,0.0
20231121:0511,0.0,0.0,0.0,0.02,3.03,0.0
20231121:0611,0.0,0.0,0.0,-0.16,3.17,0.0
20231121:0711,0.0,0.0,0.0,-0.17,3.17,0.0
20231121:0811,11.92,25.1,5.64,-0.07,3.24,0.0
20231121:0911,155.81,184.71,9.07,0.28,3.79,0.0
20231121:1011,17.95,33.17,10.74,0.73,3.93,0.0
20231121:1111,8.06,19.72,10.51,1.0,3.93,0.0
20231121:1211,2.97,11.65,8.4,1.12,3.59,0.0
20231121:1311,14.91,29.06,4.58,0.82,3.38,0.0
20231121:1411,0.0,0.0,0.0,0.26,3.31,0.0
20231121:1511,0.0,0.0,0.0,-0.21,3.17,0.0
20231121:1611,0.0,0.0,0.0,-0.48,3.17,0.0
20231121:1711,0.0,0.0,0.0,-0.75,3.03,0.0
20231121:1811,0.0,0.0,0.0,-0.85,2.97,0.0
20231121:1911,0.0,0.0,0.0,-0.93,2.69,0.0
20231121:2011,0.0,0.0,0.0,-1.07,2.48,0.0
20231121:2111,0.0,0.0,0.0,-1.24,2.21,0.0
20231121:2211,0.0,0.0,0.0,-1.41,2.0,0.0
20231121:2311,0.0,0.0,0.0,-1.69,1.79,0.0
20231122:0011,0.0,0.0,0.0,-1.96,1.59,0.0
20231122:0111,0.0,0.0,0.0,-2.05,1.45,0.0
20231122:0211,0.0,0.0,0.0,-2.35,1.52,0.0
20231122:0311,0.0,0.0,0.0,-2.58,1.45,0.0
20231122:0411,0.0,0.0,0.0,-2.79,1.79,0.0
20231122:0511,0.0,0.0,0.0,-2.73,2.0,0.0
20231122:0611,0.0,0.0,0.0,-2.45,2.76,0.0
20231122:0711,0.0,0.0,0.0,-2.24,3.79,0.0
20231122:0811,0.0,5.38,5.41,-1.61,4.76,0.0
20231122:0911,2.02,9.86,8.84,-0.91,5.59,0.0
20231122:1011,4.06,13.45,10.51,-0.41,6.69,0.0
20231122:1111,4.05,13.45,10.29,-0.05,6.48,0.0
20231122:1211,2.0,9.86,8.2,0.39,6.83,0.0
20231122:1311,0.0,4.48,4.39,0.9,7.59,0.0
20231122:1411,0.0,0.0,0.0,1.13,7.93,0.0
20231122:1511,0.0,0.0,0.0,1.18,8.34,0.0
20231122:1611,0.0,0.0,0.0,1.25,8.83,0.0
20231122:1711,0.0,0.0,0.0,1.38,9.03,0.0
20231122:1811,0.0,0.0,0.0,1.51,8.97,0.0
20231122:1911,0.0,0.0,0.0,1.46,8.41,0.0
20231122:2011,0.0,0.0,0.0,1.54,7.93,0.0
20231122:2111,0.0,0.0,0.0,2.18,7.52,0.0
20231122:2211,0.0,0.0,0.0,3.62,6.83,0.0
20231122:2311,0.0,0.0,0.0,4.15,5.59,0.0
20231123:0011,0.0,0.0,0.0,4.48,5.03,0.0
20231123:0111,0.0,0.0,0.0,4.52,4.62,0.0
20231123:0211,0.0,0.0,0.0,4.21,4.41,0.0
20231123:0311,0.0,0.0,0.0,3.86,4.28,0.0
20231123:0411,0.0,0.0,0.0,3.52,4.21,0.0
20231123:0511,0.0,0.0,0.0,3.21,4.28,0.0
20231123:0611,0.0,0.0,0.0,2.99,4.41,0.0
20231123:0711,0.0,0.0,0.0,2.43,4.34,0.0
20231123:0811,80.08,104.66,5.19,2.39,4.14,0.0
20231123:0911,328.44,372.76,8.62,2.77,4.07,0.0
20231123:1011,521.19,590.99,10.3,3.29,4.0,0.0
20231123:1111,105.21,132.81,10.09,3.61,4.0,0.0
20231123:1211,76.76,101.69,8.0,3.78,4.21,0.0
20231123:1311,0.0,3.59,4.22,3.46,4.41,0.0
20231123:1411,0.0,0.0,0.0,2.69,4.41,0.0
20231123:1511,0.0,0.0,0.0,1.97,4.28,0.0
20231123:1611,0.0,0.0,0.0,1.38,4.21,0.0
20231123:1711,0.0,0.0,0.0,0.93,4.34,0.0
20231123:1811,0.0,0.0,0.0,0.64,4.41,0.0
20231123:1911,0.0,0.0,0.0,0.71,4.69,0.0
20231123:2011,0.0,0.0,0.0,0.31,4.76,0.0
20231123:2111,0.0,0.0,0.0,0.01,5.03,0.0
20231123:2211,0.0,0.0,0.0,-0.14,5.38,0.0
20231123:2311,0.0,0.0,0.0,-0.17,5.66,0.0
20231124:0011,0.0,0.0,0.0,-0.11,5.66,0.0
20231124:0111,0.0,0.0,0.0,-0.13,5.38,0.0
20231124:0211,0.0,0.0,0.0,-0.3,5.24,0.0
20231124:0311,0.0,0.0,0.0,-0.47,5.24,0.0
20231124:0411,0.0,0.0,0.0,-0.51,5.31,0.0
20231124:0511,0.0,0.0,0.0,-0.64,5.24,0.0
20231124:0611,0.0,0.0,0.0,-0.87,5.17,0.0
20231124:0711,0.0,0.0,0.0,-1.06,4.97,0.0
20231124:0811,131.11,157.5,4.97,-1.07,4.9,0.0
20231124:0911,45.91,65.97,8.4,-0.93,4.62,0.0
20231124:1011,261.01,294.23,10.09,-0.73,4.9,0.0
20231124:1111,160.23,188.39,9.89,-0.48,5.24,0.0
20231124:1211,25.33,42.09,7.82,-0.47,5.72,0.0
20231124:1311,0.0,3.59,4.04,-0.43,6.07,0.0
20231124:1411,0.0,0.0,0.0,-0.64,5.59,0.0
20231124:1511,0.0,0.0,0.0,-0.53,6.34,0.0
20231124:1611,0.0,0.0,0.0,-0.31,6.55,0.0
20231124:1711,0.0,0.0,0.0,-0.17,6.69,0.0
20231124:1811,0.0,0.0,0.0,-0.35,6.41,0.0
20231124:1911,0.0,0.0,0.0,-0.31,6.0,0.0
20231124:2011,0.0,0.0,0.0,-0.58,5.72,0.0
20231124:2111,0.0,0.0,0.0,-0.73,5.24,0.0
20231124:2211,0.0,0.0,0.0,-0.9,5.24,0.0
20231124:2311,0.0,0.0,0.0,-1.07,5.38,0.0
20231125:0011,0.0,0.0,0.0,-1.24,5.66,0.0
20231125:0111,0.0,0.0,0.0,-1.39,5.86,0.0
20231125:0211,0.0,0.0,0.0,-1.51,5.79,0.0
20231125:0311,0.0,0.0,0.0,-1.7,6.0,0.0
20231125:0411,0.0,0.0,0.0,-1.95,6.07,0.0
20231125:0511,0.0,0.0,0.0,-2.15,5.93,0.0
20231125:0611,0.0,0.0,0.0,-2.45,5.79,0.0
20231125:0711,0.0,0.0,0.0,-2.77,5.45,0.0
20231125:0811,2.55,10.76,4.76,-3.2,5.72,0.0
20231125:0911,213.05,239.98,8.19,-3.78,6.28,0.0
20231125:1011,98.17,121.03,9.88,-4.28,6.55,0.0
20231125:1111,192.1,217.85,9.69,-4.33,6.48,0.0
20231125:1211,1.15,8.07,7.64,-4.35,6.48,0.0
20231125:1311,0.34,6.28,3.88,-4.58,6.41,0.0
20231125:1411,0.0,0.0,0.0,-4.74,6.34,0.0
20231125:1511,0.0,0.0,0.0,-4.65,6.14,0.0
20231125:1611,0.0,0.0,0.0,-4.81,5.66,0.0
20231125:1711,0.0,0.0,0.0,-4.88,5.45,0.0
20231125:1811,0.0,0.0,0.0,-5.21,5.24,0.0
20231125:1911,0.0,0.0,0.0,-5.25,4.97,0.0
20231125:2011,0.0,0.0,0.0,-5.27,4.97,0.0
20231125:2111,0.0,0.0,0.0,-5.03,5.1,0.0
20231125:2211,0.0,0.0,0.0,-4.88,4.97,0.0
20231125:2311,0.0,0.0,0.0,-4.69,5.24,0.0
20231126:0011,0.0,0.0,0.0,-4.45,5.38,0.0
20231126:0111,0.0,0.0,0.0,-4.33,5.24,0.0
20231126:0211,0.0,0.0,0.0,-4.26,5.1,0.0
20231126:0311,0.0,0.0,0.0,-4.29,4.97,0.0
20231126:0411,0.0,0.0,0.0,-4.19,4.83,0.0
20231126:0511,0.0,0.0,0.0,-4.14,4.76,0.0
20231126:0611,0.0,0.0,0.0,-4.2,4.55,0.0
20231126:0711,0.0,0.0,0.0,-3.51,4.14,0.0
20231126:0811,59.85,80.39,4.55,-3.53,3.93,0.0
20231126:0911,72.15,94.02,7.99,-3.04,3.79,0.0
20231126:1011,42.94,62.36,9.69,-2.55,3.79,0.0
20231126:1111,43.02,62.53,9.5,-2.26,3.66,0.0
20231126:1211,14.07,27.79,7.46,-2.2,3.52,0.0
20231126:1311,0.0,5.38,3.72,-2.38,3.45,0.0
20231126:1411,0.0,0.0,0.0,-2.58,3.45,0.0
20231126:1511,0.0,0.0,0.0,-2.92,3.52,0.0
20231126:1611,0.0,0.0,0.0,-3.2,3.59,0.0
20231126:1711,0.0,0.0,0.0,-3.42,3.59,0.0
20231126:1811,0.0,0.0,0.0,-3.54,3.59,0.0
20231126:1911,0.0,0.0,0.0,-3.9,3.59,0.0
20231126:2011,0.0,0.0,0.0,-3.87,3.59,0.0
20231126:2111,0.0,0.0,0.0,-3.74,3.45,0.0
20231126:2211,0.0,0.0,0.0,-3.47,3.24,0.0
20231126:2311,0.0,0.0,0.0,-3.43,2.97,0.0
20231127:0011,0.0,0.0,0.0,-3.18,2.97,0.0
20231127:0111,0.0,0.0,0.0,-2.99,3.24,0.0
20231127:0211,0.0,0.0,0.0,-2.84,3.66,0.0
20231127:0311,0.0,0.0,0.0,-2.97,4.07,0.0
20231127:0411,0.0,0.0,0.0,-3.19,4.28,0.0
20231127:0511,0.0,0.0,0.0,-3.66,4.28,0.0
20231127:0611,0.0,0.0,0.0,-3.92,4.34,0.0
20231127:0711,0.0,0.0,0.0,-4.17,4.62,0.0
20231127:0811,2.57,10.76,4.35,-4.33,4.62,0.0
20231127:0911,142.69,167.44,7.79,-4.21,4.41,0.0
20231127:1011,170.79,196.72,9.49,-4.04,4.41,0.0
20231127:1111,578.52,633.5,9.32,-3.88,4.69,0.0
20231127:1211,202.51,229.49,7.29,-3.99,4.69,0.0
20231127:1311,14.19,27.54,3.56,-4.39,4.48,0.0
20231127:1411,0.0,0.0,0.0,-5.03,4.34,0.0
20231127:1511,0.0,0.0,0.0,-5.59,4.41,0.0
20231127:1611,0.0,0.0,0.0,-5.98,4.41,0.0
20231127:1711,0.0,0.0,0.0,-6.24,4.48,0.0
20231127:1811,0.0,0.0,0.0,-6.54,4.55,0.0
20231127:1911,0.0,0.0,0.0,-6.7,4.41,0.0
20231127:2011,0.0,0.0,0.0,-6.92,4.62,0.0
20231127:2111,0.0,0.0,0.0,-7.16,4.69,0.0
20231127:2211,0.0,0.0,0.0,-6.96,4.69,0.0
20231127:2311,0.0,0.0,0.0,-6.79,4.62,0.0
20231128:0011,0.0,0.0,0.0,-6.51,4.62,0.0
20231128:0111,0.0,0.0,0.0,-6.09,4.55,0.0
20231128:0211,0.0,0.0,0.0,-5.51,5.17,0.0
20231128:0311,0.0,0.0,0.0,-4.96,5.38,0.0
20231128:0411,0.0,0.0,0.0,-4.45,5.66,0.0
20231128:0511,0.0,0.0,0.0,-4.29,5.59,0.0
20231128:0611,0.0,0.0,0.0,-4.19,5.31,0.0
20231128:0711,0.0,0.0,0.0,-3.66,5.38,0.0
20231128:0811,0.0,3.59,4.15,-3.79,5.38,0.0
20231128:0911,4.15,13.45,7.6,-3.87,4.76,0.0
20231128:1011,21.98,37.65,9.31,-3.89,4.41,0.0
20231128:1111,2.56,10.76,9.15,-4.04,4.28,0.0
20231128:1211,63.83,84.56,7.13,-4.18,4.14,0.0
20231128:1311,0.0,4.48,3.42,-4.29,4.14,0.0
20231128:1411,0.0,0.0,0.0,-4.51,3.59,0.0
20231128:1511,0.0,0.0,0.0,-4.54,3.45,0.0
20231128:1611,0.0,0.0,0.0,-4.29,3.38,0.0
20231128:1711,0.0,0.0,0.0,-3.87,3.31,0.0
20231128:1811,0.0,0.0,0.0,-3.53,3.38,0.0
20231128:1911,0.0,0.0,0.0,-4.64,2.83,0.0
20231128:2011,0.0,0.0,0.0,-4.29,2.69,0.0
20231128:2111,0.0,0.0,0.0,-4.01,2.55,0.0
20231128:2211,0.0,0.0,0.0,-3.72,2.48,0.0
20231128:2311,0.0,0.0,0.0,-3.43,1.93,0.0
20231129:0011,0.0,0.0,0.0,-3.23,0.83,0.0
20231129:0111,0.0,0.0,0.0,-3.09,1.03,0.0
20231129:0211,0.0,0.0,0.0,-2.88,1.45,0.0
20231129:0311,0.0,0.0,0.0,-2.67,1.45,0.0
20231129:0411,0.0,0.0,0.0,-2.56,1.59,0.0
20231129:0511,0.0,0.0,0.0,-2.64,1.79,0.0
20231129:0611,0.0,0.0,0.0,-3.22,1.59,0.0
20231129:0711,0.0,0.0,0.0,-4.69,2.0,0.0
20231129:0811,62.8,82.94,3.96,-6.01,1.59,0.0
20231129:0911,136.31,160.1,7.41,-6.49,1.45,0.0
20231129:1011,310.22,343.01,9.13,-6.31,1.31,0.0
20231129:1111,49.63,69.3,8.98,-5.06,0.83,0.0
20231129:1211,8.94,20.62,6.98,-4.64,0.28,0.0
20231129:1311,0.0,3.59,3.28,-5.17,0.97,0.0
20231129:1411,0.0,0.0,0.0,-5.23,1.93,0.0
20231129:1511,0.0,0.0,0.0,-5.25,2.34,0.0
20231129:1611,0.0,0.0,0.0,-5.16,2.41,0.0
20231129:1711,0.0,0.0,0.0,-5.07,2.28,0.0
20231129:1811,0.0,0.0,0.0,-4.89,2.14,0.0
20231129:1911,0.0,0.0,0.0,-3.54,2.28,0.0
20231129:2011,0.0,0.0,0.0,-3.24,2.21,0.0
20231129:2111,0.0,0.0,0.0,-2.88,2.28,0.0
20231129:2211,0.0,0.0,0.0,-2.69,2.34,0.0
20231129:2311,0.0,0.0,0.0,-2.42,2.34,0.0
20231130:0011,0.0,0.0,0.0,-2.19,2.48,0.0
20231130:0111,0.0,0.0,0.0,-2.16,2.69,0.0
20231130:0211,0.0,0.0,0.0,-2.09,2.76,0.0
20231130:0311,0.0,0.0,0.0,-2.16,2.9,0.0
20231130:0411,0.0,0.0,0.0,-2.15,3.31,0.0
20231130:0511,0.0,0.0,0.0,-2.02,3.66,0.0
20231130:0611,0.0,0.0,0.0,-1.9,4.0,0.0
20231130:0711,0.0,0.0,0.0,-1.89,4.48,0.0
20231130:0811,13.08,26.3,3.78,-1.72,4.69,0.0
20231130:0911,16.08,30.48,7.23,-1.54,4.9,0.0
20231130:1011,8.17,19.72,8.96,-1.34,5.03,0.0
20231130:1111,2.03,9.86,8.82,-1.37,5.17,0.0
20231130:1211,3.54,12.55,6.83,-1.39,5.31,0.0
20231130:1311,0.0,2.69,3.15,-1.49,5.45,0.0
20231130:1411,0.0,0.0,0.0,-1.61,5.52,0.0
20231130:1511,0.0,0.0,0.0,-1.55,5.59,0.0
20231130:1611,0.0,0.0,0.0,-1.46,5.66,0.0
20231130:1711,0.0,0.0,0.0,-1.3,5.66,0.0
20231130:1811,0.0,0.0,0.0,-1.26,5.66,0.0
20231130:1911,0.0,0.0,0.0,-1.03,6.0,0.0
20231130:2011,0.0,0.0,0.0,-1.0,6.0,0.0
20231130:2111,0.0,0.0,0.0,-1.03,6.0,0.0
20231130:2211,0.0,0.0,0.0,-1.06,6.0,0.0
20231130:2311,0.0,0.0,0.0,-1.08,5.93,0.0
20231201:0011,0.0,0.0,0.0,-1.13,5.79,0.0
20231201:0111,0.0,0.0,0.0,-1.11,5.66,0.0
20231201:0211,0.0,0.0,0.0,-1.17,5.45,0.0
20231201:0311,0.0,0.0,0.0,-1.21,5.24,0.0
20231201:0411,0.0,0.0,0.0,-1.24,5.03,0.0
20231201:0511,0.0,0.0,0.0,-1.28,4.97,0.0
20231201:0611,0.0,0.0,0.0,-1.31,4.9,0.0
20231201:0711,0.0,0.0,0.0,-0.93,4.62,0.0
20231201:0811,0.7,7.17,3.6,-0.94,4.41,0.0
20231201:0911,40.72,59.92,7.06,-0.93,4.28,0.0
20231201:1011,38.81,57.93,8.8,-0.85,4.14,0.0
20231201:1111,82.26,105.77,8.67,-0.83,4.07,0.0
20231201:1211,2.5,10.76,6.7,-0.79,3.93,0.0
20231201:1311,0.0,2.48,3.02,-0.94,4.34,0.0
20231201:1411,0.0,0.0,0.0,-1.15,4.48,0.0
20231201:1511,0.0,0.0,0.0,-1.33,4.48,0.0
20231201:1611,0.0,0.0,0.0,-1.44,4.28,0.0
20231201:1711,0.0,0.0,0.0,-1.59,4.0,0.0
20231201:1811,0.0,0.0,0.0,-1.86,3.79,0.0
20231201:1911,0.0,0.0,0.0,-2.1,4.21,0.0
20231201:2011,0.0,0.0,0.0,-2.29,4.34,0.0
20231201:2111,0.0,0.0,0.0,-2.57,4.34,0.0
20231201:2211,0.0,0.0,0.0,-2.99,4.48,0.0
20231201:2311,0.0,0.0,0.0,-3.48,4.41,0.0
20231202:0011,0.0,0.0,0.0,-4.02,4.34,0.0
20231202:0111,0.0,0.0,0.0,-4.78,4.28,0.0
20231202:0211,0.0,0.0,0.0,-5.3,4.21,0.0
20231202:0311,0.0,0.0,0.0,-5.65,4.14,0.0
20231202:0411,0.0,0.0,0.0,-6.04,4.0,0.0
20231202:0511,0.0,0.0,0.0,-6.49,4.14,0.0
20231202:0611,0.0,0.0,0.0,-6.76,4.14,0.0
20231202:0711,0.0,0.0,0.0,-5.97,4.14,0.0
20231202:0811,0.0,2.69,3.43,-6.04,4.07,0.0
20231202:0911,1.17,8.07,6.89,-6.01,3.79,0.0
20231202:1011,9.66,21.52,8.64,-5.91,3.72,0.0
20231202:1111,20.01,34.96,8.52,-5.92,3.72,0.0
20231202:1211,25.57,41.53,6.56,-5.89,3.86,0.0
20231202:1311,0.0,4.13,2.91,-5.86,3.72,0.0
20231202:1411,0.0,0.0,0.0,-6.08,3.72,0.0
20231202:1511,0.0,0.0,0.0,-6.1,3.72,0.0
20231202:1611,0.0,0.0,0.0,-5.93,3.66,0.0
20231202:1711,0.0,0.0,0.0,-5.92,3.66,0.0
20231202:1811,0.0,0.0,0.0,-5.92,3.66,0.0
20231202:1911,0.0,0.0,0.0,-5.88,3.45,0.0
20231202:2011,0.0,0.0,0.0,-5.88,3.45,0.0
20231202:2111,0.0,0.0,0.0,-6.01,3.59,0.0
20231202:2211,0.0,0.0,0.0,-6.28,3.72,0.0
20231202:2311,0.0,0.0,0.0,-6.3,3.72,0.0
20231203:0011,0.0,0.0,0.0,-6.43,3.72,0.0
20231203:0111,0.0,0.0,0.0,-6.44,3.72,0.0
20231203:0211,0.0,0.0,0.0,-6.57,3.72,0.0
20231203:0311,0.0,0.0,0.0,-6.37,3.79,0.0
20231203:0411,0.0,0.0,0.0,-6.19,3.86,0.0
20231203:0511,0.0,0.0,0.0,-6.12,3.86,0.0
20231203:0611,0.0,0.0,0.0,-6.03,3.86,0.0
20231203:0711,0.0,0.0,0.0,-5.3,3.86,0.0
20231203:0811,0.34,6.28,3.26,-5.25,3.86,0.0
20231203:0911,22.29,37.68,6.73,-5.04,3.79,0.0
20231203:1011,2.08,9.86,8.49,-4.76,3.79,0.0
20231203:1111,10.24,22.41,8.39,-4.58,3.93,0.0
20231203:1211,1.6,8.97,6.44,-4.45,3.79,0.0
20231203:1311,0.0,2.48,2.8,-4.48,4.0,0.0
20231203:1411,0.0,0.0,0.0,-4.58,4.07,0.0
20231203:1511,0.0,0.0,0.0,-4.63,4.28,0.0
20231203:1611,0.0,0.0,0.0,-4.8,4.48,0.0
20231203:1711,0.0,0.0,0.0,-5.08,4.62,0.0
20231203:1811,0.0,0.0,0.0,-5.53,4.28,0.0
20231203:1911,0.0,0.0,0.0,-6.47,4.0,0.0
20231203:2011,0.0,0.0,0.0,-7.41,4.0,0.0
20231203:2111,0.0,0.0,0.0,-8.19,4.0,0.0
20231203:2211,0.0,0.0,0.0,-8.98,3.93,0.0
20231203:2311,0.0,0.0,0.0,-9.58,3.79,0.0
20231204:0011,0.0,0.0,0.0,-10.03,3.66,0.0
20231204:0111,0.0,0.0,0.0,-10.49,3.66,0.0
20231204:0211,0.0,0.0,0.0,-10.9,3.66,0.0
20231204:0311,0.0,0.0,0.0,-11.22,3.72,0.0
20231204:0411,0.0,0.0,0.0,-11.5,3.72,0.0
20231204:0511,0.0,0.0,0.0,-11.57,3.79,0.0
20231204:0611,0.0,0.0,0.0,-11.58,3.79,0.0
20231204:0711,0.0,0.0,0.0,-10.93,3.72,0.0
20231204:0811,0.78,7.17,3.1,-10.59,3.66,0.0
20231204:0911,91.43,111.32,6.58,-10.11,3.45,0.0
20231204:1011,15.32,28.69,8.34,-9.37,3.31,0.0
20231204:1111,22.53,37.65,8.25,-8.87,3.24,0.0
20231204:1211,12.48,25.1,6.32,-8.57,2.97,0.0
20231204:1311,0.0,1.65,2.69,-8.57,3.03,0.0
20231204:1411,0.0,0.0,0.0,-8.75,2.9,0.0
20231204:1511,0.0,0.0,0.0,-8.79,2.76,0.0
20231204:1611,0.0,0.0,0.0,-8.68,2.69,0.0
20231204:1711,0.0,0.0,0.0,-8.67,2.55,0.0
20231204:1811,0.0,0.0,0.0,-8.72,2.41,0.0
20231204:1911,0.0,0.0,0.0,-9.15,2.28,0.0
20231204:2011,0.0,0.0,0.0,-9.62,2.21,0.0
20231204:2111,0.0,0.0,0.0,-10.01,2.14,0.0
20231204:2211,0.0,0.0,0.0,-10.22,2.07,0.0
20231204:2311,0.0,0.0,0.0,-10.44,2.07,0.0
20231205:0011,0.0,0.0,0.0,-10.52,2.0,0.0
20231205:0111,0.0,0.0,0.0,-10.56,1.79,0.0
20231205:0211,0.0,0.0,0.0,-10.64,1.86,0.0
20231205:0311,0.0,0.0,0.0,-10.58,1.79,0.0
20231205:0411,0.0,0.0,0.0,-10.53,1.66,0.0
20231205:0511,0.0,0.0,0.0,-10.45,1.59,0.0
20231205:0611,0.0,0.0,0.0,-10.33,1.59,0.0
20231205:0711,0.0,0.0,0.0,-9.71,1.72,0.0
20231205:0811,0.0,5.38,2.95,-9.7,1.66,0.0
20231205:0911,12.54,25.1,6.43,-9.59,1.59,0.0
20231205:1011,13.18,26.0,8.2,-8.93,1.45,0.0
20231205:1111,28.78,44.98,8.13,-8.46,1.52,0.0
20231205:1211,4.82,14.34,6.21,-7.94,1.52,0.0
20231205:1311,0.0,1.65,2.6,-8.21,1.72,0.0
20231205:1411,0.0,0.0,0.0,-8.25,1.72,0.0
20231205:1511,0.0,0.0,0.0,-8.43,1.86,0.0
20231205:1611,0.0,0.0,0.0,-8.69,1.93,0.0
20231205:1711,0.0,0.0,0.0,-9.0,1.93,0.0
20231205:1811,0.0,0.0,0.0,-9.35,1.86,0.0
20231205:1911,0.0,0.0,0.0,-9.53,1.66,0.0
20231205:2011,0.0,0.0,0.0,-9.84,1.66,0.0
20231205:2111,0.0,0.0,0.0,-10.39,1.72,0.0
20231205:2211,0.0,0.0,0.0,-10.66,1.86,0.0
20231205:2311,0.0,0.0,0.0,-11.31,1.86,0.0
20231206:0011,0.0,0.0,0.0,-11.84,1.79,0.0
20231206:0111,0.0,0.0,0.0,-12.33,1.72,0.0
20231206:0211,0.0,0.0,0.0,-12.63,1.52,0.0
20231206:0311,0.0,0.0,0.0,-12.94,1.66,0.0
20231206:0411,0.0,0.0,0.0,-12.87,1.59,0.0
20231206:0511,0.0,0.0,0.0,-13.01,1.45,0.0
20231206:0611,0.0,0.0,0.0,-13.04,1.38,0.0
20231206:0711,0.0,0.0,0.0,-12.51,1.59,0.0
20231206:0811,0.02,5.38,2.8,-12.14,1.38,0.0
20231206:0911,32.77,48.85,6.29,-11.52,1.24,0.0
20231206:1011,17.59,31.38,8.07,-11.06,1.31,0.0
20231206:1111,13.99,26.9,8.01,-10.59,1.45,0.0
20231206:1211,5.49,15.24,6.11,-10.37,1.59,0.0
20231206:1311,0.0,1.65,2.51,-10.32,1.66,0.0
20231206:1411,0.0,0.0,0.0,-10.36,1.79,0.0
20231206:1511,0.0,0.0,0.0,-10.16,1.86,0.0
20231206:1611,0.0,0.0,0.0,-9.97,1.86,0.0
20231206:1711,0.0,0.0,0.0,-9.5,2.0,0.0
20231206:1811,0.0,0.0,0.0,-8.82,2.21,0.0
20231206:1911,0.0,0.0,0.0,-8.62,2.28,0.0
20231206:2011,0.0,0.0,0.0,-7.87,2.48,0.0
20231206:2111,0.0,0.0,0.0,-7.17,2.48,0.0
20231206:2211,0.0,0.0,0.0,-6.54,2.28,0.0
20231206:2311,0.0,0.0,0.0,-5.52,1.93,0.0
20231207:0011,0.0,0.0,0.0,-4.46,1.66,0.0
20231207:0111,0.0,0.0,0.0,-3.39,1.93,0.0
20231207:0211,0.0,0.0,0.0,-2.49,2.48,0.0
20231207:0311,0.0,0.0,0.0,-1.9,2.83,0.0
20231207:0411,0.0,0.0,0.0,-1.36,2.9,0.0
20231207:0511,0.0,0.0,0.0,-1.03,3.1,0.0
20231207:0611,0.0,0.0,0.0,-0.71,3.31,0.0
20231207:0711,0.0,0.0,0.0,-0.24,3.79,0.0
20231207:0811,0.0,1.79,2.66,0.0,3.93,0.0
20231207:0911,0.3,6.28,6.16,0.31,4.14,0.0
20231207:1011,1.54,8.97,7.95,0.35,4.28,0.0
20231207:1111,4.58,14.34,7.9,0.39,4.21,0.0
20231207:1211,2.99,11.65,6.01,0.22,4.14,0.0
20231207:1311,0.0,1.65,2.43,0.16,4.07,0.0
20231207:1411,0.0,0.0,0.0,0.02,4.0,0.0
20231207:1511,0.0,0.0,0.0,-0.09,3.86,0.0
20231207:1611,0.0,0.0,0.0,-0.29,3.72,0.0
20231207:1711,0.0,0.0,0.0,-0.26,3.45,0.0
20231207:1811,0.0,0.0,0.0,-0.28,3.17,0.0
20231207:1911,0.0,0.0,0.0,0.09,3.52,0.0
20231207:2011,0.0,0.0,0.0,0.08,3.59,0.0
20231207:2111,0.0,0.0,0.0,0.22,3.79,0.0
20231207:2211,0.0,0.0,0.0,0.24,3.79,0.0
20231207:2311,0.0,0.0,0.0,0.22,3.86,0.0
20231208:0011,0.0,0.0,0.0,0.45,4.14,0.0
20231208:0111,0.0,0.0,0.0,0.52,4.28,0.0
20231208:0211,0.0,0.0,0.0,0.67,4.62,0.0
20231208:0311,0.0,0.0,0.0,0.85,4.69,0.0
20231208:0411,0.0,0.0,0.0,0.92,4.69,0.0
20231208:0511,0.0,0.0,0.0,1.06,4.41,0.0
20231208:0611,0.0,0.0,0.0,1.14,4.21,0.0
20231208:0711,0.0,0.0,0.0,1.1,3.79,0.0
20231208:0811,0.0,2.69,2.52,1.11,3.86,0.0
20231208:0911,29.0,46.64,6.03,1.34,3.86,0.0
20231208:1011,2.46,10.76,7.84,1.54,4.07,0.0
20231208:1111,1.98,9.86,7.8,1.56,4.21,0.0
20231208:1211,7.43,18.83,5.92,1.53,4.28,0.0
20231208:1311,2.01,9.92,2.35,1.38,4.55,0.0
20231208:1411,0.0,0.0,0.0,1.21,4.69,0.0
20231208:1511,0.0,0.0,0.0,1.16,4.9,0.0
20231208:1611,0.0,0.0,0.0,1.01,5.03,0.0
20231208:1711,0.0,0.0,0.0,0.95,5.1,0.0
20231208:1811,0.0,0.0,0.0,0.93,4.97,0.0
20231208:1911,0.0,0.0,0.0,0.98,4.69,0.0
20231208:2011,0.0,0.0,0.0,0.98,4.62,0.0
20231208:2111,0.0,0.0,0.0,1.0,4.55,0.0
20231208:2211,0.0,0.0,0.0,0.94,4.34,0.0
20231208:2311,0.0,0.0,0.0,0.87,4.14,0.0
20231209:0011,0.0,0.0,0.0,0.76,4.07,0.0
20231209:0111,0.0,0.0,0.0,0.67,4.0,0.0
20231209:0211,0.0,0.0,0.0,0.59,4.0,0.0
20231209:0311,0.0,0.0,0.0,0.53,4.0,0.0
20231209:0411,0.0,0.0,0.0,0.36,4.07,0.0
20231209:0511,0.0,0.0,0.0,0.11,4.21,0.0
20231209:0611,0.0,0.0,0.0,0.02,4.28,0.0
20231209:0711,0.0,0.0,0.0,0.13,4.48,0.0
20231209:0811,0.0,2.69,2.4,0.08,4.48,0.0
20231209:0911,0.3,6.28,5.91,0.1,4.48,0.0
20231209:1011,1.54,8.97,7.73,0.08,4.48,0.0
20231209:1111,1.54,8.97,7.7,0.03,4.41,0.0
20231209:1211,0.69,7.17,5.84,-0.02,4.34,0.0
20231209:1311,0.0,1.65,2.29,-0.16,4.14,0.0
20231209:1411,0.0,0.0,0.0,-0.39,4.07,0.0
20231209:1511,0.0,0.0,0.0,-0.53,4.0,0.0
20231209:1611,0.0,0.0,0.0,-0.6,4.07,0.0
20231209:1711,0.0,0.0,0.0,-0.68,4.07,0.0
20231209:1811,0.0,0.0,0.0,-0.69,4.0,0.0
20231209:1911,0.0,0.0,0.0,-0.56,3.93,0.0
20231209:2011,0.0,0.0,0.0,-0.55,3.79,0.0
20231209:2111,0.0,0.0,0.0,-0.47,3.66,0.0
20231209:2211,0.0,0.0,0.0,-0.47,3.59,0.0
20231209:2311,0.0,0.0,0.0,-0.34,3.38,0.0
20231210:0011,0.0,0.0,0.0,-0.25,3.03,0.0
20231210:0111,0.0,0.0,0.0,-0.27,2.83,0.0
20231210:0211,0.0,0.0,0.0,-0.3,2.83,0.0
20231210:0311,0.0,0.0,0.0,-0.08,2.9,0.0
20231210:0411,0.0,0.0,0.0,-0.01,2.97,0.0
20231210:0511,0.0,0.0,0.0,0.0,2.97,0.0
20231210:0611,0.0,0.0,0.0,-0.03,3.03,0.0
20231210:0711,0.0,0.0,0.0,-0.18,2.76,0.0
20231210:0811,0.0,1.79,2.27,-0.03,2.69,0.0
20231210:0911,0.3,6.28,5.8,0.09,2.69,0.0
20231210:1011,1.1,8.07,7.62,0.42,2.69,0.0
20231210:1111,1.09,8.07,7.62,0.61,2.69,0.0
20231210:1211,11.22,24.21,5.77,0.61,2.55,0.0
20231210:1311,0.0,1.65,2.23,0.53,2.69,0.0
20231210:1411,0.0,0.0,0.0,0.37,2.97,0.0
20231210:1511,0.0,0.0,0.0,0.43,3.31,0.0
20231210:1611,0.0,0.0,0.0,0.49,3.72,0.0
20231210:1711,0.0,0.0,0.0,0.48,4.0,0.0
20231210:1811,0.0,0.0,0.0,0.44,4.28,0.0
20231210:1911,0.0,0.0,0.0,0.42,4.28,0.0
20231210:2011,0.0,0.0,0.0,0.58,4.14,0.0
20231210:2111,0.0,0.0,0.0,0.62,4.0,0.0
20231210:2211,0.0,0.0,0.0,0.73,4.34,0.0
20231210:2311,0.0,0.0,0.0,0.73,4.62,0.0
20231211:0011,0.0,0.0,0.0,0.87,4.83,0.0
20231211:0111,0.0,0.0,0.0,0.99,4.83,0.0
20231211:0211,0.0,0.0,0.0,0.96,4.69,0.0
20231211:0311,0.0,0.0,0.0,0.95,4.9,0.0
20231211:0411,0.0,0.0,0.0,0.91,4.83,0.0
20231211:0511,0.0,0.0,0.0,0.91,4.76,0.0
20231211:0611,0.0,0.0,0.0,1.0,4.9,0.0
20231211:0711,0.0,0.0,0.0,1.23,4.76,0.0
20231211:0811,0.0,1.79,2.16,1.23,4.62,0.0
20231211:0911,3.48,12.55,5.69,1.21,4.69,0.0
20231211:1011,1.99,9.86,7.53,1.17,4.69,0.0
20231211:1111,5.69,16.14,7.53,1.09,4.83,0.0
20231211:1211,3.49,12.55,5.7,0.94,4.9,0.0
20231211:1311,0.0,1.65,2.18,0.68,5.03,0.0
20231211:1411,0.0,0.0,0.0,0.34,5.03,0.0
20231211:1511,0.0,0.0,0.0,0.14,5.03,0.0
20231211:1611,0.0,0.0,0.0,-0.01,5.1,0.0
20231211:1711,0.0,0.0,0.0,-0.31,4.97,0.0
20231211:1811,0.0,0.0,0.0,-0.49,4.9,0.0
20231211:1911,0.0,0.0,0.0,-0.24,4.62,0.0
20231211:2011,0.0,0.0,0.0,-0.39,4.62,0.0
20231211:2111,0.0,0.0,0.0,-0.64,4.62,0.0
20231211:2211,0.0,0.0,0.0,-0.83,4.69,0.0
20231211:2311,0.0,0.0,0.0,-1.08,4.62,0.0
20231212:0011,0.0,0.0,0.0,-1.23,4.41,0.0
20231212:0111,0.0,0.0,0.0,-1.45,4.34,0.0
20231212:0211,0.0,0.0,0.0,-1.74,4.28,0.0
20231212:0311,0.0,0.0,0.0,-1.98,4.21,0.0
20231212:0411,0.0,0.0,0.0,-2.23,4.21,0.0
20231212:0511,0.0,0.0,0.0,-2.43,4.07,0.0
20231212:0611,0.0,0.0,0.0,-2.57,4.0,0.0
20231212:0711,0.0,0.0,0.0,-2.6,3.93,0.0
20231212:0811,0.0,1.79,2.05,-2.83,3.86,0.0
20231212:0911,2.05,9.86,5.59,-2.8,3.93,0.0
20231212:1011,2.54,10.76,7.44,-2.72,3.93,0.0
20231212:1111,1.13,8.07,7.46,-2.7,3.66,0.0
20231212:1211,0.0,5.38,5.65,-2.69,3.79,0.0
20231212:1311,0.0,1.65,2.13,-2.86,3.72,0.0
20231212:1411,0.0,0.0,0.0,-3.02,3.66,0.0
20231212:1511,0.0,0.0,0.0,-3.16,3.59,0.0
20231212:1611,0.0,0.0,0.0,-3.33,3.52,0.0
20231212:1711,0.0,0.0,0.0,-3.56,3.45,0.0
20231212:1811,0.0,0.0,0.0,-3.64,3.38,0.0
20231212:1911,0.0,0.0,0.0,-3.71,3.31,0.0
20231212:2011,0.0,0.0,0.0,-3.78,3.31,0.0
20231212:2111,0.0,0.0,0.0,-3.65,3.38,0.0
20231212:2211,0.0,0.0,0.0,-3.59,3.38,0.0
20231212:2311,0.0,0.0,0.0,-3.59,3.38,0.0
20231213:0011,0.0,0.0,0.0,-3.48,3.38,0.0
20231213:0111,0.0,0.0,0.0,-3.42,3.31,0.0
20231213:0211,0.0,0.0,0.0,-3.44,3.24,0.0
20231213:0311,0.0,0.0,0.0,-3.38,3.17,0.0
20231213:0411,0.0,0.0,0.0,-3.41,3.31,0.0
20231213:0511,0.0,0.0,0.0,-3.35,3.52,0.0
20231213:0611,0.0,0.0,0.0,-3.26,3.72,0.0
20231213:0711,0.0,0.0,0.0,-3.14,3.45,0.0
20231213:0811,0.0,1.79,1.95,-3.15,3.52,0.0
20231213:0911,0.32,6.28,5.5,-2.94,3.59,0.0
20231213:1011,1.13,8.07,7.37,-2.67,3.52,0.0
20231213:1111,1.13,8.07,7.4,-2.51,3.79,0.0
20231213:1211,0.0,5.38,5.59,-2.44,3.86,0.0
20231213:1311,0.0,1.65,2.1,-2.48,3.86,0.0
20231213:1411,0.0,0.0,0.0,-2.55,3.86,0.0
20231213:1511,0.0,0.0,0.0,-2.67,3.86,0.0
20231213:1611,0.0,0.0,0.0,-2.87,3.93,0.0
20231213:1711,0.0,0.0,0.0,-3.01,3.86,0.0
20231213:1811,0.0,0.0,0.0,-3.3,3.79,0.0
20231213:1911,0.0,0.0,0.0,-3.57,4.0,0.0
20231213:2011,0.0,0.0,0.0,-3.87,4.07,0.0
20231213:2111,0.0,0.0,0.0,-4.19,4.21,0.0
20231213:2211,0.0,0.0,0.0,-4.55,4.14,0.0
20231213:2311,0.0,0.0,0.0,-4.88,4.14,0.0
20231214:0011,0.0,0.0,0.0,-5.27,4.21,0.0
20231214:0111,0.0,0.0,0.0,-5.63,4.28,0.0
20231214:0211,0.0,0.0,0.0,-6.11,4.34,0.0
20231214:0311,0.0,0.0,0.0,-6.51,4.14,0.0
20231214:0411,0.0,0.0,0.0,-6.95,3.86,0.0
20231214:0511,0.0,0.0,0.0,-7.43,3.72,0.0
20231214:0611,0.0,0.0,0.0,-7.8,3.66,0.0
20231214:0711,0.0,0.0,0.0,-8.17,3.59,0.0
20231214:0811,0.0,0.9,1.86,-8.31,3.52,0.0
20231214:0911,1.19,8.07,5.42,-8.29,3.66,0.0
20231214:1011,1.19,8.07,7.29,-8.06,3.45,0.0
20231214:1111,1.19,8.07,7.34,-7.8,3.31,0.0
20231214:1211,0.0,5.38,5.55,-7.54,3.1,0.0
20231214:1311,0.0,1.65,2.07,-7.47,3.03,0.0
20231214:1411,0.0,0.0,0.0,-7.71,3.1,0.0
20231214:1511,0.0,0.0,0.0,-7.94,3.03,0.0
20231214:1611,0.0,0.0,0.0,-8.27,3.03,0.0
20231214:1711,0.0,0.0,0.0,-8.58,2.97,0.0
20231214:1811,0.0,0.0,0.0,-9.05,2.97,0.0
20231214:1911,0.0,0.0,0.0,-8.33,2.76,0.0
20231214:2011,0.0,0.0,0.0,-8.48,2.48,0.0
20231214:2111,0.0,0.0,0.0,-8.76,2.41,0.0
20231214:2211,0.0,0.0,0.0,-9.18,2.55,0.0
20231214:2311,0.0,0.0,0.0,-9.63,2.55,0.0
20231215:0011,0.0,0.0,0.0,-9.95,2.55,0.0
20231215:0111,0.0,0.0,0.0,-10.07,2.55,0.0
20231215:0211,0.0,0.0,0.0,-10.28,2.41,0.0
20231215:0311,0.0,0.0,0.0,-10.36,2.07,0.0
20231215:0411,0.0,0.0,0.0,-10.29,1.79,0.0
20231215:0511,0.0,0.0,0.0,-10.3,1.93,0.0
20231215:0611,0.0,0.0,0.0,-9.93,1.93,0.0
20231215:0711,0.0,0.0,0.0,-7.71,2.21,0.0
20231215:0811,0.0,0.9,1.77,-6.44,2.41,0.0
20231215:0911,0.0,5.38,5.34,-4.86,2.69,0.0
20231215:1011,7.04,17.93,7.23,-3.53,3.03,0.0
20231215:1111,6.4,17.03,7.29,-2.58,3.17,0.0
20231215:1211,54.59,75.03,5.52,-1.85,2.97,0.0
20231215:1311,0.0,1.65,2.05,-1.47,2.62,0.0
20231215:1411,0.0,0.0,0.0,-1.29,2.55,0.0
20231215:1511,0.0,0.0,0.0,-0.85,2.48,0.0
20231215:1611,0.0,0.0,0.0,-0.43,2.48,0.0
20231215:1711,0.0,0.0,0.0,-0.08,2.41,0.0
20231215:1811,0.0,0.0,0.0,0.24,2.55,0.0
20231215:1911,0.0,0.0,0.0,0.26,2.55,0.0
20231215:2011,0.0,0.0,0.0,0.47,2.9,0.0
20231215:2111,0.0,0.0,0.0,0.26,3.1,0.0
20231215:2211,0.0,0.0,0.0,-0.1,3.03,0.0
20231215:2311,0.0,0.0,0.0,-0.18,3.17,0.0
20231216:0011,0.0,0.0,0.0,-0.32,3.31,0.0
20231216:0111,0.0,0.0,0.0,-0.5,3.31,0.0
20231216:0211,0.0,0.0,0.0,-0.28,3.45,0.0
20231216:0311,0.0,0.0,0.0,-0.23,3.38,0.0
20231216:0411,0.0,0.0,0.0,0.15,3.38,0.0
20231216:0511,0.0,0.0,0.0,0.56,3.38,0.0
20231216:0611,0.0,0.0,0.0,1.05,3.45,0.0
20231216:0711,0.0,0.0,0.0,1.34,3.45,0.0
20231216:0811,0.0,0.9,1.69,1.73,3.59,0.0
20231216:0911,1.08,8.07,5.27,2.18,3.45,0.0
20231216:1011,1.96,9.86,7.17,2.73,4.07,0.0
20231216:1111,1.07,8.07,7.25,3.31,4.83,0.0
20231216:1211,0.0,5.38,5.49,3.76,5.31,0.0
20231216:1311,0.0,1.65,2.03,4.16,5.38,0.0
20231216:1411,0.0,0.0,0.0,4.43,5.52,0.0
20231216:1511,0.0,0.0,0.0,4.72,5.86,0.0
20231216:1611,0.0,0.0,0.0,4.99,6.28,0.0
20231216:1711,0.0,0.0,0.0,5.3,6.48,0.0
20231216:1811,0.0,0.0,0.0,5.53,6.69,0.0
20231216:1911,0.0,0.0,0.0,5.43,7.24,0.0
20231216:2011,0.0,0.0,0.0,5.49,7.72,0.0
20231216:2111,0.0,0.0,0.0,5.55,7.93,0.0
20231216:2211,0.0,0.0,0.0,5.56,7.66,0.0
20231216:2311,0.0,0.0,0.0,5.18,6.69,0.0
20231217:0011,0.0,0.0,0.0,4.5,5.72,0.0
20231217:0111,0.0,0.0,0.0,3.46,4.48,0.0
20231217:0211,0.0,0.0,0.0,2.63,4.14,0.0
20231217:0311,0.0,0.0,0.0,2.04,3.38,0.0
20231217:0411,0.0,0.0,0.0,1.32,2.83,0.0
20231217:0511,0.0,0.0,0.0,0.79,2.76,0.0
20231217:0611,0.0,0.0,0.0,0.52,3.03,0.0
20231217:0711,0.0,0.0,0.0,0.44,2.9,0.0
20231217:0811,0.0,0.9,1.62,0.46,2.97,0.0
20231217:0911,44.76,64.7,5.21,0.79,3.1,0.0
20231217:1011,11.84,25.1,7.12,1.25,3.24,0.0
20231217:1111,12.44,26.0,7.21,1.93,3.38,0.0
20231217:1211,2.44,10.76,5.47,2.56,3.31,0.0
20231217:1311,0.0,1.65,2.02,2.72,3.31,0.0
20231217:1411,0.0,0.0,0.0,3.46,3.52,0.0
20231217:1511,0.0,0.0,0.0,4.18,3.93,0.0
20231217:1611,0.0,0.0,0.0,4.7,4.55,0.0
20231217:1711,0.0,0.0,0.0,4.94,4.62,0.0
20231217:1811,0.0,0.0,0.0,4.99,4.41,0.0
20231217:1911,0.0,0.0,0.0,4.86,4.07,0.0
20231217:2011,0.0,0.0,0.0,4.77,3.86,0.0
20231217:2111,0.0,0.0,0.0,4.74,3.79,0.0
20231217:2211,0.0,0.0,0.0,4.53,3.59,0.0
20231217:2311,0.0,0.0,0.0,4.35,3.59,0.0
20231218:0011,0.0,0.0,0.0,4.28,3.86,0.0
20231218:0111,0.0,0.0,0.0,4.39,3.79,0.0
20231218:0211,0.0,0.0,0.0,4.42,3.72,0.0
20231218:0311,0.0,0.0,0.0,4.52,3.59,0.0
20231218:0411,0.0,0.0,0.0,4.63,3.45,0.0
20231218:0511,0.0,0.0,0.0,4.67,3.45,0.0
20231218:0611,0.0,0.0,0.0,4.82,3.72,0.0
20231218:0711,0.0,0.0,0.0,4.58,4.14,0.0
20231218:0811,0.0,0.9,1.55,4.55,4.07,0.0
20231218:0911,2.9,11.65,5.16,4.51,3.79,0.0
20231218:1011,7.3,18.83,7.08,4.53,3.72,0.0
20231218:1111,5.56,16.14,7.19,4.6,3.45,0.0
20231218:1211,0.65,7.17,5.46,4.51,3.24,0.0
20231218:1311,0.0,1.65,2.03,4.36,3.31,0.0
20231218:1411,0.0,0.0,0.0,4.2,3.52,0.0
20231218:1511,0.0,0.0,0.0,4.28,3.66,0.0
20231218:1611,0.0,0.0,0.0,4.61,3.93,0.0
20231218:1711,0.0,0.0,0.0,4.87,4.21,0.0
20231218:1811,0.0,0.0,0.0,4.97,4.69,0.0
20231218:1911,0.0,0.0,0.0,4.7,4.55,0.0
20231218:2011,0.0,0.0,0.0,4.55,4.83,0.0
20231218:2111,0.0,0.0,0.0,4.39,4.83,0.0
20231218:2211,0.0,0.0,0.0,4.43,4.97,0.0
20231218:2311,0.0,0.0,0.0,4.67,5.17,0.0
20231219:0011,0.0,0.0,0.0,5.08,5.52,0.0
20231219:0111,0.0,0.0,0.0,5.47,6.21,0.0
20231219:0211,0.0,0.0,0.0,6.05,6.83,0.0
20231219:0311,0.0,0.0,0.0,6.51,7.52,0.0
20231219:0411,0.0,0.0,0.0,6.45,7.66,0.0
20231219:0511,0.0,0.0,0.0,5.84,7.79,0.0
20231219:0611,0.0,0.0,0.0,5.11,7.45,0.0
20231219:0711,0.0,0.0,0.0,4.19,6.69,0.0
20231219:0811,0.0,4.96,1.5,3.64,6.55,0.0
20231219:0911,341.63,385.36,5.11,3.59,6.48,0.0
20231219:1011,445.74,500.27,7.05,3.74,6.28,0.0
20231219:1111,445.49,500.86,7.17,3.74,5.72,0.0
20231219:1211,126.92,155.24,5.45,3.51,5.17,0.0
20231219:1311,0.0,1.65,2.03,2.98,4.83,0.0
20231219:1411,0.0,0.0,0.0,2.39,4.83,0.0
20231219:1511,0.0,0.0,0.0,1.97,4.97,0.0
20231219:1611,0.0,0.0,0.0,1.72,5.03,0.0
20231219:1711,0.0,0.0,0.0,1.56,4.83,0.0
20231219:1811,0.0,0.0,0.0,1.61,4.83,0.0
20231219:1911,0.0,0.0,0.0,1.19,4.76,0.0
20231219:2011,0.0,0.0,0.0,0.89,4.55,0.0
20231219:2111,0.0,0.0,0.0,0.57,4.48,0.0
20231219:2211,0.0,0.0,0.0,0.22,4.21,0.0
20231219:2311,0.0,0.0,0.0,-0.03,4.07,0.0
20231220:0011,0.0,0.0,0.0,-0.3,3.86,0.0
20231220:0111,0.0,0.0,0.0,-0.59,3.59,0.0
20231220:0211,0.0,0.0,0.0,-0.77,3.31,0.0
20231220:0311,0.0,0.0,0.0,-0.68,3.24,0.0
20231220:0411,0.0,0.0,0.0,-0.28,3.24,0.0
20231220:0511,0.0,0.0,0.0,0.07,3.03,0.0
20231220:0611,0.0,0.0,0.0,0.38,2.83,0.0
20231220:0711,0.0,0.0,0.0,-0.05,2.34,0.0
20231220:0811,0.0,0.83,1.44,0.21,2.28,0.0
20231220:0911,6.86,17.93,5.07,0.76,2.21,0.0
20231220:1011,6.25,17.03,7.02,1.4,2.48,0.0
20231220:1111,23.71,40.37,7.15,1.42,2.9,0.0
20231220:1211,18.45,33.66,5.45,1.09,2.21,0.0
20231220:1311,0.0,1.65,2.05,0.99,2.07,0.0
20231220:1411,0.0,0.0,0.0,1.01,2.07,0.0
20231220:1511,0.0,0.0,0.0,1.12,2.21,0.0
20231220:1611,0.0,0.0,0.0,1.24,2.55,0.0
20231220:1711,0.0,0.0,0.0,1.29,2.55,0.0
20231220:1811,0.0,0.0,0.0,1.46,2.55,0.0
20231220:1911,0.0,0.0,0.0,1.41,2.41,0.0
20231220:2011,0.0,0.0,0.0,1.29,2.07,0.0
20231220:2111,0.0,0.0,0.0,1.19,1.79,0.0
20231220:2211,0.0,0.0,0.0,0.98,1.72,0.0
20231220:2311,0.0,0.0,0.0,0.81,1.86,0.0
20231221:0011,0.0,0.0,0.0,0.68,2.0,0.0
20231221:0111,0.0,0.0,0.0,0.36,2.07,0.0
20231221:0211,0.0,0.0,0.0,0.1,2.07,0.0
20231221:0311,0.0,0.0,0.0,-0.19,2.07,0.0
20231221:0411,0.0,0.0,0.0,-0.39,2.14,0.0
20231221:0511,0.0,0.0,0.0,-0.69,2.48,0.0
20231221:0611,0.0,0.0,0.0,-0.94,2.21,0.0
20231221:0711,0.0,0.0,0.0,-1.17,2.21,0.0
20231221:0811,0.0,0.83,1.4,-1.26,2.48,0.0
20231221:0911,1.11,8.07,5.04,-1.16,2.62,0.0
20231221:1011,24.83,41.43,7.01,-0.68,3.31,0.0
20231221:1111,79.92,103.38,7.15,0.1,3.66,0.0
20231221:1211,11.23,24.21,5.46,0.65,4.21,0.0
20231221:1311,0.0,1.65,2.07,0.98,5.03,0.0
20231221:1411,0.0,0.0,0.0,0.99,5.52,0.0
20231221:1511,0.0,0.0,0.0,1.01,5.72,0.0
20231221:1611,0.0,0.0,0.0,1.1,6.0,0.0
20231221:1711,0.0,0.0,0.0,1.27,6.76,0.0
20231221:1811,0.0,0.0,0.0,1.07,7.1,0.0
20231221:1911,0.0,0.0,0.0,0.99,6.69,0.0
20231221:2011,0.0,0.0,0.0,0.95,7.1,0.0
20231221:2111,0.0,0.0,0.0,0.85,7.31,0.0
20231221:2211,0.0,0.0,0.0,0.83,7.38,0.0
20231221:2311,0.0,0.0,0.0,0.84,7.24,0.0
20231222:0011,0.0,0.0,0.0,0.79,7.45,0.0
20231222:0111,0.0,0.0,0.0,0.73,7.17,0.0
20231222:0211,0.0,0.0,0.0,0.71,7.03,0.0
20231222:0311,0.0,0.0,0.0,0.67,6.97,0.0
20231222:0411,0.0,0.0,0.0,0.71,7.66,0.0
20231222:0511,0.0,0.0,0.0,0.68,7.79,0.0
20231222:0611,0.0,0.0,0.0,0.58,7.86,0.0
20231222:0711,0.0,0.0,0.0,0.69,6.21,0.0
20231222:0811,0.0,0.0,0.0,0.68,6.34,0.0
20231222:0911,370.42,411.6,5.02,0.63,6.28,0.0
20231222:1011,34.16,52.66,7.0,0.6,6.21,0.0
20231222:1111,2.48,10.76,7.15,0.47,6.0,0.0
20231222:1211,0.0,5.38,5.48,0.32,5.79,0.0
20231222:1311,0.0,1.65,2.1,0.18,5.66,0.0
20231222:1411,0.0,0.0,0.0,0.02,5.72,0.0
20231222:1511,0.0,0.0,0.0,-0.04,5.79,0.0
20231222:1611,0.0,0.0,0.0,-0.08,5.93,0.0
20231222:1711,0.0,0.0,0.0,-0.13,6.14,0.0
20231222:1811,0.0,0.0,0.0,-0.13,6.07,0.0
20231222:1911,0.0,0.0,0.0,-0.03,5.79,0.0
20231222:2011,0.0,0.0,0.0,-0.05,5.59,0.0
20231222:2111,0.0,0.0,0.0,0.06,5.52,0.0
20231222:2211,0.0,0.0,0.0,0.11,5.31,0.0
20231222:2311,0.0,0.0,0.0,0.1,5.31,0.0
20231223:0011,0.0,0.0,0.0,-0.01,5.52,0.0
20231223:0111,0.0,0.0,0.0,-0.04,5.66,0.0
20231223:0211,0.0,0.0,0.0,-0.2,5.72,0.0
20231223:0311,0.0,0.0,0.0,-0.45,5.72,0.0
20231223:0411,0.0,0.0,0.0,-0.73,5.93,0.0
20231223:0511,0.0,0.0,0.0,-1.09,5.66,0.0
20231223:0611,0.0,0.0,0.0,-1.55,5.86,0.0
20231223:0711,0.0,0.0,0.0,-1.92,6.0,0.0
20231223:0811,0.0,0.0,0.0,-2.38,6.07,0.0
20231223:0911,0.0,4.48,5.0,-2.62,6.14,0.0
20231223:1011,5.24,15.24,6.99,-2.79,5.72,0.0
20231223:1111,10.15,22.41,7.17,-2.89,5.52,0.0
20231223:1211,1.58,8.97,5.51,-2.93,5.79,0.0
20231223:1311,0.0,1.65,2.14,-2.94,5.79,0.0
20231223:1411,0.0,0.0,0.0,-3.03,5.86,0.0
20231223:1511,0.0,0.0,0.0,-3.04,5.72,0.0
20231223:1611,0.0,0.0,0.0,-3.1,5.59,0.0
20231223:1711,0.0,0.0,0.0,-3.11,5.52,0.0
20231223:1811,0.0,0.0,0.0,-3.19,5.38,0.0
20231223:1911,0.0,0.0,0.0,-3.61,5.17,0.0
20231223:2011,0.0,0.0,0.0,-4.26,5.1,0.0
20231223:2111,0.0,0.0,0.0,-4.58,4.97,0.0
20231223:2211,0.0,0.0,0.0,-4.91,4.62,0.0
20231223:2311,0.0,0.0,0.0,-5.38,4.14,0.0
20231224:0011,0.0,0.0,0.0,-6.08,3.86,0.0
20231224:0111,0.0,0.0,0.0,-6.72,3.86,0.0
20231224:0211,0.0,0.0,0.0,-7.65,4.0,0.0
20231224:0311,0.0,0.0,0.0,-8.28,4.0,0.0
20231224:0411,0.0,0.0,0.0,-8.75,3.66,0.0
20231224:0511,0.0,0.0,0.0,-9.26,3.45,0.0
20231224:0611,0.0,0.0,0.0,-9.76,3.24,0.0
20231224:0711,0.0,0.0,0.0,-9.74,3.1,0.0
20231224:0811,0.0,0.0,0.0,-10.06,2.83,0.0
20231224:0911,20.04,34.25,4.99,-10.03,2.62,0.0
20231224:1011,27.57,43.29,7.0,-9.84,2.34,0.0
20231224:1111,35.52,52.3,7.19,-9.62,2.07,0.0
20231224:1211,400.86,432.41,5.54,-9.51,2.14,0.0
20231224:1311,0.9,7.44,2.19,-9.53,2.0,0.0
20231224:1411,0.0,0.0,0.0,-9.15,1.59,0.0
20231224:1511,0.0,0.0,0.0,-8.21,2.07,0.0
20231224:1611,0.0,0.0,0.0,-6.99,2.76,0.0
20231224:1711,0.0,0.0,0.0,-5.54,3.24,0.0
20231224:1811,0.0,0.0,0.0,-3.96,3.79,0.0
20231224:1911,0.0,0.0,0.0,-2.62,4.0,0.0
20231224:2011,0.0,0.0,0.0,-1.62,4.55,0.0
20231224:2111,0.0,0.0,0.0,-0.78,4.9,0.0
20231224:2211,0.0,0.0,0.0,-0.2,5.59,0.0
20231224:2311,0.0,0.0,0.0,0.19,5.79,0.0
20231225:0011,0.0,0.0,0.0,0.51,5.45,0.0
20231225:0111,0.0,0.0,0.0,0.54,4.69,0.0
20231225:0211,0.0,0.0,0.0,0.55,4.07,0.0
20231225:0311,0.0,0.0,0.0,0.53,3.59,0.0
20231225:0411,0.0,0.0,0.0,0.56,3.17,0.0
20231225:0511,0.0,0.0,0.0,0.54,3.1,0.0
20231225:0611,0.0,0.0,0.0,0.53,2.97,0.0
20231225:0711,0.0,0.0,0.0,0.77,2.76,0.0
20231225:0811,0.0,0.0,0.0,0.46,2.41,0.0
20231225:0911,331.5,374.28,4.99,0.26,2.34,0.0
20231225:1011,235.0,269.39,7.01,0.34,2.28,0.0
20231225:1111,87.2,111.48,7.21,0.2,2.14,0.0
20231225:1211,9.35,21.52,5.58,-0.1,2.07,0.0
20231225:1311,0.0,1.65,2.24,-0.35,2.14,0.0
20231225:1411,0.0,0.0,0.0,-0.72,2.21,0.0
20231225:1511,0.0,0.0,0.0,-1.17,2.21,0.0
20231225:1611,0.0,0.0,0.0,-1.51,2.07,0.0
20231225:1711,0.0,0.0,0.0,-1.89,2.0,0.0
20231225:1811,0.0,0.0,0.0,-2.14,1.72,0.0
20231225:1911,0.0,0.0,0.0,-0.41,0.69,0.0
20231225:2011,0.0,0.0,0.0,-0.7,0.97,0.0
20231225:2111,0.0,0.0,0.0,-0.75,2.0,0.0
20231225:2211,0.0,0.0,0.0,-1.08,3.24,0.0
20231225:2311,0.0,0.0,0.0,-1.71,4.34,0.0
20231226:0011,0.0,0.0,0.0,-2.48,4.55,0.0
20231226:0111,0.0,0.0,0.0,-3.08,4.14,0.0
20231226:0211,0.0,0.0,0.0,-4.1,3.52,0.0
20231226:0311,0.0,0.0,0.0,-5.16,2.97,0.0
20231226:0411,0.0,0.0,0.0,-5.93,2.55,0.0
20231226:0511,0.0,0.0,0.0,-6.28,2.76,0.0
20231226:0611,0.0,0.0,0.0,-6.04,2.9,0.0
20231226:0711,0.0,0.0,0.0,-5.83,2.62,0.0
20231226:0811,0.0,0.0,0.0,-5.49,2.48,0.0
20231226:0911,8.34,19.72,4.99,-5.12,2.34,0.0
20231226:1011,5.88,16.14,7.03,-4.54,2.28,0.0
20231226:1111,3.08,11.65,7.25,-4.12,2.34,0.0
20231226:1211,0.0,5.38,5.63,-4.22,2.62,0.0
20231226:1311,0.0,1.65,2.3,-4.64,2.76,0.0
20231226:1411,0.0,0.0,0.0,-5.22,2.9,0.0
20231226:1511,0.0,0.0,0.0,-5.96,2.9,0.0
20231226:1611,0.0,0.0,0.0,-6.5,2.83,0.0
20231226:1711,0.0,0.0,0.0,-6.92,2.83,0.0
20231226:1811,0.0,0.0,0.0,-7.34,2.9,0.0
20231226:1911,0.0,0.0,0.0,-7.85,3.03,0.0
20231226:2011,0.0,0.0,0.0,-8.15,3.03,0.0
20231226:2111,0.0,0.0,0.0,-8.31,3.24,0.0
20231226:2211,0.0,0.0,0.0,-8.48,3.52,0.0
20231226:2311,0.0,0.0,0.0,-8.72,3.86,0.0
20231227:0011,0.0,0.0,0.0,-8.83,4.14,0.0
20231227:0111,0.0,0.0,0.0,-8.52,4.34,0.0
20231227:0211,0.0,0.0,0.0,-8.14,4.69,0.0
20231227:0311,0.0,0.0,0.0,-7.61,4.9,0.0
20231227:0411,0.0,0.0,0.0,-6.87,4.97,0.0
20231227:0511,0.0,0.0,0.0,-5.89,5.1,0.0
20231227:0611,0.0,0.0,0.0,-5.04,5.31,0.0
20231227:0711,0.0,0.0,0.0,-3.48,5.45,0.0
20231227:0811,0.0,0.0,0.0,-3.21,5.52,0.0
20231227:0911,9.5,21.52,5.01,-2.81,5.59,0.0
20231227:1011,15.46,29.59,7.06,-2.32,5.59,0.0
20231227:1111,9.46,21.52,7.29,-1.93,5.59,0.0
20231227:1211,1.57,8.97,5.69,-1.8,5.52,0.0
20231227:1311,0.0,2.48,2.37,-1.92,5.38,0.0
20231227:1411,0.0,0.0,0.0,-2.3,5.1,0.0
20231227:1511,0.0,0.0,0.0,-2.76,4.76,0.0
20231227:1611,0.0,0.0,0.0,-3.37,4.34,0.0
20231227:1711,0.0,0.0,0.0,-4.02,4.0,0.0
20231227:1811,0.0,0.0,0.0,-4.57,3.86,0.0
20231227:1911,0.0,0.0,0.0,-5.17,3.52,0.0
20231227:2011,0.0,0.0,0.0,-5.76,3.45,0.0
20231227:2111,0.0,0.0,0.0,-6.46,3.17,0.0
20231227:2211,0.0,0.0,0.0,-7.02,3.03,0.0
20231227:2311,0.0,0.0,0.0,-7.53,2.55,0.0
20231228:0011,0.0,0.0,0.0,-7.88,2.14,0.0
20231228:0111,0.0,0.0,0.0,-8.42,0.83,0.0
20231228:0211,0.0,0.0,0.0,-8.34,1.24,0.0
20231228:0311,0.0,0.0,0.0,-6.83,2.28,0.0
20231228:0411,0.0,0.0,0.0,-4.73,2.97,0.0
20231228:0511,0.0,0.0,0.0,-3.01,3.45,0.0
20231228:0611,0.0,0.0,0.0,-1.77,3.86,0.0
20231228:0711,0.0,0.0,0.0,-1.1,4.21,0.0
20231228:0811,0.0,0.0,0.0,-0.55,5.03,0.0
20231228:0911,1.1,8.07,5.03,0.01,5.72,0.0
20231228:1011,1.09,8.07,7.09,0.68,6.28,0.0
20231228:1111,2.97,11.65,7.34,1.2,6.0,0.0
20231228:1211,3.48,12.55,5.75,1.46,5.38,0.0
20231228:1311,0.0,1.65,2.44,1.66,4.41,0.0
20231228:1411,0.0,0.0,0.0,2.08,4.21,0.0
20231228:1511,0.0,0.0,0.0,2.38,3.79,0.0
20231228:1611,0.0,0.0,0.0,2.79,3.59,0.0
20231228:1711,0.0,0.0,0.0,3.09,4.41,0.0
20231228:1811,0.0,0.0,0.0,2.85,4.97,0.0
20231228:1911,0.0,0.0,0.0,2.39,4.07,0.0
20231228:2011,0.0,0.0,0.0,2.0,3.66,0.0
20231228:2111,0.0,0.0,0.0,1.81,3.24,0.0
20231228:2211,0.0,0.0,0.0,1.68,3.38,0.0
20231228:2311,0.0,0.0,0.0,1.5,3.45,0.0
20231229:0011,0.0,0.0,0.0,1.2,3.24,0.0
20231229:0111,0.0,0.0,0.0,0.95,2.9,0.0
20231229:0211,0.0,0.0,0.0,1.07,2.83,0.0
20231229:0311,0.0,0.0,0.0,1.22,2.41,0.0
20231229:0411,0.0,0.0,0.0,1.63,2.62,0.0
20231229:0511,0.0,0.0,0.0,2.07,2.97,0.0
20231229:0611,0.0,0.0,0.0,2.15,2.41,0.0
20231229:0711,0.0,0.0,0.0,2.05,2.41,0.0
20231229:0811,0.0,0.0,0.0,2.5,3.79,0.0
20231229:0911,5.06,15.24,5.06,2.94,4.21,0.0
20231229:1011,2.43,10.76,7.14,3.17,4.28,0.0
20231229:1111,215.37,250.08,7.4,3.17,4.14,0.0
20231229:1211,11.73,25.1,5.82,2.95,3.79,0.0
20231229:1311,1.17,8.27,2.52,2.49,3.59,0.0
20231229:1411,0.0,0.0,0.0,2.19,3.31,0.0
20231229:1511,0.0,0.0,0.0,1.91,3.03,0.0
20231229:1611,0.0,0.0,0.0,1.67,2.62,0.0
20231229:1711,0.0,0.0,0.0,1.5,2.14,0.0
20231229:1811,0.0,0.0,0.0,1.58,2.07,0.0
20231229:1911,0.0,0.0,0.0,2.12,2.21,0.0
20231229:2011,0.0,0.0,0.0,2.24,2.41,0.0
20231229:2111,0.0,0.0,0.0,2.25,2.34,0.0
20231229:2211,0.0,0.0,0.0,1.98,2.14,0.0
20231229:2311,0.0,0.0,0.0,1.8,2.0,0.0
20231230:0011,0.0,0.0,0.0,1.58,1.86,0.0
20231230:0111,0.0,0.0,0.0,1.38,1.59,0.0
20231230:0211,0.0,0.0,0.0,1.2,1.52,0.0
20231230:0311,0.0,0.0,0.0,1.03,1.52,0.0
20231230:0411,0.0,0.0,0.0,0.94,1.52,0.0
20231230:0511,0.0,0.0,0.0,0.76,1.52,0.0
20231230:0611,0.0,0.0,0.0,0.54,1.59,0.0
20231230:0711,0.0,0.0,0.0,0.06,2.07,0.0
20231230:0811,0.0,0.0,0.0,-0.04,2.21,0.0
20231230:0911,2.01,9.86,5.1,-0.07,2.34,0.0
20231230:1011,3.51,12.55,7.19,-0.1,2.69,0.0
20231230:1111,17.33,32.27,7.47,-0.13,3.1,0.0
20231230:1211,1.54,8.97,5.9,-0.26,3.31,0.0
20231230:1311,0.0,1.65,2.61,-0.31,3.38,0.0
20231230:1411,0.0,0.0,0.0,-0.46,3.52,0.0
20231230:1511,0.0,0.0,0.0,-0.68,3.66,0.0
20231230:1611,0.0,0.0,0.0,-1.01,3.79,0.0
20231230:1711,0.0,0.0,0.0,-1.18,3.86,0.0
20231230:1811,0.0,0.0,0.0,-1.39,3.79,0.0
20231230:1911,0.0,0.0,0.0,-1.16,3.72,0.0
20231230:2011,0.0,0.0,0.0,-1.36,3.72,0.0
20231230:2111,0.0,0.0,0.0,-1.58,3.86,0.0
20231230:2211,0.0,0.0,0.0,-1.73,3.86,0.0
20231230:2311,0.0,0.0,0.0,-1.94,3.52,0.0
20231231:0011,0.0,0.0,0.0,-2.1,3.17,0.0
20231231:0111,0.0,0.0,0.0,-2.19,3.1,0.0
20231231:0211,0.0,0.0,0.0,-2.46,2.97,0.0
20231231:0311,0.0,0.0,0.0,-2.6,2.83,0.0
20231231:0411,0.0,0.0,0.0,-2.73,2.62,0.0
20231231:0511,0.0,0.0,0.0,-2.91,2.55,0.0
20231231:0611,0.0,0.0,0.0,-3.0,2.83,0.0
20231231:0711,0.0,0.0,0.0,-2.98,2.76,0.0
20231231:0811,0.0,0.0,0.0,-3.16,2.48,0.0
20231231:0911,1.14,8.07,5.14,-3.23,2.41,0.0
20231231:1011,2.06,9.86,7.25,-3.21,2.69,0.0
20231231:1111,1.58,8.97,7.54,-3.24,2.9,0.0
20231231:1211,0.33,6.28,5.99,-3.14,2.9,0.0
20231231:1311,1.23,8.27,2.71,-3.21,2.69,0.0
20231231:1411,0.0,0.0,0.0,-3.34,2.9,0.0
20231231:1511,0.0,0.0,0.0,-3.42,3.1,0.0
20231231:1611,0.0,0.0,0.0,-3.42,3.1,0.0
20231231:1711,0.0,0.0,0.0,-3.35,3.17,0.0
20231231:1811,0.0,0.0,0.0,-3.16,3.38,0.0
20231231:1911,0.0,0.0,0.0,-2.71,3.38,0.0
20231231:2011,0.0,0.0,0.0,-2.55,3.59,0.0
20231231:2111,0.0,0.0,0.0,-2.4,3.86,0.0
20231231:2211,0.0,0.0,0.0,-2.39,4.14,0.0
20231231:2311,0.0,0.0,0.0,-2.41,4.48,0.0

P: PV system power (W)
G(i): Global irradiance on the inclined plane (plane of the array) (W/m2)
H_sun: Sun height (degree)
T2m: 2-m air temperature (degree Celsius)
WS10m: 10-m total wind speed (m/s)
Int: 1 means solar radiation values are reconstructed



PVGIS (c) European Union, 2001-2026