time,predicted_pv_output
2026-01-01 00:00:00,0.0
2026-01-01 01:00:00,0.0
2026-01-01 02:00:00,0.0
2026-01-01 03:00:00,0.0
2026-01-01 04:00:00,0.0
2026-01-01 05:00:00,0.0
2026-01-01 06:00:00,0.0
2026-01-01 07:00:00,0.0
2026-01-01 08:00:00,0.0
2026-01-01 09:00:00,8.58804758512192
2026-01-01 10:00:00,19.70748723717782
2026-01-01 11:00:00,22.76603505310797
2026-01-01 12:00:00,17.13221310168625
2026-01-01 13:00:00,5.193396889884881
2026-01-01 14:00:00,0.0
2026-01-01 15:00:00,0.0
2026-01-01 16:00:00,0.0
2026-01-01 17:00:00,0.0
2026-01-01 18:00:00,0.0
2026-01-01 19:00:00,0.0
2026-01-01 20:00:00,0.0
2026-01-01 21:00:00,0.0
2026-01-01 22:00:00,0.0
2026-01-01 23:00:00,0.0
2026-01-02 00:00:00,0.0
2026-01-02 01:00:00,0.0
2026-01-02 02:00:00,0.0
2026-01-02 03:00:00,0.0
2026-01-02 04:00:00,0.0
2026-01-02 05:00:00,0.0
2026-01-02 06:00:00,0.0
2026-01-02 07:00:00,0.0
2026-01-02 08:00:00,0.0
2026-01-02 09:00:00,8.92236605886104
2026-01-02 10:00:00,20.276526889369517
2026-01-02 11:00:00,24.273912036287513
2026-01-02 12:00:00,18.21221647211153
2026-01-02 13:00:00,5.611315277938205
2026-01-02 14:00:00,0.0
2026-01-02 15:00:00,0.0
2026-01-02 16:00:00,0.0
2026-01-02 17:00:00,0.0
2026-01-02 18:00:00,0.0
2026-01-02 19:00:00,0.0
2026-01-02 20:00:00,0.0
2026-01-02 21:00:00,0.0
2026-01-02 22:00:00,0.0
2026-01-02 23:00:00,0.0
2026-01-03 00:00:00,0.0
2026-01-03 01:00:00,0.0
2026-01-03 02:00:00,0.0
2026-01-03 03:00:00,0.0
2026-01-03 04:00:00,0.0
2026-01-03 05:00:00,0.0
2026-01-03 06:00:00,0.0
2026-01-03 07:00:00,0.0
2026-01-03 08:00:00,0.0
2026-01-03 09:00:00,9.260991091615852
2026-01-03 10:00:00,48.59493154318764
2026-01-03 11:00:00,23.674512897710045
2026-01-03 12:00:00,18.23994269571743
2026-01-03 13:00:00,5.635319683173548
2026-01-03 14:00:00,0.0
2026-01-03 15:00:00,0.0
2026-01-03 16:00:00,0.0
2026-01-03 17:00:00,0.0
2026-01-03 18:00:00,0.0
2026-01-03 19:00:00,0.0
2026-01-03 20:00:00,0.0
2026-01-03 21:00:00,0.0
2026-01-03 22:00:00,0.0
2026-01-03 23:00:00,0.0
2026-01-04 00:00:00,0.0
2026-01-04 01:00:00,0.0
2026-01-04 02:00:00,0.0
2026-01-04 03:00:00,0.0
2026-01-04 04:00:00,0.0
2026-01-04 05:00:00,0.0
2026-01-04 06:00:00,0.0
2026-01-04 07:00:00,0.0
2026-01-04 08:00:00,0.0
2026-01-04 09:00:00,9.930698480158199
2026-01-04 10:00:00,21.216261078186907
2026-01-04 11:00:00,25.09658914870111
2026-01-04 12:00:00,19.895399586531532
2026-01-04 13:00:00,6.434728970958959
2026-01-04 14:00:00,0.0
2026-01-04 15:00:00,0.0
2026-01-04 16:00:00,0.0
2026-01-04 17:00:00,0.0
2026-01-04 18:00:00,0.0
2026-01-04 19:00:00,0.0
2026-01-04 20:00:00,0.0
2026-01-04 21:00:00,0.0
2026-01-04 22:00:00,0.0
2026-01-04 23:00:00,0.0
2026-01-05 00:00:00,0.0
2026-01-05 01:00:00,0.0
2026-01-05 02:00:00,0.0
2026-01-05 03:00:00,0.0
2026-01-05 04:00:00,0.0
2026-01-05 05:00:00,0.0
2026-01-05 06:00:00,0.0
2026-01-05 07:00:00,0.0
2026-01-05 08:00:00,1.9284827641393272
2026-01-05 09:00:00,32.15623676203109
2026-01-05 10:00:00,54.71052859584146
2026-01-05 11:00:00,28.403154409342037
2026-01-05 12:00:00,45.89972579778844
2026-01-05 13:00:00,7.864782018498621
2026-01-05 14:00:00,0.0
2026-01-05 15:00:00,0.0
2026-01-05 16:00:00,0.0
2026-01-05 17:00:00,0.0
2026-01-05 18:00:00,0.0
2026-01-05 19:00:00,0.0
2026-01-05 20:00:00,0.0
2026-01-05 21:00:00,0.0
2026-01-05 22:00:00,0.0
2026-01-05 23:00:00,0.0
2026-01-06 00:00:00,0.0
2026-01-06 01:00:00,0.0
2026-01-06 02:00:00,0.0
2026-01-06 03:00:00,0.0
2026-01-06 04:00:00,0.0
2026-01-06 05:00:00,0.0
2026-01-06 06:00:00,0.0
2026-01-06 07:00:00,0.0
2026-01-06 08:00:00,0.7083208968142675
2026-01-06 09:00:00,19.737063513525722
2026-01-06 10:00:00,51.69788577240235
2026-01-06 11:00:00,28.69524120074237
2026-01-06 12:00:00,18.814836988097113
2026-01-06 13:00:00,8.658941996138457
2026-01-06 14:00:00,0.0
2026-01-06 15:00:00,0.0
2026-01-06 16:00:00,0.0
2026-01-06 17:00:00,0.0
2026-01-06 18:00:00,0.0
2026-01-06 19:00:00,0.0
2026-01-06 20:00:00,0.0
2026-01-06 21:00:00,0.0
2026-01-06 22:00:00,0.0
2026-01-06 23:00:00,0.0
2026-01-07 00:00:00,0.0
2026-01-07 01:00:00,0.0
2026-01-07 02:00:00,0.0
2026-01-07 03:00:00,0.0
2026-01-07 04:00:00,0.0
2026-01-07 05:00:00,0.0
2026-01-07 06:00:00,0.0
2026-01-07 07:00:00,0.0
2026-01-07 08:00:00,0.705661296677999
2026-01-07 09:00:00,11.911892601768661
2026-01-07 10:00:00,48.95741967799577
2026-01-07 11:00:00,29.460238359112857
2026-01-07 12:00:00,22.4868503863959
2026-01-07 13:00:00,8.686910002455118
2026-01-07 14:00:00,0.0
2026-01-07 15:00:00,0.0
2026-01-07 16:00:00,0.0
2026-01-07 17:00:00,0.0
2026-01-07 18:00:00,0.0
2026-01-07 19:00:00,0.0
2026-01-07 20:00:00,0.0
2026-01-07 21:00:00,0.0
2026-01-07 22:00:00,0.0
2026-01-07 23:00:00,0.0
2026-01-08 00:00:00,0.0
2026-01-08 01:00:00,0.0
2026-01-08 02:00:00,0.0
2026-01-08 03:00:00,0.0
2026-01-08 04:00:00,0.0
2026-01-08 05:00:00,0.0
2026-01-08 06:00:00,0.0
2026-01-08 07:00:00,0.0
2026-01-08 08:00:00,0.0
2026-01-08 09:00:00,11.104930024640147
2026-01-08 10:00:00,23.806827166002964
2026-01-08 11:00:00,53.694942579542975
2026-01-08 12:00:00,26.836854693726654
2026-01-08 13:00:00,22.47326885674039
2026-01-08 14:00:00,0.0
2026-01-08 15:00:00,0.0
2026-01-08 16:00:00,0.0
2026-01-08 17:00:00,0.0
2026-01-08 18:00:00,0.0
2026-01-08 19:00:00,0.0
2026-01-08 20:00:00,0.0
2026-01-08 21:00:00,0.0
2026-01-08 22:00:00,0.0
2026-01-08 23:00:00,0.0
2026-01-09 00:00:00,0.0
2026-01-09 01:00:00,0.0
2026-01-09 02:00:00,0.0
2026-01-09 03:00:00,0.0
2026-01-09 04:00:00,0.0
2026-01-09 05:00:00,0.0
2026-01-09 06:00:00,0.0
2026-01-09 07:00:00,0.0
2026-01-09 08:00:00,0.0
2026-01-09 09:00:00,12.478948286063865
2026-01-09 10:00:00,29.258606086397375
2026-01-09 11:00:00,67.59603282755971
2026-01-09 12:00:00,51.488639315825715
2026-01-09 13:00:00,10.040329201231714
2026-01-09 14:00:00,0.0
2026-01-09 15:00:00,0.0
2026-01-09 16:00:00,0.0
2026-01-09 17:00:00,0.0
2026-01-09 18:00:00,0.0
2026-01-09 19:00:00,0.0
2026-01-09 20:00:00,0.0
2026-01-09 21:00:00,0.0
2026-01-09 22:00:00,0.0
2026-01-09 23:00:00,0.0
2026-01-10 00:00:00,0.0
2026-01-10 01:00:00,0.0
2026-01-10 02:00:00,0.0
2026-01-10 03:00:00,0.0
2026-01-10 04:00:00,0.0
2026-01-10 05:00:00,0.0
2026-01-10 06:00:00,0.0
2026-01-10 07:00:00,0.0
2026-01-10 08:00:00,5.244917771999907
2026-01-10 09:00:00,56.21281084524451
2026-01-10 10:00:00,98.78761389608275
2026-01-10 11:00:00,114.44404897939174
2026-01-10 12:00:00,87.34742518266896
2026-01-10 13:00:00,39.65905518607957
2026-01-10 14:00:00,1.0968041994384574
2026-01-10 15:00:00,0.0
2026-01-10 16:00:00,0.0
2026-01-10 17:00:00,0.0
2026-01-10 18:00:00,0.0
2026-01-10 19:00:00,0.0
2026-01-10 20:00:00,0.0
2026-01-10 21:00:00,0.0
2026-01-10 22:00:00,0.0
2026-01-10 23:00:00,0.0
2026-01-11 00:00:00,0.0
2026-01-11 01:00:00,0.0
2026-01-11 02:00:00,0.0
2026-01-11 03:00:00,0.0
2026-01-11 04:00:00,0.0
2026-01-11 05:00:00,0.0
2026-01-11 06:00:00,0.0
2026-01-11 07:00:00,0.0
2026-01-11 08:00:00,4.010708208282265
2026-01-11 09:00:00,51.567277582447375
2026-01-11 10:00:00,91.63032612962304
2026-01-11 11:00:00,64.81017986852288
2026-01-11 12:00:00,48.63390468444985
2026-01-11 13:00:00,15.86643199848017
2026-01-11 14:00:00,0.0
2026-01-11 15:00:00,0.0
2026-01-11 16:00:00,0.0
2026-01-11 17:00:00,0.0
2026-01-11 18:00:00,0.0
2026-01-11 19:00:00,0.0
2026-01-11 20:00:00,0.0
2026-01-11 21:00:00,0.0
2026-01-11 22:00:00,0.0
2026-01-11 23:00:00,0.0
2026-01-12 00:00:00,0.0
2026-01-12 01:00:00,0.0
2026-01-12 02:00:00,0.0
2026-01-12 03:00:00,0.0
2026-01-12 04:00:00,0.0
2026-01-12 05:00:00,0.0
2026-01-12 06:00:00,0.0
2026-01-12 07:00:00,0.0
2026-01-12 08:00:00,3.7308192125849167
2026-01-12 09:00:00,43.992380507867686
2026-01-12 10:00:00,93.98503353834109
2026-01-12 11:00:00,111.46648756597756
2026-01-12 12:00:00,55.80479842981192
2026-01-12 13:00:00,14.40049187713465
2026-01-12 14:00:00,0.0
2026-01-12 15:00:00,0.0
2026-01-12 16:00:00,0.0
2026-01-12 17:00:00,0.0
2026-01-12 18:00:00,0.0
2026-01-12 19:00:00,0.0
2026-01-12 20:00:00,0.0
2026-01-12 21:00:00,0.0
2026-01-12 22:00:00,0.0
2026-01-12 23:00:00,0.0
2026-01-13 00:00:00,0.0
2026-01-13 01:00:00,0.0
2026-01-13 02:00:00,0.0
2026-01-13 03:00:00,0.0
2026-01-13 04:00:00,0.0
2026-01-13 05:00:00,0.0
2026-01-13 06:00:00,0.0
2026-01-13 07:00:00,0.0
2026-01-13 08:00:00,0.29815856508082855
2026-01-13 09:00:00,13.936486353745424
2026-01-13 10:00:00,25.87177745607331
2026-01-13 11:00:00,31.96548499467111
2026-01-13 12:00:00,25.992475026585666
2026-01-13 13:00:00,12.39427239051559
2026-01-13 14:00:00,0.0
2026-01-13 15:00:00,0.0
2026-01-13 16:00:00,0.0
2026-01-13 17:00:00,0.0
2026-01-13 18:00:00,0.0
2026-01-13 19:00:00,0.0
2026-01-13 20:00:00,0.0
2026-01-13 21:00:00,0.0
2026-01-13 22:00:00,0.0
2026-01-13 23:00:00,0.0
2026-01-14 00:00:00,0.0
2026-01-14 01:00:00,0.0
2026-01-14 02:00:00,0.0
2026-01-14 03:00:00,0.0
2026-01-14 04:00:00,0.0
2026-01-14 05:00:00,0.0
2026-01-14 06:00:00,0.0
2026-01-14 07:00:00,0.0
2026-01-14 08:00:00,0.4088494317732653
2026-01-14 09:00:00,13.956779486173334
2026-01-14 10:00:00,27.93365894216285
2026-01-14 11:00:00,33.00846219524977
2026-01-14 12:00:00,27.303230763152296
2026-01-14 13:00:00,12.420222833723095
2026-01-14 14:00:00,0.0
2026-01-14 15:00:00,0.0
2026-01-14 16:00:00,0.0
2026-01-14 17:00:00,0.0
2026-01-14 18:00:00,0.0
2026-01-14 19:00:00,0.0
2026-01-14 20:00:00,0.0
2026-01-14 21:00:00,0.0
2026-01-14 22:00:00,0.0
2026-01-14 23:00:00,0.0
2026-01-15 00:00:00,0.0
2026-01-15 01:00:00,0.0
2026-01-15 02:00:00,0.0
2026-01-15 03:00:00,0.0
2026-01-15 04:00:00,0.0
2026-01-15 05:00:00,0.0
2026-01-15 06:00:00,0.0
2026-01-15 07:00:00,0.0
2026-01-15 08:00:00,3.213602344797787
2026-01-15 09:00:00,28.898797828710133
2026-01-15 10:00:00,30.342895184572505
2026-01-15 11:00:00,34.15067263109054
2026-01-15 12:00:00,29.639390808902135
2026-01-15 13:00:00,13.357861957617652
2026-01-15 14:00:00,0.0
2026-01-15 15:00:00,0.0
2026-01-15 16:00:00,0.0
2026-01-15 17:00:00,0.0
2026-01-15 18:00:00,0.0
2026-01-15 19:00:00,0.0
2026-01-15 20:00:00,0.0
2026-01-15 21:00:00,0.0
2026-01-15 22:00:00,0.0
2026-01-15 23:00:00,0.0
2026-01-16 00:00:00,0.0
2026-01-16 01:00:00,0.0
2026-01-16 02:00:00,0.0
2026-01-16 03:00:00,0.0
2026-01-16 04:00:00,0.0
2026-01-16 05:00:00,0.0
2026-01-16 06:00:00,0.0
2026-01-16 07:00:00,0.0
2026-01-16 08:00:00,0.7562740559173128
2026-01-16 09:00:00,14.51442555800265
2026-01-16 10:00:00,28.232605768967932
2026-01-16 11:00:00,32.545517015936845
2026-01-16 12:00:00,27.029145335370625
2026-01-16 13:00:00,13.357861957617652
2026-01-16 14:00:00,0.0
2026-01-16 15:00:00,0.0
2026-01-16 16:00:00,0.0
2026-01-16 17:00:00,0.0
2026-01-16 18:00:00,0.0
2026-01-16 19:00:00,0.0
2026-01-16 20:00:00,0.0
2026-01-16 21:00:00,0.0
2026-01-16 22:00:00,0.0
2026-01-16 23:00:00,0.0
2026-01-17 00:00:00,0.0
2026-01-17 01:00:00,0.0
2026-01-17 02:00:00,0.0
2026-01-17 03:00:00,0.0
2026-01-17 04:00:00,0.0
2026-01-17 05:00:00,0.0
2026-01-17 06:00:00,0.0
2026-01-17 07:00:00,0.0
2026-01-17 08:00:00,1.1072960055288448
2026-01-17 09:00:00,17.388320544664012
2026-01-17 10:00:00,29.74491237664779
2026-01-17 11:00:00,33.90431633782549
2026-01-17 12:00:00,28.227829211549096
2026-01-17 13:00:00,13.963802846745725
2026-01-17 14:00:00,0.36975706442736206
2026-01-17 15:00:00,0.0
2026-01-17 16:00:00,0.0
2026-01-17 17:00:00,0.0
2026-01-17 18:00:00,0.0
2026-01-17 19:00:00,0.0
2026-01-17 20:00:00,0.0
2026-01-17 21:00:00,0.0
2026-01-17 22:00:00,0.0
2026-01-17 23:00:00,0.0
2026-01-18 00:00:00,0.0
2026-01-18 01:00:00,0.0
2026-01-18 02:00:00,0.0
2026-01-18 03:00:00,0.0
2026-01-18 04:00:00,0.0
2026-01-18 05:00:00,0.0
2026-01-18 06:00:00,0.0
2026-01-18 07:00:00,0.0
2026-01-18 08:00:00,9.465370403294255
2026-01-18 09:00:00,16.13602599566489
2026-01-18 10:00:00,30.33248425458153
2026-01-18 11:00:00,48.4960261774237
2026-01-18 12:00:00,30.85731609647765
2026-01-18 13:00:00,15.976590231182746
2026-01-18 14:00:00,0.7171816885714101
2026-01-18 15:00:00,0.0
2026-01-18 16:00:00,0.0
2026-01-18 17:00:00,0.0
2026-01-18 18:00:00,0.0
2026-01-18 19:00:00,0.0
2026-01-18 20:00:00,0.0
2026-01-18 21:00:00,0.0
2026-01-18 22:00:00,0.0
2026-01-18 23:00:00,0.0
2026-01-19 00:00:00,0.0
2026-01-19 01:00:00,0.0
2026-01-19 02:00:00,0.0
2026-01-19 03:00:00,0.0
2026-01-19 04:00:00,0.0
2026-01-19 05:00:00,0.0
2026-01-19 06:00:00,0.0
2026-01-19 07:00:00,0.0
2026-01-19 08:00:00,3.73718398130026
2026-01-19 09:00:00,20.076769908063312
2026-01-19 10:00:00,35.495356896530794
2026-01-19 11:00:00,40.9227237918724
2026-01-19 12:00:00,34.08659956521257
2026-01-19 13:00:00,18.572284701331277
2026-01-19 14:00:00,1.945868229481975
2026-01-19 15:00:00,0.0
2026-01-19 16:00:00,0.0
2026-01-19 17:00:00,0.0
2026-01-19 18:00:00,0.0
2026-01-19 19:00:00,0.0
2026-01-19 20:00:00,0.0
2026-01-19 21:00:00,0.0
2026-01-19 22:00:00,0.0
2026-01-19 23:00:00,0.0
2026-01-20 00:00:00,0.0
2026-01-20 01:00:00,0.0
2026-01-20 02:00:00,0.0
2026-01-20 03:00:00,0.0
2026-01-20 04:00:00,0.0
2026-01-20 05:00:00,0.0
2026-01-20 06:00:00,0.0
2026-01-20 07:00:00,0.0
2026-01-20 08:00:00,2.5130549890552936
2026-01-20 09:00:00,19.896690765627397
2026-01-20 10:00:00,35.51340770985229
2026-01-20 11:00:00,41.65836419163395
2026-01-20 12:00:00,36.07467519080373
2026-01-20 13:00:00,19.921454256776908
2026-01-20 14:00:00,2.284504653481747
2026-01-20 15:00:00,0.0
2026-01-20 16:00:00,0.0
2026-01-20 17:00:00,0.0
2026-01-20 18:00:00,0.0
2026-01-20 19:00:00,0.0
2026-01-20 20:00:00,0.0
2026-01-20 21:00:00,0.0
2026-01-20 22:00:00,0.0
2026-01-20 23:00:00,0.0
2026-01-21 00:00:00,0.0
2026-01-21 01:00:00,0.0
2026-01-21 02:00:00,0.0
2026-01-21 03:00:00,0.0
2026-01-21 04:00:00,0.0
2026-01-21 05:00:00,0.0
2026-01-21 06:00:00,0.0
2026-01-21 07:00:00,0.0
2026-01-21 08:00:00,3.742283464182852
2026-01-21 09:00:00,20.835044270274683
2026-01-21 10:00:00,43.97286367514156
2026-01-21 11:00:00,44.21150586585388
2026-01-21 12:00:00,35.3659234444686
2026-01-21 13:00:00,20.40733935124405
2026-01-21 14:00:00,3.5198421924584733
2026-01-21 15:00:00,0.0
2026-01-21 16:00:00,0.0
2026-01-21 17:00:00,0.0
2026-01-21 18:00:00,0.0
2026-01-21 19:00:00,0.0
2026-01-21 20:00:00,0.0
2026-01-21 21:00:00,0.0
2026-01-21 22:00:00,0.0
2026-01-21 23:00:00,0.0
2026-01-22 00:00:00,0.0
2026-01-22 01:00:00,0.0
2026-01-22 02:00:00,0.0
2026-01-22 03:00:00,0.0
2026-01-22 04:00:00,0.0
2026-01-22 05:00:00,0.0
2026-01-22 06:00:00,0.0
2026-01-22 07:00:00,0.0
2026-01-22 08:00:00,4.047434246250823
2026-01-22 09:00:00,23.184255719517232
2026-01-22 10:00:00,39.55645539829167
2026-01-22 11:00:00,44.70903689805971
2026-01-22 12:00:00,39.42731301671573
2026-01-22 13:00:00,23.037547478981285
2026-01-22 14:00:00,3.7099316781810723
2026-01-22 15:00:00,0.0
2026-01-22 16:00:00,0.0
2026-01-22 17:00:00,0.0
2026-01-22 18:00:00,0.0
2026-01-22 19:00:00,0.0
2026-01-22 20:00:00,0.0
2026-01-22 21:00:00,0.0
2026-01-22 22:00:00,0.0
2026-01-22 23:00:00,0.0
2026-01-23 00:00:00,0.0
2026-01-23 01:00:00,0.0
2026-01-23 02:00:00,0.0
2026-01-23 03:00:00,0.0
2026-01-23 04:00:00,0.0
2026-01-23 05:00:00,0.0
2026-01-23 06:00:00,0.0
2026-01-23 07:00:00,0.0
2026-01-23 08:00:00,4.667251867615616
2026-01-23 09:00:00,24.054237359117316
2026-01-23 10:00:00,40.623113025489495
2026-01-23 11:00:00,45.35838885892797
2026-01-23 12:00:00,41.19911222151926
2026-01-23 13:00:00,24.785695841642656
2026-01-23 14:00:00,4.611624216847113
2026-01-23 15:00:00,0.0
2026-01-23 16:00:00,0.0
2026-01-23 17:00:00,0.0
2026-01-23 18:00:00,0.0
2026-01-23 19:00:00,0.0
2026-01-23 20:00:00,0.0
2026-01-23 21:00:00,0.0
2026-01-23 22:00:00,0.0
2026-01-23 23:00:00,0.0
2026-01-24 00:00:00,0.0
2026-01-24 01:00:00,0.0
2026-01-24 02:00:00,0.0
2026-01-24 03:00:00,0.0
2026-01-24 04:00:00,0.0
2026-01-24 05:00:00,0.0
2026-01-24 06:00:00,0.0
2026-01-24 07:00:00,0.0
2026-01-24 08:00:00,5.249532513225404
2026-01-24 09:00:00,25.456940562094008
2026-01-24 10:00:00,41.24424844560952
2026-01-24 11:00:00,47.5827152964986
2026-01-24 12:00:00,41.56634658317019
2026-01-24 13:00:00,41.15583619410498
2026-01-24 14:00:00,5.194734243103263
2026-01-24 15:00:00,0.0
2026-01-24 16:00:00,0.0
2026-01-24 17:00:00,0.0
2026-01-24 18:00:00,0.0
2026-01-24 19:00:00,0.0
2026-01-24 20:00:00,0.0
2026-01-24 21:00:00,0.0
2026-01-24 22:00:00,0.0
2026-01-24 23:00:00,0.0
2026-01-25 00:00:00,0.0
2026-01-25 01:00:00,0.0
2026-01-25 02:00:00,0.0
2026-01-25 03:00:00,0.0
2026-01-25 04:00:00,0.0
2026-01-25 05:00:00,0.0
2026-01-25 06:00:00,0.0
2026-01-25 07:00:00,0.0
2026-01-25 08:00:00,5.7567936487010805
2026-01-25 09:00:00,26.825192431990313
2026-01-25 10:00:00,42.32750507548837
2026-01-25 11:00:00,49.35978905303054
2026-01-25 12:00:00,42.14512917845138
2026-01-25 13:00:00,26.219689957164682
2026-01-25 14:00:00,11.999566108367606
2026-01-25 15:00:00,0.0
2026-01-25 16:00:00,0.0
2026-01-25 17:00:00,0.0
2026-01-25 18:00:00,0.0
2026-01-25 19:00:00,0.0
2026-01-25 20:00:00,0.0
2026-01-25 21:00:00,0.0
2026-01-25 22:00:00,0.0
2026-01-25 23:00:00,0.0
2026-01-26 00:00:00,0.0
2026-01-26 01:00:00,0.0
2026-01-26 02:00:00,0.0
2026-01-26 03:00:00,0.0
2026-01-26 04:00:00,0.0
2026-01-26 05:00:00,0.0
2026-01-26 06:00:00,0.0
2026-01-26 07:00:00,0.0
2026-01-26 08:00:00,6.855468227030314
2026-01-26 09:00:00,27.68579683268331
2026-01-26 10:00:00,44.42879322338736
2026-01-26 11:00:00,50.65821116479362
2026-01-26 12:00:00,107.03287789476336
2026-01-26 13:00:00,46.41594362765753
2026-01-26 14:00:00,23.79137472515287
2026-01-26 15:00:00,0.0
2026-01-26 16:00:00,0.0
2026-01-26 17:00:00,0.0
2026-01-26 18:00:00,0.0
2026-01-26 19:00:00,0.0
2026-01-26 20:00:00,0.0
2026-01-26 21:00:00,0.0
2026-01-26 22:00:00,0.0
2026-01-26 23:00:00,0.0
2026-01-27 00:00:00,0.0
2026-01-27 01:00:00,0.0
2026-01-27 02:00:00,0.0
2026-01-27 03:00:00,0.0
2026-01-27 04:00:00,0.0
2026-01-27 05:00:00,0.0
2026-01-27 06:00:00,0.0
2026-01-27 07:00:00,0.0
2026-01-27 08:00:00,7.618039435713244
2026-01-27 09:00:00,30.038356171017117
2026-01-27 10:00:00,44.023081340588774
2026-01-27 11:00:00,52.826118759981526
2026-01-27 12:00:00,47.285801184265
2026-01-27 13:00:00,32.57830658595247
2026-01-27 14:00:00,16.480545969240193
2026-01-27 15:00:00,0.0
2026-01-27 16:00:00,0.0
2026-01-27 17:00:00,0.0
2026-01-27 18:00:00,0.0
2026-01-27 19:00:00,0.0
2026-01-27 20:00:00,0.0
2026-01-27 21:00:00,0.0
2026-01-27 22:00:00,0.0
2026-01-27 23:00:00,0.0
2026-01-28 00:00:00,0.0
2026-01-28 01:00:00,0.0
2026-01-28 02:00:00,0.0
2026-01-28 03:00:00,0.0
2026-01-28 04:00:00,0.0
2026-01-28 05:00:00,0.0
2026-01-28 06:00:00,0.0
2026-01-28 07:00:00,0.0
2026-01-28 08:00:00,8.179671640515725
2026-01-28 09:00:00,63.52457718567086
2026-01-28 10:00:00,96.53171567867709
2026-01-28 11:00:00,129.5439792205617
2026-01-28 12:00:00,67.09727718590457
2026-01-28 13:00:00,36.80401668923253
2026-01-28 14:00:00,40.161313118878034
2026-01-28 15:00:00,0.0
2026-01-28 16:00:00,0.0
2026-01-28 17:00:00,0.0
2026-01-28 18:00:00,0.0
2026-01-28 19:00:00,0.0
2026-01-28 20:00:00,0.0
2026-01-28 21:00:00,0.0
2026-01-28 22:00:00,0.0
2026-01-28 23:00:00,0.0
2026-01-29 00:00:00,0.0
2026-01-29 01:00:00,0.0
2026-01-29 02:00:00,0.0
2026-01-29 03:00:00,0.0
2026-01-29 04:00:00,0.0
2026-01-29 05:00:00,0.0
2026-01-29 06:00:00,0.0
2026-01-29 07:00:00,0.0
2026-01-29 08:00:00,12.042273064073733
2026-01-29 09:00:00,43.836454896223415
2026-01-29 10:00:00,49.5042228232728
2026-01-29 11:00:00,159.59360594964497
2026-01-29 12:00:00,94.60382635602362
2026-01-29 13:00:00,55.45281667331623
2026-01-29 14:00:00,22.289025290798385
2026-01-29 15:00:00,0.0
2026-01-29 16:00:00,0.0
2026-01-29 17:00:00,0.0
2026-01-29 18:00:00,0.0
2026-01-29 19:00:00,0.0
2026-01-29 20:00:00,0.0
2026-01-29 21:00:00,0.0
2026-01-29 22:00:00,0.0
2026-01-29 23:00:00,0.0
2026-01-30 00:00:00,0.0
2026-01-30 01:00:00,0.0
2026-01-30 02:00:00,0.0
2026-01-30 03:00:00,0.0
2026-01-30 04:00:00,0.0
2026-01-30 05:00:00,0.0
2026-01-30 06:00:00,0.0
2026-01-30 07:00:00,0.0
2026-01-30 08:00:00,17.476069139520913
2026-01-30 09:00:00,45.480240965112266
2026-01-30 10:00:00,67.96822603783237
2026-01-30 11:00:00,70.99110995145367
2026-01-30 12:00:00,100.60860447350991
2026-01-30 13:00:00,60.20655762970773
2026-01-30 14:00:00,23.02156646011945
2026-01-30 15:00:00,0.0
2026-01-30 16:00:00,0.0
2026-01-30 17:00:00,0.0
2026-01-30 18:00:00,0.0
2026-01-30 19:00:00,0.0
2026-01-30 20:00:00,0.0
2026-01-30 21:00:00,0.0
2026-01-30 22:00:00,0.0
2026-01-30 23:00:00,0.0
2026-01-31 00:00:00,0.0
2026-01-31 01:00:00,0.0
2026-01-31 02:00:00,0.0
2026-01-31 03:00:00,0.0
2026-01-31 04:00:00,0.0
2026-01-31 05:00:00,0.0
2026-01-31 06:00:00,0.0
2026-01-31 07:00:00,0.0
2026-01-31 08:00:00,24.992156146217976
2026-01-31 09:00:00,120.20238403485175
2026-01-31 10:00:00,177.45461825078
2026-01-31 11:00:00,182.20443179450973
2026-01-31 12:00:00,163.8748807552449
2026-01-31 13:00:00,69.08383582732567
2026-01-31 14:00:00,26.675642416744925
2026-01-31 15:00:00,0.0
2026-01-31 16:00:00,0.0
2026-01-31 17:00:00,0.0
2026-01-31 18:00:00,0.0
2026-01-31 19:00:00,0.0
2026-01-31 20:00:00,0.0
2026-01-31 21:00:00,0.0
2026-01-31 22:00:00,0.0
2026-01-31 23:00:00,0.0
2026-02-01 00:00:00,0.0
2026-02-01 01:00:00,0.0
2026-02-01 02:00:00,0.0
2026-02-01 03:00:00,0.0
2026-02-01 04:00:00,0.0
2026-02-01 05:00:00,0.0
2026-02-01 06:00:00,0.0
2026-02-01 07:00:00,0.0
2026-02-01 08:00:00,11.95575057771577
2026-02-01 09:00:00,38.22469672454377
2026-02-01 10:00:00,66.70337478311339
2026-02-01 11:00:00,61.01562066709059
2026-02-01 12:00:00,82.24624630028683
2026-02-01 13:00:00,39.57522682592835
2026-02-01 14:00:00,19.469440088899667
2026-02-01 15:00:00,0.0
2026-02-01 16:00:00,0.0
2026-02-01 17:00:00,0.0
2026-02-01 18:00:00,0.0
2026-02-01 19:00:00,0.0
2026-02-01 20:00:00,0.0
2026-02-01 21:00:00,0.0
2026-02-01 22:00:00,0.0
2026-02-01 23:00:00,0.0
2026-02-02 00:00:00,0.0
2026-02-02 01:00:00,0.0
2026-02-02 02:00:00,0.0
2026-02-02 03:00:00,0.0
2026-02-02 04:00:00,0.0
2026-02-02 05:00:00,0.0
2026-02-02 06:00:00,0.0
2026-02-02 07:00:00,0.0
2026-02-02 08:00:00,29.255791915421167
2026-02-02 09:00:00,73.44928944694145
2026-02-02 10:00:00,99.6661172482145
2026-02-02 11:00:00,96.96162826919421
2026-02-02 12:00:00,56.20754981087667
2026-02-02 13:00:00,57.00033341142592
2026-02-02 14:00:00,19.144846274802582
2026-02-02 15:00:00,0.0
2026-02-02 16:00:00,0.0
2026-02-02 17:00:00,0.0
2026-02-02 18:00:00,0.0
2026-02-02 19:00:00,0.0
2026-02-02 20:00:00,0.0
2026-02-02 21:00:00,0.0
2026-02-02 22:00:00,0.0
2026-02-02 23:00:00,0.0
2026-02-03 00:00:00,0.0
2026-02-03 01:00:00,0.0
2026-02-03 02:00:00,0.0
2026-02-03 03:00:00,0.0
2026-02-03 04:00:00,0.0
2026-02-03 05:00:00,0.0
2026-02-03 06:00:00,0.0
2026-02-03 07:00:00,0.0
2026-02-03 08:00:00,29.322765617420263
2026-02-03 09:00:00,82.43571537105676
2026-02-03 10:00:00,147.1343814387114
2026-02-03 11:00:00,213.26286729563108
2026-02-03 12:00:00,174.21273236913657
2026-02-03 13:00:00,136.45527165284028
2026-02-03 14:00:00,63.96765127632071
2026-02-03 15:00:00,0.3888506637342967
2026-02-03 16:00:00,0.0
2026-02-03 17:00:00,0.0
2026-02-03 18:00:00,0.0
2026-02-03 19:00:00,0.0
2026-02-03 20:00:00,0.0
2026-02-03 21:00:00,0.0
2026-02-03 22:00:00,0.0
2026-02-03 23:00:00,0.0
2026-02-04 00:00:00,0.0
2026-02-04 01:00:00,0.0
2026-02-04 02:00:00,0.0
2026-02-04 03:00:00,0.0
2026-02-04 04:00:00,0.0
2026-02-04 05:00:00,0.0
2026-02-04 06:00:00,0.0
2026-02-04 07:00:00,0.0
2026-02-04 08:00:00,16.050332504139476
2026-02-04 09:00:00,40.93610762246218
2026-02-04 10:00:00,59.37828397727615
2026-02-04 11:00:00,77.445132468243
2026-02-04 12:00:00,59.58814700861796
2026-02-04 13:00:00,52.13270408827109
2026-02-04 14:00:00,25.98096246919849
2026-02-04 15:00:00,0.0
2026-02-04 16:00:00,0.0
2026-02-04 17:00:00,0.0
2026-02-04 18:00:00,0.0
2026-02-04 19:00:00,0.0
2026-02-04 20:00:00,0.0
2026-02-04 21:00:00,0.0
2026-02-04 22:00:00,0.0
2026-02-04 23:00:00,0.0
2026-02-05 00:00:00,0.0
2026-02-05 01:00:00,0.0
2026-02-05 02:00:00,0.0
2026-02-05 03:00:00,0.0
2026-02-05 04:00:00,0.0
2026-02-05 05:00:00,0.0
2026-02-05 06:00:00,0.0
2026-02-05 07:00:00,0.0
2026-02-05 08:00:00,16.800303253758006
2026-02-05 09:00:00,43.927436195598325
2026-02-05 10:00:00,62.356881615539145
2026-02-05 11:00:00,67.85739331666235
2026-02-05 12:00:00,105.10320869147753
2026-02-05 13:00:00,68.72730123700732
2026-02-05 14:00:00,26.958266668349964
2026-02-05 15:00:00,0.0
2026-02-05 16:00:00,0.0
2026-02-05 17:00:00,0.0
2026-02-05 18:00:00,0.0
2026-02-05 19:00:00,0.0
2026-02-05 20:00:00,0.0
2026-02-05 21:00:00,0.0
2026-02-05 22:00:00,0.0
2026-02-05 23:00:00,0.0
2026-02-06 00:00:00,0.0
2026-02-06 01:00:00,0.0
2026-02-06 02:00:00,0.0
2026-02-06 03:00:00,0.0
2026-02-06 04:00:00,0.0
2026-02-06 05:00:00,0.0
2026-02-06 06:00:00,0.0
2026-02-06 07:00:00,0.0
2026-02-06 08:00:00,17.453696671980524
2026-02-06 09:00:00,41.961699632246244
2026-02-06 10:00:00,64.27428708382924
2026-02-06 11:00:00,67.1124357647992
2026-02-06 12:00:00,59.60578590583756
2026-02-06 13:00:00,47.47354865547573
2026-02-06 14:00:00,22.11550173231834
2026-02-06 15:00:00,0.0
2026-02-06 16:00:00,0.0
2026-02-06 17:00:00,0.0
2026-02-06 18:00:00,0.0
2026-02-06 19:00:00,0.0
2026-02-06 20:00:00,0.0
2026-02-06 21:00:00,0.0
2026-02-06 22:00:00,0.0
2026-02-06 23:00:00,0.0
2026-02-07 00:00:00,0.0
2026-02-07 01:00:00,0.0
2026-02-07 02:00:00,0.0
2026-02-07 03:00:00,0.0
2026-02-07 04:00:00,0.0
2026-02-07 05:00:00,0.0
2026-02-07 06:00:00,0.0
2026-02-07 07:00:00,1.4968071773232015
2026-02-07 08:00:00,55.566532159588085
2026-02-07 09:00:00,124.96340983621162
2026-02-07 10:00:00,142.5203673549133
2026-02-07 11:00:00,198.10195519471236
2026-02-07 12:00:00,203.13812881337606
2026-02-07 13:00:00,96.57200801356004
2026-02-07 14:00:00,75.27991794005787
2026-02-07 15:00:00,4.5688200677243405
2026-02-07 16:00:00,0.0
2026-02-07 17:00:00,0.0
2026-02-07 18:00:00,0.0
2026-02-07 19:00:00,0.0
2026-02-07 20:00:00,0.0
2026-02-07 21:00:00,0.0
2026-02-07 22:00:00,0.0
2026-02-07 23:00:00,0.0
2026-02-08 00:00:00,0.0
2026-02-08 01:00:00,0.0
2026-02-08 02:00:00,0.0
2026-02-08 03:00:00,0.0
2026-02-08 04:00:00,0.0
2026-02-08 05:00:00,0.0
2026-02-08 06:00:00,0.0
2026-02-08 07:00:00,0.7353290630591179
2026-02-08 08:00:00,21.913667814016637
2026-02-08 09:00:00,48.09945020985013
2026-02-08 10:00:00,66.42750081385753
2026-02-08 11:00:00,76.4673725888883
2026-02-08 12:00:00,132.01888892465595
2026-02-08 13:00:00,53.12325792566955
2026-02-08 14:00:00,24.250253880549145
2026-02-08 15:00:00,1.0654330392119804
2026-02-08 16:00:00,0.0
2026-02-08 17:00:00,0.0
2026-02-08 18:00:00,0.0
2026-02-08 19:00:00,0.0
2026-02-08 20:00:00,0.0
2026-02-08 21:00:00,0.0
2026-02-08 22:00:00,0.0
2026-02-08 23:00:00,0.0
2026-02-09 00:00:00,0.0
2026-02-09 01:00:00,0.0
2026-02-09 02:00:00,0.0
2026-02-09 03:00:00,0.0
2026-02-09 04:00:00,0.0
2026-02-09 05:00:00,0.0
2026-02-09 06:00:00,0.0
2026-02-09 07:00:00,1.5213563612850278
2026-02-09 08:00:00,23.79283851493408
2026-02-09 09:00:00,59.65791220415272
2026-02-09 10:00:00,67.84499877386712
2026-02-09 11:00:00,78.56382517773622
2026-02-09 12:00:00,72.50703849422956
2026-02-09 13:00:00,52.83808969593738
2026-02-09 14:00:00,26.12799193212732
2026-02-09 15:00:00,1.4994805660496573
2026-02-09 16:00:00,0.0
2026-02-09 17:00:00,0.0
2026-02-09 18:00:00,0.0
2026-02-09 19:00:00,0.0
2026-02-09 20:00:00,0.0
2026-02-09 21:00:00,0.0
2026-02-09 22:00:00,0.0
2026-02-09 23:00:00,0.0
2026-02-10 00:00:00,0.0
2026-02-10 01:00:00,0.0
2026-02-10 02:00:00,0.0
2026-02-10 03:00:00,0.0
2026-02-10 04:00:00,0.0
2026-02-10 05:00:00,0.0
2026-02-10 06:00:00,0.0
2026-02-10 07:00:00,1.1481856163745237
2026-02-10 08:00:00,29.355652102460986
2026-02-10 09:00:00,50.71415551523823
2026-02-10 10:00:00,157.42292815484694
2026-02-10 11:00:00,94.66150768811964
2026-02-10 12:00:00,65.13869037851428
2026-02-10 13:00:00,52.608276969850245
2026-02-10 14:00:00,68.39076138878839
2026-02-10 15:00:00,5.746811298593068
2026-02-10 16:00:00,0.0
2026-02-10 17:00:00,0.0
2026-02-10 18:00:00,0.0
2026-02-10 19:00:00,0.0
2026-02-10 20:00:00,0.0
2026-02-10 21:00:00,0.0
2026-02-10 22:00:00,0.0
2026-02-10 23:00:00,0.0
2026-02-11 00:00:00,0.0
2026-02-11 01:00:00,0.0
2026-02-11 02:00:00,0.0
2026-02-11 03:00:00,0.0
2026-02-11 04:00:00,0.0
2026-02-11 05:00:00,0.0
2026-02-11 06:00:00,0.0
2026-02-11 07:00:00,1.115546122628161
2026-02-11 08:00:00,23.934812357236343
2026-02-11 09:00:00,56.03050509721928
2026-02-11 10:00:00,67.10597166014605
2026-02-11 11:00:00,80.21569978778416
2026-02-11 12:00:00,72.99983376887509
2026-02-11 13:00:00,67.92167306529271
2026-02-11 14:00:00,31.463961675373497
2026-02-11 15:00:00,2.4888223226554484
2026-02-11 16:00:00,0.0
2026-02-11 17:00:00,0.0
2026-02-11 18:00:00,0.0
2026-02-11 19:00:00,0.0
2026-02-11 20:00:00,0.0
2026-02-11 21:00:00,0.0
2026-02-11 22:00:00,0.0
2026-02-11 23:00:00,0.0
2026-02-12 00:00:00,0.0
2026-02-12 01:00:00,0.0
2026-02-12 02:00:00,0.0
2026-02-12 03:00:00,0.0
2026-02-12 04:00:00,0.0
2026-02-12 05:00:00,0.0
2026-02-12 06:00:00,0.0
2026-02-12 07:00:00,1.903720709319347
2026-02-12 08:00:00,28.10054009729164
2026-02-12 09:00:00,89.52420457208058
2026-02-12 10:00:00,220.89834791836068
2026-02-12 11:00:00,173.60511415998042
2026-02-12 12:00:00,77.5947531786246
2026-02-12 13:00:00,56.69077035365336
2026-02-12 14:00:00,44.80581176852285
2026-02-12 15:00:00,3.676457526792425
2026-02-12 16:00:00,0.0
2026-02-12 17:00:00,0.0
2026-02-12 18:00:00,0.0
2026-02-12 19:00:00,0.0
2026-02-12 20:00:00,0.0
2026-02-12 21:00:00,0.0
2026-02-12 22:00:00,0.0
2026-02-12 23:00:00,0.0
2026-02-13 00:00:00,0.0
2026-02-13 01:00:00,0.0
2026-02-13 02:00:00,0.0
2026-02-13 03:00:00,0.0
2026-02-13 04:00:00,0.0
2026-02-13 05:00:00,0.0
2026-02-13 06:00:00,0.0
2026-02-13 07:00:00,4.190815490267539
2026-02-13 08:00:00,83.34840115227311
2026-02-13 09:00:00,113.18815453393805
2026-02-13 10:00:00,93.66966470224511
2026-02-13 11:00:00,156.3499233225398
2026-02-13 12:00:00,112.0040392235439
2026-02-13 13:00:00,72.75888221228337
2026-02-13 14:00:00,34.429095283236656
2026-02-13 15:00:00,4.554296796393037
2026-02-13 16:00:00,0.0
2026-02-13 17:00:00,0.0
2026-02-13 18:00:00,0.0
2026-02-13 19:00:00,0.0
2026-02-13 20:00:00,0.0
2026-02-13 21:00:00,0.0
2026-02-13 22:00:00,0.0
2026-02-13 23:00:00,0.0
2026-02-14 00:00:00,0.0
2026-02-14 01:00:00,0.0
2026-02-14 02:00:00,0.0
2026-02-14 03:00:00,0.0
2026-02-14 04:00:00,0.0
2026-02-14 05:00:00,0.0
2026-02-14 06:00:00,0.0
2026-02-14 07:00:00,20.574256261549582
2026-02-14 08:00:00,112.23556166739982
2026-02-14 09:00:00,200.6601772873094
2026-02-14 10:00:00,259.497646078708
2026-02-14 11:00:00,277.7456488654849
2026-02-14 12:00:00,260.92119847702793
2026-02-14 13:00:00,206.28712922969575
2026-02-14 14:00:00,121.19512474562697
2026-02-14 15:00:00,27.26118975644598
2026-02-14 16:00:00,0.0
2026-02-14 17:00:00,0.0
2026-02-14 18:00:00,0.0
2026-02-14 19:00:00,0.0
2026-02-14 20:00:00,0.0
2026-02-14 21:00:00,0.0
2026-02-14 22:00:00,0.0
2026-02-14 23:00:00,0.0
2026-02-15 00:00:00,0.0
2026-02-15 01:00:00,0.0
2026-02-15 02:00:00,0.0
2026-02-15 03:00:00,0.0
2026-02-15 04:00:00,0.0
2026-02-15 05:00:00,0.0
2026-02-15 06:00:00,0.0
2026-02-15 07:00:00,23.508911785424278
2026-02-15 08:00:00,115.49223032409736
2026-02-15 09:00:00,206.4291083646487
2026-02-15 10:00:00,261.78071355540254
2026-02-15 11:00:00,276.883499609778
2026-02-15 12:00:00,262.3691093680374
2026-02-15 13:00:00,186.90885025909114
2026-02-15 14:00:00,78.32609761353537
2026-02-15 15:00:00,22.73689366050318
2026-02-15 16:00:00,0.0
2026-02-15 17:00:00,0.0
2026-02-15 18:00:00,0.0
2026-02-15 19:00:00,0.0
2026-02-15 20:00:00,0.0
2026-02-15 21:00:00,0.0
2026-02-15 22:00:00,0.0
2026-02-15 23:00:00,0.0
2026-02-16 00:00:00,0.0
2026-02-16 01:00:00,0.0
2026-02-16 02:00:00,0.0
2026-02-16 03:00:00,0.0
2026-02-16 04:00:00,0.0
2026-02-16 05:00:00,0.0
2026-02-16 06:00:00,0.0
2026-02-16 07:00:00,24.37897103099707
2026-02-16 08:00:00,107.93539786759284
2026-02-16 09:00:00,186.37503713823133
2026-02-16 10:00:00,250.0174702150453
2026-02-16 11:00:00,270.76087524800465
2026-02-16 12:00:00,238.99046161608118
2026-02-16 13:00:00,205.13550157441486
2026-02-16 14:00:00,105.2099290188874
2026-02-16 15:00:00,21.53220609157486
2026-02-16 16:00:00,0.0
2026-02-16 17:00:00,0.0
2026-02-16 18:00:00,0.0
2026-02-16 19:00:00,0.0
2026-02-16 20:00:00,0.0
2026-02-16 21:00:00,0.0
2026-02-16 22:00:00,0.0
2026-02-16 23:00:00,0.0
2026-02-17 00:00:00,0.0
2026-02-17 01:00:00,0.0
2026-02-17 02:00:00,0.0
2026-02-17 03:00:00,0.0
2026-02-17 04:00:00,0.0
2026-02-17 05:00:00,0.0
2026-02-17 06:00:00,0.0
2026-02-17 07:00:00,6.756606880533477
2026-02-17 08:00:00,37.82821605074445
2026-02-17 09:00:00,65.99829742874498
2026-02-17 10:00:00,151.06542116993717
2026-02-17 11:00:00,272.1377660336561
2026-02-17 12:00:00,211.1712822931452
2026-02-17 13:00:00,165.61066959116374
2026-02-17 14:00:00,98.08990908811242
2026-02-17 15:00:00,26.37464162621231
2026-02-17 16:00:00,0.0
2026-02-17 17:00:00,0.0
2026-02-17 18:00:00,0.0
2026-02-17 19:00:00,0.0
2026-02-17 20:00:00,0.0
2026-02-17 21:00:00,0.0
2026-02-17 22:00:00,0.0
2026-02-17 23:00:00,0.0
2026-02-18 00:00:00,0.0
2026-02-18 01:00:00,0.0
2026-02-18 02:00:00,0.0
2026-02-18 03:00:00,0.0
2026-02-18 04:00:00,0.0
2026-02-18 05:00:00,0.0
2026-02-18 06:00:00,0.0
2026-02-18 07:00:00,26.054748596726856
2026-02-18 08:00:00,91.09731579408121
2026-02-18 09:00:00,110.01522676725955
2026-02-18 10:00:00,227.3350481912156
2026-02-18 11:00:00,156.73420572799262
2026-02-18 12:00:00,87.88906480288284
2026-02-18 13:00:00,190.75357296138216
2026-02-18 14:00:00,40.33487064083736
2026-02-18 15:00:00,11.111387696662437
2026-02-18 16:00:00,0.0
2026-02-18 17:00:00,0.0
2026-02-18 18:00:00,0.0
2026-02-18 19:00:00,0.0
2026-02-18 20:00:00,0.0
2026-02-18 21:00:00,0.0
2026-02-18 22:00:00,0.0
2026-02-18 23:00:00,0.0
2026-02-19 00:00:00,0.0
2026-02-19 01:00:00,0.0
2026-02-19 02:00:00,0.0
2026-02-19 03:00:00,0.0
2026-02-19 04:00:00,0.0
2026-02-19 05:00:00,0.0
2026-02-19 06:00:00,0.0
2026-02-19 07:00:00,35.41878123965357
2026-02-19 08:00:00,124.87532087911266
2026-02-19 09:00:00,76.10218137693055
2026-02-19 10:00:00,152.22750050389186
2026-02-19 11:00:00,271.6095440033141
2026-02-19 12:00:00,205.37581011998915
2026-02-19 13:00:00,73.19350451723126
2026-02-19 14:00:00,141.84028175378614
2026-02-19 15:00:00,46.11161946852717
2026-02-19 16:00:00,0.0
2026-02-19 17:00:00,0.0
2026-02-19 18:00:00,0.0
2026-02-19 19:00:00,0.0
2026-02-19 20:00:00,0.0
2026-02-19 21:00:00,0.0
2026-02-19 22:00:00,0.0
2026-02-19 23:00:00,0.0
2026-02-20 00:00:00,0.0
2026-02-20 01:00:00,0.0
2026-02-20 02:00:00,0.0
2026-02-20 03:00:00,0.0
2026-02-20 04:00:00,0.0
2026-02-20 05:00:00,0.0
2026-02-20 06:00:00,0.0
2026-02-20 07:00:00,42.88836743923835
2026-02-20 08:00:00,119.37691943231438
2026-02-20 09:00:00,214.0499349664288
2026-02-20 10:00:00,205.29612195119788
2026-02-20 11:00:00,223.78207156926152
2026-02-20 12:00:00,240.4581599491159
2026-02-20 13:00:00,181.91634175514702
2026-02-20 14:00:00,140.05627369126827
2026-02-20 15:00:00,28.746638133510185
2026-02-20 16:00:00,0.0
2026-02-20 17:00:00,0.0
2026-02-20 18:00:00,0.0
2026-02-20 19:00:00,0.0
2026-02-20 20:00:00,0.0
2026-02-20 21:00:00,0.0
2026-02-20 22:00:00,0.0
2026-02-20 23:00:00,0.0
2026-02-21 00:00:00,0.0
2026-02-21 01:00:00,0.0
2026-02-21 02:00:00,0.0
2026-02-21 03:00:00,0.0
2026-02-21 04:00:00,0.0
2026-02-21 05:00:00,0.0
2026-02-21 06:00:00,0.0
2026-02-21 07:00:00,10.659972141450982
2026-02-21 08:00:00,40.787541209290886
2026-02-21 09:00:00,72.20663523725294
2026-02-21 10:00:00,88.48035673824025
2026-02-21 11:00:00,97.09383525387352
2026-02-21 12:00:00,88.59112262681836
2026-02-21 13:00:00,69.29786723199997
2026-02-21 14:00:00,41.65907982205341
2026-02-21 15:00:00,12.045639210724149
2026-02-21 16:00:00,0.0
2026-02-21 17:00:00,0.0
2026-02-21 18:00:00,0.0
2026-02-21 19:00:00,0.0
2026-02-21 20:00:00,0.0
2026-02-21 21:00:00,0.0
2026-02-21 22:00:00,0.0
2026-02-21 23:00:00,0.0
2026-02-22 00:00:00,0.0
2026-02-22 01:00:00,0.0
2026-02-22 02:00:00,0.0
2026-02-22 03:00:00,0.0
2026-02-22 04:00:00,0.0
2026-02-22 05:00:00,0.0
2026-02-22 06:00:00,0.0
2026-02-22 07:00:00,55.78514578031983
2026-02-22 08:00:00,157.8676406251239
2026-02-22 09:00:00,249.38344908112927
2026-02-22 10:00:00,298.5380732955382
2026-02-22 11:00:00,318.311368575468
2026-02-22 12:00:00,281.13141075425733
2026-02-22 13:00:00,243.92330152489873
2026-02-22 14:00:00,150.7075112716828
2026-02-22 15:00:00,47.41345569576766
2026-02-22 16:00:00,0.0
2026-02-22 17:00:00,0.0
2026-02-22 18:00:00,0.0
2026-02-22 19:00:00,0.0
2026-02-22 20:00:00,0.0
2026-02-22 21:00:00,0.0
2026-02-22 22:00:00,0.0
2026-02-22 23:00:00,0.0
2026-02-23 00:00:00,0.0
2026-02-23 01:00:00,0.0
2026-02-23 02:00:00,0.0
2026-02-23 03:00:00,0.0
2026-02-23 04:00:00,0.0
2026-02-23 05:00:00,0.0
2026-02-23 06:00:00,0.0
2026-02-23 07:00:00,13.384540534984133
2026-02-23 08:00:00,45.309026883412066
2026-02-23 09:00:00,87.91802233308978
2026-02-23 10:00:00,92.36508588283367
2026-02-23 11:00:00,101.79745020953655
2026-02-23 12:00:00,96.94931569052984
2026-02-23 13:00:00,78.12425153596189
2026-02-23 14:00:00,48.102421465890984
2026-02-23 15:00:00,15.705674121962035
2026-02-23 16:00:00,0.0
2026-02-23 17:00:00,0.0
2026-02-23 18:00:00,0.0
2026-02-23 19:00:00,0.0
2026-02-23 20:00:00,0.0
2026-02-23 21:00:00,0.0
2026-02-23 22:00:00,0.0
2026-02-23 23:00:00,0.0
2026-02-24 00:00:00,0.0
2026-02-24 01:00:00,0.0
2026-02-24 02:00:00,0.0
2026-02-24 03:00:00,0.0
2026-02-24 04:00:00,0.0
2026-02-24 05:00:00,0.0
2026-02-24 06:00:00,0.0
2026-02-24 07:00:00,15.765302204569558
2026-02-24 08:00:00,49.383147622952876
2026-02-24 09:00:00,79.0933207169271
2026-02-24 10:00:00,99.76340739640453
2026-02-24 11:00:00,107.29030509585303
2026-02-24 12:00:00,99.92440742658746
2026-02-24 13:00:00,80.06667485871026
2026-02-24 14:00:00,52.53106632905906
2026-02-24 15:00:00,18.29273862450072
2026-02-24 16:00:00,0.0
2026-02-24 17:00:00,0.0
2026-02-24 18:00:00,0.0
2026-02-24 19:00:00,0.0
2026-02-24 20:00:00,0.0
2026-02-24 21:00:00,0.0
2026-02-24 22:00:00,0.0
2026-02-24 23:00:00,0.0
2026-02-25 00:00:00,0.0
2026-02-25 01:00:00,0.0
2026-02-25 02:00:00,0.0
2026-02-25 03:00:00,0.0
2026-02-25 04:00:00,0.0
2026-02-25 05:00:00,0.0
2026-02-25 06:00:00,0.0
2026-02-25 07:00:00,34.235784175614675
2026-02-25 08:00:00,53.271757342092904
2026-02-25 09:00:00,83.49692318126431
2026-02-25 10:00:00,111.61811832009518
2026-02-25 11:00:00,105.22523582871774
2026-02-25 12:00:00,97.77256508855129
2026-02-25 13:00:00,79.32747191461237
2026-02-25 14:00:00,48.02596553328123
2026-02-25 15:00:00,16.393002001275235
2026-02-25 16:00:00,0.0
2026-02-25 17:00:00,0.0
2026-02-25 18:00:00,0.0
2026-02-25 19:00:00,0.0
2026-02-25 20:00:00,0.0
2026-02-25 21:00:00,0.0
2026-02-25 22:00:00,0.0
2026-02-25 23:00:00,0.0
2026-02-26 00:00:00,0.0
2026-02-26 01:00:00,0.0
2026-02-26 02:00:00,0.0
2026-02-26 03:00:00,0.0
2026-02-26 04:00:00,0.0
2026-02-26 05:00:00,0.0
2026-02-26 06:00:00,0.0
2026-02-26 07:00:00,0.0
2026-02-26 08:00:00,0.0
2026-02-26 09:00:00,0.0
2026-02-26 10:00:00,0.0
2026-02-26 11:00:00,0.0
2026-02-26 12:00:00,0.0
2026-02-26 13:00:00,0.0
2026-02-26 14:00:00,0.0
2026-02-26 15:00:00,0.0
2026-02-26 16:00:00,0.0
2026-02-26 17:00:00,0.0
2026-02-26 18:00:00,0.0
2026-02-26 19:00:00,0.0
2026-02-26 20:00:00,0.0
2026-02-26 21:00:00,0.0
2026-02-26 22:00:00,0.0
2026-02-26 23:00:00,0.0
2026-02-27 00:00:00,0.0
2026-02-27 01:00:00,0.0
2026-02-27 02:00:00,0.0
2026-02-27 03:00:00,0.0
2026-02-27 04:00:00,0.0
2026-02-27 05:00:00,0.0
2026-02-27 06:00:00,0.0
2026-02-27 07:00:00,0.0
2026-02-27 08:00:00,0.0
2026-02-27 09:00:00,0.0
2026-02-27 10:00:00,0.0
2026-02-27 11:00:00,0.0
2026-02-27 12:00:00,0.0
2026-02-27 13:00:00,0.0
2026-02-27 14:00:00,0.0
2026-02-27 15:00:00,0.0
2026-02-27 16:00:00,0.0
2026-02-27 17:00:00,0.0
2026-02-27 18:00:00,0.0
2026-02-27 19:00:00,0.0
2026-02-27 20:00:00,0.0
2026-02-27 21:00:00,0.0
2026-02-27 22:00:00,0.0
2026-02-27 23:00:00,0.0
2026-02-28 00:00:00,0.0
2026-02-28 01:00:00,0.0
2026-02-28 02:00:00,0.0
2026-02-28 03:00:00,0.0
2026-02-28 04:00:00,0.0
2026-02-28 05:00:00,0.0
2026-02-28 06:00:00,0.0
2026-02-28 07:00:00,0.0
2026-02-28 08:00:00,0.0
2026-02-28 09:00:00,0.0
2026-02-28 10:00:00,0.0
2026-02-28 11:00:00,0.19136004090274722
2026-02-28 12:00:00,0.0
2026-02-28 13:00:00,0.12561080347602582
2026-02-28 14:00:00,0.0
2026-02-28 15:00:00,0.0
2026-02-28 16:00:00,0.0
2026-02-28 17:00:00,0.0
2026-02-28 18:00:00,0.0
2026-02-28 19:00:00,0.0
2026-02-28 20:00:00,0.0
2026-02-28 21:00:00,0.0
2026-02-28 22:00:00,0.0
2026-02-28 23:00:00,0.0
2026-03-01 00:00:00,0.0
2026-03-01 01:00:00,0.0
2026-03-01 02:00:00,0.0
2026-03-01 03:00:00,0.0
2026-03-01 04:00:00,0.0
2026-03-01 05:00:00,0.0
2026-03-01 06:00:00,0.0
2026-03-01 07:00:00,20.452894580072787
2026-03-01 08:00:00,55.71671885925292
2026-03-01 09:00:00,89.99471250140961
2026-03-01 10:00:00,109.29061662881915
2026-03-01 11:00:00,110.3303934176773
2026-03-01 12:00:00,109.77681207109596
2026-03-01 13:00:00,86.23112836508611
2026-03-01 14:00:00,59.617442043161425
2026-03-01 15:00:00,20.764968694157076
2026-03-01 16:00:00,0.0
2026-03-01 17:00:00,0.0
2026-03-01 18:00:00,0.0
2026-03-01 19:00:00,0.0
2026-03-01 20:00:00,0.0
2026-03-01 21:00:00,0.0
2026-03-01 22:00:00,0.0
2026-03-01 23:00:00,0.0
2026-03-02 00:00:00,0.0
2026-03-02 01:00:00,0.0
2026-03-02 02:00:00,0.0
2026-03-02 03:00:00,0.0
2026-03-02 04:00:00,0.0
2026-03-02 05:00:00,0.0
2026-03-02 06:00:00,4.538290829653132
2026-03-02 07:00:00,95.13885556132912
2026-03-02 08:00:00,200.33538654765877
2026-03-02 09:00:00,285.01701285401987
2026-03-02 10:00:00,340.3580933462089
2026-03-02 11:00:00,360.3889418451915
2026-03-02 12:00:00,339.1789651659178
2026-03-02 13:00:00,285.24772783081215
2026-03-02 14:00:00,193.96543242931656
2026-03-02 15:00:00,86.27876684921345
2026-03-02 16:00:00,5.1255235717517165
2026-03-02 17:00:00,0.0
2026-03-02 18:00:00,0.0
2026-03-02 19:00:00,0.0
2026-03-02 20:00:00,0.0
2026-03-02 21:00:00,0.0
2026-03-02 22:00:00,0.0
2026-03-02 23:00:00,0.0
2026-03-03 00:00:00,0.0
2026-03-03 01:00:00,0.0
2026-03-03 02:00:00,0.0
2026-03-03 03:00:00,0.0
2026-03-03 04:00:00,0.0
2026-03-03 05:00:00,0.0
2026-03-03 06:00:00,0.0
2026-03-03 07:00:00,23.110666481569094
2026-03-03 08:00:00,165.3451476731771
2026-03-03 09:00:00,273.59579242156565
2026-03-03 10:00:00,291.84737572098163
2026-03-03 11:00:00,343.8983846405404
2026-03-03 12:00:00,286.8260757100829
2026-03-03 13:00:00,225.92545120856212
2026-03-03 14:00:00,78.07822709802664
2026-03-03 15:00:00,54.437603366183296
2026-03-03 16:00:00,7.433057824223273
2026-03-03 17:00:00,0.0
2026-03-03 18:00:00,0.0
2026-03-03 19:00:00,0.0
2026-03-03 20:00:00,0.0
2026-03-03 21:00:00,0.0
2026-03-03 22:00:00,0.0
2026-03-03 23:00:00,0.0
2026-03-04 00:00:00,0.0
2026-03-04 01:00:00,0.0
2026-03-04 02:00:00,0.0
2026-03-04 03:00:00,0.0
2026-03-04 04:00:00,0.0
2026-03-04 05:00:00,0.0
2026-03-04 06:00:00,9.631505676192145
2026-03-04 07:00:00,109.17547961716156
2026-03-04 08:00:00,212.2084070417417
2026-03-04 09:00:00,301.3294527570243
2026-03-04 10:00:00,353.9857425734844
2026-03-04 11:00:00,369.0334960842508
2026-03-04 12:00:00,351.0235561333093
2026-03-04 13:00:00,296.63385366173605
2026-03-04 14:00:00,208.1604299472139
2026-03-04 15:00:00,106.92480005359577
2026-03-04 16:00:00,9.897309392653332
2026-03-04 17:00:00,0.0
2026-03-04 18:00:00,0.0
2026-03-04 19:00:00,0.0
2026-03-04 20:00:00,0.0
2026-03-04 21:00:00,0.0
2026-03-04 22:00:00,0.0
2026-03-04 23:00:00,0.0
2026-03-05 00:00:00,0.0
2026-03-05 01:00:00,0.0
2026-03-05 02:00:00,0.0
2026-03-05 03:00:00,0.0
2026-03-05 04:00:00,0.0
2026-03-05 05:00:00,0.0
2026-03-05 06:00:00,11.755552478276355
2026-03-05 07:00:00,108.20683320810619
2026-03-05 08:00:00,212.70975966774716
2026-03-05 09:00:00,295.58802513565206
2026-03-05 10:00:00,348.177082234586
2026-03-05 11:00:00,356.8340871913062
2026-03-05 12:00:00,337.6005223818996
2026-03-05 13:00:00,291.59498186843723
2026-03-05 14:00:00,195.7691485434639
2026-03-05 15:00:00,77.06470452425653
2026-03-05 16:00:00,6.640332361428388
2026-03-05 17:00:00,0.0
2026-03-05 18:00:00,0.0
2026-03-05 19:00:00,0.0
2026-03-05 20:00:00,0.0
2026-03-05 21:00:00,0.0
2026-03-05 22:00:00,0.0
2026-03-05 23:00:00,0.0
2026-03-06 00:00:00,0.0
2026-03-06 01:00:00,0.0
2026-03-06 02:00:00,0.0
2026-03-06 03:00:00,0.0
2026-03-06 04:00:00,0.0
2026-03-06 05:00:00,0.0
2026-03-06 06:00:00,13.487626305872825
2026-03-06 07:00:00,108.35372853145263
2026-03-06 08:00:00,211.62968965465797
2026-03-06 09:00:00,301.95464368356306
2026-03-06 10:00:00,355.6555752644449
2026-03-06 11:00:00,369.95573368301973
2026-03-06 12:00:00,354.5700710537057
2026-03-06 13:00:00,298.7207514495893
2026-03-06 14:00:00,208.5960922601988
2026-03-06 15:00:00,107.97255439409899
2026-03-06 16:00:00,13.644432012791016
2026-03-06 17:00:00,0.0
2026-03-06 18:00:00,0.0
2026-03-06 19:00:00,0.0
2026-03-06 20:00:00,0.0
2026-03-06 21:00:00,0.0
2026-03-06 22:00:00,0.0
2026-03-06 23:00:00,0.0
2026-03-07 00:00:00,0.0
2026-03-07 01:00:00,0.0
2026-03-07 02:00:00,0.0
2026-03-07 03:00:00,0.0
2026-03-07 04:00:00,0.10030329992701617
2026-03-07 05:00:00,0.0
2026-03-07 06:00:00,1.4975053775724672
2026-03-07 07:00:00,24.92683920840565
2026-03-07 08:00:00,60.85750137692931
2026-03-07 09:00:00,207.89850691178637
2026-03-07 10:00:00,102.66020490685845
2026-03-07 11:00:00,127.09624324414057
2026-03-07 12:00:00,106.38158884115424
2026-03-07 13:00:00,147.69404564762783
2026-03-07 14:00:00,60.51989307220751
2026-03-07 15:00:00,28.156369208427538
2026-03-07 16:00:00,1.893759215222989
2026-03-07 17:00:00,0.0
2026-03-07 18:00:00,0.0
2026-03-07 19:00:00,0.0
2026-03-07 20:00:00,0.0
2026-03-07 21:00:00,0.0
2026-03-07 22:00:00,0.0
2026-03-07 23:00:00,0.0
2026-03-08 00:00:00,0.0
2026-03-08 01:00:00,0.0
2026-03-08 02:00:00,0.0
2026-03-08 03:00:00,0.0
2026-03-08 04:00:00,0.11639282071117489
2026-03-08 05:00:00,0.0
2026-03-08 06:00:00,20.320534081499762
2026-03-08 07:00:00,115.53407813366087
2026-03-08 08:00:00,221.50975514493388
2026-03-08 09:00:00,306.3005671459182
2026-03-08 10:00:00,353.52339604618
2026-03-08 11:00:00,367.634690390566
2026-03-08 12:00:00,349.52530419868975
2026-03-08 13:00:00,289.39665225457
2026-03-08 14:00:00,202.80766499940881
2026-03-08 15:00:00,105.18244289026997
2026-03-08 16:00:00,16.677789476018653
2026-03-08 17:00:00,0.0
2026-03-08 18:00:00,0.0
2026-03-08 19:00:00,0.0
2026-03-08 20:00:00,0.0
2026-03-08 21:00:00,0.0
2026-03-08 22:00:00,0.0
2026-03-08 23:00:00,0.0
2026-03-09 00:00:00,0.0
2026-03-09 01:00:00,0.0
2026-03-09 02:00:00,0.0
2026-03-09 03:00:00,0.0
2026-03-09 04:00:00,0.0
2026-03-09 05:00:00,0.0
2026-03-09 06:00:00,3.8240612741168154
2026-03-09 07:00:00,38.18661881467638
2026-03-09 08:00:00,72.61429063549599
2026-03-09 09:00:00,318.2517149601905
2026-03-09 10:00:00,370.4536497979812
2026-03-09 11:00:00,375.2203981513865
2026-03-09 12:00:00,368.53890499082826
2026-03-09 13:00:00,313.8884425290362
2026-03-09 14:00:00,228.63047785844608
2026-03-09 15:00:00,121.085342963095
2026-03-09 16:00:00,18.87290797697473
2026-03-09 17:00:00,0.0
2026-03-09 18:00:00,0.0
2026-03-09 19:00:00,0.0
2026-03-09 20:00:00,0.0
2026-03-09 21:00:00,0.0
2026-03-09 22:00:00,0.0
2026-03-09 23:00:00,0.0
2026-03-10 00:00:00,0.0
2026-03-10 01:00:00,0.0
2026-03-10 02:00:00,0.0
2026-03-10 03:00:00,0.0
2026-03-10 04:00:00,0.0
2026-03-10 05:00:00,0.0
2026-03-10 06:00:00,24.549776612758478
2026-03-10 07:00:00,121.9881460575874
2026-03-10 08:00:00,232.29520177916368
2026-03-10 09:00:00,316.65025589832817
2026-03-10 10:00:00,367.8506851269947
2026-03-10 11:00:00,389.03956499092584
2026-03-10 12:00:00,369.24420192013804
2026-03-10 13:00:00,310.9913728286414
2026-03-10 14:00:00,217.78912040243333
2026-03-10 15:00:00,114.68318175368593
2026-03-10 16:00:00,21.087760853050355
2026-03-10 17:00:00,0.0
2026-03-10 18:00:00,0.0
2026-03-10 19:00:00,0.0
2026-03-10 20:00:00,0.0
2026-03-10 21:00:00,0.0
2026-03-10 22:00:00,0.0
2026-03-10 23:00:00,0.0
2026-03-11 00:00:00,0.0
2026-03-11 01:00:00,0.0
2026-03-11 02:00:00,0.0
2026-03-11 03:00:00,0.0
2026-03-11 04:00:00,0.0
2026-03-11 05:00:00,0.0
2026-03-11 06:00:00,5.525142289177909
2026-03-11 07:00:00,35.033584522661585
2026-03-11 08:00:00,72.06640535854491
2026-03-11 09:00:00,144.77932678280783
2026-03-11 10:00:00,117.1258939268546
2026-03-11 11:00:00,126.77829325004454
2026-03-11 12:00:00,124.98692594888924
2026-03-11 13:00:00,100.73567551772064
2026-03-11 14:00:00,71.71574996518663
2026-03-11 15:00:00,35.61809685476145
2026-03-11 16:00:00,5.642937304084507
2026-03-11 17:00:00,0.0
2026-03-11 18:00:00,0.0
2026-03-11 19:00:00,0.0
2026-03-11 20:00:00,0.0
2026-03-11 21:00:00,0.0
2026-03-11 22:00:00,0.0
2026-03-11 23:00:00,0.0
2026-03-12 00:00:00,0.0
2026-03-12 01:00:00,0.0
2026-03-12 02:00:00,0.0
2026-03-12 03:00:00,0.0
2026-03-12 04:00:00,0.0
2026-03-12 05:00:00,0.0
2026-03-12 06:00:00,9.72861026244865
2026-03-12 07:00:00,77.86920134670537
2026-03-12 08:00:00,84.80783710566185
2026-03-12 09:00:00,172.23056305731535
2026-03-12 10:00:00,400.67125148447013
2026-03-12 11:00:00,408.98417020503297
2026-03-12 12:00:00,350.2260304656109
2026-03-12 13:00:00,302.11077865348784
2026-03-12 14:00:00,217.87265870120285
2026-03-12 15:00:00,132.8315658541485
2026-03-12 16:00:00,26.049455531406483
2026-03-12 17:00:00,0.0
2026-03-12 18:00:00,0.0
2026-03-12 19:00:00,0.0
2026-03-12 20:00:00,0.0
2026-03-12 21:00:00,0.0
2026-03-12 22:00:00,0.0
2026-03-12 23:00:00,0.0
2026-03-13 00:00:00,0.0
2026-03-13 01:00:00,0.0
2026-03-13 02:00:00,0.0
2026-03-13 03:00:00,0.0
2026-03-13 04:00:00,0.0
2026-03-13 05:00:00,0.0
2026-03-13 06:00:00,25.802383502015168
2026-03-13 07:00:00,113.33237822575359
2026-03-13 08:00:00,174.92693497300186
2026-03-13 09:00:00,265.5499454418076
2026-03-13 10:00:00,254.24531515793106
2026-03-13 11:00:00,355.7556275162651
2026-03-13 12:00:00,344.75114291272604
2026-03-13 13:00:00,208.8174231423071
2026-03-13 14:00:00,170.96147854530787
2026-03-13 15:00:00,59.87533906111153
2026-03-13 16:00:00,7.126949051439127
2026-03-13 17:00:00,0.0
2026-03-13 18:00:00,0.0
2026-03-13 19:00:00,0.0
2026-03-13 20:00:00,0.0
2026-03-13 21:00:00,0.0
2026-03-13 22:00:00,0.0
2026-03-13 23:00:00,0.0
2026-03-14 00:00:00,0.0
2026-03-14 01:00:00,0.0
2026-03-14 02:00:00,0.0
2026-03-14 03:00:00,0.0
2026-03-14 04:00:00,0.0
2026-03-14 05:00:00,0.0
2026-03-14 06:00:00,10.760548681947173
2026-03-14 07:00:00,46.34124490104443
2026-03-14 08:00:00,84.9391643503263
2026-03-14 09:00:00,108.31567566087145
2026-03-14 10:00:00,125.65575355657455
2026-03-14 11:00:00,132.1877012632332
2026-03-14 12:00:00,126.06406136316777
2026-03-14 13:00:00,107.33457028699752
2026-03-14 14:00:00,77.62511225542586
2026-03-14 15:00:00,41.22509802292449
2026-03-14 16:00:00,8.802009857222167
2026-03-14 17:00:00,0.0
2026-03-14 18:00:00,0.0
2026-03-14 19:00:00,0.0
2026-03-14 20:00:00,0.0
2026-03-14 21:00:00,0.0
2026-03-14 22:00:00,0.0
2026-03-14 23:00:00,0.0
2026-03-15 00:00:00,0.0
2026-03-15 01:00:00,0.0
2026-03-15 02:00:00,0.0
2026-03-15 03:00:00,0.0
2026-03-15 04:00:00,0.0
2026-03-15 05:00:00,0.0
2026-03-15 06:00:00,11.577772529571677
2026-03-15 07:00:00,65.65151414278886
2026-03-15 08:00:00,84.78725242846497
2026-03-15 09:00:00,114.84183040480904
2026-03-15 10:00:00,131.38540649033018
2026-03-15 11:00:00,138.90412756885723
2026-03-15 12:00:00,167.25842671797835
2026-03-15 13:00:00,111.98318851882614
2026-03-15 14:00:00,82.90059322522656
2026-03-15 15:00:00,44.75588248197802
2026-03-15 16:00:00,10.606430640053441
2026-03-15 17:00:00,0.0
2026-03-15 18:00:00,0.0
2026-03-15 19:00:00,0.0
2026-03-15 20:00:00,0.0
2026-03-15 21:00:00,0.0
2026-03-15 22:00:00,0.0
2026-03-15 23:00:00,0.0
2026-03-16 00:00:00,0.0
2026-03-16 01:00:00,0.0
2026-03-16 02:00:00,0.0
2026-03-16 03:00:00,0.0
2026-03-16 04:00:00,0.0
2026-03-16 05:00:00,0.0
2026-03-16 06:00:00,60.00967639004678
2026-03-16 07:00:00,167.07600826374352
2026-03-16 08:00:00,249.7677105006272
2026-03-16 09:00:00,340.27875993815013
2026-03-16 10:00:00,336.95602676839957
2026-03-16 11:00:00,434.40234900790153
2026-03-16 12:00:00,385.24459152939147
2026-03-16 13:00:00,339.63416129001627
2026-03-16 14:00:00,86.34410648913291
2026-03-16 15:00:00,83.5382781536804
2026-03-16 16:00:00,11.825859748588824
2026-03-16 17:00:00,0.0
2026-03-16 18:00:00,0.0
2026-03-16 19:00:00,0.0
2026-03-16 20:00:00,0.0
2026-03-16 21:00:00,0.0
2026-03-16 22:00:00,0.0
2026-03-16 23:00:00,0.0
2026-03-17 00:00:00,0.0
2026-03-17 01:00:00,0.0
2026-03-17 02:00:00,0.0
2026-03-17 03:00:00,0.0
2026-03-17 04:00:00,0.0
2026-03-17 05:00:00,0.0
2026-03-17 06:00:00,15.71081130784653
2026-03-17 07:00:00,54.78416064344771
2026-03-17 08:00:00,91.37309609814977
2026-03-17 09:00:00,202.51910187241091
2026-03-17 10:00:00,267.284661555092
2026-03-17 11:00:00,243.84976287791986
2026-03-17 12:00:00,388.23802777681965
2026-03-17 13:00:00,376.6077238420917
2026-03-17 14:00:00,280.99417319667117
2026-03-17 15:00:00,141.82532077711397
2026-03-17 16:00:00,46.20906078166792
2026-03-17 17:00:00,0.0
2026-03-17 18:00:00,0.0
2026-03-17 19:00:00,0.0
2026-03-17 20:00:00,0.0
2026-03-17 21:00:00,0.0
2026-03-17 22:00:00,0.0
2026-03-17 23:00:00,0.0
2026-03-18 00:00:00,0.0
2026-03-18 01:00:00,0.0
2026-03-18 02:00:00,0.0
2026-03-18 03:00:00,0.0
2026-03-18 04:00:00,0.0
2026-03-18 05:00:00,0.0
2026-03-18 06:00:00,52.52979400870423
2026-03-18 07:00:00,131.75332050846572
2026-03-18 08:00:00,274.52565230877224
2026-03-18 09:00:00,322.134017653843
2026-03-18 10:00:00,419.19895025534527
2026-03-18 11:00:00,437.7750409417485
2026-03-18 12:00:00,410.0396260892434
2026-03-18 13:00:00,190.22743086888408
2026-03-18 14:00:00,88.29944882718765
2026-03-18 15:00:00,50.91647307534262
2026-03-18 16:00:00,22.622658575160305
2026-03-18 17:00:00,0.0
2026-03-18 18:00:00,0.0
2026-03-18 19:00:00,0.0
2026-03-18 20:00:00,0.0
2026-03-18 21:00:00,0.0
2026-03-18 22:00:00,0.0
2026-03-18 23:00:00,0.0
2026-03-19 00:00:00,0.0
2026-03-19 01:00:00,0.0
2026-03-19 02:00:00,0.0
2026-03-19 03:00:00,0.0
2026-03-19 04:00:00,0.0
2026-03-19 05:00:00,0.0
2026-03-19 06:00:00,15.557292075899532
2026-03-19 07:00:00,51.27822782853236
2026-03-19 08:00:00,86.21963910297981
2026-03-19 09:00:00,116.49341914844948
2026-03-19 10:00:00,137.09668354070416
2026-03-19 11:00:00,186.5133956418075
2026-03-19 12:00:00,243.26004434348854
2026-03-19 13:00:00,126.71563191736533
2026-03-19 14:00:00,275.46600013104074
2026-03-19 15:00:00,169.1427332617582
2026-03-19 16:00:00,54.712763104078014
2026-03-19 17:00:00,0.0
2026-03-19 18:00:00,0.0
2026-03-19 19:00:00,0.0
2026-03-19 20:00:00,0.0
2026-03-19 21:00:00,0.0
2026-03-19 22:00:00,0.0
2026-03-19 23:00:00,0.0
2026-03-20 00:00:00,0.0
2026-03-20 01:00:00,0.0
2026-03-20 02:00:00,0.0
2026-03-20 03:00:00,0.0
2026-03-20 04:00:00,0.0
2026-03-20 05:00:00,0.3525215957540212
2026-03-20 06:00:00,80.0471807523804
2026-03-20 07:00:00,195.21841659515852
2026-03-20 08:00:00,296.013183709145
2026-03-20 09:00:00,319.5122021794087
2026-03-20 10:00:00,189.77156703109597
2026-03-20 11:00:00,199.27725132848363
2026-03-20 12:00:00,334.95636939351175
2026-03-20 13:00:00,363.2044370104674
2026-03-20 14:00:00,252.13254608254366
2026-03-20 15:00:00,172.03920035953578
2026-03-20 16:00:00,58.6642854488183
2026-03-20 17:00:00,0.0
2026-03-20 18:00:00,0.0
2026-03-20 19:00:00,0.0
2026-03-20 20:00:00,0.0
2026-03-20 21:00:00,0.0
2026-03-20 22:00:00,0.0
2026-03-20 23:00:00,0.0
2026-03-21 00:00:00,0.0
2026-03-21 01:00:00,0.0
2026-03-21 02:00:00,0.0
2026-03-21 03:00:00,0.0
2026-03-21 04:00:00,0.0
2026-03-21 05:00:00,1.498728790208562
2026-03-21 06:00:00,81.43024032167678
2026-03-21 07:00:00,199.3106092009824
2026-03-21 08:00:00,309.7582676074918
2026-03-21 09:00:00,394.39402561279445
2026-03-21 10:00:00,442.844976062086
2026-03-21 11:00:00,459.247440707184
2026-03-21 12:00:00,437.70009897909637
2026-03-21 13:00:00,366.74705192014346
2026-03-21 14:00:00,217.3375191175361
2026-03-21 15:00:00,160.8376788101507
2026-03-21 16:00:00,54.25327211343071
2026-03-21 17:00:00,0.0
2026-03-21 18:00:00,0.0
2026-03-21 19:00:00,0.0
2026-03-21 20:00:00,0.0
2026-03-21 21:00:00,0.0
2026-03-21 22:00:00,0.0
2026-03-21 23:00:00,0.0
2026-03-22 00:00:00,0.0
2026-03-22 01:00:00,0.0
2026-03-22 02:00:00,0.0
2026-03-22 03:00:00,0.0
2026-03-22 04:00:00,0.0
2026-03-22 05:00:00,2.648905695301345
2026-03-22 06:00:00,79.24427564788053
2026-03-22 07:00:00,198.86102672896538
2026-03-22 08:00:00,308.0344149470404
2026-03-22 09:00:00,367.8451425349498
2026-03-22 10:00:00,424.25637979607376
2026-03-22 11:00:00,463.4907488465079
2026-03-22 12:00:00,451.9433717769309
2026-03-22 13:00:00,390.70591665469755
2026-03-22 14:00:00,270.2100586428461
2026-03-22 15:00:00,152.2166012782809
2026-03-22 16:00:00,66.14176951248135
2026-03-22 17:00:00,0.0
2026-03-22 18:00:00,0.0
2026-03-22 19:00:00,0.0
2026-03-22 20:00:00,0.0
2026-03-22 21:00:00,0.0
2026-03-22 22:00:00,0.0
2026-03-22 23:00:00,0.0
2026-03-23 00:00:00,0.0
2026-03-23 01:00:00,0.0
2026-03-23 02:00:00,0.0
2026-03-23 03:00:00,0.0
2026-03-23 04:00:00,0.0
2026-03-23 05:00:00,5.157744330426067
2026-03-23 06:00:00,59.42235559229947
2026-03-23 07:00:00,170.90724754756226
2026-03-23 08:00:00,227.61617913545345
2026-03-23 09:00:00,135.06427678464658
2026-03-23 10:00:00,158.96047756064095
2026-03-23 11:00:00,156.86437172743604
2026-03-23 12:00:00,148.62358279000983
2026-03-23 13:00:00,381.9134358543144
2026-03-23 14:00:00,302.72716042314556
2026-03-23 15:00:00,193.62097654401106
2026-03-23 16:00:00,69.19095319362017
2026-03-23 17:00:00,0.28357621075518286
2026-03-23 18:00:00,0.0
2026-03-23 19:00:00,0.0
2026-03-23 20:00:00,0.0
2026-03-23 21:00:00,0.0
2026-03-23 22:00:00,0.0
2026-03-23 23:00:00,0.0
2026-03-24 00:00:00,0.0
2026-03-24 01:00:00,0.0
2026-03-24 02:00:00,0.0
2026-03-24 03:00:00,0.0
2026-03-24 04:00:00,0.0
2026-03-24 05:00:00,6.182125062648364
2026-03-24 06:00:00,89.24554530795731
2026-03-24 07:00:00,199.36863098559843
2026-03-24 08:00:00,220.89276356041165
2026-03-24 09:00:00,194.49637374154494
2026-03-24 10:00:00,188.248907798081
2026-03-24 11:00:00,152.32840809697618
2026-03-24 12:00:00,145.62121042747032
2026-03-24 13:00:00,205.826153913509
2026-03-24 14:00:00,92.92973153386794
2026-03-24 15:00:00,55.09061000163565
2026-03-24 16:00:00,18.66885338488376
2026-03-24 17:00:00,0.0
2026-03-24 18:00:00,0.0
2026-03-24 19:00:00,0.0
2026-03-24 20:00:00,0.0
2026-03-24 21:00:00,0.0
2026-03-24 22:00:00,0.0
2026-03-24 23:00:00,0.0
2026-03-25 00:00:00,0.0
2026-03-25 01:00:00,0.0
2026-03-25 02:00:00,0.0
2026-03-25 03:00:00,0.0
2026-03-25 04:00:00,0.0
2026-03-25 05:00:00,0.6366908749545114
2026-03-25 06:00:00,23.94184219501357
2026-03-25 07:00:00,84.79985315646228
2026-03-25 08:00:00,194.47688178004773
2026-03-25 09:00:00,138.80676598454752
2026-03-25 10:00:00,147.39570575919063
2026-03-25 11:00:00,157.25142083837775
2026-03-25 12:00:00,148.1717784271257
2026-03-25 13:00:00,131.53571490424366
2026-03-25 14:00:00,105.76495156002136
2026-03-25 15:00:00,72.5820342712445
2026-03-25 16:00:00,54.55138493105382
2026-03-25 17:00:00,0.0
2026-03-25 18:00:00,0.0
2026-03-25 19:00:00,0.0
2026-03-25 20:00:00,0.0
2026-03-25 21:00:00,0.0
2026-03-25 22:00:00,0.0
2026-03-25 23:00:00,0.0
2026-03-26 00:00:00,0.0
2026-03-26 01:00:00,0.0
2026-03-26 02:00:00,0.0
2026-03-26 03:00:00,0.0
2026-03-26 04:00:00,0.0
2026-03-26 05:00:00,1.850650125602468
2026-03-26 06:00:00,34.803558410448495
2026-03-26 07:00:00,80.76105304697988
2026-03-26 08:00:00,155.4795351454986
2026-03-26 09:00:00,167.03715693897257
2026-03-26 10:00:00,166.39718973783772
2026-03-26 11:00:00,242.83525555005187
2026-03-26 12:00:00,217.2400652676292
2026-03-26 13:00:00,180.5443791604272
2026-03-26 14:00:00,164.0330134133115
2026-03-26 15:00:00,77.95260866068072
2026-03-26 16:00:00,25.259935204445448
2026-03-26 17:00:00,3.2122730882949573
2026-03-26 18:00:00,0.0
2026-03-26 19:00:00,0.0
2026-03-26 20:00:00,0.0
2026-03-26 21:00:00,0.0
2026-03-26 22:00:00,0.0
2026-03-26 23:00:00,0.0
2026-03-27 00:00:00,0.0
2026-03-27 01:00:00,0.0
2026-03-27 02:00:00,0.0
2026-03-27 03:00:00,0.0
2026-03-27 04:00:00,0.0
2026-03-27 05:00:00,19.1640129895194
2026-03-27 06:00:00,123.71581591357673
2026-03-27 07:00:00,257.0787471926668
2026-03-27 08:00:00,369.54206310923047
2026-03-27 09:00:00,453.73838284299205
2026-03-27 10:00:00,501.05368840105814
2026-03-27 11:00:00,515.0482602374481
2026-03-27 12:00:00,486.7135051653839
2026-03-27 13:00:00,431.4283179512204
2026-03-27 14:00:00,335.26440530698056
2026-03-27 15:00:00,210.83996688777512
2026-03-27 16:00:00,84.18713490878226
2026-03-27 17:00:00,5.15746848091069
2026-03-27 18:00:00,0.0
2026-03-27 19:00:00,0.0
2026-03-27 20:00:00,0.0
2026-03-27 21:00:00,0.0
2026-03-27 22:00:00,0.0
2026-03-27 23:00:00,0.0
2026-03-28 00:00:00,0.0
2026-03-28 01:00:00,0.0
2026-03-28 02:00:00,0.0
2026-03-28 03:00:00,0.0
2026-03-28 04:00:00,0.0
2026-03-28 05:00:00,19.334315528803046
2026-03-28 06:00:00,56.988690723413136
2026-03-28 07:00:00,113.0167665758295
2026-03-28 08:00:00,111.4336561601506
2026-03-28 09:00:00,143.45378554625808
2026-03-28 10:00:00,165.86967881575504
2026-03-28 11:00:00,169.84350350977283
2026-03-28 12:00:00,164.14140054351807
2026-03-28 13:00:00,138.60013659428495
2026-03-28 14:00:00,104.8368312413961
2026-03-28 15:00:00,62.74543381533206
2026-03-28 16:00:00,26.442710067655028
2026-03-28 17:00:00,0.24909672379334408
2026-03-28 18:00:00,0.0
2026-03-28 19:00:00,0.0
2026-03-28 20:00:00,0.0
2026-03-28 21:00:00,0.0
2026-03-28 22:00:00,0.0
2026-03-28 23:00:00,0.0
2026-03-29 00:00:00,0.0
2026-03-29 01:00:00,0.0
2026-03-29 02:00:00,0.0
2026-03-29 03:00:00,0.0
2026-03-29 04:00:00,0.12589607771206973
2026-03-29 05:00:00,14.957200457994839
2026-03-29 06:00:00,124.910225272729
2026-03-29 07:00:00,255.1408713767037
2026-03-29 08:00:00,352.7697226417296
2026-03-29 09:00:00,436.9070201470411
2026-03-29 10:00:00,427.7918560441885
2026-03-29 11:00:00,330.39851260399496
2026-03-29 12:00:00,179.18918050430202
2026-03-29 13:00:00,296.3708091587002
2026-03-29 14:00:00,349.6143970177396
2026-03-29 15:00:00,224.35240625732087
2026-03-29 16:00:00,90.28929410986336
2026-03-29 17:00:00,7.699205169028871
2026-03-29 18:00:00,0.0
2026-03-29 19:00:00,0.0
2026-03-29 20:00:00,0.0
2026-03-29 21:00:00,0.0
2026-03-29 22:00:00,0.0
2026-03-29 23:00:00,0.0
2026-03-30 00:00:00,0.0
2026-03-30 01:00:00,0.0
2026-03-30 02:00:00,0.0
2026-03-30 03:00:00,0.0
2026-03-30 04:00:00,0.0
2026-03-30 05:00:00,5.685511121616441
2026-03-30 06:00:00,46.821534681013524
2026-03-30 07:00:00,175.11902358478702
2026-03-30 08:00:00,237.65769252619089
2026-03-30 09:00:00,370.8249334888251
2026-03-30 10:00:00,173.2868557135119
2026-03-30 11:00:00,220.30581358257479
2026-03-30 12:00:00,166.2596646035076
2026-03-30 13:00:00,146.40508066712317
2026-03-30 14:00:00,109.08974680164444
2026-03-30 15:00:00,71.56409469601715
2026-03-30 16:00:00,28.63648199163808
2026-03-30 17:00:00,1.5735561464218535
2026-03-30 18:00:00,0.0
2026-03-30 19:00:00,0.0
2026-03-30 20:00:00,0.0
2026-03-30 21:00:00,0.0
2026-03-30 22:00:00,0.0
2026-03-30 23:00:00,0.0
2026-03-31 00:00:00,0.0
2026-03-31 01:00:00,0.0
2026-03-31 02:00:00,0.0
2026-03-31 03:00:00,0.0
2026-03-31 04:00:00,0.0
2026-03-31 05:00:00,7.776416190820486
2026-03-31 06:00:00,46.31922725023107
2026-03-31 07:00:00,98.96208771061058
2026-03-31 08:00:00,173.76454982467305
2026-03-31 09:00:00,445.1719299872128
2026-03-31 10:00:00,430.447207537213
2026-03-31 11:00:00,513.2907714439948
2026-03-31 12:00:00,488.28590382709615
2026-03-31 13:00:00,433.30045256684974
2026-03-31 14:00:00,351.614003572198
2026-03-31 15:00:00,236.40697783263903
2026-03-31 16:00:00,95.37130390829545
2026-03-31 17:00:00,13.370234894658354
2026-03-31 18:00:00,0.0
2026-03-31 19:00:00,0.0
2026-03-31 20:00:00,0.0
2026-03-31 21:00:00,0.0
2026-03-31 22:00:00,0.0
2026-03-31 23:00:00,0.0
2026-04-01 00:00:00,0.0
2026-04-01 01:00:00,0.0
2026-04-01 02:00:00,0.0
2026-04-01 03:00:00,0.0
2026-04-01 04:00:00,0.10792583232592455
2026-04-01 05:00:00,35.088180507473496
2026-04-01 06:00:00,152.70116811580743
2026-04-01 07:00:00,283.0170389096292
2026-04-01 08:00:00,392.0980142915637
2026-04-01 09:00:00,466.271906638132
2026-04-01 10:00:00,488.7933720405583
2026-04-01 11:00:00,499.8522066954553
2026-04-01 12:00:00,488.50215246988404
2026-04-01 13:00:00,445.4844093082746
2026-04-01 14:00:00,358.9598142773177
2026-04-01 15:00:00,242.78639888555222
2026-04-01 16:00:00,101.88435681914775
2026-04-01 17:00:00,16.404647109451602
2026-04-01 18:00:00,0.0
2026-04-01 19:00:00,0.0
2026-04-01 20:00:00,0.0
2026-04-01 21:00:00,0.0
2026-04-01 22:00:00,0.0
2026-04-01 23:00:00,0.0
2026-04-02 00:00:00,0.0
2026-04-02 01:00:00,0.0
2026-04-02 02:00:00,0.0
2026-04-02 03:00:00,0.0
2026-04-02 04:00:00,0.0
2026-04-02 05:00:00,8.942016111857654
2026-04-02 06:00:00,99.362100655906
2026-04-02 07:00:00,86.9578830412524
2026-04-02 08:00:00,136.54944479831434
2026-04-02 09:00:00,155.36466574875416
2026-04-02 10:00:00,206.63394584907874
2026-04-02 11:00:00,178.3086947324054
2026-04-02 12:00:00,172.60677992492054
2026-04-02 13:00:00,146.47551119471305
2026-04-02 14:00:00,111.41396111545748
2026-04-02 15:00:00,74.61146384688891
2026-04-02 16:00:00,30.834302430678722
2026-04-02 17:00:00,2.666334603509079
2026-04-02 18:00:00,0.0
2026-04-02 19:00:00,0.0
2026-04-02 20:00:00,0.0
2026-04-02 21:00:00,0.0
2026-04-02 22:00:00,0.0
2026-04-02 23:00:00,0.0
2026-04-03 00:00:00,0.0
2026-04-03 01:00:00,0.0
2026-04-03 02:00:00,0.0
2026-04-03 03:00:00,0.0
2026-04-03 04:00:00,0.0
2026-04-03 05:00:00,9.937647052945314
2026-04-03 06:00:00,42.21905886773894
2026-04-03 07:00:00,87.9300851419009
2026-04-03 08:00:00,126.13001975172541
2026-04-03 09:00:00,160.90173279965987
2026-04-03 10:00:00,177.28642884168818
2026-04-03 11:00:00,179.64559586424065
2026-04-03 12:00:00,174.88596214604067
2026-04-03 13:00:00,153.00864388840694
2026-04-03 14:00:00,117.64808018863712
2026-04-03 15:00:00,81.45309541738509
2026-04-03 16:00:00,35.58275034629106
2026-04-03 17:00:00,7.999673866627335
2026-04-03 18:00:00,0.0
2026-04-03 19:00:00,0.0
2026-04-03 20:00:00,0.0
2026-04-03 21:00:00,0.0
2026-04-03 22:00:00,0.0
2026-04-03 23:00:00,0.0
2026-04-04 00:00:00,0.0
2026-04-04 01:00:00,0.0
2026-04-04 02:00:00,0.0
2026-04-04 03:00:00,0.0
2026-04-04 04:00:00,0.0
2026-04-04 05:00:00,11.052214178582993
2026-04-04 06:00:00,48.82187042662815
2026-04-04 07:00:00,92.95056491467162
2026-04-04 08:00:00,134.53990309396409
2026-04-04 09:00:00,167.1883708084145
2026-04-04 10:00:00,248.06108097035525
2026-04-04 11:00:00,193.22853829585574
2026-04-04 12:00:00,182.3554786702267
2026-04-04 13:00:00,159.00644764564603
2026-04-04 14:00:00,123.85887962329089
2026-04-04 15:00:00,83.14746105838529
2026-04-04 16:00:00,86.59472819740503
2026-04-04 17:00:00,9.28916997865744
2026-04-04 18:00:00,0.0
2026-04-04 19:00:00,0.0
2026-04-04 20:00:00,0.0
2026-04-04 21:00:00,0.0
2026-04-04 22:00:00,0.0
2026-04-04 23:00:00,0.0
2026-04-05 00:00:00,0.0
2026-04-05 01:00:00,0.0
2026-04-05 02:00:00,0.0
2026-04-05 03:00:00,0.0
2026-04-05 04:00:00,0.13482138004574726
2026-04-05 05:00:00,41.98178030994941
2026-04-05 06:00:00,157.39287092295817
2026-04-05 07:00:00,154.1593093573358
2026-04-05 08:00:00,131.56110250523628
2026-04-05 09:00:00,163.20899864233724
2026-04-05 10:00:00,179.68723046744648
2026-04-05 11:00:00,181.8842280354739
2026-04-05 12:00:00,176.3439454384281
2026-04-05 13:00:00,161.23371594737765
2026-04-05 14:00:00,173.7835391166741
2026-04-05 15:00:00,234.40044569173938
2026-04-05 16:00:00,45.82499171241454
2026-04-05 17:00:00,6.722067547731983
2026-04-05 18:00:00,0.0
2026-04-05 19:00:00,0.0
2026-04-05 20:00:00,0.0
2026-04-05 21:00:00,0.0
2026-04-05 22:00:00,0.0
2026-04-05 23:00:00,0.0
2026-04-06 00:00:00,0.0
2026-04-06 01:00:00,0.0
2026-04-06 02:00:00,0.0
2026-04-06 03:00:00,0.0
2026-04-06 04:00:00,0.0
2026-04-06 05:00:00,15.800719156010482
2026-04-06 06:00:00,52.341162273184324
2026-04-06 07:00:00,102.81630125271948
2026-04-06 08:00:00,133.12568610625368
2026-04-06 09:00:00,171.7941035503334
2026-04-06 10:00:00,192.76911267014864
2026-04-06 11:00:00,192.53821749515626
2026-04-06 12:00:00,179.7000952354884
2026-04-06 13:00:00,204.02399029157382
2026-04-06 14:00:00,204.77488593895163
2026-04-06 15:00:00,122.87845981293607
2026-04-06 16:00:00,40.74239304655097
2026-04-06 17:00:00,6.720574565070875
2026-04-06 18:00:00,0.0
2026-04-06 19:00:00,0.0
2026-04-06 20:00:00,0.0
2026-04-06 21:00:00,0.0
2026-04-06 22:00:00,0.0
2026-04-06 23:00:00,0.0
2026-04-07 00:00:00,0.0
2026-04-07 01:00:00,0.0
2026-04-07 02:00:00,0.0
2026-04-07 03:00:00,0.0
2026-04-07 04:00:00,0.0
2026-04-07 05:00:00,17.566135717924542
2026-04-07 06:00:00,57.19178274465096
2026-04-07 07:00:00,103.23166367454904
2026-04-07 08:00:00,142.01144880428978
2026-04-07 09:00:00,175.48863806584856
2026-04-07 10:00:00,190.4332013340739
2026-04-07 11:00:00,255.259422773561
2026-04-07 12:00:00,229.1490318804047
2026-04-07 13:00:00,165.45375621313107
2026-04-07 14:00:00,163.86602591863974
2026-04-07 15:00:00,101.5584227262192
2026-04-07 16:00:00,39.98384735175329
2026-04-07 17:00:00,9.938920438159887
2026-04-07 18:00:00,0.0
2026-04-07 19:00:00,0.0
2026-04-07 20:00:00,0.0
2026-04-07 21:00:00,0.0
2026-04-07 22:00:00,0.0
2026-04-07 23:00:00,0.0
2026-04-08 00:00:00,0.0
2026-04-08 01:00:00,0.0
2026-04-08 02:00:00,0.0
2026-04-08 03:00:00,0.0
2026-04-08 04:00:00,0.0
2026-04-08 05:00:00,19.236845975620717
2026-04-08 06:00:00,61.128223108287436
2026-04-08 07:00:00,167.29166033294493
2026-04-08 08:00:00,249.66412743870154
2026-04-08 09:00:00,504.44249923166313
2026-04-08 10:00:00,550.3505442987312
2026-04-08 11:00:00,552.9387247490978
2026-04-08 12:00:00,536.4144395482855
2026-04-08 13:00:00,491.6268192965808
2026-04-08 14:00:00,401.00576231263034
2026-04-08 15:00:00,284.67864538516153
2026-04-08 16:00:00,143.67819609933053
2026-04-08 17:00:00,38.71263721236259
2026-04-08 18:00:00,0.0
2026-04-08 19:00:00,0.0
2026-04-08 20:00:00,0.0
2026-04-08 21:00:00,0.0
2026-04-08 22:00:00,0.0
2026-04-08 23:00:00,0.0
2026-04-09 00:00:00,0.0
2026-04-09 01:00:00,0.0
2026-04-09 02:00:00,0.0
2026-04-09 03:00:00,0.0
2026-04-09 04:00:00,0.0
2026-04-09 05:00:00,70.04327905061811
2026-04-09 06:00:00,206.9401097231423
2026-04-09 07:00:00,349.2230503565342
2026-04-09 08:00:00,448.86938478209174
2026-04-09 09:00:00,527.5171148368916
2026-04-09 10:00:00,561.0002291695386
2026-04-09 11:00:00,574.0339516285867
2026-04-09 12:00:00,545.9428106579895
2026-04-09 13:00:00,495.03074770425394
2026-04-09 14:00:00,407.7231706229195
2026-04-09 15:00:00,282.5984620993898
2026-04-09 16:00:00,144.8643538477703
2026-04-09 17:00:00,43.79279875993298
2026-04-09 18:00:00,0.0
2026-04-09 19:00:00,0.0
2026-04-09 20:00:00,0.0
2026-04-09 21:00:00,0.0
2026-04-09 22:00:00,0.0
2026-04-09 23:00:00,0.0
2026-04-10 00:00:00,0.0
2026-04-10 01:00:00,0.0
2026-04-10 02:00:00,0.0
2026-04-10 03:00:00,0.0
2026-04-10 04:00:00,1.0905665836451235
2026-04-10 05:00:00,64.21719661492713
2026-04-10 06:00:00,195.15333603655108
2026-04-10 07:00:00,339.2042152394535
2026-04-10 08:00:00,443.19645817653185
2026-04-10 09:00:00,504.9537744765092
2026-04-10 10:00:00,548.022446885871
2026-04-10 11:00:00,560.6938143537428
2026-04-10 12:00:00,529.7402967928703
2026-04-10 13:00:00,488.0026623080453
2026-04-10 14:00:00,393.84590100033836
2026-04-10 15:00:00,279.2510285818928
2026-04-10 16:00:00,138.5272407097421
2026-04-10 17:00:00,37.82814480000375
2026-04-10 18:00:00,0.0
2026-04-10 19:00:00,0.0
2026-04-10 20:00:00,0.0
2026-04-10 21:00:00,0.0
2026-04-10 22:00:00,0.0
2026-04-10 23:00:00,0.0
2026-04-11 00:00:00,0.0
2026-04-11 01:00:00,0.0
2026-04-11 02:00:00,0.0
2026-04-11 03:00:00,0.0
2026-04-11 04:00:00,1.9226704355794935
2026-04-11 05:00:00,71.88398308190277
2026-04-11 06:00:00,209.1149132996064
2026-04-11 07:00:00,342.51509478008313
2026-04-11 08:00:00,450.0233596488745
2026-04-11 09:00:00,525.652393117981
2026-04-11 10:00:00,559.2012964255033
2026-04-11 11:00:00,565.6441851534894
2026-04-11 12:00:00,551.1150645629278
2026-04-11 13:00:00,493.98474382246485
2026-04-11 14:00:00,405.48721986394537
2026-04-11 15:00:00,288.46622239775127
2026-04-11 16:00:00,152.40245293840823
2026-04-11 17:00:00,46.50126248221868
2026-04-11 18:00:00,0.0
2026-04-11 19:00:00,0.0
2026-04-11 20:00:00,0.0
2026-04-11 21:00:00,0.0
2026-04-11 22:00:00,0.0
2026-04-11 23:00:00,0.0
2026-04-12 00:00:00,0.0
2026-04-12 01:00:00,0.0
2026-04-12 02:00:00,0.0
2026-04-12 03:00:00,0.0
2026-04-12 04:00:00,4.067671477627882
2026-04-12 05:00:00,77.1432885689551
2026-04-12 06:00:00,213.94950322350175
2026-04-12 07:00:00,343.5064523248381
2026-04-12 08:00:00,448.96994055221023
2026-04-12 09:00:00,520.9009709141285
2026-04-12 10:00:00,552.3251945487068
2026-04-12 11:00:00,563.7635547153877
2026-04-12 12:00:00,538.6333315340671
2026-04-12 13:00:00,486.5022569900726
2026-04-12 14:00:00,399.64657579651265
2026-04-12 15:00:00,284.9843776371027
2026-04-12 16:00:00,150.98227312734815
2026-04-12 17:00:00,48.55269726489688
2026-04-12 18:00:00,0.0
2026-04-12 19:00:00,0.0
2026-04-12 20:00:00,0.0
2026-04-12 21:00:00,0.0
2026-04-12 22:00:00,0.0
2026-04-12 23:00:00,0.0
2026-04-13 00:00:00,0.0
2026-04-13 01:00:00,0.0
2026-04-13 02:00:00,0.0
2026-04-13 03:00:00,0.0
2026-04-13 04:00:00,3.544252825339695
2026-04-13 05:00:00,73.16791418527744
2026-04-13 06:00:00,207.4264436721721
2026-04-13 07:00:00,333.1708503129444
2026-04-13 08:00:00,426.9045238078195
2026-04-13 09:00:00,500.0664218175429
2026-04-13 10:00:00,547.1434058515534
2026-04-13 11:00:00,474.3060039841516
2026-04-13 12:00:00,480.6468637563798
2026-04-13 13:00:00,408.8337084576675
2026-04-13 14:00:00,345.3044228427764
2026-04-13 15:00:00,230.01483528480767
2026-04-13 16:00:00,107.86869383340309
2026-04-13 17:00:00,36.10514122471638
2026-04-13 18:00:00,0.0
2026-04-13 19:00:00,0.0
2026-04-13 20:00:00,0.0
2026-04-13 21:00:00,0.0
2026-04-13 22:00:00,0.0
2026-04-13 23:00:00,0.0
2026-04-14 00:00:00,0.0
2026-04-14 01:00:00,0.0
2026-04-14 02:00:00,0.0
2026-04-14 03:00:00,0.0
2026-04-14 04:00:00,7.388886139105296
2026-04-14 05:00:00,81.16424604932193
2026-04-14 06:00:00,210.34204737584005
2026-04-14 07:00:00,339.78417066653617
2026-04-14 08:00:00,441.7244237347869
2026-04-14 09:00:00,509.4680914103001
2026-04-14 10:00:00,557.2192645420894
2026-04-14 11:00:00,550.4388346903218
2026-04-14 12:00:00,538.8598000150015
2026-04-14 13:00:00,353.35699107914536
2026-04-14 14:00:00,308.4587213944563
2026-04-14 15:00:00,141.62426694732775
2026-04-14 16:00:00,110.83413808202472
2026-04-14 17:00:00,47.649431037668414
2026-04-14 18:00:00,0.0
2026-04-14 19:00:00,0.0
2026-04-14 20:00:00,0.0
2026-04-14 21:00:00,0.0
2026-04-14 22:00:00,0.0
2026-04-14 23:00:00,0.0
2026-04-15 00:00:00,0.0
2026-04-15 01:00:00,0.0
2026-04-15 02:00:00,0.0
2026-04-15 03:00:00,0.0
2026-04-15 04:00:00,5.269104130859425
2026-04-15 05:00:00,24.84011457270397
2026-04-15 06:00:00,64.05109630142469
2026-04-15 07:00:00,140.5386156451931
2026-04-15 08:00:00,140.1601921792761
2026-04-15 09:00:00,235.3146428317865
2026-04-15 10:00:00,293.1513256546754
2026-04-15 11:00:00,288.56153730316754
2026-04-15 12:00:00,468.087488329911
2026-04-15 13:00:00,323.2522241073067
2026-04-15 14:00:00,248.1894628397564
2026-04-15 15:00:00,255.4672377874252
2026-04-15 16:00:00,115.74311907329117
2026-04-15 17:00:00,47.43328060914031
2026-04-15 18:00:00,0.0
2026-04-15 19:00:00,0.0
2026-04-15 20:00:00,0.0
2026-04-15 21:00:00,0.0
2026-04-15 22:00:00,0.0
2026-04-15 23:00:00,0.0
2026-04-16 00:00:00,0.0
2026-04-16 01:00:00,0.0
2026-04-16 02:00:00,0.0
2026-04-16 03:00:00,0.0
2026-04-16 04:00:00,7.598144222122979
2026-04-16 05:00:00,32.99224438468097
2026-04-16 06:00:00,169.68082271992617
2026-04-16 07:00:00,267.7511751519475
2026-04-16 08:00:00,312.9882678188808
2026-04-16 09:00:00,361.82705779276904
2026-04-16 10:00:00,451.20102309887767
2026-04-16 11:00:00,479.6233938137593
2026-04-16 12:00:00,550.1105178609117
2026-04-16 13:00:00,486.1675810816848
2026-04-16 14:00:00,398.9604220619302
2026-04-16 15:00:00,201.91078826790994
2026-04-16 16:00:00,154.8605578683887
2026-04-16 17:00:00,27.560635083620035
2026-04-16 18:00:00,0.0
2026-04-16 19:00:00,0.0
2026-04-16 20:00:00,0.0
2026-04-16 21:00:00,0.0
2026-04-16 22:00:00,0.0
2026-04-16 23:00:00,0.0
2026-04-17 00:00:00,0.0
2026-04-17 01:00:00,0.0
2026-04-17 02:00:00,0.0
2026-04-17 03:00:00,0.0
2026-04-17 04:00:00,1.9305863996605686
2026-04-17 05:00:00,34.48445280971262
2026-04-17 06:00:00,96.7494592355587
2026-04-17 07:00:00,149.18195560473387
2026-04-17 08:00:00,191.13340298623723
2026-04-17 09:00:00,199.5478684762141
2026-04-17 10:00:00,192.727707975686
2026-04-17 11:00:00,228.82444884649644
2026-04-17 12:00:00,446.1593509069947
2026-04-17 13:00:00,404.3081817976142
2026-04-17 14:00:00,398.1360975804039
2026-04-17 15:00:00,259.2747270651434
2026-04-17 16:00:00,123.15246611683095
2026-04-17 17:00:00,47.03099225563665
2026-04-17 18:00:00,0.0
2026-04-17 19:00:00,0.0
2026-04-17 20:00:00,0.0
2026-04-17 21:00:00,0.0
2026-04-17 22:00:00,0.0
2026-04-17 23:00:00,0.0
2026-04-18 00:00:00,0.0
2026-04-18 01:00:00,0.0
2026-04-18 02:00:00,0.0
2026-04-18 03:00:00,0.0
2026-04-18 04:00:00,6.057486582421695
2026-04-18 05:00:00,34.12953047007026
2026-04-18 06:00:00,114.02670365544495
2026-04-18 07:00:00,119.17381980677116
2026-04-18 08:00:00,364.97851685038603
2026-04-18 09:00:00,448.03469002073086
2026-04-18 10:00:00,548.6092273585624
2026-04-18 11:00:00,393.1793156229944
2026-04-18 12:00:00,481.2694089973871
2026-04-18 13:00:00,477.2294055757846
2026-04-18 14:00:00,361.8358202059958
2026-04-18 15:00:00,257.8890557886333
2026-04-18 16:00:00,155.58929742555367
2026-04-18 17:00:00,36.419326519838286
2026-04-18 18:00:00,0.0
2026-04-18 19:00:00,0.0
2026-04-18 20:00:00,0.0
2026-04-18 21:00:00,0.0
2026-04-18 22:00:00,0.0
2026-04-18 23:00:00,0.0
2026-04-19 00:00:00,0.0
2026-04-19 01:00:00,0.0
2026-04-19 02:00:00,0.0
2026-04-19 03:00:00,0.0
2026-04-19 04:00:00,10.139177304971033
2026-04-19 05:00:00,75.35646747899048
2026-04-19 06:00:00,194.5573398615169
2026-04-19 07:00:00,212.86370685121852
2026-04-19 08:00:00,354.0402744536754
2026-04-19 09:00:00,431.650104292236
2026-04-19 10:00:00,445.42943939942757
2026-04-19 11:00:00,585.6775831704622
2026-04-19 12:00:00,542.0519975147206
2026-04-19 13:00:00,516.2000851222025
2026-04-19 14:00:00,431.8194149767843
2026-04-19 15:00:00,316.60928243103734
2026-04-19 16:00:00,177.7436467702956
2026-04-19 17:00:00,78.70131315390047
2026-04-19 18:00:00,1.5119184950399318
2026-04-19 19:00:00,0.0
2026-04-19 20:00:00,0.0
2026-04-19 21:00:00,0.0
2026-04-19 22:00:00,0.0
2026-04-19 23:00:00,0.0
2026-04-20 00:00:00,0.0
2026-04-20 01:00:00,0.0
2026-04-20 02:00:00,0.0
2026-04-20 03:00:00,0.0
2026-04-20 04:00:00,26.13371728961895
2026-04-20 05:00:00,106.0977026517735
2026-04-20 06:00:00,249.3397079867887
2026-04-20 07:00:00,367.225588354178
2026-04-20 08:00:00,488.02824951449276
2026-04-20 09:00:00,558.1212254106811
2026-04-20 10:00:00,597.5379381993118
2026-04-20 11:00:00,608.8334057013502
2026-04-20 12:00:00,578.9476908548986
2026-04-20 13:00:00,528.7665729629412
2026-04-20 14:00:00,444.7585007366522
2026-04-20 15:00:00,318.1516676466786
2026-04-20 16:00:00,184.83518134539838
2026-04-20 17:00:00,82.40867418598444
2026-04-20 18:00:00,2.4999050226559083
2026-04-20 19:00:00,0.0
2026-04-20 20:00:00,0.0
2026-04-20 21:00:00,0.0
2026-04-20 22:00:00,0.0
2026-04-20 23:00:00,0.0
2026-04-21 00:00:00,0.0
2026-04-21 01:00:00,0.0
2026-04-21 02:00:00,0.0
2026-04-21 03:00:00,0.0
2026-04-21 04:00:00,31.369078000039128
2026-04-21 05:00:00,117.32734737418548
2026-04-21 06:00:00,265.664250293551
2026-04-21 07:00:00,391.9288665889311
2026-04-21 08:00:00,490.5454996468921
2026-04-21 09:00:00,556.1458644759725
2026-04-21 10:00:00,601.584150543333
2026-04-21 11:00:00,604.2232050181286
2026-04-21 12:00:00,580.4486189605797
2026-04-21 13:00:00,522.6568382256073
2026-04-21 14:00:00,433.8140232584054
2026-04-21 15:00:00,320.3644092513548
2026-04-21 16:00:00,182.88585524677544
2026-04-21 17:00:00,79.41049771295353
2026-04-21 18:00:00,3.5294328356546707
2026-04-21 19:00:00,0.0
2026-04-21 20:00:00,0.0
2026-04-21 21:00:00,0.0
2026-04-21 22:00:00,0.0
2026-04-21 23:00:00,0.0
2026-04-22 00:00:00,0.0
2026-04-22 01:00:00,0.0
2026-04-22 02:00:00,0.0
2026-04-22 03:00:00,0.0
2026-04-22 04:00:00,33.120508291170786
2026-04-22 05:00:00,113.05075702025599
2026-04-22 06:00:00,240.30759297535462
2026-04-22 07:00:00,295.9535559923568
2026-04-22 08:00:00,439.2673130229064
2026-04-22 09:00:00,529.9096921276711
2026-04-22 10:00:00,442.8767766216377
2026-04-22 11:00:00,435.90543446984753
2026-04-22 12:00:00,391.1947702318498
2026-04-22 13:00:00,352.97425129007024
2026-04-22 14:00:00,335.163872694527
2026-04-22 15:00:00,284.38817900970446
2026-04-22 16:00:00,78.61204287027748
2026-04-22 17:00:00,65.09195449494682
2026-04-22 18:00:00,3.5946724993067316
2026-04-22 19:00:00,0.0
2026-04-22 20:00:00,0.0
2026-04-22 21:00:00,0.0
2026-04-22 22:00:00,0.0
2026-04-22 23:00:00,0.0
2026-04-23 00:00:00,0.0
2026-04-23 01:00:00,0.0
2026-04-23 02:00:00,0.0
2026-04-23 03:00:00,0.0
2026-04-23 04:00:00,36.436079244511504
2026-04-23 05:00:00,118.04030766440785
2026-04-23 06:00:00,221.10102833531616
2026-04-23 07:00:00,295.209399145264
2026-04-23 08:00:00,340.8301327842881
2026-04-23 09:00:00,197.01780798032812
2026-04-23 10:00:00,213.06414156276932
2026-04-23 11:00:00,215.73537923269345
2026-04-23 12:00:00,481.7822898611577
2026-04-23 13:00:00,310.26911831358024
2026-04-23 14:00:00,224.99211599958338
2026-04-23 15:00:00,237.47559983056178
2026-04-23 16:00:00,178.59987319124224
2026-04-23 17:00:00,84.98160966214908
2026-04-23 18:00:00,5.675432041804001
2026-04-23 19:00:00,0.0
2026-04-23 20:00:00,0.0
2026-04-23 21:00:00,0.0
2026-04-23 22:00:00,0.0
2026-04-23 23:00:00,0.0
2026-04-24 00:00:00,0.0
2026-04-24 01:00:00,0.0
2026-04-24 02:00:00,0.0
2026-04-24 03:00:00,0.0
2026-04-24 04:00:00,35.46396837916348
2026-04-24 05:00:00,102.12692369656237
2026-04-24 06:00:00,237.72192611608418
2026-04-24 07:00:00,374.2720522095739
2026-04-24 08:00:00,491.59907580500106
2026-04-24 09:00:00,551.8787943454549
2026-04-24 10:00:00,598.8068281258437
2026-04-24 11:00:00,616.8980224501278
2026-04-24 12:00:00,588.1134441444755
2026-04-24 13:00:00,532.7576796522392
2026-04-24 14:00:00,446.7603196118953
2026-04-24 15:00:00,320.59953478257637
2026-04-24 16:00:00,166.03438401096406
2026-04-24 17:00:00,62.00290788145363
2026-04-24 18:00:00,4.644981940798425
2026-04-24 19:00:00,0.0
2026-04-24 20:00:00,0.0
2026-04-24 21:00:00,0.0
2026-04-24 22:00:00,0.0
2026-04-24 23:00:00,0.0
2026-04-25 00:00:00,0.0
2026-04-25 01:00:00,0.0
2026-04-25 02:00:00,0.0
2026-04-25 03:00:00,0.0
2026-04-25 04:00:00,16.99930463534621
2026-04-25 05:00:00,68.0624972885147
2026-04-25 06:00:00,92.55081305439967
2026-04-25 07:00:00,126.02042702960084
2026-04-25 08:00:00,452.7225093524318
2026-04-25 09:00:00,435.23315628719774
2026-04-25 10:00:00,378.26676147173345
2026-04-25 11:00:00,312.28198366935453
2026-04-25 12:00:00,582.645627918825
2026-04-25 13:00:00,410.8657703291164
2026-04-25 14:00:00,284.231948192891
2026-04-25 15:00:00,240.84787177704243
2026-04-25 16:00:00,188.75792246850236
2026-04-25 17:00:00,89.38709635718713
2026-04-25 18:00:00,8.109159610504134
2026-04-25 19:00:00,0.0
2026-04-25 20:00:00,0.0
2026-04-25 21:00:00,0.0
2026-04-25 22:00:00,0.0
2026-04-25 23:00:00,0.0
2026-04-26 00:00:00,0.0
2026-04-26 01:00:00,0.0
2026-04-26 02:00:00,0.0
2026-04-26 03:00:00,0.0
2026-04-26 04:00:00,49.62942405530627
2026-04-26 05:00:00,144.82426171170684
2026-04-26 06:00:00,295.155974400424
2026-04-26 07:00:00,408.4115839616617
2026-04-26 08:00:00,437.627477696358
2026-04-26 09:00:00,475.9125271048535
2026-04-26 10:00:00,556.0995518540649
2026-04-26 11:00:00,476.1563745167228
2026-04-26 12:00:00,392.4713971116452
2026-04-26 13:00:00,283.6486673988602
2026-04-26 14:00:00,250.17436123504297
2026-04-26 15:00:00,137.44384636245846
2026-04-26 16:00:00,99.2840523904772
2026-04-26 17:00:00,29.461107943295065
2026-04-26 18:00:00,1.9314895496471545
2026-04-26 19:00:00,0.0
2026-04-26 20:00:00,0.0
2026-04-26 21:00:00,0.0
2026-04-26 22:00:00,0.0
2026-04-26 23:00:00,0.0
2026-04-27 00:00:00,0.0
2026-04-27 01:00:00,0.0
2026-04-27 02:00:00,0.0
2026-04-27 03:00:00,0.0
2026-04-27 04:00:00,53.05068321226706
2026-04-27 05:00:00,144.61604624627427
2026-04-27 06:00:00,295.08974181229684
2026-04-27 07:00:00,412.29686365536304
2026-04-27 08:00:00,510.67510467740135
2026-04-27 09:00:00,509.1718977250384
2026-04-27 10:00:00,431.01185072580773
2026-04-27 11:00:00,573.5719514377502
2026-04-27 12:00:00,303.2515152589286
2026-04-27 13:00:00,192.3647670030837
2026-04-27 14:00:00,251.48523669207776
2026-04-27 15:00:00,122.07867160457705
2026-04-27 16:00:00,72.4707408810066
2026-04-27 17:00:00,43.11935189587712
2026-04-27 18:00:00,6.708750763990106
2026-04-27 19:00:00,0.0
2026-04-27 20:00:00,0.0
2026-04-27 21:00:00,0.0
2026-04-27 22:00:00,0.0
2026-04-27 23:00:00,0.0
2026-04-28 00:00:00,0.0
2026-04-28 01:00:00,0.0
2026-04-28 02:00:00,0.0
2026-04-28 03:00:00,0.0
2026-04-28 04:00:00,57.76598013436875
2026-04-28 05:00:00,144.31322036306827
2026-04-28 06:00:00,297.0805512030222
2026-04-28 07:00:00,424.54802393666984
2026-04-28 08:00:00,515.9927949822355
2026-04-28 09:00:00,323.38168046802616
2026-04-28 10:00:00,477.2998593664119
2026-04-28 11:00:00,307.1891949729933
2026-04-28 12:00:00,412.19668435045236
2026-04-28 13:00:00,436.5909185217312
2026-04-28 14:00:00,345.05092787005316
2026-04-28 15:00:00,317.01518195423836
2026-04-28 16:00:00,230.83679054866437
2026-04-28 17:00:00,102.69980306528652
2026-04-28 18:00:00,5.652577646583528
2026-04-28 19:00:00,0.0
2026-04-28 20:00:00,0.0
2026-04-28 21:00:00,0.0
2026-04-28 22:00:00,0.0
2026-04-28 23:00:00,0.0
2026-04-29 00:00:00,0.0
2026-04-29 01:00:00,0.0
2026-04-29 02:00:00,0.0
2026-04-29 03:00:00,0.0
2026-04-29 04:00:00,50.152638076498
2026-04-29 05:00:00,148.05920122073132
2026-04-29 06:00:00,296.6791764035212
2026-04-29 07:00:00,416.1502908939025
2026-04-29 08:00:00,516.309895365533
2026-04-29 09:00:00,580.1937709113794
2026-04-29 10:00:00,558.4173772081451
2026-04-29 11:00:00,608.7111400825821
2026-04-29 12:00:00,560.8869475550036
2026-04-29 13:00:00,345.5460181190454
2026-04-29 14:00:00,277.7728369211336
2026-04-29 15:00:00,118.15756212853425
2026-04-29 16:00:00,175.61797422690873
2026-04-29 17:00:00,36.66512850746723
2026-04-29 18:00:00,2.9302874571176702
2026-04-29 19:00:00,0.0
2026-04-29 20:00:00,0.0
2026-04-29 21:00:00,0.0
2026-04-29 22:00:00,0.0
2026-04-29 23:00:00,0.0
2026-04-30 00:00:00,0.0
2026-04-30 01:00:00,0.0
2026-04-30 02:00:00,0.0
2026-04-30 03:00:00,0.0
2026-04-30 04:00:00,15.344285286618279
2026-04-30 05:00:00,59.73653710006023
2026-04-30 06:00:00,266.3097475928887
2026-04-30 07:00:00,368.44183776114187
2026-04-30 08:00:00,481.8167447029993
2026-04-30 09:00:00,532.4393194711541
2026-04-30 10:00:00,531.495295076415
2026-04-30 11:00:00,536.8005921268555
2026-04-30 12:00:00,573.9482331752915
2026-04-30 13:00:00,537.4205381406389
2026-04-30 14:00:00,460.8416007655081
2026-04-30 15:00:00,338.8945795915926
2026-04-30 16:00:00,184.26671459557178
2026-04-30 17:00:00,97.53731880176174
2026-04-30 18:00:00,19.783707514925123
2026-04-30 19:00:00,0.0
2026-04-30 20:00:00,0.0
2026-04-30 21:00:00,0.0
2026-04-30 22:00:00,0.0
2026-04-30 23:00:00,0.0
2026-05-01 00:00:00,0.0
2026-05-01 01:00:00,0.0
2026-05-01 02:00:00,0.0
2026-05-01 03:00:00,0.0
2026-05-01 04:00:00,60.72227394300249
2026-05-01 05:00:00,161.67976151251594
2026-05-01 06:00:00,298.7569969125252
2026-05-01 07:00:00,424.1740639208387
2026-05-01 08:00:00,513.2557894973306
2026-05-01 09:00:00,586.7535960195358
2026-05-01 10:00:00,610.779305197176
2026-05-01 11:00:00,620.5677983638905
2026-05-01 12:00:00,597.7812645772541
2026-05-01 13:00:00,549.0791040889142
2026-05-01 14:00:00,438.13655464124236
2026-05-01 15:00:00,356.8215648172861
2026-05-01 16:00:00,233.24552492617096
2026-05-01 17:00:00,109.87849234674799
2026-05-01 18:00:00,23.952480790287943
2026-05-01 19:00:00,0.0
2026-05-01 20:00:00,0.0
2026-05-01 21:00:00,0.0
2026-05-01 22:00:00,0.0
2026-05-01 23:00:00,0.0
2026-05-02 00:00:00,0.0
2026-05-02 01:00:00,0.0
2026-05-02 02:00:00,0.0
2026-05-02 03:00:00,0.7078864328537453
2026-05-02 04:00:00,68.92460219963756
2026-05-02 05:00:00,175.8881462487115
2026-05-02 06:00:00,311.9177832079573
2026-05-02 07:00:00,434.2178597720391
2026-05-02 08:00:00,527.0943177948022
2026-05-02 09:00:00,596.8638324449856
2026-05-02 10:00:00,632.3920200234788
2026-05-02 11:00:00,631.2028076141376
2026-05-02 12:00:00,602.2938298354441
2026-05-02 13:00:00,547.6185147816201
2026-05-02 14:00:00,464.04720937669674
2026-05-02 15:00:00,356.44353524987565
2026-05-02 16:00:00,229.92758158520505
2026-05-02 17:00:00,111.55844691673582
2026-05-02 18:00:00,24.053048499349515
2026-05-02 19:00:00,0.0
2026-05-02 20:00:00,0.0
2026-05-02 21:00:00,0.0
2026-05-02 22:00:00,0.0
2026-05-02 23:00:00,0.0
2026-05-03 00:00:00,0.0
2026-05-03 01:00:00,0.0
2026-05-03 02:00:00,0.0
2026-05-03 03:00:00,0.0
2026-05-03 04:00:00,16.022128977665016
2026-05-03 05:00:00,51.28617019961419
2026-05-03 06:00:00,89.84490188105468
2026-05-03 07:00:00,131.94597895113918
2026-05-03 08:00:00,197.2468131039142
2026-05-03 09:00:00,197.10933163870385
2026-05-03 10:00:00,212.2072799075557
2026-05-03 11:00:00,213.05336853561724
2026-05-03 12:00:00,203.38895001755697
2026-05-03 13:00:00,180.58250616519646
2026-05-03 14:00:00,148.52609390586503
2026-05-03 15:00:00,130.75367518093896
2026-05-03 16:00:00,71.6756457232625
2026-05-03 17:00:00,31.646477741920958
2026-05-03 18:00:00,5.125222290597807
2026-05-03 19:00:00,0.0
2026-05-03 20:00:00,0.0
2026-05-03 21:00:00,0.0
2026-05-03 22:00:00,0.0
2026-05-03 23:00:00,0.0
2026-05-04 00:00:00,0.0
2026-05-04 01:00:00,0.0
2026-05-04 02:00:00,0.0
2026-05-04 03:00:00,0.0
2026-05-04 04:00:00,16.998960507393925
2026-05-04 05:00:00,82.78938160119509
2026-05-04 06:00:00,95.43488310681073
2026-05-04 07:00:00,134.88095128515428
2026-05-04 08:00:00,168.7604150083781
2026-05-04 09:00:00,203.64955792615734
2026-05-04 10:00:00,216.99385067144172
2026-05-04 11:00:00,498.06970934961123
2026-05-04 12:00:00,308.5629074518293
2026-05-04 13:00:00,487.06060470369624
2026-05-04 14:00:00,473.8435739181381
2026-05-04 15:00:00,308.494382188602
2026-05-04 16:00:00,74.5195954914667
2026-05-04 17:00:00,110.34791786291235
2026-05-04 18:00:00,28.32673879180599
2026-05-04 19:00:00,0.0
2026-05-04 20:00:00,0.0
2026-05-04 21:00:00,0.0
2026-05-04 22:00:00,0.0
2026-05-04 23:00:00,0.0
2026-05-05 00:00:00,0.0
2026-05-05 01:00:00,0.0
2026-05-05 02:00:00,0.0
2026-05-05 03:00:00,1.956094027879975
2026-05-05 04:00:00,54.61030785428784
2026-05-05 05:00:00,110.07913688324162
2026-05-05 06:00:00,294.066531007742
2026-05-05 07:00:00,401.35834636616465
2026-05-05 08:00:00,521.26592884066
2026-05-05 09:00:00,557.370311885204
2026-05-05 10:00:00,581.9020348067451
2026-05-05 11:00:00,627.8701895795552
2026-05-05 12:00:00,584.2982834487328
2026-05-05 13:00:00,359.49435916715663
2026-05-05 14:00:00,271.8308647906431
2026-05-05 15:00:00,210.54075469644084
2026-05-05 16:00:00,156.58713423513504
2026-05-05 17:00:00,116.89453750591542
2026-05-05 18:00:00,15.75825251921644
2026-05-05 19:00:00,0.0
2026-05-05 20:00:00,0.0
2026-05-05 21:00:00,0.0
2026-05-05 22:00:00,0.0
2026-05-05 23:00:00,0.0
2026-05-06 00:00:00,0.0
2026-05-06 01:00:00,0.0
2026-05-06 02:00:00,0.0
2026-05-06 03:00:00,5.916614669827436
2026-05-06 04:00:00,82.86868410443448
2026-05-06 05:00:00,201.63106410511918
2026-05-06 06:00:00,330.0094479660735
2026-05-06 07:00:00,455.8434090499722
2026-05-06 08:00:00,547.9117250930263
2026-05-06 09:00:00,612.4008775341582
2026-05-06 10:00:00,643.4068723727795
2026-05-06 11:00:00,661.7885435768036
2026-05-06 12:00:00,617.8064790437454
2026-05-06 13:00:00,513.8966227722125
2026-05-06 14:00:00,483.09455943521044
2026-05-06 15:00:00,378.8304726866078
2026-05-06 16:00:00,249.6120029947083
2026-05-06 17:00:00,125.18929990670041
2026-05-06 18:00:00,35.33399152018006
2026-05-06 19:00:00,0.0
2026-05-06 20:00:00,0.0
2026-05-06 21:00:00,0.0
2026-05-06 22:00:00,0.0
2026-05-06 23:00:00,0.0
2026-05-07 00:00:00,0.0
2026-05-07 01:00:00,0.0
2026-05-07 02:00:00,0.0
2026-05-07 03:00:00,6.140995453251501
2026-05-07 04:00:00,85.03111863484582
2026-05-07 05:00:00,201.14681745195512
2026-05-07 06:00:00,332.8571193973261
2026-05-07 07:00:00,457.65861557423176
2026-05-07 08:00:00,547.0437191267403
2026-05-07 09:00:00,608.5765887817728
2026-05-07 10:00:00,648.406605783215
2026-05-07 11:00:00,653.5823793528438
2026-05-07 12:00:00,606.6664513671006
2026-05-07 13:00:00,316.7610635670956
2026-05-07 14:00:00,451.0906048932716
2026-05-07 15:00:00,384.72883020839214
2026-05-07 16:00:00,252.1206886322494
2026-05-07 17:00:00,124.82552842245047
2026-05-07 18:00:00,34.96055494948693
2026-05-07 19:00:00,0.0
2026-05-07 20:00:00,0.0
2026-05-07 21:00:00,0.0
2026-05-07 22:00:00,0.0
2026-05-07 23:00:00,0.0
2026-05-08 00:00:00,0.0
2026-05-08 01:00:00,0.0
2026-05-08 02:00:00,0.0
2026-05-08 03:00:00,9.249945298769525
2026-05-08 04:00:00,84.96422504719426
2026-05-08 05:00:00,204.12930016513826
2026-05-08 06:00:00,332.65176551838823
2026-05-08 07:00:00,450.0566997864096
2026-05-08 08:00:00,539.943147856533
2026-05-08 09:00:00,611.015006305048
2026-05-08 10:00:00,646.3838219979942
2026-05-08 11:00:00,653.369189441137
2026-05-08 12:00:00,618.5391081043607
2026-05-08 13:00:00,575.3741110317892
2026-05-08 14:00:00,495.889284663009
2026-05-08 15:00:00,393.46317873695097
2026-05-08 16:00:00,257.8405368325022
2026-05-08 17:00:00,132.9702909610079
2026-05-08 18:00:00,40.29452779361669
2026-05-08 19:00:00,0.0
2026-05-08 20:00:00,0.0
2026-05-08 21:00:00,0.0
2026-05-08 22:00:00,0.0
2026-05-08 23:00:00,0.0
2026-05-09 00:00:00,0.0
2026-05-09 01:00:00,0.0
2026-05-09 02:00:00,0.0
2026-05-09 03:00:00,8.073357370173342
2026-05-09 04:00:00,82.35107332613667
2026-05-09 05:00:00,195.545899295673
2026-05-09 06:00:00,332.53032608920796
2026-05-09 07:00:00,462.38867128513914
2026-05-09 08:00:00,550.9254270129861
2026-05-09 09:00:00,613.4316290221316
2026-05-09 10:00:00,654.2550925962968
2026-05-09 11:00:00,659.6130691378962
2026-05-09 12:00:00,640.7021655616073
2026-05-09 13:00:00,587.6731776182154
2026-05-09 14:00:00,503.10580795055114
2026-05-09 15:00:00,399.1887228468046
2026-05-09 16:00:00,271.35730017650866
2026-05-09 17:00:00,136.45455703734686
2026-05-09 18:00:00,39.79751910525516
2026-05-09 19:00:00,0.0
2026-05-09 20:00:00,0.0
2026-05-09 21:00:00,0.0
2026-05-09 22:00:00,0.0
2026-05-09 23:00:00,0.0
2026-05-10 00:00:00,0.0
2026-05-10 01:00:00,0.0
2026-05-10 02:00:00,0.0
2026-05-10 03:00:00,13.6576932344824
2026-05-10 04:00:00,94.44925617408279
2026-05-10 05:00:00,139.80022526255684
2026-05-10 06:00:00,254.93716019051664
2026-05-10 07:00:00,374.7320927896446
2026-05-10 08:00:00,476.0683289004304
2026-05-10 09:00:00,603.2904925509033
2026-05-10 10:00:00,650.3809708432531
2026-05-10 11:00:00,652.6616950367372
2026-05-10 12:00:00,626.4176848844262
2026-05-10 13:00:00,578.4360338436663
2026-05-10 14:00:00,484.6898773031385
2026-05-10 15:00:00,357.4204200452578
2026-05-10 16:00:00,137.74244013924795
2026-05-10 17:00:00,38.79129531132825
2026-05-10 18:00:00,14.105800763316545
2026-05-10 19:00:00,0.0
2026-05-10 20:00:00,0.0
2026-05-10 21:00:00,0.0
2026-05-10 22:00:00,0.0
2026-05-10 23:00:00,0.0
2026-05-11 00:00:00,0.0
2026-05-11 01:00:00,0.0
2026-05-11 02:00:00,0.0
2026-05-11 03:00:00,3.677394909271146
2026-05-11 04:00:00,59.81862968980285
2026-05-11 05:00:00,65.17435682658221
2026-05-11 06:00:00,327.05496087549164
2026-05-11 07:00:00,402.88465140766255
2026-05-11 08:00:00,489.56466419497247
2026-05-11 09:00:00,579.9849525166655
2026-05-11 10:00:00,628.3831190264965
2026-05-11 11:00:00,615.9404922782228
2026-05-11 12:00:00,487.7175600933979
2026-05-11 13:00:00,533.100123072242
2026-05-11 14:00:00,381.1113035568449
2026-05-11 15:00:00,149.77343014814255
2026-05-11 16:00:00,83.81294565767591
2026-05-11 17:00:00,71.54099084527415
2026-05-11 18:00:00,10.555880463211862
2026-05-11 19:00:00,0.0
2026-05-11 20:00:00,0.0
2026-05-11 21:00:00,0.0
2026-05-11 22:00:00,0.0
2026-05-11 23:00:00,0.0
2026-05-12 00:00:00,0.0
2026-05-12 01:00:00,0.0
2026-05-12 02:00:00,0.0
2026-05-12 03:00:00,1.9277734069143775
2026-05-12 04:00:00,25.48616668778972
2026-05-12 05:00:00,62.084911729488894
2026-05-12 06:00:00,107.78309038311049
2026-05-12 07:00:00,146.53471221855585
2026-05-12 08:00:00,179.8916131898911
2026-05-12 09:00:00,206.67072778059222
2026-05-12 10:00:00,219.45409947070283
2026-05-12 11:00:00,221.45005291426696
2026-05-12 12:00:00,212.44779622551812
2026-05-12 13:00:00,190.73038180013486
2026-05-12 14:00:00,161.6124322393075
2026-05-12 15:00:00,123.20073896149692
2026-05-12 16:00:00,79.48954190732135
2026-05-12 17:00:00,39.330577241135394
2026-05-12 18:00:00,11.783573122960533
2026-05-12 19:00:00,0.0
2026-05-12 20:00:00,0.0
2026-05-12 21:00:00,0.0
2026-05-12 22:00:00,0.0
2026-05-12 23:00:00,0.0
2026-05-13 00:00:00,0.0
2026-05-13 01:00:00,0.0
2026-05-13 02:00:00,0.0
2026-05-13 03:00:00,1.8752027915813707
2026-05-13 04:00:00,26.31263889194201
2026-05-13 05:00:00,62.32939303439178
2026-05-13 06:00:00,108.04738045108058
2026-05-13 07:00:00,149.2174083580072
2026-05-13 08:00:00,181.24419850034747
2026-05-13 09:00:00,208.5689088444288
2026-05-13 10:00:00,221.86741372846961
2026-05-13 11:00:00,225.85784615109466
2026-05-13 12:00:00,215.10729938678395
2026-05-13 13:00:00,193.6403470227117
2026-05-13 14:00:00,164.17232395433632
2026-05-13 15:00:00,126.93215641047078
2026-05-13 16:00:00,81.25008571040108
2026-05-13 17:00:00,42.50658150295441
2026-05-13 18:00:00,13.247798228740283
2026-05-13 19:00:00,0.0
2026-05-13 20:00:00,0.0
2026-05-13 21:00:00,0.0
2026-05-13 22:00:00,0.0
2026-05-13 23:00:00,0.0
2026-05-14 00:00:00,0.0
2026-05-14 01:00:00,0.0
2026-05-14 02:00:00,0.0
2026-05-14 03:00:00,5.0876604201561415
2026-05-14 04:00:00,34.229129542239036
2026-05-14 05:00:00,169.47534662451935
2026-05-14 06:00:00,115.43122029019621
2026-05-14 07:00:00,226.404937808954
2026-05-14 08:00:00,218.61731760771733
2026-05-14 09:00:00,324.0354587209935
2026-05-14 10:00:00,415.69745798130157
2026-05-14 11:00:00,428.2422100878466
2026-05-14 12:00:00,544.2489731842699
2026-05-14 13:00:00,497.86063592587277
2026-05-14 14:00:00,473.4205111258821
2026-05-14 15:00:00,324.4878644032829
2026-05-14 16:00:00,179.0953013957204
2026-05-14 17:00:00,80.2328772352434
2026-05-14 18:00:00,48.737891863373925
2026-05-14 19:00:00,0.0
2026-05-14 20:00:00,0.0
2026-05-14 21:00:00,0.0
2026-05-14 22:00:00,0.0
2026-05-14 23:00:00,0.0
2026-05-15 00:00:00,0.0
2026-05-15 01:00:00,0.0
2026-05-15 02:00:00,0.0
2026-05-15 03:00:00,3.7087033829986407
2026-05-15 04:00:00,58.04369647005985
2026-05-15 05:00:00,82.4906533024663
2026-05-15 06:00:00,184.25319635662262
2026-05-15 07:00:00,385.3574955837512
2026-05-15 08:00:00,539.3730809968772
2026-05-15 09:00:00,611.0860088902019
2026-05-15 10:00:00,621.1996418497446
2026-05-15 11:00:00,578.2391098283022
2026-05-15 12:00:00,601.7106267297575
2026-05-15 13:00:00,540.5983763669659
2026-05-15 14:00:00,164.60005723562656
2026-05-15 15:00:00,129.39482478076107
2026-05-15 16:00:00,125.04022065007362
2026-05-15 17:00:00,86.54766192813223
2026-05-15 18:00:00,36.95824234947778
2026-05-15 19:00:00,0.0
2026-05-15 20:00:00,0.0
2026-05-15 21:00:00,0.0
2026-05-15 22:00:00,0.0
2026-05-15 23:00:00,0.0
2026-05-16 00:00:00,0.0
2026-05-16 01:00:00,0.0
2026-05-16 02:00:00,0.0
2026-05-16 03:00:00,9.32519763089314
2026-05-16 04:00:00,64.50850938492965
2026-05-16 05:00:00,57.54389102988642
2026-05-16 06:00:00,149.12310820329847
2026-05-16 07:00:00,238.9343667667824
2026-05-16 08:00:00,183.70026904132916
2026-05-16 09:00:00,206.2753375028109
2026-05-16 10:00:00,225.07534456875513
2026-05-16 11:00:00,230.21460055159395
2026-05-16 12:00:00,219.8656616006298
2026-05-16 13:00:00,556.8907368961467
2026-05-16 14:00:00,289.6230585112884
2026-05-16 15:00:00,395.68355011787196
2026-05-16 16:00:00,276.61634129513743
2026-05-16 17:00:00,148.28469572719368
2026-05-16 18:00:00,58.423599587893875
2026-05-16 19:00:00,1.0592526955739254
2026-05-16 20:00:00,0.0
2026-05-16 21:00:00,0.0
2026-05-16 22:00:00,0.0
2026-05-16 23:00:00,0.0
2026-05-17 00:00:00,0.0
2026-05-17 01:00:00,0.0
2026-05-17 02:00:00,0.0
2026-05-17 03:00:00,23.488497067819168
2026-05-17 04:00:00,103.36803675989643
2026-05-17 05:00:00,222.6199773066272
2026-05-17 06:00:00,295.71693944839336
2026-05-17 07:00:00,433.22088050004385
2026-05-17 08:00:00,508.6702441373125
2026-05-17 09:00:00,492.94878148524737
2026-05-17 10:00:00,476.43224179953353
2026-05-17 11:00:00,417.9110519054564
2026-05-17 12:00:00,224.14703386856553
2026-05-17 13:00:00,416.9550080695769
2026-05-17 14:00:00,494.39526236964764
2026-05-17 15:00:00,337.5567714157759
2026-05-17 16:00:00,275.8528412701234
2026-05-17 17:00:00,147.52967258381506
2026-05-17 18:00:00,61.95057232755209
2026-05-17 19:00:00,1.8848634917912366
2026-05-17 20:00:00,0.0
2026-05-17 21:00:00,0.0
2026-05-17 22:00:00,0.0
2026-05-17 23:00:00,0.0
2026-05-18 00:00:00,0.0
2026-05-18 01:00:00,0.0
2026-05-18 02:00:00,0.0
2026-05-18 03:00:00,23.970093302379052
2026-05-18 04:00:00,75.22848443423628
2026-05-18 05:00:00,195.74301858875188
2026-05-18 06:00:00,324.21255043728286
2026-05-18 07:00:00,405.682083134991
2026-05-18 08:00:00,516.1264746793385
2026-05-18 09:00:00,558.5377150506887
2026-05-18 10:00:00,548.0351517581678
2026-05-18 11:00:00,252.87695115340716
2026-05-18 12:00:00,248.7984746418335
2026-05-18 13:00:00,348.6604202186993
2026-05-18 14:00:00,320.6213193817514
2026-05-18 15:00:00,375.529742216135
2026-05-18 16:00:00,263.35221796320803
2026-05-18 17:00:00,138.39029807168163
2026-05-18 18:00:00,39.523069103308636
2026-05-18 19:00:00,1.0537389774217092
2026-05-18 20:00:00,0.0
2026-05-18 21:00:00,0.0
2026-05-18 22:00:00,0.0
2026-05-18 23:00:00,0.0
2026-05-19 00:00:00,0.0
2026-05-19 01:00:00,0.0
2026-05-19 02:00:00,0.0
2026-05-19 03:00:00,4.461998549790568
2026-05-19 04:00:00,29.998692631324367
2026-05-19 05:00:00,59.94364343687298
2026-05-19 06:00:00,174.7170098743154
2026-05-19 07:00:00,152.1449042377738
2026-05-19 08:00:00,305.8033971108577
2026-05-19 09:00:00,208.72361261076392
2026-05-19 10:00:00,224.59368579108042
2026-05-19 11:00:00,367.22017378110684
2026-05-19 12:00:00,269.7539710435068
2026-05-19 13:00:00,195.33620149850893
2026-05-19 14:00:00,163.68556200243134
2026-05-19 15:00:00,129.65419962909567
2026-05-19 16:00:00,87.4516759669157
2026-05-19 17:00:00,49.09300305459785
2026-05-19 18:00:00,47.79994178002475
2026-05-19 19:00:00,3.0300401735762317
2026-05-19 20:00:00,0.0
2026-05-19 21:00:00,0.0
2026-05-19 22:00:00,0.0
2026-05-19 23:00:00,0.0
2026-05-20 00:00:00,0.0
2026-05-20 01:00:00,0.0
2026-05-20 02:00:00,0.0
2026-05-20 03:00:00,28.445740107220317
2026-05-20 04:00:00,102.81926324755722
2026-05-20 05:00:00,220.8976854970152
2026-05-20 06:00:00,339.3690877445969
2026-05-20 07:00:00,456.2346372557484
2026-05-20 08:00:00,537.6960771126099
2026-05-20 09:00:00,540.4943807972726
2026-05-20 10:00:00,519.5794947683623
2026-05-20 11:00:00,234.41371882630472
2026-05-20 12:00:00,364.2111936599234
2026-05-20 13:00:00,558.1059715799986
2026-05-20 14:00:00,320.5449008404974
2026-05-20 15:00:00,376.5110213971681
2026-05-20 16:00:00,275.90637790140175
2026-05-20 17:00:00,143.3717641243148
2026-05-20 18:00:00,65.2737087695421
2026-05-20 19:00:00,4.478676013491399
2026-05-20 20:00:00,0.0
2026-05-20 21:00:00,0.0
2026-05-20 22:00:00,0.0
2026-05-20 23:00:00,0.0
2026-05-21 00:00:00,0.0
2026-05-21 01:00:00,0.0
2026-05-21 02:00:00,0.0
2026-05-21 03:00:00,5.676323648060555
2026-05-21 04:00:00,38.252244363353334
2026-05-21 05:00:00,65.79453111162563
2026-05-21 06:00:00,254.18950919698324
2026-05-21 07:00:00,276.18077839548675
2026-05-21 08:00:00,202.7287712019605
2026-05-21 09:00:00,209.08173703483192
2026-05-21 10:00:00,222.61183148493984
2026-05-21 11:00:00,228.22580720402746
2026-05-21 12:00:00,514.6751317681421
2026-05-21 13:00:00,443.6262839092378
2026-05-21 14:00:00,334.4679468818202
2026-05-21 15:00:00,170.9224496738812
2026-05-21 16:00:00,203.70158486584484
2026-05-21 17:00:00,144.3950530884483
2026-05-21 18:00:00,68.3295184536518
2026-05-21 19:00:00,3.5549422425213186
2026-05-21 20:00:00,0.0
2026-05-21 21:00:00,0.0
2026-05-21 22:00:00,0.0
2026-05-21 23:00:00,0.0
2026-05-22 00:00:00,0.0
2026-05-22 01:00:00,0.0
2026-05-22 02:00:00,0.0
2026-05-22 03:00:00,12.4626507434984
2026-05-22 04:00:00,41.66466745481291
2026-05-22 05:00:00,94.23335276427217
2026-05-22 06:00:00,273.49923155051096
2026-05-22 07:00:00,440.92589443848556
2026-05-22 08:00:00,547.6835772732484
2026-05-22 09:00:00,608.0398135728585
2026-05-22 10:00:00,643.4728713903202
2026-05-22 11:00:00,653.1096411354313
2026-05-22 12:00:00,630.6224310658909
2026-05-22 13:00:00,568.0071346175895
2026-05-22 14:00:00,440.4386113474584
2026-05-22 15:00:00,338.38122352364314
2026-05-22 16:00:00,142.40406313340114
2026-05-22 17:00:00,141.33470026840777
2026-05-22 18:00:00,70.47756748103151
2026-05-22 19:00:00,5.886968532169408
2026-05-22 20:00:00,0.0
2026-05-22 21:00:00,0.0
2026-05-22 22:00:00,0.0
2026-05-22 23:00:00,0.0
2026-05-23 00:00:00,0.0
2026-05-23 01:00:00,0.0
2026-05-23 02:00:00,0.0
2026-05-23 03:00:00,34.086582746400936
2026-05-23 04:00:00,115.63009391308067
2026-05-23 05:00:00,229.72893351672
2026-05-23 06:00:00,342.5517359150751
2026-05-23 07:00:00,456.30532351622037
2026-05-23 08:00:00,543.423817652048
2026-05-23 09:00:00,597.8649889479298
2026-05-23 10:00:00,584.7286520868998
2026-05-23 11:00:00,585.947190377868
2026-05-23 12:00:00,567.4027676071465
2026-05-23 13:00:00,524.6105372214603
2026-05-23 14:00:00,285.7183764058014
2026-05-23 15:00:00,196.717178535552
2026-05-23 16:00:00,193.79532828873445
2026-05-23 17:00:00,45.4811170096814
2026-05-23 18:00:00,37.58857553564136
2026-05-23 19:00:00,0.34081131033755035
2026-05-23 20:00:00,0.0
2026-05-23 21:00:00,0.0
2026-05-23 22:00:00,0.0
2026-05-23 23:00:00,0.0
2026-05-24 00:00:00,0.0
2026-05-24 01:00:00,0.0
2026-05-24 02:00:00,0.0
2026-05-24 03:00:00,37.58354955504982
2026-05-24 04:00:00,119.18302806010405
2026-05-24 05:00:00,240.82666966516757
2026-05-24 06:00:00,336.7351802622699
2026-05-24 07:00:00,441.7430691413778
2026-05-24 08:00:00,541.9556848179552
2026-05-24 09:00:00,609.8692466932001
2026-05-24 10:00:00,638.0847991965271
2026-05-24 11:00:00,632.9372321938795
2026-05-24 12:00:00,602.0997329903145
2026-05-24 13:00:00,547.3400821990922
2026-05-24 14:00:00,392.66977654793635
2026-05-24 15:00:00,328.48017488401655
2026-05-24 16:00:00,253.0334322818982
2026-05-24 17:00:00,161.84737724616897
2026-05-24 18:00:00,78.07847190470169
2026-05-24 19:00:00,7.951802218525224
2026-05-24 20:00:00,0.0
2026-05-24 21:00:00,0.0
2026-05-24 22:00:00,0.0
2026-05-24 23:00:00,0.0
2026-05-25 00:00:00,0.0
2026-05-25 01:00:00,0.0
2026-05-25 02:00:00,0.0
2026-05-25 03:00:00,33.101083829115495
2026-05-25 04:00:00,96.9503395554151
2026-05-25 05:00:00,145.11662923444962
2026-05-25 06:00:00,276.2904889118016
2026-05-25 07:00:00,340.80614700389896
2026-05-25 08:00:00,392.30254150983427
2026-05-25 09:00:00,492.24399282124097
2026-05-25 10:00:00,586.9764968630757
2026-05-25 11:00:00,473.3569304495488
2026-05-25 12:00:00,505.2447357885952
2026-05-25 13:00:00,490.37665605583106
2026-05-25 14:00:00,346.31625975021524
2026-05-25 15:00:00,139.43672103613
2026-05-25 16:00:00,100.69892506929858
2026-05-25 17:00:00,74.90936930426045
2026-05-25 18:00:00,21.353716814138554
2026-05-25 19:00:00,1.913535268832094
2026-05-25 20:00:00,0.0
2026-05-25 21:00:00,0.0
2026-05-25 22:00:00,0.0
2026-05-25 23:00:00,0.0
2026-05-26 00:00:00,0.0
2026-05-26 01:00:00,0.0
2026-05-26 02:00:00,0.0
2026-05-26 03:00:00,31.565266002635436
2026-05-26 04:00:00,116.36235254788953
2026-05-26 05:00:00,202.02268227964382
2026-05-26 06:00:00,325.69718787827696
2026-05-26 07:00:00,267.0678237327725
2026-05-26 08:00:00,483.82685020635057
2026-05-26 09:00:00,219.6522463273922
2026-05-26 10:00:00,549.3098595606542
2026-05-26 11:00:00,532.7544206602628
2026-05-26 12:00:00,611.7488321823092
2026-05-26 13:00:00,578.3199040662658
2026-05-26 14:00:00,489.9532783917284
2026-05-26 15:00:00,314.809742445538
2026-05-26 16:00:00,227.9300612457806
2026-05-26 17:00:00,115.41233373724218
2026-05-26 18:00:00,45.06598952326682
2026-05-26 19:00:00,6.447307819433358
2026-05-26 20:00:00,0.0
2026-05-26 21:00:00,0.0
2026-05-26 22:00:00,0.0
2026-05-26 23:00:00,0.0
2026-05-27 00:00:00,0.0
2026-05-27 01:00:00,0.0
2026-05-27 02:00:00,0.0
2026-05-27 03:00:00,47.70477564507171
2026-05-27 04:00:00,127.57428237498071
2026-05-27 05:00:00,257.9330576774955
2026-05-27 06:00:00,382.9297426589665
2026-05-27 07:00:00,488.44038904474627
2026-05-27 08:00:00,575.7867732239176
2026-05-27 09:00:00,415.56669785876204
2026-05-27 10:00:00,323.62478913955727
2026-05-27 11:00:00,421.1333931899851
2026-05-27 12:00:00,603.6471112375749
2026-05-27 13:00:00,426.8085920170495
2026-05-27 14:00:00,248.15240759465772
2026-05-27 15:00:00,304.6143910092406
2026-05-27 16:00:00,156.0161443373455
2026-05-27 17:00:00,174.34643932558427
2026-05-27 18:00:00,57.36783477909295
2026-05-27 19:00:00,13.812602950178043
2026-05-27 20:00:00,0.0
2026-05-27 21:00:00,0.0
2026-05-27 22:00:00,0.0
2026-05-27 23:00:00,0.0
2026-05-28 00:00:00,0.0
2026-05-28 01:00:00,0.0
2026-05-28 02:00:00,0.0
2026-05-28 03:00:00,50.38686069052602
2026-05-28 04:00:00,129.98935577040206
2026-05-28 05:00:00,261.93312701170674
2026-05-28 06:00:00,383.8653890656074
2026-05-28 07:00:00,486.02749497390704
2026-05-28 08:00:00,507.3222387056659
2026-05-28 09:00:00,467.5283280444935
2026-05-28 10:00:00,544.514355739747
2026-05-28 11:00:00,495.0678535961876
2026-05-28 12:00:00,470.0045357655766
2026-05-28 13:00:00,427.45527415019546
2026-05-28 14:00:00,411.8943445918487
2026-05-28 15:00:00,390.5284385531229
2026-05-28 16:00:00,290.50948036449023
2026-05-28 17:00:00,164.95321299262943
2026-05-28 18:00:00,92.11566112592874
2026-05-28 19:00:00,14.594532954359721
2026-05-28 20:00:00,0.0
2026-05-28 21:00:00,0.0
2026-05-28 22:00:00,0.0
2026-05-28 23:00:00,0.0
2026-05-29 00:00:00,0.0
2026-05-29 01:00:00,0.0
2026-05-29 02:00:00,0.0
2026-05-29 03:00:00,42.858180463549715
2026-05-29 04:00:00,70.90676670316965
2026-05-29 05:00:00,88.27635700340457
2026-05-29 06:00:00,193.10052650873533
2026-05-29 07:00:00,306.06217680564794
2026-05-29 08:00:00,533.2317376980524
2026-05-29 09:00:00,622.3274638198804
2026-05-29 10:00:00,662.8301694873678
2026-05-29 11:00:00,668.5084192830956
2026-05-29 12:00:00,637.2064473366822
2026-05-29 13:00:00,580.4751765356841
2026-05-29 14:00:00,503.63808060078816
2026-05-29 15:00:00,405.75334310361524
2026-05-29 16:00:00,292.7276993028083
2026-05-29 17:00:00,171.32641992543859
2026-05-29 18:00:00,86.37378405426435
2026-05-29 19:00:00,13.688231120267828
2026-05-29 20:00:00,0.0
2026-05-29 21:00:00,0.0
2026-05-29 22:00:00,0.0
2026-05-29 23:00:00,0.0
2026-05-30 00:00:00,0.0
2026-05-30 01:00:00,0.0
2026-05-30 02:00:00,0.0
2026-05-30 03:00:00,19.898065629581033
2026-05-30 04:00:00,86.46514916490466
2026-05-30 05:00:00,230.28116545180424
2026-05-30 06:00:00,325.66964127282694
2026-05-30 07:00:00,432.826614895277
2026-05-30 08:00:00,490.873756688843
2026-05-30 09:00:00,500.6322495027991
2026-05-30 10:00:00,560.9856209779898
2026-05-30 11:00:00,636.5197798556841
2026-05-30 12:00:00,590.7401527071358
2026-05-30 13:00:00,427.7127208186665
2026-05-30 14:00:00,373.39218452006907
2026-05-30 15:00:00,182.64174769531903
2026-05-30 16:00:00,95.66739687467572
2026-05-30 17:00:00,54.91246541171736
2026-05-30 18:00:00,20.015820063505224
2026-05-30 19:00:00,5.024712096906453
2026-05-30 20:00:00,0.0
2026-05-30 21:00:00,0.0
2026-05-30 22:00:00,0.0
2026-05-30 23:00:00,0.0
2026-05-31 00:00:00,0.0
2026-05-31 01:00:00,0.0
2026-05-31 02:00:00,0.0
2026-05-31 03:00:00,41.858125067718376
2026-05-31 04:00:00,123.03383252832604
2026-05-31 05:00:00,231.67642407964382
2026-05-31 06:00:00,319.7775953336256
2026-05-31 07:00:00,479.47987977174563
2026-05-31 08:00:00,571.4765572283114
2026-05-31 09:00:00,622.2225906196361
2026-05-31 10:00:00,666.3950411501538
2026-05-31 11:00:00,663.4673128594354
2026-05-31 12:00:00,639.6767377353049
2026-05-31 13:00:00,590.3426445995028
2026-05-31 14:00:00,507.4853953518677
2026-05-31 15:00:00,407.3747771683553
2026-05-31 16:00:00,300.8292545507657
2026-05-31 17:00:00,171.53528328214574
2026-05-31 18:00:00,87.21031818270158
2026-05-31 19:00:00,15.602184817449244
2026-05-31 20:00:00,0.0
2026-05-31 21:00:00,0.0
2026-05-31 22:00:00,0.0
2026-05-31 23:00:00,0.0
