time,predicted_pv_output
2025-01-01 00:00:00,0.0
2025-01-01 01:00:00,0.0
2025-01-01 02:00:00,0.0
2025-01-01 03:00:00,0.0
2025-01-01 04:00:00,0.0
2025-01-01 05:00:00,0.0
2025-01-01 06:00:00,0.0
2025-01-01 07:00:00,0.0
2025-01-01 08:00:00,0.0
2025-01-01 09:00:00,14.245426821241074
2025-01-01 10:00:00,40.956085042676776
2025-01-01 11:00:00,36.72650025289796
2025-01-01 12:00:00,24.970346702151783
2025-01-01 13:00:00,5.630807986186783
2025-01-01 14:00:00,0.0
2025-01-01 15:00:00,0.0
2025-01-01 16:00:00,0.0
2025-01-01 17:00:00,0.0
2025-01-01 18:00:00,0.0
2025-01-01 19:00:00,0.0
2025-01-01 20:00:00,0.0
2025-01-01 21:00:00,0.0
2025-01-01 22:00:00,0.0
2025-01-01 23:00:00,0.0
2025-01-02 00:00:00,0.0
2025-01-02 01:00:00,0.0
2025-01-02 02:00:00,0.0
2025-01-02 03:00:00,0.0
2025-01-02 04:00:00,0.0
2025-01-02 05:00:00,0.0
2025-01-02 06:00:00,0.0
2025-01-02 07:00:00,0.0
2025-01-02 08:00:00,1.5543605970673882
2025-01-02 09:00:00,42.17047585944498
2025-01-02 10:00:00,79.49835795894256
2025-01-02 11:00:00,89.56864951933878
2025-01-02 12:00:00,73.23310304033733
2025-01-02 13:00:00,27.802852971384066
2025-01-02 14:00:00,0.0
2025-01-02 15:00:00,0.0
2025-01-02 16:00:00,0.0
2025-01-02 17:00:00,0.0
2025-01-02 18:00:00,0.0
2025-01-02 19:00:00,0.0
2025-01-02 20:00:00,0.0
2025-01-02 21:00:00,0.0
2025-01-02 22:00:00,0.0
2025-01-02 23:00:00,0.0
2025-01-03 00:00:00,0.0
2025-01-03 01:00:00,0.0
2025-01-03 02:00:00,0.0
2025-01-03 03:00:00,0.0
2025-01-03 04:00:00,0.0
2025-01-03 05:00:00,0.0
2025-01-03 06:00:00,0.0
2025-01-03 07:00:00,0.0
2025-01-03 08:00:00,1.529131932498678
2025-01-03 09:00:00,39.1446242052339
2025-01-03 10:00:00,41.53446405756916
2025-01-03 11:00:00,43.49955171626495
2025-01-03 12:00:00,49.85764563204437
2025-01-03 13:00:00,8.035108800700641
2025-01-03 14:00:00,0.0
2025-01-03 15:00:00,0.0
2025-01-03 16:00:00,0.0
2025-01-03 17:00:00,0.0
2025-01-03 18:00:00,0.0
2025-01-03 19:00:00,0.0
2025-01-03 20:00:00,0.0
2025-01-03 21:00:00,0.0
2025-01-03 22:00:00,0.0
2025-01-03 23:00:00,0.0
2025-01-04 00:00:00,0.0
2025-01-04 01:00:00,0.0
2025-01-04 02:00:00,0.0
2025-01-04 03:00:00,0.0
2025-01-04 04:00:00,0.0
2025-01-04 05:00:00,0.0
2025-01-04 06:00:00,0.0
2025-01-04 07:00:00,0.0
2025-01-04 08:00:00,1.9284827641393272
2025-01-04 09:00:00,44.336717868130805
2025-01-04 10:00:00,83.36851649609709
2025-01-04 11:00:00,96.22821930875831
2025-01-04 12:00:00,79.94298759568053
2025-01-04 13:00:00,33.716179224925774
2025-01-04 14:00:00,0.0
2025-01-04 15:00:00,0.0
2025-01-04 16:00:00,0.0
2025-01-04 17:00:00,0.0
2025-01-04 18:00:00,0.0
2025-01-04 19:00:00,0.0
2025-01-04 20:00:00,0.0
2025-01-04 21:00:00,0.0
2025-01-04 22:00:00,0.0
2025-01-04 23:00:00,0.0
2025-01-05 00:00:00,0.0
2025-01-05 01:00:00,0.0
2025-01-05 02:00:00,0.0
2025-01-05 03:00:00,0.0
2025-01-05 04:00:00,0.0
2025-01-05 05:00:00,0.0
2025-01-05 06:00:00,0.0
2025-01-05 07:00:00,0.0
2025-01-05 08:00:00,2.313837281508142
2025-01-05 09:00:00,44.15208977159593
2025-01-05 10:00:00,90.01126634357865
2025-01-05 11:00:00,101.33160698487166
2025-01-05 12:00:00,83.37618829423153
2025-01-05 13:00:00,33.37095918924676
2025-01-05 14:00:00,0.0
2025-01-05 15:00:00,0.0
2025-01-05 16:00:00,0.0
2025-01-05 17:00:00,0.0
2025-01-05 18:00:00,0.0
2025-01-05 19:00:00,0.0
2025-01-05 20:00:00,0.0
2025-01-05 21:00:00,0.0
2025-01-05 22:00:00,0.0
2025-01-05 23:00:00,0.0
2025-01-06 00:00:00,0.0
2025-01-06 01:00:00,0.0
2025-01-06 02:00:00,0.0
2025-01-06 03:00:00,0.0
2025-01-06 04:00:00,0.0
2025-01-06 05:00:00,0.0
2025-01-06 06:00:00,0.0
2025-01-06 07:00:00,0.0
2025-01-06 08:00:00,0.0
2025-01-06 09:00:00,31.28304275081273
2025-01-06 10:00:00,62.34112418572564
2025-01-06 11:00:00,33.63652397721886
2025-01-06 12:00:00,20.81057224485154
2025-01-06 13:00:00,7.506414786682282
2025-01-06 14:00:00,0.0
2025-01-06 15:00:00,0.0
2025-01-06 16:00:00,0.0
2025-01-06 17:00:00,0.0
2025-01-06 18:00:00,0.0
2025-01-06 19:00:00,0.0
2025-01-06 20:00:00,0.0
2025-01-06 21:00:00,0.0
2025-01-06 22:00:00,0.0
2025-01-06 23:00:00,0.0
2025-01-07 00:00:00,0.0
2025-01-07 01:00:00,0.0
2025-01-07 02:00:00,0.0
2025-01-07 03:00:00,0.0
2025-01-07 04:00:00,0.0
2025-01-07 05:00:00,0.0
2025-01-07 06:00:00,0.0
2025-01-07 07:00:00,0.0
2025-01-07 08:00:00,2.31587346944772
2025-01-07 09:00:00,44.26913749435324
2025-01-07 10:00:00,83.84851036807683
2025-01-07 11:00:00,83.94562316791217
2025-01-07 12:00:00,20.836547629427066
2025-01-07 13:00:00,8.25228952637096
2025-01-07 14:00:00,0.0
2025-01-07 15:00:00,0.0
2025-01-07 16:00:00,0.0
2025-01-07 17:00:00,0.0
2025-01-07 18:00:00,0.0
2025-01-07 19:00:00,0.0
2025-01-07 20:00:00,0.0
2025-01-07 21:00:00,0.0
2025-01-07 22:00:00,0.0
2025-01-07 23:00:00,0.0
2025-01-08 00:00:00,0.0
2025-01-08 01:00:00,0.0
2025-01-08 02:00:00,0.0
2025-01-08 03:00:00,0.0
2025-01-08 04:00:00,0.0
2025-01-08 05:00:00,0.0
2025-01-08 06:00:00,0.0
2025-01-08 07:00:00,0.0
2025-01-08 08:00:00,2.664832664250804
2025-01-08 09:00:00,15.8994256276842
2025-01-08 10:00:00,22.3627087723605
2025-01-08 11:00:00,27.359777133413168
2025-01-08 12:00:00,22.671704240625974
2025-01-08 13:00:00,8.686910002455118
2025-01-08 14:00:00,0.0
2025-01-08 15:00:00,0.0
2025-01-08 16:00:00,0.0
2025-01-08 17:00:00,0.0
2025-01-08 18:00:00,0.0
2025-01-08 19:00:00,0.0
2025-01-08 20:00:00,0.0
2025-01-08 21:00:00,0.0
2025-01-08 22:00:00,0.0
2025-01-08 23:00:00,0.0
2025-01-09 00:00:00,0.0
2025-01-09 01:00:00,0.0
2025-01-09 02:00:00,0.0
2025-01-09 03:00:00,0.0
2025-01-09 04:00:00,0.0
2025-01-09 05:00:00,0.0
2025-01-09 06:00:00,0.0
2025-01-09 07:00:00,0.0
2025-01-09 08:00:00,0.4060148388883842
2025-01-09 09:00:00,23.054466079155773
2025-01-09 10:00:00,28.377229527422593
2025-01-09 11:00:00,33.64291896288433
2025-01-09 12:00:00,25.963739207333003
2025-01-09 13:00:00,11.040128313482267
2025-01-09 14:00:00,0.0
2025-01-09 15:00:00,0.0
2025-01-09 16:00:00,0.0
2025-01-09 17:00:00,0.0
2025-01-09 18:00:00,0.0
2025-01-09 19:00:00,0.0
2025-01-09 20:00:00,0.0
2025-01-09 21:00:00,0.0
2025-01-09 22:00:00,0.0
2025-01-09 23:00:00,0.0
2025-01-10 00:00:00,0.0
2025-01-10 01:00:00,0.0
2025-01-10 02:00:00,0.0
2025-01-10 03:00:00,0.0
2025-01-10 04:00:00,0.0
2025-01-10 05:00:00,0.0
2025-01-10 06:00:00,0.0
2025-01-10 07:00:00,0.0
2025-01-10 08:00:00,0.0
2025-01-10 09:00:00,11.919317577167144
2025-01-10 10:00:00,24.340632980744246
2025-01-10 11:00:00,29.486589700883894
2025-01-10 12:00:00,21.567183441547275
2025-01-10 13:00:00,9.90075435395177
2025-01-10 14:00:00,0.0
2025-01-10 15:00:00,0.0
2025-01-10 16:00:00,0.0
2025-01-10 17:00:00,0.0
2025-01-10 18:00:00,0.0
2025-01-10 19:00:00,0.0
2025-01-10 20:00:00,0.0
2025-01-10 21:00:00,0.0
2025-01-10 22:00:00,0.0
2025-01-10 23:00:00,0.0
2025-01-11 00:00:00,0.0
2025-01-11 01:00:00,0.0
2025-01-11 02:00:00,0.0
2025-01-11 03:00:00,0.0
2025-01-11 04:00:00,0.0
2025-01-11 05:00:00,0.0
2025-01-11 06:00:00,0.0
2025-01-11 07:00:00,0.0
2025-01-11 08:00:00,0.0
2025-01-11 09:00:00,12.505049702085913
2025-01-11 10:00:00,25.077145655752123
2025-01-11 11:00:00,28.619258960486963
2025-01-11 12:00:00,24.490405791016638
2025-01-11 13:00:00,10.673764963643512
2025-01-11 14:00:00,0.0
2025-01-11 15:00:00,0.0
2025-01-11 16:00:00,0.0
2025-01-11 17:00:00,0.0
2025-01-11 18:00:00,0.0
2025-01-11 19:00:00,0.0
2025-01-11 20:00:00,0.0
2025-01-11 21:00:00,0.0
2025-01-11 22:00:00,0.0
2025-01-11 23:00:00,0.0
2025-01-12 00:00:00,0.0
2025-01-12 01:00:00,0.0
2025-01-12 02:00:00,0.0
2025-01-12 03:00:00,0.0
2025-01-12 04:00:00,0.0
2025-01-12 05:00:00,0.0
2025-01-12 06:00:00,0.0
2025-01-12 07:00:00,0.0
2025-01-12 08:00:00,6.86290855772585
2025-01-12 09:00:00,59.35448677262577
2025-01-12 10:00:00,107.71554292162749
2025-01-12 11:00:00,116.67396845197149
2025-01-12 12:00:00,97.65299924044533
2025-01-12 13:00:00,51.909694161067485
2025-01-12 14:00:00,2.6379382772161595
2025-01-12 15:00:00,0.0
2025-01-12 16:00:00,0.0
2025-01-12 17:00:00,0.0
2025-01-12 18:00:00,0.0
2025-01-12 19:00:00,0.0
2025-01-12 20:00:00,0.0
2025-01-12 21:00:00,0.0
2025-01-12 22:00:00,0.0
2025-01-12 23:00:00,0.0
2025-01-13 00:00:00,0.0
2025-01-13 01:00:00,0.0
2025-01-13 02:00:00,0.0
2025-01-13 03:00:00,0.0
2025-01-13 04:00:00,0.0
2025-01-13 05:00:00,0.0
2025-01-13 06:00:00,0.0
2025-01-13 07:00:00,0.0
2025-01-13 08:00:00,3.733353597446537
2025-01-13 09:00:00,25.10345268464877
2025-01-13 10:00:00,28.238859598154477
2025-01-13 11:00:00,29.80798514536739
2025-01-13 12:00:00,21.363474755122947
2025-01-13 13:00:00,11.032885182950794
2025-01-13 14:00:00,0.0
2025-01-13 15:00:00,0.0
2025-01-13 16:00:00,0.0
2025-01-13 17:00:00,0.0
2025-01-13 18:00:00,0.0
2025-01-13 19:00:00,0.0
2025-01-13 20:00:00,0.0
2025-01-13 21:00:00,0.0
2025-01-13 22:00:00,0.0
2025-01-13 23:00:00,0.0
2025-01-14 00:00:00,0.0
2025-01-14 01:00:00,0.0
2025-01-14 02:00:00,0.0
2025-01-14 03:00:00,0.0
2025-01-14 04:00:00,0.0
2025-01-14 05:00:00,0.0
2025-01-14 06:00:00,0.0
2025-01-14 07:00:00,0.0
2025-01-14 08:00:00,0.4088494317732653
2025-01-14 09:00:00,20.59113179196763
2025-01-14 10:00:00,52.70750768468615
2025-01-14 11:00:00,46.520731841881975
2025-01-14 12:00:00,29.83096845170172
2025-01-14 13:00:00,15.236806094212874
2025-01-14 14:00:00,3.675461995642321
2025-01-14 15:00:00,0.0
2025-01-14 16:00:00,0.0
2025-01-14 17:00:00,0.0
2025-01-14 18:00:00,0.0
2025-01-14 19:00:00,0.0
2025-01-14 20:00:00,0.0
2025-01-14 21:00:00,0.0
2025-01-14 22:00:00,0.0
2025-01-14 23:00:00,0.0
2025-01-15 00:00:00,0.0
2025-01-15 01:00:00,0.0
2025-01-15 02:00:00,0.0
2025-01-15 03:00:00,0.0
2025-01-15 04:00:00,0.0
2025-01-15 05:00:00,0.0
2025-01-15 06:00:00,0.0
2025-01-15 07:00:00,0.0
2025-01-15 08:00:00,2.9513742257906475
2025-01-15 09:00:00,18.45916164360763
2025-01-15 10:00:00,90.48158012192106
2025-01-15 11:00:00,99.09196856647048
2025-01-15 12:00:00,84.85090450121731
2025-01-15 13:00:00,35.68786945320195
2025-01-15 14:00:00,5.1999025615280665
2025-01-15 15:00:00,0.0
2025-01-15 16:00:00,0.0
2025-01-15 17:00:00,0.0
2025-01-15 18:00:00,0.0
2025-01-15 19:00:00,0.0
2025-01-15 20:00:00,0.0
2025-01-15 21:00:00,0.0
2025-01-15 22:00:00,0.0
2025-01-15 23:00:00,0.0
2025-01-16 00:00:00,0.0
2025-01-16 01:00:00,0.0
2025-01-16 02:00:00,0.0
2025-01-16 03:00:00,0.0
2025-01-16 04:00:00,0.0
2025-01-16 05:00:00,0.0
2025-01-16 06:00:00,0.0
2025-01-16 07:00:00,0.0
2025-01-16 08:00:00,8.187926013841674
2025-01-16 09:00:00,15.430475965629634
2025-01-16 10:00:00,75.99886852170413
2025-01-16 11:00:00,101.3390234440953
2025-01-16 12:00:00,98.30169069117501
2025-01-16 13:00:00,37.2010197373311
2025-01-16 14:00:00,1.4777518697736642
2025-01-16 15:00:00,0.0
2025-01-16 16:00:00,0.0
2025-01-16 17:00:00,0.0
2025-01-16 18:00:00,0.0
2025-01-16 19:00:00,0.0
2025-01-16 20:00:00,0.0
2025-01-16 21:00:00,0.0
2025-01-16 22:00:00,0.0
2025-01-16 23:00:00,0.0
2025-01-17 00:00:00,0.0
2025-01-17 01:00:00,0.0
2025-01-17 02:00:00,0.0
2025-01-17 03:00:00,0.0
2025-01-17 04:00:00,0.0
2025-01-17 05:00:00,0.0
2025-01-17 06:00:00,0.0
2025-01-17 07:00:00,0.0
2025-01-17 08:00:00,9.326568759108937
2025-01-17 09:00:00,50.859853399558176
2025-01-17 10:00:00,83.3879897148949
2025-01-17 11:00:00,94.08347800449474
2025-01-17 12:00:00,79.02302223057626
2025-01-17 13:00:00,17.291305752860644
2025-01-17 14:00:00,6.151181518394915
2025-01-17 15:00:00,0.0
2025-01-17 16:00:00,0.0
2025-01-17 17:00:00,0.0
2025-01-17 18:00:00,0.0
2025-01-17 19:00:00,0.0
2025-01-17 20:00:00,0.0
2025-01-17 21:00:00,0.0
2025-01-17 22:00:00,0.0
2025-01-17 23:00:00,0.0
2025-01-18 00:00:00,0.0
2025-01-18 01:00:00,0.0
2025-01-18 02:00:00,0.0
2025-01-18 03:00:00,0.0
2025-01-18 04:00:00,0.0
2025-01-18 05:00:00,0.0
2025-01-18 06:00:00,0.0
2025-01-18 07:00:00,0.0
2025-01-18 08:00:00,12.557079451979538
2025-01-18 09:00:00,61.8652071016238
2025-01-18 10:00:00,67.1104499706671
2025-01-18 11:00:00,63.33622991146158
2025-01-18 12:00:00,46.07089063599197
2025-01-18 13:00:00,43.236724455755706
2025-01-18 14:00:00,8.263030740544012
2025-01-18 15:00:00,0.0
2025-01-18 16:00:00,0.0
2025-01-18 17:00:00,0.0
2025-01-18 18:00:00,0.0
2025-01-18 19:00:00,0.0
2025-01-18 20:00:00,0.0
2025-01-18 21:00:00,0.0
2025-01-18 22:00:00,0.0
2025-01-18 23:00:00,0.0
2025-01-19 00:00:00,0.0
2025-01-19 01:00:00,0.0
2025-01-19 02:00:00,0.0
2025-01-19 03:00:00,0.0
2025-01-19 04:00:00,0.0
2025-01-19 05:00:00,0.0
2025-01-19 06:00:00,0.0
2025-01-19 07:00:00,0.0
2025-01-19 08:00:00,10.653626064240193
2025-01-19 09:00:00,36.30179447776585
2025-01-19 10:00:00,63.068426845992576
2025-01-19 11:00:00,112.13330417003408
2025-01-19 12:00:00,83.33774808780583
2025-01-19 13:00:00,44.95924454929224
2025-01-19 14:00:00,8.566254646467193
2025-01-19 15:00:00,0.0
2025-01-19 16:00:00,0.0
2025-01-19 17:00:00,0.0
2025-01-19 18:00:00,0.0
2025-01-19 19:00:00,0.0
2025-01-19 20:00:00,0.0
2025-01-19 21:00:00,0.0
2025-01-19 22:00:00,0.0
2025-01-19 23:00:00,0.0
2025-01-20 00:00:00,0.0
2025-01-20 01:00:00,0.0
2025-01-20 02:00:00,0.0
2025-01-20 03:00:00,0.0
2025-01-20 04:00:00,0.0
2025-01-20 05:00:00,0.0
2025-01-20 06:00:00,0.0
2025-01-20 07:00:00,0.0
2025-01-20 08:00:00,14.520123147429185
2025-01-20 09:00:00,19.012190674726998
2025-01-20 10:00:00,54.40361183460258
2025-01-20 11:00:00,47.11652072765784
2025-01-20 12:00:00,42.53707774381593
2025-01-20 13:00:00,17.37639075233339
2025-01-20 14:00:00,1.8948195618541153
2025-01-20 15:00:00,0.0
2025-01-20 16:00:00,0.0
2025-01-20 17:00:00,0.0
2025-01-20 18:00:00,0.0
2025-01-20 19:00:00,0.0
2025-01-20 20:00:00,0.0
2025-01-20 21:00:00,0.0
2025-01-20 22:00:00,0.0
2025-01-20 23:00:00,0.0
2025-01-21 00:00:00,0.0
2025-01-21 01:00:00,0.0
2025-01-21 02:00:00,0.0
2025-01-21 03:00:00,0.0
2025-01-21 04:00:00,0.0
2025-01-21 05:00:00,0.0
2025-01-21 06:00:00,0.0
2025-01-21 07:00:00,0.0
2025-01-21 08:00:00,2.5178155732388636
2025-01-21 09:00:00,18.46628374086975
2025-01-21 10:00:00,32.95905516883046
2025-01-21 11:00:00,38.71367659494495
2025-01-21 12:00:00,32.9511117616772
2025-01-21 13:00:00,18.29744408566126
2025-01-21 14:00:00,2.302847646165363
2025-01-21 15:00:00,0.0
2025-01-21 16:00:00,0.0
2025-01-21 17:00:00,0.0
2025-01-21 18:00:00,0.0
2025-01-21 19:00:00,0.0
2025-01-21 20:00:00,0.0
2025-01-21 21:00:00,0.0
2025-01-21 22:00:00,0.0
2025-01-21 23:00:00,0.0
2025-01-22 00:00:00,0.0
2025-01-22 01:00:00,0.0
2025-01-22 02:00:00,0.0
2025-01-22 03:00:00,0.0
2025-01-22 04:00:00,0.0
2025-01-22 05:00:00,0.0
2025-01-22 06:00:00,0.0
2025-01-22 07:00:00,0.0
2025-01-22 08:00:00,3.2241186892097478
2025-01-22 09:00:00,20.515790124022992
2025-01-22 10:00:00,36.048983869907175
2025-01-22 11:00:00,42.001860333347125
2025-01-22 12:00:00,35.95534881351463
2025-01-22 13:00:00,20.40733935124405
2025-01-22 14:00:00,2.921086431327693
2025-01-22 15:00:00,0.0
2025-01-22 16:00:00,0.0
2025-01-22 17:00:00,0.0
2025-01-22 18:00:00,0.0
2025-01-22 19:00:00,0.0
2025-01-22 20:00:00,0.0
2025-01-22 21:00:00,0.0
2025-01-22 22:00:00,0.0
2025-01-22 23:00:00,0.0
2025-01-23 00:00:00,0.0
2025-01-23 01:00:00,0.0
2025-01-23 02:00:00,0.0
2025-01-23 03:00:00,0.0
2025-01-23 04:00:00,0.0
2025-01-23 05:00:00,0.0
2025-01-23 06:00:00,0.0
2025-01-23 07:00:00,0.0
2025-01-23 08:00:00,3.552364314125187
2025-01-23 09:00:00,20.068741133997005
2025-01-23 10:00:00,35.624734021126415
2025-01-23 11:00:00,42.23874852814218
2025-01-23 12:00:00,36.54009359177526
2025-01-23 13:00:00,20.751105847123526
2025-01-23 14:00:00,3.5042500438097264
2025-01-23 15:00:00,0.0
2025-01-23 16:00:00,0.0
2025-01-23 17:00:00,0.0
2025-01-23 18:00:00,0.0
2025-01-23 19:00:00,0.0
2025-01-23 20:00:00,0.0
2025-01-23 21:00:00,0.0
2025-01-23 22:00:00,0.0
2025-01-23 23:00:00,0.0
2025-01-24 00:00:00,0.0
2025-01-24 01:00:00,0.0
2025-01-24 02:00:00,0.0
2025-01-24 03:00:00,0.0
2025-01-24 04:00:00,0.0
2025-01-24 05:00:00,0.0
2025-01-24 06:00:00,0.0
2025-01-24 07:00:00,0.0
2025-01-24 08:00:00,9.472165614064691
2025-01-24 09:00:00,83.7499688158216
2025-01-24 10:00:00,123.01963883219886
2025-01-24 11:00:00,154.0832079234964
2025-01-24 12:00:00,39.05317786639302
2025-01-24 13:00:00,24.59787971300831
2025-01-24 14:00:00,4.64188278335581
2025-01-24 15:00:00,0.0
2025-01-24 16:00:00,0.0
2025-01-24 17:00:00,0.0
2025-01-24 18:00:00,0.0
2025-01-24 19:00:00,0.0
2025-01-24 20:00:00,0.0
2025-01-24 21:00:00,0.0
2025-01-24 22:00:00,0.0
2025-01-24 23:00:00,0.0
2025-01-25 00:00:00,0.0
2025-01-25 01:00:00,0.0
2025-01-25 02:00:00,0.0
2025-01-25 03:00:00,0.0
2025-01-25 04:00:00,0.0
2025-01-25 05:00:00,0.0
2025-01-25 06:00:00,0.0
2025-01-25 07:00:00,0.0
2025-01-25 08:00:00,27.86597394966653
2025-01-25 09:00:00,89.40719701288435
2025-01-25 10:00:00,129.3845363314892
2025-01-25 11:00:00,82.02951437244931
2025-01-25 12:00:00,105.92114897920293
2025-01-25 13:00:00,48.25925473234595
2025-01-25 14:00:00,9.399672992908586
2025-01-25 15:00:00,0.0
2025-01-25 16:00:00,0.0
2025-01-25 17:00:00,0.0
2025-01-25 18:00:00,0.0
2025-01-25 19:00:00,0.0
2025-01-25 20:00:00,0.0
2025-01-25 21:00:00,0.0
2025-01-25 22:00:00,0.0
2025-01-25 23:00:00,0.0
2025-01-26 00:00:00,0.0
2025-01-26 01:00:00,0.0
2025-01-26 02:00:00,0.0
2025-01-26 03:00:00,0.0
2025-01-26 04:00:00,0.0
2025-01-26 05:00:00,0.0
2025-01-26 06:00:00,0.0
2025-01-26 07:00:00,0.0
2025-01-26 08:00:00,31.521562973988132
2025-01-26 09:00:00,98.24802001394106
2025-01-26 10:00:00,143.76335038197604
2025-01-26 11:00:00,120.54151564925291
2025-01-26 12:00:00,129.21715624910624
2025-01-26 13:00:00,45.07675026847203
2025-01-26 14:00:00,17.203280335081818
2025-01-26 15:00:00,0.0
2025-01-26 16:00:00,0.0
2025-01-26 17:00:00,0.0
2025-01-26 18:00:00,0.0
2025-01-26 19:00:00,0.0
2025-01-26 20:00:00,0.0
2025-01-26 21:00:00,0.0
2025-01-26 22:00:00,0.0
2025-01-26 23:00:00,0.0
2025-01-27 00:00:00,0.0
2025-01-27 01:00:00,0.0
2025-01-27 02:00:00,0.0
2025-01-27 03:00:00,0.0
2025-01-27 04:00:00,0.0
2025-01-27 05:00:00,0.0
2025-01-27 06:00:00,0.0
2025-01-27 07:00:00,0.0
2025-01-27 08:00:00,8.616682500205474
2025-01-27 09:00:00,56.36940714310964
2025-01-27 10:00:00,56.33569130520787
2025-01-27 11:00:00,50.55105987084841
2025-01-27 12:00:00,80.23775114355541
2025-01-27 13:00:00,28.987768235709307
2025-01-27 14:00:00,7.4163423337557255
2025-01-27 15:00:00,0.0
2025-01-27 16:00:00,0.0
2025-01-27 17:00:00,0.0
2025-01-27 18:00:00,0.0
2025-01-27 19:00:00,0.0
2025-01-27 20:00:00,0.0
2025-01-27 21:00:00,0.0
2025-01-27 22:00:00,0.0
2025-01-27 23:00:00,0.0
2025-01-28 00:00:00,0.0
2025-01-28 01:00:00,0.0
2025-01-28 02:00:00,0.0
2025-01-28 03:00:00,0.0
2025-01-28 04:00:00,0.0
2025-01-28 05:00:00,0.0
2025-01-28 06:00:00,0.0
2025-01-28 07:00:00,0.0
2025-01-28 08:00:00,6.8524281489996675
2025-01-28 09:00:00,55.626740667269495
2025-01-28 10:00:00,54.03163661458984
2025-01-28 11:00:00,50.329502604181094
2025-01-28 12:00:00,51.53114766847148
2025-01-28 13:00:00,31.097682690427177
2025-01-28 14:00:00,7.427814865913261
2025-01-28 15:00:00,0.0
2025-01-28 16:00:00,0.0
2025-01-28 17:00:00,0.0
2025-01-28 18:00:00,0.0
2025-01-28 19:00:00,0.0
2025-01-28 20:00:00,0.0
2025-01-28 21:00:00,0.0
2025-01-28 22:00:00,0.0
2025-01-28 23:00:00,0.0
2025-01-29 00:00:00,0.0
2025-01-29 01:00:00,0.0
2025-01-29 02:00:00,0.0
2025-01-29 03:00:00,0.0
2025-01-29 04:00:00,0.0
2025-01-29 05:00:00,0.0
2025-01-29 06:00:00,0.0
2025-01-29 07:00:00,0.0
2025-01-29 08:00:00,8.153962216608498
2025-01-29 09:00:00,28.80160914239204
2025-01-29 10:00:00,44.51136391262182
2025-01-29 11:00:00,51.01921819917008
2025-01-29 12:00:00,44.999695232692396
2025-01-29 13:00:00,29.19580491210891
2025-01-29 14:00:00,8.301319754726768
2025-01-29 15:00:00,0.0
2025-01-29 16:00:00,0.0
2025-01-29 17:00:00,0.0
2025-01-29 18:00:00,0.0
2025-01-29 19:00:00,0.0
2025-01-29 20:00:00,0.0
2025-01-29 21:00:00,0.0
2025-01-29 22:00:00,0.0
2025-01-29 23:00:00,0.0
2025-01-30 00:00:00,0.0
2025-01-30 01:00:00,0.0
2025-01-30 02:00:00,0.0
2025-01-30 03:00:00,0.0
2025-01-30 04:00:00,0.0
2025-01-30 05:00:00,0.0
2025-01-30 06:00:00,0.0
2025-01-30 07:00:00,0.0
2025-01-30 08:00:00,10.629608573020239
2025-01-30 09:00:00,43.875438603765254
2025-01-30 10:00:00,111.35312285735132
2025-01-30 11:00:00,82.69066488867432
2025-01-30 12:00:00,48.116311525267044
2025-01-30 13:00:00,34.64997765780245
2025-01-30 14:00:00,10.714515219240445
2025-01-30 15:00:00,0.0
2025-01-30 16:00:00,0.0
2025-01-30 17:00:00,0.0
2025-01-30 18:00:00,0.0
2025-01-30 19:00:00,0.0
2025-01-30 20:00:00,0.0
2025-01-30 21:00:00,0.0
2025-01-30 22:00:00,0.0
2025-01-30 23:00:00,0.0
2025-01-31 00:00:00,0.0
2025-01-31 01:00:00,0.0
2025-01-31 02:00:00,0.0
2025-01-31 03:00:00,0.0
2025-01-31 04:00:00,0.0
2025-01-31 05:00:00,0.0
2025-01-31 06:00:00,0.0
2025-01-31 07:00:00,0.0
2025-01-31 08:00:00,14.504765392000674
2025-01-31 09:00:00,45.62043499086503
2025-01-31 10:00:00,51.58926007762454
2025-01-31 11:00:00,57.46498474307281
2025-01-31 12:00:00,50.43244533973644
2025-01-31 13:00:00,34.745986181868176
2025-01-31 14:00:00,37.075486162026124
2025-01-31 15:00:00,0.0
2025-01-31 16:00:00,0.0
2025-01-31 17:00:00,0.0
2025-01-31 18:00:00,0.0
2025-01-31 19:00:00,0.0
2025-01-31 20:00:00,0.0
2025-01-31 21:00:00,0.0
2025-01-31 22:00:00,0.0
2025-01-31 23:00:00,0.0
2025-02-01 00:00:00,0.0
2025-02-01 01:00:00,0.0
2025-02-01 02:00:00,0.0
2025-02-01 03:00:00,0.0
2025-02-01 04:00:00,0.0
2025-02-01 05:00:00,0.0
2025-02-01 06:00:00,0.0
2025-02-01 07:00:00,0.0
2025-02-01 08:00:00,52.42773202432458
2025-02-01 09:00:00,125.43282009161098
2025-02-01 10:00:00,171.03174304802883
2025-02-01 11:00:00,199.34854769330275
2025-02-01 12:00:00,181.49109407468626
2025-02-01 13:00:00,129.16927579158056
2025-02-01 14:00:00,45.213323643734014
2025-02-01 15:00:00,0.0
2025-02-01 16:00:00,0.0
2025-02-01 17:00:00,0.0
2025-02-01 18:00:00,0.0
2025-02-01 19:00:00,0.0
2025-02-01 20:00:00,0.0
2025-02-01 21:00:00,0.0
2025-02-01 22:00:00,0.0
2025-02-01 23:00:00,0.0
2025-02-02 00:00:00,0.0
2025-02-02 01:00:00,0.0
2025-02-02 02:00:00,0.0
2025-02-02 03:00:00,0.0
2025-02-02 04:00:00,0.0
2025-02-02 05:00:00,0.0
2025-02-02 06:00:00,0.0
2025-02-02 07:00:00,0.0
2025-02-02 08:00:00,15.506775265823883
2025-02-02 09:00:00,77.39690764373009
2025-02-02 10:00:00,149.65682238145743
2025-02-02 11:00:00,61.64503403573686
2025-02-02 12:00:00,55.54904296169984
2025-02-02 13:00:00,37.686114496882574
2025-02-02 14:00:00,15.919207934776537
2025-02-02 15:00:00,0.0
2025-02-02 16:00:00,0.0
2025-02-02 17:00:00,0.0
2025-02-02 18:00:00,0.0
2025-02-02 19:00:00,0.0
2025-02-02 20:00:00,0.0
2025-02-02 21:00:00,0.0
2025-02-02 22:00:00,0.0
2025-02-02 23:00:00,0.0
2025-02-03 00:00:00,0.0
2025-02-03 01:00:00,0.0
2025-02-03 02:00:00,0.0
2025-02-03 03:00:00,0.0
2025-02-03 04:00:00,0.0
2025-02-03 05:00:00,0.0
2025-02-03 06:00:00,0.0
2025-02-03 07:00:00,0.0
2025-02-03 08:00:00,17.205929446544335
2025-02-03 09:00:00,47.066977291037745
2025-02-03 10:00:00,55.88933153259645
2025-02-03 11:00:00,61.86868205052816
2025-02-03 12:00:00,67.1846939200478
2025-02-03 13:00:00,45.11757388456631
2025-02-03 14:00:00,15.946673780606572
2025-02-03 15:00:00,0.0
2025-02-03 16:00:00,0.0
2025-02-03 17:00:00,0.0
2025-02-03 18:00:00,0.0
2025-02-03 19:00:00,0.0
2025-02-03 20:00:00,0.0
2025-02-03 21:00:00,0.0
2025-02-03 22:00:00,0.0
2025-02-03 23:00:00,0.0
2025-02-04 00:00:00,0.0
2025-02-04 01:00:00,0.0
2025-02-04 02:00:00,0.0
2025-02-04 03:00:00,0.0
2025-02-04 04:00:00,0.0
2025-02-04 05:00:00,0.0
2025-02-04 06:00:00,0.0
2025-02-04 07:00:00,0.0
2025-02-04 08:00:00,13.872781139807389
2025-02-04 09:00:00,37.12548109072177
2025-02-04 10:00:00,53.54457985452524
2025-02-04 11:00:00,60.35308369760463
2025-02-04 12:00:00,54.151470710712104
2025-02-04 13:00:00,38.24702332443991
2025-02-04 14:00:00,15.888284059107624
2025-02-04 15:00:00,0.0
2025-02-04 16:00:00,0.0
2025-02-04 17:00:00,0.0
2025-02-04 18:00:00,0.0
2025-02-04 19:00:00,0.0
2025-02-04 20:00:00,0.0
2025-02-04 21:00:00,0.0
2025-02-04 22:00:00,0.0
2025-02-04 23:00:00,0.0
2025-02-05 00:00:00,0.0
2025-02-05 01:00:00,0.0
2025-02-05 02:00:00,0.0
2025-02-05 03:00:00,0.0
2025-02-05 04:00:00,0.0
2025-02-05 05:00:00,0.0
2025-02-05 06:00:00,0.0
2025-02-05 07:00:00,0.0
2025-02-05 08:00:00,14.473045838057855
2025-02-05 09:00:00,38.31998799525981
2025-02-05 10:00:00,88.37517981639492
2025-02-05 11:00:00,65.68497890877265
2025-02-05 12:00:00,102.230813397468
2025-02-05 13:00:00,55.44872416290325
2025-02-05 14:00:00,51.63366522503763
2025-02-05 15:00:00,1.9347466246706166
2025-02-05 16:00:00,0.0
2025-02-05 17:00:00,0.0
2025-02-05 18:00:00,0.0
2025-02-05 19:00:00,0.0
2025-02-05 20:00:00,0.0
2025-02-05 21:00:00,0.0
2025-02-05 22:00:00,0.0
2025-02-05 23:00:00,0.0
2025-02-06 00:00:00,0.0
2025-02-06 01:00:00,0.0
2025-02-06 02:00:00,0.0
2025-02-06 03:00:00,0.0
2025-02-06 04:00:00,0.0
2025-02-06 05:00:00,0.0
2025-02-06 06:00:00,0.0
2025-02-06 07:00:00,1.9529345307746022
2025-02-06 08:00:00,68.92743272900657
2025-02-06 09:00:00,151.1920636008845
2025-02-06 10:00:00,205.25572742814302
2025-02-06 11:00:00,224.15975753461566
2025-02-06 12:00:00,210.2750451523219
2025-02-06 13:00:00,152.59254156013543
2025-02-06 14:00:00,78.65196353225454
2025-02-06 15:00:00,4.5688200677243405
2025-02-06 16:00:00,0.0
2025-02-06 17:00:00,0.0
2025-02-06 18:00:00,0.0
2025-02-06 19:00:00,0.0
2025-02-06 20:00:00,0.0
2025-02-06 21:00:00,0.0
2025-02-06 22:00:00,0.0
2025-02-06 23:00:00,0.0
2025-02-07 00:00:00,0.0
2025-02-07 01:00:00,0.0
2025-02-07 02:00:00,0.0
2025-02-07 03:00:00,0.0
2025-02-07 04:00:00,0.0
2025-02-07 05:00:00,0.0
2025-02-07 06:00:00,0.0
2025-02-07 07:00:00,0.0
2025-02-07 08:00:00,19.5441906887701
2025-02-07 09:00:00,52.88918148037264
2025-02-07 10:00:00,69.84160183373712
2025-02-07 11:00:00,73.13695802310205
2025-02-07 12:00:00,61.68109524541312
2025-02-07 13:00:00,44.69219262684624
2025-02-07 14:00:00,20.350162203388205
2025-02-07 15:00:00,0.0
2025-02-07 16:00:00,0.0
2025-02-07 17:00:00,0.0
2025-02-07 18:00:00,0.0
2025-02-07 19:00:00,0.0
2025-02-07 20:00:00,0.0
2025-02-07 21:00:00,0.0
2025-02-07 22:00:00,0.0
2025-02-07 23:00:00,0.0
2025-02-08 00:00:00,0.0
2025-02-08 01:00:00,0.0
2025-02-08 02:00:00,0.0
2025-02-08 03:00:00,0.0
2025-02-08 04:00:00,0.0
2025-02-08 05:00:00,0.0
2025-02-08 06:00:00,0.0
2025-02-08 07:00:00,0.0
2025-02-08 08:00:00,18.15705072070745
2025-02-08 09:00:00,41.70197022068472
2025-02-08 10:00:00,60.76901930226933
2025-02-08 11:00:00,67.49067492139896
2025-02-08 12:00:00,60.19264630035402
2025-02-08 13:00:00,42.927387143079514
2025-02-08 14:00:00,21.634826780206332
2025-02-08 15:00:00,0.6692027717887378
2025-02-08 16:00:00,0.0
2025-02-08 17:00:00,0.0
2025-02-08 18:00:00,0.0
2025-02-08 19:00:00,0.0
2025-02-08 20:00:00,0.0
2025-02-08 21:00:00,0.0
2025-02-08 22:00:00,0.0
2025-02-08 23:00:00,0.0
2025-02-09 00:00:00,0.0
2025-02-09 01:00:00,0.0
2025-02-09 02:00:00,0.0
2025-02-09 03:00:00,0.0
2025-02-09 04:00:00,0.0
2025-02-09 05:00:00,0.0
2025-02-09 06:00:00,0.0
2025-02-09 07:00:00,0.0
2025-02-09 08:00:00,26.13738571720165
2025-02-09 09:00:00,44.79083035604386
2025-02-09 10:00:00,64.69104692934108
2025-02-09 11:00:00,77.80658443780149
2025-02-09 12:00:00,63.80885452835499
2025-02-09 13:00:00,46.3384972860946
2025-02-09 14:00:00,22.694335178012643
2025-02-09 15:00:00,3.14018518694707
2025-02-09 16:00:00,0.0
2025-02-09 17:00:00,0.0
2025-02-09 18:00:00,0.0
2025-02-09 19:00:00,0.0
2025-02-09 20:00:00,0.0
2025-02-09 21:00:00,0.0
2025-02-09 22:00:00,0.0
2025-02-09 23:00:00,0.0
2025-02-10 00:00:00,0.0
2025-02-10 01:00:00,0.0
2025-02-10 02:00:00,0.0
2025-02-10 03:00:00,0.0
2025-02-10 04:00:00,0.0
2025-02-10 05:00:00,0.0
2025-02-10 06:00:00,0.0
2025-02-10 07:00:00,8.383441170300287
2025-02-10 08:00:00,88.73907332963815
2025-02-10 09:00:00,170.2265985722871
2025-02-10 10:00:00,224.011289523598
2025-02-10 11:00:00,240.4047605923571
2025-02-10 12:00:00,223.41194085602328
2025-02-10 13:00:00,170.19413717185654
2025-02-10 14:00:00,92.12709156315687
2025-02-10 15:00:00,12.70449193363635
2025-02-10 16:00:00,0.0
2025-02-10 17:00:00,0.0
2025-02-10 18:00:00,0.0
2025-02-10 19:00:00,0.0
2025-02-10 20:00:00,0.0
2025-02-10 21:00:00,0.0
2025-02-10 22:00:00,0.0
2025-02-10 23:00:00,0.0
2025-02-11 00:00:00,0.0
2025-02-11 01:00:00,0.0
2025-02-11 02:00:00,0.0
2025-02-11 03:00:00,0.0
2025-02-11 04:00:00,0.0
2025-02-11 05:00:00,0.0
2025-02-11 06:00:00,0.0
2025-02-11 07:00:00,6.120378602035576
2025-02-11 08:00:00,45.088289186835375
2025-02-11 09:00:00,100.72600838493096
2025-02-11 10:00:00,72.26665501641739
2025-02-11 11:00:00,77.81828587224643
2025-02-11 12:00:00,72.74295915820402
2025-02-11 13:00:00,53.457270347306725
2025-02-11 14:00:00,37.80632231567633
2025-02-11 15:00:00,5.715616688373513
2025-02-11 16:00:00,0.0
2025-02-11 17:00:00,0.0
2025-02-11 18:00:00,0.0
2025-02-11 19:00:00,0.0
2025-02-11 20:00:00,0.0
2025-02-11 21:00:00,0.0
2025-02-11 22:00:00,0.0
2025-02-11 23:00:00,0.0
2025-02-12 00:00:00,0.0
2025-02-12 01:00:00,0.0
2025-02-12 02:00:00,0.0
2025-02-12 03:00:00,0.0
2025-02-12 04:00:00,0.0
2025-02-12 05:00:00,0.0
2025-02-12 06:00:00,0.0
2025-02-12 07:00:00,0.0
2025-02-12 08:00:00,0.0
2025-02-12 09:00:00,0.0
2025-02-12 10:00:00,0.0
2025-02-12 11:00:00,0.0
2025-02-12 12:00:00,0.0
2025-02-12 13:00:00,0.0
2025-02-12 14:00:00,0.0
2025-02-12 15:00:00,0.0
2025-02-12 16:00:00,0.0
2025-02-12 17:00:00,0.0
2025-02-12 18:00:00,0.0
2025-02-12 19:00:00,0.0
2025-02-12 20:00:00,0.0
2025-02-12 21:00:00,0.0
2025-02-12 22:00:00,0.0
2025-02-12 23:00:00,0.0
2025-02-13 00:00:00,0.0
2025-02-13 01:00:00,0.0
2025-02-13 02:00:00,0.0
2025-02-13 03:00:00,0.0
2025-02-13 04:00:00,0.0
2025-02-13 05:00:00,0.0
2025-02-13 06:00:00,0.0
2025-02-13 07:00:00,6.1314673274426035
2025-02-13 08:00:00,45.03480570140818
2025-02-13 09:00:00,152.9207651860666
2025-02-13 10:00:00,227.3253100575915
2025-02-13 11:00:00,240.25682971502462
2025-02-13 12:00:00,239.18521406344084
2025-02-13 13:00:00,182.3523760906353
2025-02-13 14:00:00,93.74493349950451
2025-02-13 15:00:00,24.347159041733228
2025-02-13 16:00:00,0.0
2025-02-13 17:00:00,0.0
2025-02-13 18:00:00,0.0
2025-02-13 19:00:00,0.0
2025-02-13 20:00:00,0.0
2025-02-13 21:00:00,0.0
2025-02-13 22:00:00,0.0
2025-02-13 23:00:00,0.0
2025-02-14 00:00:00,0.0
2025-02-14 01:00:00,0.0
2025-02-14 02:00:00,0.0
2025-02-14 03:00:00,0.0
2025-02-14 04:00:00,0.0
2025-02-14 05:00:00,0.0
2025-02-14 06:00:00,0.0
2025-02-14 07:00:00,5.201189592945869
2025-02-14 08:00:00,49.64156926814519
2025-02-14 09:00:00,79.26672356940564
2025-02-14 10:00:00,109.78114878035775
2025-02-14 11:00:00,93.8373215381394
2025-02-14 12:00:00,252.70823928875805
2025-02-14 13:00:00,177.66365195616666
2025-02-14 14:00:00,104.85891747887482
2025-02-14 15:00:00,5.17187275756927
2025-02-14 16:00:00,0.0
2025-02-14 17:00:00,0.0
2025-02-14 18:00:00,0.0
2025-02-14 19:00:00,0.0
2025-02-14 20:00:00,0.0
2025-02-14 21:00:00,0.0
2025-02-14 22:00:00,0.0
2025-02-14 23:00:00,0.0
2025-02-15 00:00:00,0.0
2025-02-15 01:00:00,0.0
2025-02-15 02:00:00,0.0
2025-02-15 03:00:00,0.0
2025-02-15 04:00:00,0.0
2025-02-15 05:00:00,0.0
2025-02-15 06:00:00,0.0
2025-02-15 07:00:00,4.662588068300983
2025-02-15 08:00:00,32.486397436263516
2025-02-15 09:00:00,173.96053395765037
2025-02-15 10:00:00,209.78958408605354
2025-02-15 11:00:00,195.4148909425266
2025-02-15 12:00:00,143.50506913621592
2025-02-15 13:00:00,67.99342820582838
2025-02-15 14:00:00,35.318197673704525
2025-02-15 15:00:00,24.884730451868762
2025-02-15 16:00:00,0.0
2025-02-15 17:00:00,0.0
2025-02-15 18:00:00,0.0
2025-02-15 19:00:00,0.0
2025-02-15 20:00:00,0.0
2025-02-15 21:00:00,0.0
2025-02-15 22:00:00,0.0
2025-02-15 23:00:00,0.0
2025-02-16 00:00:00,0.0
2025-02-16 01:00:00,0.0
2025-02-16 02:00:00,0.0
2025-02-16 03:00:00,0.0
2025-02-16 04:00:00,0.0
2025-02-16 05:00:00,0.0
2025-02-16 06:00:00,0.0
2025-02-16 07:00:00,28.78810032422888
2025-02-16 08:00:00,120.95374440945135
2025-02-16 09:00:00,178.52515667532057
2025-02-16 10:00:00,223.32239708154344
2025-02-16 11:00:00,265.18500876850567
2025-02-16 12:00:00,261.27616815626146
2025-02-16 13:00:00,138.90784022069457
2025-02-16 14:00:00,115.52163987218118
2025-02-16 15:00:00,29.791689055871235
2025-02-16 16:00:00,0.0
2025-02-16 17:00:00,0.0
2025-02-16 18:00:00,0.0
2025-02-16 19:00:00,0.0
2025-02-16 20:00:00,0.0
2025-02-16 21:00:00,0.0
2025-02-16 22:00:00,0.0
2025-02-16 23:00:00,0.0
2025-02-17 00:00:00,0.0
2025-02-17 01:00:00,0.0
2025-02-17 02:00:00,0.0
2025-02-17 03:00:00,0.0
2025-02-17 04:00:00,0.0
2025-02-17 05:00:00,0.0
2025-02-17 06:00:00,0.0
2025-02-17 07:00:00,13.712120477497349
2025-02-17 08:00:00,37.87143715154133
2025-02-17 09:00:00,94.40367846643908
2025-02-17 10:00:00,118.93243111879566
2025-02-17 11:00:00,237.30308725235346
2025-02-17 12:00:00,206.93263220435003
2025-02-17 13:00:00,172.22920903176217
2025-02-17 14:00:00,95.30150644176788
2025-02-17 15:00:00,11.917300685366818
2025-02-17 16:00:00,0.0
2025-02-17 17:00:00,0.0
2025-02-17 18:00:00,0.0
2025-02-17 19:00:00,0.0
2025-02-17 20:00:00,0.0
2025-02-17 21:00:00,0.0
2025-02-17 22:00:00,0.0
2025-02-17 23:00:00,0.0
2025-02-18 00:00:00,0.0
2025-02-18 01:00:00,0.0
2025-02-18 02:00:00,0.0
2025-02-18 03:00:00,0.0
2025-02-18 04:00:00,0.0
2025-02-18 05:00:00,0.0
2025-02-18 06:00:00,0.0
2025-02-18 07:00:00,37.799190179299416
2025-02-18 08:00:00,124.04357755265693
2025-02-18 09:00:00,118.43996284710204
2025-02-18 10:00:00,238.92748768376578
2025-02-18 11:00:00,166.78059748511106
2025-02-18 12:00:00,232.66845028140148
2025-02-18 13:00:00,208.68626181369217
2025-02-18 14:00:00,42.471199164602034
2025-02-18 15:00:00,40.02088600936974
2025-02-18 16:00:00,0.0
2025-02-18 17:00:00,0.0
2025-02-18 18:00:00,0.0
2025-02-18 19:00:00,0.0
2025-02-18 20:00:00,0.0
2025-02-18 21:00:00,0.0
2025-02-18 22:00:00,0.0
2025-02-18 23:00:00,0.0
2025-02-19 00:00:00,0.0
2025-02-19 01:00:00,0.0
2025-02-19 02:00:00,0.0
2025-02-19 03:00:00,0.0
2025-02-19 04:00:00,0.0
2025-02-19 05:00:00,0.0
2025-02-19 06:00:00,0.0
2025-02-19 07:00:00,40.63746007255064
2025-02-19 08:00:00,130.7764254887025
2025-02-19 09:00:00,219.94858518881117
2025-02-19 10:00:00,276.82685077094317
2025-02-19 11:00:00,299.18807740214345
2025-02-19 12:00:00,278.6122755735099
2025-02-19 13:00:00,223.59205137016804
2025-02-19 14:00:00,142.29636579324398
2025-02-19 15:00:00,40.67231049582204
2025-02-19 16:00:00,0.0
2025-02-19 17:00:00,0.0
2025-02-19 18:00:00,0.0
2025-02-19 19:00:00,0.0
2025-02-19 20:00:00,0.0
2025-02-19 21:00:00,0.0
2025-02-19 22:00:00,0.0
2025-02-19 23:00:00,0.0
2025-02-20 00:00:00,0.0
2025-02-20 01:00:00,0.0
2025-02-20 02:00:00,0.0
2025-02-20 03:00:00,0.0
2025-02-20 04:00:00,0.0
2025-02-20 05:00:00,0.0
2025-02-20 06:00:00,0.0
2025-02-20 07:00:00,43.70001439280346
2025-02-20 08:00:00,142.2119116115729
2025-02-20 09:00:00,224.8609609298883
2025-02-20 10:00:00,285.61961952850294
2025-02-20 11:00:00,304.8523418341925
2025-02-20 12:00:00,264.63285954016015
2025-02-20 13:00:00,205.51311251113012
2025-02-20 14:00:00,125.89982022755369
2025-02-20 15:00:00,37.52366443247875
2025-02-20 16:00:00,0.0
2025-02-20 17:00:00,0.0
2025-02-20 18:00:00,0.0
2025-02-20 19:00:00,0.0
2025-02-20 20:00:00,0.0
2025-02-20 21:00:00,0.0
2025-02-20 22:00:00,0.0
2025-02-20 23:00:00,0.0
2025-02-21 00:00:00,0.0
2025-02-21 01:00:00,0.0
2025-02-21 02:00:00,0.0
2025-02-21 03:00:00,0.0
2025-02-21 04:00:00,0.0
2025-02-21 05:00:00,0.0
2025-02-21 06:00:00,0.0
2025-02-21 07:00:00,9.324883833354995
2025-02-21 08:00:00,38.17903396647402
2025-02-21 09:00:00,65.99077665308303
2025-02-21 10:00:00,88.60363369548482
2025-02-21 11:00:00,94.02435410387045
2025-02-21 12:00:00,87.26148756523992
2025-02-21 13:00:00,66.6993749530017
2025-02-21 14:00:00,40.37575407273447
2025-02-21 15:00:00,11.162810284412227
2025-02-21 16:00:00,0.0
2025-02-21 17:00:00,0.0
2025-02-21 18:00:00,0.0
2025-02-21 19:00:00,0.0
2025-02-21 20:00:00,0.0
2025-02-21 21:00:00,0.0
2025-02-21 22:00:00,0.0
2025-02-21 23:00:00,0.0
2025-02-22 00:00:00,0.0
2025-02-22 01:00:00,0.0
2025-02-22 02:00:00,0.0
2025-02-22 03:00:00,0.0
2025-02-22 04:00:00,0.0
2025-02-22 05:00:00,0.0
2025-02-22 06:00:00,0.0
2025-02-22 07:00:00,9.508647073386845
2025-02-22 08:00:00,37.65671585686021
2025-02-22 09:00:00,67.78167009409037
2025-02-22 10:00:00,86.92572235826184
2025-02-22 11:00:00,96.6653798602758
2025-02-22 12:00:00,179.6636213666297
2025-02-22 13:00:00,111.08542600489555
2025-02-22 14:00:00,95.52875250311473
2025-02-22 15:00:00,32.34595297315609
2025-02-22 16:00:00,0.0
2025-02-22 17:00:00,0.0
2025-02-22 18:00:00,0.0
2025-02-22 19:00:00,0.0
2025-02-22 20:00:00,0.0
2025-02-22 21:00:00,0.0
2025-02-22 22:00:00,0.0
2025-02-22 23:00:00,0.0
2025-02-23 00:00:00,0.0
2025-02-23 01:00:00,0.0
2025-02-23 02:00:00,0.0
2025-02-23 03:00:00,0.0
2025-02-23 04:00:00,0.0
2025-02-23 05:00:00,0.0
2025-02-23 06:00:00,0.0
2025-02-23 07:00:00,10.13476617823733
2025-02-23 08:00:00,40.851227195274866
2025-02-23 09:00:00,66.93201346558662
2025-02-23 10:00:00,83.94248271259454
2025-02-23 11:00:00,94.94793629805326
2025-02-23 12:00:00,88.7815348719887
2025-02-23 13:00:00,76.10594741492932
2025-02-23 14:00:00,44.49710652059104
2025-02-23 15:00:00,14.256140096864543
2025-02-23 16:00:00,0.0
2025-02-23 17:00:00,0.0
2025-02-23 18:00:00,0.0
2025-02-23 19:00:00,0.0
2025-02-23 20:00:00,0.0
2025-02-23 21:00:00,0.0
2025-02-23 22:00:00,0.0
2025-02-23 23:00:00,0.0
2025-02-24 00:00:00,0.0
2025-02-24 01:00:00,0.0
2025-02-24 02:00:00,0.0
2025-02-24 03:00:00,0.0
2025-02-24 04:00:00,0.0
2025-02-24 05:00:00,0.0
2025-02-24 06:00:00,0.0
2025-02-24 07:00:00,16.325025477926403
2025-02-24 08:00:00,49.383147622952876
2025-02-24 09:00:00,92.46979198923651
2025-02-24 10:00:00,94.50867056263928
2025-02-24 11:00:00,154.73000830730757
2025-02-24 12:00:00,93.52716822468113
2025-02-24 13:00:00,111.83354568078245
2025-02-24 14:00:00,91.83622403805978
2025-02-24 15:00:00,25.637441781898513
2025-02-24 16:00:00,0.0
2025-02-24 17:00:00,0.0
2025-02-24 18:00:00,0.0
2025-02-24 19:00:00,0.0
2025-02-24 20:00:00,0.0
2025-02-24 21:00:00,0.0
2025-02-24 22:00:00,0.0
2025-02-24 23:00:00,0.0
2025-02-25 00:00:00,0.0
2025-02-25 01:00:00,0.0
2025-02-25 02:00:00,0.0
2025-02-25 03:00:00,0.0
2025-02-25 04:00:00,0.0
2025-02-25 05:00:00,0.0
2025-02-25 06:00:00,0.0
2025-02-25 07:00:00,15.22930827162724
2025-02-25 08:00:00,48.543770016163364
2025-02-25 09:00:00,76.48430092726785
2025-02-25 10:00:00,97.95783943276984
2025-02-25 11:00:00,103.11307055730482
2025-02-25 12:00:00,94.28744166499843
2025-02-25 13:00:00,77.80213088181023
2025-02-25 14:00:00,48.67562324359657
2025-02-25 15:00:00,17.04420078356762
2025-02-25 16:00:00,0.0
2025-02-25 17:00:00,0.0
2025-02-25 18:00:00,0.0
2025-02-25 19:00:00,0.0
2025-02-25 20:00:00,0.0
2025-02-25 21:00:00,0.0
2025-02-25 22:00:00,0.0
2025-02-25 23:00:00,0.0
2025-02-26 00:00:00,0.0
2025-02-26 01:00:00,0.0
2025-02-26 02:00:00,0.0
2025-02-26 03:00:00,0.0
2025-02-26 04:00:00,0.0
2025-02-26 05:00:00,0.0
2025-02-26 06:00:00,0.0
2025-02-26 07:00:00,28.847909268657357
2025-02-26 08:00:00,136.1421473326417
2025-02-26 09:00:00,255.080901318455
2025-02-26 10:00:00,194.34486688368648
2025-02-26 11:00:00,109.38855934647395
2025-02-26 12:00:00,103.67060173743226
2025-02-26 13:00:00,93.44793747822948
2025-02-26 14:00:00,54.55291455642379
2025-02-26 15:00:00,24.170918774814126
2025-02-26 16:00:00,0.0
2025-02-26 17:00:00,0.0
2025-02-26 18:00:00,0.0
2025-02-26 19:00:00,0.0
2025-02-26 20:00:00,0.0
2025-02-26 21:00:00,0.0
2025-02-26 22:00:00,0.0
2025-02-26 23:00:00,0.0
2025-02-27 00:00:00,0.0
2025-02-27 01:00:00,0.0
2025-02-27 02:00:00,0.0
2025-02-27 03:00:00,0.0
2025-02-27 04:00:00,0.0
2025-02-27 05:00:00,0.0
2025-02-27 06:00:00,0.0
2025-02-27 07:00:00,18.587799321631564
2025-02-27 08:00:00,77.3743024201816
2025-02-27 09:00:00,81.76762078256309
2025-02-27 10:00:00,100.56754138353342
2025-02-27 11:00:00,109.47659528544861
2025-02-27 12:00:00,102.81864274250256
2025-02-27 13:00:00,81.66027056265764
2025-02-27 14:00:00,53.85477085567317
2025-02-27 15:00:00,20.286491488124668
2025-02-27 16:00:00,0.0
2025-02-27 17:00:00,0.0
2025-02-27 18:00:00,0.0
2025-02-27 19:00:00,0.0
2025-02-27 20:00:00,0.0
2025-02-27 21:00:00,0.0
2025-02-27 22:00:00,0.0
2025-02-27 23:00:00,0.0
2025-02-28 00:00:00,0.0
2025-02-28 01:00:00,0.0
2025-02-28 02:00:00,0.0
2025-02-28 03:00:00,0.0
2025-02-28 04:00:00,0.0
2025-02-28 05:00:00,0.0
2025-02-28 06:00:00,0.0
2025-02-28 07:00:00,20.67246295324173
2025-02-28 08:00:00,56.31328180536499
2025-02-28 09:00:00,86.07568092921889
2025-02-28 10:00:00,107.61868848515536
2025-02-28 11:00:00,112.85467922789611
2025-02-28 12:00:00,109.06863042306237
2025-02-28 13:00:00,171.0296545231
2025-02-28 14:00:00,167.13461003144658
2025-02-28 15:00:00,79.50061695833315
2025-02-28 16:00:00,2.5107926193553913
2025-02-28 17:00:00,0.0
2025-02-28 18:00:00,0.0
2025-02-28 19:00:00,0.0
2025-02-28 20:00:00,0.0
2025-02-28 21:00:00,0.0
2025-02-28 22:00:00,0.0
2025-02-28 23:00:00,0.0
2025-03-01 00:00:00,0.0
2025-03-01 01:00:00,0.0
2025-03-01 02:00:00,0.0
2025-03-01 03:00:00,0.0
2025-03-01 04:00:00,0.0
2025-03-01 05:00:00,0.0
2025-03-01 06:00:00,0.3876430503408328
2025-03-01 07:00:00,32.00293106107375
2025-03-01 08:00:00,75.14382387128512
2025-03-01 09:00:00,117.49739778146257
2025-03-01 10:00:00,117.79633100216932
2025-03-01 11:00:00,110.3718173767081
2025-03-01 12:00:00,115.97354521118628
2025-03-01 13:00:00,160.51386443866872
2025-03-01 14:00:00,63.406771784880796
2025-03-01 15:00:00,20.58035757482668
2025-03-01 16:00:00,0.0
2025-03-01 17:00:00,0.0
2025-03-01 18:00:00,0.0
2025-03-01 19:00:00,0.0
2025-03-01 20:00:00,0.0
2025-03-01 21:00:00,0.0
2025-03-01 22:00:00,0.0
2025-03-01 23:00:00,0.0
2025-03-02 00:00:00,0.0
2025-03-02 01:00:00,0.0
2025-03-02 02:00:00,0.0
2025-03-02 03:00:00,0.0
2025-03-02 04:00:00,0.0
2025-03-02 05:00:00,0.0
2025-03-02 06:00:00,4.179356220105874
2025-03-02 07:00:00,65.79434895229366
2025-03-02 08:00:00,118.23818604967535
2025-03-02 09:00:00,217.64628682270987
2025-03-02 10:00:00,315.0947911737829
2025-03-02 11:00:00,329.2144919799853
2025-03-02 12:00:00,245.9073449071643
2025-03-02 13:00:00,220.26813197351404
2025-03-02 14:00:00,138.53644340097443
2025-03-02 15:00:00,82.21765947742493
2025-03-02 16:00:00,3.1562486414875064
2025-03-02 17:00:00,0.0
2025-03-02 18:00:00,0.0
2025-03-02 19:00:00,0.0
2025-03-02 20:00:00,0.0
2025-03-02 21:00:00,0.0
2025-03-02 22:00:00,0.0
2025-03-02 23:00:00,0.0
2025-03-03 00:00:00,0.0
2025-03-03 01:00:00,0.0
2025-03-03 02:00:00,0.0
2025-03-03 03:00:00,0.0
2025-03-03 04:00:00,0.0
2025-03-03 05:00:00,0.0
2025-03-03 06:00:00,6.043643469985183
2025-03-03 07:00:00,71.4028992614623
2025-03-03 08:00:00,173.18760827090003
2025-03-03 09:00:00,260.2902343660076
2025-03-03 10:00:00,342.02982225210303
2025-03-03 11:00:00,361.5196506842396
2025-03-03 12:00:00,344.9749573113749
2025-03-03 13:00:00,288.8010056721985
2025-03-03 14:00:00,192.26988317698502
2025-03-03 15:00:00,60.554245448375724
2025-03-03 16:00:00,5.1301504937490146
2025-03-03 17:00:00,0.0
2025-03-03 18:00:00,0.0
2025-03-03 19:00:00,0.0
2025-03-03 20:00:00,0.0
2025-03-03 21:00:00,0.0
2025-03-03 22:00:00,0.0
2025-03-03 23:00:00,0.0
2025-03-04 00:00:00,0.0
2025-03-04 01:00:00,0.0
2025-03-04 02:00:00,0.0
2025-03-04 03:00:00,0.0
2025-03-04 04:00:00,0.0
2025-03-04 05:00:00,0.0
2025-03-04 06:00:00,8.067079182790145
2025-03-04 07:00:00,74.81817323251938
2025-03-04 08:00:00,142.0573557066236
2025-03-04 09:00:00,235.3425078635205
2025-03-04 10:00:00,244.24258641433886
2025-03-04 11:00:00,338.137314890472
2025-03-04 12:00:00,312.6234710043724
2025-03-04 13:00:00,133.0083683063155
2025-03-04 14:00:00,141.84628788339444
2025-03-04 15:00:00,72.63683417695684
2025-03-04 16:00:00,7.875288421083152
2025-03-04 17:00:00,0.0
2025-03-04 18:00:00,0.0
2025-03-04 19:00:00,0.0
2025-03-04 20:00:00,0.0
2025-03-04 21:00:00,0.0
2025-03-04 22:00:00,0.0
2025-03-04 23:00:00,0.0
2025-03-05 00:00:00,0.0
2025-03-05 01:00:00,0.0
2025-03-05 02:00:00,0.0
2025-03-05 03:00:00,0.0
2025-03-05 04:00:00,0.0
2025-03-05 05:00:00,0.0
2025-03-05 06:00:00,7.420994604210729
2025-03-05 07:00:00,44.442282592801035
2025-03-05 08:00:00,102.85375879875916
2025-03-05 09:00:00,185.58547898190878
2025-03-05 10:00:00,208.46907148490496
2025-03-05 11:00:00,247.54591695642773
2025-03-05 12:00:00,286.398477232748
2025-03-05 13:00:00,265.83231968324935
2025-03-05 14:00:00,146.22703768225068
2025-03-05 15:00:00,100.40236409776203
2025-03-05 16:00:00,7.648310725591099
2025-03-05 17:00:00,0.0
2025-03-05 18:00:00,0.0
2025-03-05 19:00:00,0.0
2025-03-05 20:00:00,0.0
2025-03-05 21:00:00,0.0
2025-03-05 22:00:00,0.0
2025-03-05 23:00:00,0.0
2025-03-06 00:00:00,0.0
2025-03-06 01:00:00,0.0
2025-03-06 02:00:00,0.0
2025-03-06 03:00:00,0.0
2025-03-06 04:00:00,0.0
2025-03-06 05:00:00,0.0
2025-03-06 06:00:00,6.585814646374727
2025-03-06 07:00:00,88.53438667636347
2025-03-06 08:00:00,103.93509105775946
2025-03-06 09:00:00,263.2764117819176
2025-03-06 10:00:00,268.59292779446093
2025-03-06 11:00:00,255.88806629170634
2025-03-06 12:00:00,261.08826517023516
2025-03-06 13:00:00,277.2455420260858
2025-03-06 14:00:00,208.47284440378573
2025-03-06 15:00:00,111.96614332237314
2025-03-06 16:00:00,15.872800074918176
2025-03-06 17:00:00,0.0
2025-03-06 18:00:00,0.0
2025-03-06 19:00:00,0.0
2025-03-06 20:00:00,0.0
2025-03-06 21:00:00,0.0
2025-03-06 22:00:00,0.0
2025-03-06 23:00:00,0.0
2025-03-07 00:00:00,0.0
2025-03-07 01:00:00,0.0
2025-03-07 02:00:00,0.0
2025-03-07 03:00:00,0.0
2025-03-07 04:00:00,0.10030329992701617
2025-03-07 05:00:00,0.0
2025-03-07 06:00:00,3.4986783299464546
2025-03-07 07:00:00,36.110189287208165
2025-03-07 08:00:00,65.07833649576071
2025-03-07 09:00:00,99.46511532193452
2025-03-07 10:00:00,169.89527712627483
2025-03-07 11:00:00,366.40492508572817
2025-03-07 12:00:00,352.64360805331376
2025-03-07 13:00:00,298.615123470307
2025-03-07 14:00:00,211.77081125600694
2025-03-07 15:00:00,109.7972008653624
2025-03-07 16:00:00,18.075863273299053
2025-03-07 17:00:00,0.0
2025-03-07 18:00:00,0.0
2025-03-07 19:00:00,0.0
2025-03-07 20:00:00,0.0
2025-03-07 21:00:00,0.0
2025-03-07 22:00:00,0.0
2025-03-07 23:00:00,0.0
2025-03-08 00:00:00,0.0
2025-03-08 01:00:00,0.0
2025-03-08 02:00:00,0.0
2025-03-08 03:00:00,0.0
2025-03-08 04:00:00,0.11639282071117489
2025-03-08 05:00:00,0.0
2025-03-08 06:00:00,20.041493394077925
2025-03-08 07:00:00,108.85019381385641
2025-03-08 08:00:00,229.13828674166328
2025-03-08 09:00:00,306.9682836125155
2025-03-08 10:00:00,367.28055350197576
2025-03-08 11:00:00,339.8573657652748
2025-03-08 12:00:00,320.67039625420836
2025-03-08 13:00:00,275.97745509144863
2025-03-08 14:00:00,225.13238098522362
2025-03-08 15:00:00,104.96077517384484
2025-03-08 16:00:00,11.792099646395144
2025-03-08 17:00:00,0.0
2025-03-08 18:00:00,0.0
2025-03-08 19:00:00,0.0
2025-03-08 20:00:00,0.0
2025-03-08 21:00:00,0.0
2025-03-08 22:00:00,0.0
2025-03-08 23:00:00,0.0
2025-03-09 00:00:00,0.0
2025-03-09 01:00:00,0.0
2025-03-09 02:00:00,0.0
2025-03-09 03:00:00,0.0
2025-03-09 04:00:00,0.0
2025-03-09 05:00:00,0.0
2025-03-09 06:00:00,4.425479465380039
2025-03-09 07:00:00,35.750106980602894
2025-03-09 08:00:00,154.04248774227116
2025-03-09 09:00:00,235.7635863088689
2025-03-09 10:00:00,315.3176543903587
2025-03-09 11:00:00,277.3803561659636
2025-03-09 12:00:00,359.17517780965505
2025-03-09 13:00:00,292.3694173364241
2025-03-09 14:00:00,192.64597798630925
2025-03-09 15:00:00,106.26427290778958
2025-03-09 16:00:00,13.500522862817723
2025-03-09 17:00:00,0.0
2025-03-09 18:00:00,0.0
2025-03-09 19:00:00,0.0
2025-03-09 20:00:00,0.0
2025-03-09 21:00:00,0.0
2025-03-09 22:00:00,0.0
2025-03-09 23:00:00,0.0
2025-03-10 00:00:00,0.0
2025-03-10 01:00:00,0.0
2025-03-10 02:00:00,0.0
2025-03-10 03:00:00,0.0
2025-03-10 04:00:00,0.0
2025-03-10 05:00:00,0.0
2025-03-10 06:00:00,5.538059360032432
2025-03-10 07:00:00,37.01372758479873
2025-03-10 08:00:00,72.51093800556792
2025-03-10 09:00:00,101.01270838063942
2025-03-10 10:00:00,118.67265377388273
2025-03-10 11:00:00,125.68497476807272
2025-03-10 12:00:00,117.44620817978821
2025-03-10 13:00:00,98.76997687792715
2025-03-10 14:00:00,65.39546584975392
2025-03-10 15:00:00,31.93096166142794
2025-03-10 16:00:00,4.042459588715056
2025-03-10 17:00:00,0.0
2025-03-10 18:00:00,0.0
2025-03-10 19:00:00,0.0
2025-03-10 20:00:00,0.0
2025-03-10 21:00:00,0.0
2025-03-10 22:00:00,0.0
2025-03-10 23:00:00,0.0
2025-03-11 00:00:00,0.0
2025-03-11 01:00:00,0.0
2025-03-11 02:00:00,0.0
2025-03-11 03:00:00,0.0
2025-03-11 04:00:00,0.0
2025-03-11 05:00:00,0.0
2025-03-11 06:00:00,8.337886760125718
2025-03-11 07:00:00,43.03040759573971
2025-03-11 08:00:00,84.61868857724207
2025-03-11 09:00:00,115.73045437389882
2025-03-11 10:00:00,197.3978269202222
2025-03-11 11:00:00,194.25888488124585
2025-03-11 12:00:00,266.35424373267676
2025-03-11 13:00:00,134.67781895867284
2025-03-11 14:00:00,87.47015357473687
2025-03-11 15:00:00,61.631825827427164
2025-03-11 16:00:00,6.692098951716679
2025-03-11 17:00:00,0.0
2025-03-11 18:00:00,0.0
2025-03-11 19:00:00,0.0
2025-03-11 20:00:00,0.0
2025-03-11 21:00:00,0.0
2025-03-11 22:00:00,0.0
2025-03-11 23:00:00,0.0
2025-03-12 00:00:00,0.0
2025-03-12 01:00:00,0.0
2025-03-12 02:00:00,0.0
2025-03-12 03:00:00,0.0
2025-03-12 04:00:00,0.0
2025-03-12 05:00:00,0.0
2025-03-12 06:00:00,8.108944885852216
2025-03-12 07:00:00,61.62117472027142
2025-03-12 08:00:00,81.57731353675288
2025-03-12 09:00:00,108.69053387622488
2025-03-12 10:00:00,126.96839384081575
2025-03-12 11:00:00,134.37170369366547
2025-03-12 12:00:00,126.35368357615027
2025-03-12 13:00:00,108.13460906546464
2025-03-12 14:00:00,76.73847821427765
2025-03-12 15:00:00,39.996551248603566
2025-03-12 16:00:00,6.625814898269189
2025-03-12 17:00:00,0.0
2025-03-12 18:00:00,0.0
2025-03-12 19:00:00,0.0
2025-03-12 20:00:00,0.0
2025-03-12 21:00:00,0.0
2025-03-12 22:00:00,0.0
2025-03-12 23:00:00,0.0
2025-03-13 00:00:00,0.0
2025-03-13 01:00:00,0.0
2025-03-13 02:00:00,0.0
2025-03-13 03:00:00,0.0
2025-03-13 04:00:00,0.0
2025-03-13 05:00:00,0.0
2025-03-13 06:00:00,11.38401227509505
2025-03-13 07:00:00,48.22654391851439
2025-03-13 08:00:00,86.45791828276263
2025-03-13 09:00:00,116.97310855555503
2025-03-13 10:00:00,137.3440297093869
2025-03-13 11:00:00,143.69778811379996
2025-03-13 12:00:00,132.68533992829563
2025-03-13 13:00:00,112.52842928952421
2025-03-13 14:00:00,86.27411303000387
2025-03-13 15:00:00,65.3752592340718
2025-03-13 16:00:00,13.107937788899473
2025-03-13 17:00:00,0.0
2025-03-13 18:00:00,0.0
2025-03-13 19:00:00,0.0
2025-03-13 20:00:00,0.0
2025-03-13 21:00:00,0.0
2025-03-13 22:00:00,0.0
2025-03-13 23:00:00,0.0
2025-03-14 00:00:00,0.0
2025-03-14 01:00:00,0.0
2025-03-14 02:00:00,0.0
2025-03-14 03:00:00,0.0
2025-03-14 04:00:00,0.0
2025-03-14 05:00:00,0.0
2025-03-14 06:00:00,55.44627445558292
2025-03-14 07:00:00,173.43584736862914
2025-03-14 08:00:00,290.89527378612837
2025-03-14 09:00:00,378.65222554207014
2025-03-14 10:00:00,422.24102650832646
2025-03-14 11:00:00,442.04030038849186
2025-03-14 12:00:00,418.0693976436485
2025-03-14 13:00:00,355.0259707233754
2025-03-14 14:00:00,220.58791452358042
2025-03-14 15:00:00,142.40709821008718
2025-03-14 16:00:00,21.05240331028366
2025-03-14 17:00:00,0.0
2025-03-14 18:00:00,0.0
2025-03-14 19:00:00,0.0
2025-03-14 20:00:00,0.0
2025-03-14 21:00:00,0.0
2025-03-14 22:00:00,0.0
2025-03-14 23:00:00,0.0
2025-03-15 00:00:00,0.0
2025-03-15 01:00:00,0.0
2025-03-15 02:00:00,0.0
2025-03-15 03:00:00,0.0
2025-03-15 04:00:00,0.0
2025-03-15 05:00:00,0.0
2025-03-15 06:00:00,55.487061219665435
2025-03-15 07:00:00,171.40014917207938
2025-03-15 08:00:00,279.398111986654
2025-03-15 09:00:00,342.5947001304246
2025-03-15 10:00:00,317.59781333618844
2025-03-15 11:00:00,304.7939420047926
2025-03-15 12:00:00,261.5272240009182
2025-03-15 13:00:00,346.34695141737694
2025-03-15 14:00:00,249.00875165949319
2025-03-15 15:00:00,122.49902323770652
2025-03-15 16:00:00,40.368295388821394
2025-03-15 17:00:00,0.0
2025-03-15 18:00:00,0.0
2025-03-15 19:00:00,0.0
2025-03-15 20:00:00,0.0
2025-03-15 21:00:00,0.0
2025-03-15 22:00:00,0.0
2025-03-15 23:00:00,0.0
2025-03-16 00:00:00,0.0
2025-03-16 01:00:00,0.0
2025-03-16 02:00:00,0.0
2025-03-16 03:00:00,0.0
2025-03-16 04:00:00,0.0
2025-03-16 05:00:00,0.0
2025-03-16 06:00:00,37.20103988162669
2025-03-16 07:00:00,86.42406324892488
2025-03-16 08:00:00,203.6659483862857
2025-03-16 09:00:00,377.18578054802435
2025-03-16 10:00:00,429.62910335329957
2025-03-16 11:00:00,390.7417536689149
2025-03-16 12:00:00,319.41371331330237
2025-03-16 13:00:00,265.55535395537134
2025-03-16 14:00:00,250.7591827809629
2025-03-16 15:00:00,85.40948041409779
2025-03-16 16:00:00,37.802383793212485
2025-03-16 17:00:00,0.0
2025-03-16 18:00:00,0.0
2025-03-16 19:00:00,0.0
2025-03-16 20:00:00,0.0
2025-03-16 21:00:00,0.0
2025-03-16 22:00:00,0.0
2025-03-16 23:00:00,0.0
2025-03-17 00:00:00,0.0
2025-03-17 01:00:00,0.0
2025-03-17 02:00:00,0.0
2025-03-17 03:00:00,0.0
2025-03-17 04:00:00,0.0
2025-03-17 05:00:00,0.0
2025-03-17 06:00:00,60.39660189093595
2025-03-17 07:00:00,173.7665741279293
2025-03-17 08:00:00,285.7140684877815
2025-03-17 09:00:00,353.3829152406072
2025-03-17 10:00:00,379.32605888900605
2025-03-17 11:00:00,380.03900477443744
2025-03-17 12:00:00,398.3484981871317
2025-03-17 13:00:00,311.20081026530255
2025-03-17 14:00:00,257.60148744021103
2025-03-17 15:00:00,52.511131035620814
2025-03-17 16:00:00,14.878418472551623
2025-03-17 17:00:00,0.0
2025-03-17 18:00:00,0.0
2025-03-17 19:00:00,0.0
2025-03-17 20:00:00,0.0
2025-03-17 21:00:00,0.0
2025-03-17 22:00:00,0.0
2025-03-17 23:00:00,0.0
2025-03-18 00:00:00,0.0
2025-03-18 01:00:00,0.0
2025-03-18 02:00:00,0.0
2025-03-18 03:00:00,0.0
2025-03-18 04:00:00,0.0
2025-03-18 05:00:00,0.0
2025-03-18 06:00:00,52.92838928611478
2025-03-18 07:00:00,110.52609499760858
2025-03-18 08:00:00,224.8488191435204
2025-03-18 09:00:00,335.8686228032183
2025-03-18 10:00:00,388.95266290492066
2025-03-18 11:00:00,410.2550156114247
2025-03-18 12:00:00,350.8569697523479
2025-03-18 13:00:00,363.5978582920935
2025-03-18 14:00:00,264.98863069554614
2025-03-18 15:00:00,165.21916258500343
2025-03-18 16:00:00,50.86705592480094
2025-03-18 17:00:00,0.0
2025-03-18 18:00:00,0.0
2025-03-18 19:00:00,0.0
2025-03-18 20:00:00,0.0
2025-03-18 21:00:00,0.0
2025-03-18 22:00:00,0.0
2025-03-18 23:00:00,0.0
2025-03-19 00:00:00,0.0
2025-03-19 01:00:00,0.0
2025-03-19 02:00:00,0.0
2025-03-19 03:00:00,0.0
2025-03-19 04:00:00,0.0
2025-03-19 05:00:00,0.0
2025-03-19 06:00:00,46.54084859229835
2025-03-19 07:00:00,140.94083521920837
2025-03-19 08:00:00,265.1290516168239
2025-03-19 09:00:00,316.24063089295936
2025-03-19 10:00:00,415.4122309348927
2025-03-19 11:00:00,459.56721808251893
2025-03-19 12:00:00,441.37551647159785
2025-03-19 13:00:00,383.04689876267474
2025-03-19 14:00:00,290.2521291202557
2025-03-19 15:00:00,179.42582679243947
2025-03-19 16:00:00,60.78610705476614
2025-03-19 17:00:00,0.0
2025-03-19 18:00:00,0.0
2025-03-19 19:00:00,0.0
2025-03-19 20:00:00,0.0
2025-03-19 21:00:00,0.0
2025-03-19 22:00:00,0.0
2025-03-19 23:00:00,0.0
2025-03-20 00:00:00,0.0
2025-03-20 01:00:00,0.0
2025-03-20 02:00:00,0.0
2025-03-20 03:00:00,0.0
2025-03-20 04:00:00,0.0
2025-03-20 05:00:00,0.0
2025-03-20 06:00:00,58.39368643111042
2025-03-20 07:00:00,144.05639174442936
2025-03-20 08:00:00,293.09848150525886
2025-03-20 09:00:00,345.4215783956012
2025-03-20 10:00:00,248.8603894102132
2025-03-20 11:00:00,446.3767095881267
2025-03-20 12:00:00,414.3095780275694
2025-03-20 13:00:00,380.812532357659
2025-03-20 14:00:00,197.10236662707297
2025-03-20 15:00:00,169.09488985624182
2025-03-20 16:00:00,59.29710679286511
2025-03-20 17:00:00,0.0
2025-03-20 18:00:00,0.0
2025-03-20 19:00:00,0.0
2025-03-20 20:00:00,0.0
2025-03-20 21:00:00,0.0
2025-03-20 22:00:00,0.0
2025-03-20 23:00:00,0.0
2025-03-21 00:00:00,0.0
2025-03-21 01:00:00,0.0
2025-03-21 02:00:00,0.0
2025-03-21 03:00:00,0.0
2025-03-21 04:00:00,0.0
2025-03-21 05:00:00,2.2949541090782706
2025-03-21 06:00:00,85.18429613997112
2025-03-21 07:00:00,208.56908022484254
2025-03-21 08:00:00,316.35540209077817
2025-03-21 09:00:00,408.8240546322257
2025-03-21 10:00:00,456.4378746630561
2025-03-21 11:00:00,470.64720636574947
2025-03-21 12:00:00,447.5311648963756
2025-03-21 13:00:00,350.4305029578996
2025-03-21 14:00:00,265.7845932054317
2025-03-21 15:00:00,166.10254110527535
2025-03-21 16:00:00,64.07683561173818
2025-03-21 17:00:00,0.0
2025-03-21 18:00:00,0.0
2025-03-21 19:00:00,0.0
2025-03-21 20:00:00,0.0
2025-03-21 21:00:00,0.0
2025-03-21 22:00:00,0.0
2025-03-21 23:00:00,0.0
2025-03-22 00:00:00,0.0
2025-03-22 01:00:00,0.0
2025-03-22 02:00:00,0.0
2025-03-22 03:00:00,0.0
2025-03-22 04:00:00,0.0
2025-03-22 05:00:00,1.495606261733693
2025-03-22 06:00:00,34.03084062623637
2025-03-22 07:00:00,75.38822324314599
2025-03-22 08:00:00,107.57027471641653
2025-03-22 09:00:00,163.32955749313822
2025-03-22 10:00:00,336.7749494031716
2025-03-22 11:00:00,431.3867633762991
2025-03-22 12:00:00,384.99865499214246
2025-03-22 13:00:00,274.5641571047001
2025-03-22 14:00:00,249.1118146423233
2025-03-22 15:00:00,183.8806784114893
2025-03-22 16:00:00,64.40136150162053
2025-03-22 17:00:00,0.0
2025-03-22 18:00:00,0.0
2025-03-22 19:00:00,0.0
2025-03-22 20:00:00,0.0
2025-03-22 21:00:00,0.0
2025-03-22 22:00:00,0.0
2025-03-22 23:00:00,0.0
2025-03-23 00:00:00,0.0
2025-03-23 01:00:00,0.0
2025-03-23 02:00:00,0.0
2025-03-23 03:00:00,0.0
2025-03-23 04:00:00,0.0
2025-03-23 05:00:00,8.04295563304987
2025-03-23 06:00:00,103.73431532098931
2025-03-23 07:00:00,235.0730567414542
2025-03-23 08:00:00,344.41385126347313
2025-03-23 09:00:00,431.9766753736528
2025-03-23 10:00:00,482.3139034120123
2025-03-23 11:00:00,490.4415928961511
2025-03-23 12:00:00,470.28179469629634
2025-03-23 13:00:00,413.2411817171878
2025-03-23 14:00:00,315.6545990797433
2025-03-23 15:00:00,202.8081665788156
2025-03-23 16:00:00,69.7150274913193
2025-03-23 17:00:00,0.6886842599096316
2025-03-23 18:00:00,0.0
2025-03-23 19:00:00,0.0
2025-03-23 20:00:00,0.0
2025-03-23 21:00:00,0.0
2025-03-23 22:00:00,0.0
2025-03-23 23:00:00,0.0
2025-03-24 00:00:00,0.0
2025-03-24 01:00:00,0.0
2025-03-24 02:00:00,0.0
2025-03-24 03:00:00,0.0
2025-03-24 04:00:00,0.0
2025-03-24 05:00:00,8.518539728027477
2025-03-24 06:00:00,97.96214680424482
2025-03-24 07:00:00,217.49850078011738
2025-03-24 08:00:00,327.3477391847188
2025-03-24 09:00:00,410.3526484190349
2025-03-24 10:00:00,459.3942611495867
2025-03-24 11:00:00,469.2155327255182
2025-03-24 12:00:00,385.6176728036846
2025-03-24 13:00:00,376.1176704468445
2025-03-24 14:00:00,240.6950706787709
2025-03-24 15:00:00,131.7443013207693
2025-03-24 16:00:00,52.730208848954966
2025-03-24 17:00:00,0.6882922037792775
2025-03-24 18:00:00,0.0
2025-03-24 19:00:00,0.0
2025-03-24 20:00:00,0.0
2025-03-24 21:00:00,0.0
2025-03-24 22:00:00,0.0
2025-03-24 23:00:00,0.0
2025-03-25 00:00:00,0.0
2025-03-25 01:00:00,0.0
2025-03-25 02:00:00,0.0
2025-03-25 03:00:00,0.0
2025-03-25 04:00:00,0.0
2025-03-25 05:00:00,1.0339926585181145
2025-03-25 06:00:00,26.54524970063769
2025-03-25 07:00:00,63.05159444262176
2025-03-25 08:00:00,104.22232678155042
2025-03-25 09:00:00,135.95885579587707
2025-03-25 10:00:00,152.0519184393559
2025-03-25 11:00:00,158.33886745797426
2025-03-25 12:00:00,148.85616386688017
2025-03-25 13:00:00,129.67210828818918
2025-03-25 14:00:00,98.14172430247518
2025-03-25 15:00:00,59.3363888800301
2025-03-25 16:00:00,22.493590259607952
2025-03-25 17:00:00,0.0
2025-03-25 18:00:00,0.0
2025-03-25 19:00:00,0.0
2025-03-25 20:00:00,0.0
2025-03-25 21:00:00,0.0
2025-03-25 22:00:00,0.0
2025-03-25 23:00:00,0.0
2025-03-26 00:00:00,0.0
2025-03-26 01:00:00,0.0
2025-03-26 02:00:00,0.0
2025-03-26 03:00:00,0.0
2025-03-26 04:00:00,0.0
2025-03-26 05:00:00,1.850650125602468
2025-03-26 06:00:00,30.4499704167329
2025-03-26 07:00:00,70.60318249467021
2025-03-26 08:00:00,132.83987512194594
2025-03-26 09:00:00,144.1666252645756
2025-03-26 10:00:00,164.55107994821236
2025-03-26 11:00:00,265.7310191981594
2025-03-26 12:00:00,201.037566226432
2025-03-26 13:00:00,173.07522459508215
2025-03-26 14:00:00,172.46852548434973
2025-03-26 15:00:00,167.5960652636556
2025-03-26 16:00:00,79.02813378384997
2025-03-26 17:00:00,4.046038200746201
2025-03-26 18:00:00,0.0
2025-03-26 19:00:00,0.0
2025-03-26 20:00:00,0.0
2025-03-26 21:00:00,0.0
2025-03-26 22:00:00,0.0
2025-03-26 23:00:00,0.0
2025-03-27 00:00:00,0.0
2025-03-27 01:00:00,0.0
2025-03-27 02:00:00,0.0
2025-03-27 03:00:00,0.0
2025-03-27 04:00:00,0.0
2025-03-27 05:00:00,16.00951089746048
2025-03-27 06:00:00,74.91718062983333
2025-03-27 07:00:00,125.47954451819884
2025-03-27 08:00:00,299.10723335584197
2025-03-27 09:00:00,234.0893613939483
2025-03-27 10:00:00,282.6338025559434
2025-03-27 11:00:00,166.91310379557257
2025-03-27 12:00:00,157.2453848354002
2025-03-27 13:00:00,132.11792299264098
2025-03-27 14:00:00,101.99268164247465
2025-03-27 15:00:00,60.56526202337804
2025-03-27 16:00:00,25.25156852730271
2025-03-27 17:00:00,0.0
2025-03-27 18:00:00,0.0
2025-03-27 19:00:00,0.0
2025-03-27 20:00:00,0.0
2025-03-27 21:00:00,0.0
2025-03-27 22:00:00,0.0
2025-03-27 23:00:00,0.0
2025-03-28 00:00:00,0.0
2025-03-28 01:00:00,0.0
2025-03-28 02:00:00,0.0
2025-03-28 03:00:00,0.0
2025-03-28 04:00:00,0.0
2025-03-28 05:00:00,4.095352402537938
2025-03-28 06:00:00,34.69247551211489
2025-03-28 07:00:00,74.76809367620574
2025-03-28 08:00:00,117.61882193640177
2025-03-28 09:00:00,358.93531338216116
2025-03-28 10:00:00,302.8657564078501
2025-03-28 11:00:00,452.34485751832165
2025-03-28 12:00:00,471.095578602025
2025-03-28 13:00:00,416.4213546708957
2025-03-28 14:00:00,322.40782608180103
2025-03-28 15:00:00,191.7855946302302
2025-03-28 16:00:00,85.29396630791821
2025-03-28 17:00:00,7.118286940609823
2025-03-28 18:00:00,0.0
2025-03-28 19:00:00,0.0
2025-03-28 20:00:00,0.0
2025-03-28 21:00:00,0.0
2025-03-28 22:00:00,0.0
2025-03-28 23:00:00,0.0
2025-03-29 00:00:00,0.0
2025-03-29 01:00:00,0.0
2025-03-29 02:00:00,0.0
2025-03-29 03:00:00,0.0
2025-03-29 04:00:00,0.12589607771206973
2025-03-29 05:00:00,22.754892452448804
2025-03-29 06:00:00,111.72423903828124
2025-03-29 07:00:00,220.83833910120077
2025-03-29 08:00:00,352.78303083020865
2025-03-29 09:00:00,442.76769922139783
2025-03-29 10:00:00,433.6077990148763
2025-03-29 11:00:00,479.6725133051905
2025-03-29 12:00:00,454.4559393773239
2025-03-29 13:00:00,301.62501676424483
2025-03-29 14:00:00,307.1989047406785
2025-03-29 15:00:00,116.17779403990394
2025-03-29 16:00:00,73.78330520859676
2025-03-29 17:00:00,5.184117537209242
2025-03-29 18:00:00,0.0
2025-03-29 19:00:00,0.0
2025-03-29 20:00:00,0.0
2025-03-29 21:00:00,0.0
2025-03-29 22:00:00,0.0
2025-03-29 23:00:00,0.0
2025-03-30 00:00:00,0.0
2025-03-30 01:00:00,0.0
2025-03-30 02:00:00,0.0
2025-03-30 03:00:00,0.0
2025-03-30 04:00:00,0.0
2025-03-30 05:00:00,21.48039635373068
2025-03-30 06:00:00,107.54982208443164
2025-03-30 07:00:00,216.22565875692325
2025-03-30 08:00:00,237.20473989770088
2025-03-30 09:00:00,212.41412493015883
2025-03-30 10:00:00,404.50421315034515
2025-03-30 11:00:00,312.30371776542705
2025-03-30 12:00:00,218.45032386621662
2025-03-30 13:00:00,146.73496885307367
2025-03-30 14:00:00,111.59350942677864
2025-03-30 15:00:00,138.15858726082476
2025-03-30 16:00:00,47.822595579316676
2025-03-30 17:00:00,1.5483274818531438
2025-03-30 18:00:00,0.0
2025-03-30 19:00:00,0.0
2025-03-30 20:00:00,0.0
2025-03-30 21:00:00,0.0
2025-03-30 22:00:00,0.0
2025-03-30 23:00:00,0.0
2025-03-31 00:00:00,0.0
2025-03-31 01:00:00,0.0
2025-03-31 02:00:00,0.0
2025-03-31 03:00:00,0.0
2025-03-31 04:00:00,0.0
2025-03-31 05:00:00,8.091377516253745
2025-03-31 06:00:00,62.53107020948733
2025-03-31 07:00:00,85.03630371549734
2025-03-31 08:00:00,133.36224027651545
2025-03-31 09:00:00,339.1753712765595
2025-03-31 10:00:00,179.63112906604977
2025-03-31 11:00:00,176.80202626742323
2025-03-31 12:00:00,305.53438619312766
2025-03-31 13:00:00,265.7043367809216
2025-03-31 14:00:00,319.95065234283805
2025-03-31 15:00:00,209.97305310171916
2025-03-31 16:00:00,86.03055554274962
2025-03-31 17:00:00,12.15885691059201
2025-03-31 18:00:00,0.0
2025-03-31 19:00:00,0.0
2025-03-31 20:00:00,0.0
2025-03-31 21:00:00,0.0
2025-03-31 22:00:00,0.0
2025-03-31 23:00:00,0.0
2025-04-01 00:00:00,0.0
2025-04-01 01:00:00,0.0
2025-04-01 02:00:00,0.0
2025-04-01 03:00:00,0.0
2025-04-01 04:00:00,0.10792583232592455
2025-04-01 05:00:00,27.09321912979295
2025-04-01 06:00:00,118.15795425553058
2025-04-01 07:00:00,265.3163757517929
2025-04-01 08:00:00,384.8223884602933
2025-04-01 09:00:00,462.1175075636011
2025-04-01 10:00:00,502.16138089623183
2025-04-01 11:00:00,502.8973750248618
2025-04-01 12:00:00,489.171438491398
2025-04-01 13:00:00,445.82387663471167
2025-04-01 14:00:00,357.1574209600897
2025-04-01 15:00:00,240.38986432702802
2025-04-01 16:00:00,99.30668845532428
2025-04-01 17:00:00,16.50687802404694
2025-04-01 18:00:00,0.0
2025-04-01 19:00:00,0.0
2025-04-01 20:00:00,0.0
2025-04-01 21:00:00,0.0
2025-04-01 22:00:00,0.0
2025-04-01 23:00:00,0.0
2025-04-02 00:00:00,0.0
2025-04-02 01:00:00,0.0
2025-04-02 02:00:00,0.0
2025-04-02 03:00:00,0.0
2025-04-02 04:00:00,0.0
2025-04-02 05:00:00,24.211230849419938
2025-04-02 06:00:00,111.43784237650374
2025-04-02 07:00:00,209.1183587272373
2025-04-02 08:00:00,306.33512157620083
2025-04-02 09:00:00,367.5283244851368
2025-04-02 10:00:00,429.2904546738024
2025-04-02 11:00:00,433.318658827544
2025-04-02 12:00:00,413.4924894690812
2025-04-02 13:00:00,292.8618645071833
2025-04-02 14:00:00,264.7039891091229
2025-04-02 15:00:00,169.63924728256868
2025-04-02 16:00:00,75.65824669202983
2025-04-02 17:00:00,12.890830523225915
2025-04-02 18:00:00,0.0
2025-04-02 19:00:00,0.0
2025-04-02 20:00:00,0.0
2025-04-02 21:00:00,0.0
2025-04-02 22:00:00,0.0
2025-04-02 23:00:00,0.0
2025-04-03 00:00:00,0.0
2025-04-03 01:00:00,0.0
2025-04-03 02:00:00,0.0
2025-04-03 03:00:00,0.0
2025-04-03 04:00:00,0.0
2025-04-03 05:00:00,38.381063523505034
2025-04-03 06:00:00,159.06490034689494
2025-04-03 07:00:00,287.12972234719484
2025-04-03 08:00:00,398.7643239197768
2025-04-03 09:00:00,481.7783236290128
2025-04-03 10:00:00,520.1074978071193
2025-04-03 11:00:00,528.0926379118209
2025-04-03 12:00:00,503.52972732365856
2025-04-03 13:00:00,459.319508603997
2025-04-03 14:00:00,371.4007269143073
2025-04-03 15:00:00,250.2776056269797
2025-04-03 16:00:00,113.4557171021224
2025-04-03 17:00:00,22.648123082036058
2025-04-03 18:00:00,0.0
2025-04-03 19:00:00,0.0
2025-04-03 20:00:00,0.0
2025-04-03 21:00:00,0.0
2025-04-03 22:00:00,0.0
2025-04-03 23:00:00,0.0
2025-04-04 00:00:00,0.0
2025-04-04 01:00:00,0.0
2025-04-04 02:00:00,0.0
2025-04-04 03:00:00,0.0
2025-04-04 04:00:00,0.0
2025-04-04 05:00:00,47.127382319911376
2025-04-04 06:00:00,175.1038688041841
2025-04-04 07:00:00,307.8118392992254
2025-04-04 08:00:00,421.40056901982945
2025-04-04 09:00:00,498.04847649787865
2025-04-04 10:00:00,535.8867856053656
2025-04-04 11:00:00,495.69239225972666
2025-04-04 12:00:00,345.2863432658218
2025-04-04 13:00:00,220.1940100036295
2025-04-04 14:00:00,275.2156085676328
2025-04-04 15:00:00,122.36160502203202
2025-04-04 16:00:00,45.504482310433794
2025-04-04 17:00:00,6.644633754004609
2025-04-04 18:00:00,0.0
2025-04-04 19:00:00,0.0
2025-04-04 20:00:00,0.0
2025-04-04 21:00:00,0.0
2025-04-04 22:00:00,0.0
2025-04-04 23:00:00,0.0
2025-04-05 00:00:00,0.0
2025-04-05 01:00:00,0.0
2025-04-05 02:00:00,0.0
2025-04-05 03:00:00,0.0
2025-04-05 04:00:00,0.13482138004574726
2025-04-05 05:00:00,47.749808623466784
2025-04-05 06:00:00,132.62501351034086
2025-04-05 07:00:00,282.6630077135113
2025-04-05 08:00:00,212.7303190199362
2025-04-05 09:00:00,422.27897694911115
2025-04-05 10:00:00,306.2920732803011
2025-04-05 11:00:00,321.07700811687323
2025-04-05 12:00:00,186.55257490979167
2025-04-05 13:00:00,165.39992427162807
2025-04-05 14:00:00,187.5578646849333
2025-04-05 15:00:00,246.3101595366615
2025-04-05 16:00:00,123.35831451830236
2025-04-05 17:00:00,30.79676391155089
2025-04-05 18:00:00,0.0
2025-04-05 19:00:00,0.0
2025-04-05 20:00:00,0.0
2025-04-05 21:00:00,0.0
2025-04-05 22:00:00,0.0
2025-04-05 23:00:00,0.0
2025-04-06 00:00:00,0.0
2025-04-06 01:00:00,0.0
2025-04-06 02:00:00,0.0
2025-04-06 03:00:00,0.0
2025-04-06 04:00:00,0.0
2025-04-06 05:00:00,16.004658252908072
2025-04-06 06:00:00,53.64007800439089
2025-04-06 07:00:00,99.21461366794266
2025-04-06 08:00:00,144.46021746881746
2025-04-06 09:00:00,174.67354770452334
2025-04-06 10:00:00,185.63431181492348
2025-04-06 11:00:00,192.38625595025127
2025-04-06 12:00:00,178.5423800858013
2025-04-06 13:00:00,158.36169584023375
2025-04-06 14:00:00,124.16582333248253
2025-04-06 15:00:00,84.71467450463693
2025-04-06 16:00:00,39.06236292225336
2025-04-06 17:00:00,7.486837488878523
2025-04-06 18:00:00,0.0
2025-04-06 19:00:00,0.0
2025-04-06 20:00:00,0.0
2025-04-06 21:00:00,0.0
2025-04-06 22:00:00,0.0
2025-04-06 23:00:00,0.0
2025-04-07 00:00:00,0.0
2025-04-07 01:00:00,0.0
2025-04-07 02:00:00,0.0
2025-04-07 03:00:00,0.0
2025-04-07 04:00:00,0.0
2025-04-07 05:00:00,16.714900466869878
2025-04-07 06:00:00,59.45430380481759
2025-04-07 07:00:00,148.84421430985645
2025-04-07 08:00:00,186.59904815949315
2025-04-07 09:00:00,328.2334571465839
2025-04-07 10:00:00,368.4381616384659
2025-04-07 11:00:00,216.2825205925869
2025-04-07 12:00:00,341.4473076376272
2025-04-07 13:00:00,356.3614095383991
2025-04-07 14:00:00,357.51945139234385
2025-04-07 15:00:00,189.32126618741748
2025-04-07 16:00:00,114.45168021869083
2025-04-07 17:00:00,32.758163614297885
2025-04-07 18:00:00,0.0
2025-04-07 19:00:00,0.0
2025-04-07 20:00:00,0.0
2025-04-07 21:00:00,0.0
2025-04-07 22:00:00,0.0
2025-04-07 23:00:00,0.0
2025-04-08 00:00:00,0.0
2025-04-08 01:00:00,0.0
2025-04-08 02:00:00,0.0
2025-04-08 03:00:00,0.0
2025-04-08 04:00:00,0.0
2025-04-08 05:00:00,55.43471368089452
2025-04-08 06:00:00,190.33913914959075
2025-04-08 07:00:00,316.56712027418286
2025-04-08 08:00:00,426.1641154605089
2025-04-08 09:00:00,504.44249923166313
2025-04-08 10:00:00,549.033532969016
2025-04-08 11:00:00,501.48435475338744
2025-04-08 12:00:00,289.31411970037226
2025-04-08 13:00:00,427.0893681771298
2025-04-08 14:00:00,347.2351493270801
2025-04-08 15:00:00,101.535978035377
2025-04-08 16:00:00,40.12649916750331
2025-04-08 17:00:00,8.251092655866463
2025-04-08 18:00:00,0.0
2025-04-08 19:00:00,0.0
2025-04-08 20:00:00,0.0
2025-04-08 21:00:00,0.0
2025-04-08 22:00:00,0.0
2025-04-08 23:00:00,0.0
2025-04-09 00:00:00,0.0
2025-04-09 01:00:00,0.0
2025-04-09 02:00:00,0.0
2025-04-09 03:00:00,0.0
2025-04-09 04:00:00,0.0
2025-04-09 05:00:00,23.98710886659961
2025-04-09 06:00:00,59.15147067942269
2025-04-09 07:00:00,106.83136302462995
2025-04-09 08:00:00,269.59470581905504
2025-04-09 09:00:00,357.50612912105834
2025-04-09 10:00:00,426.2387397739085
2025-04-09 11:00:00,543.5274342325068
2025-04-09 12:00:00,529.8549558559996
2025-04-09 13:00:00,172.30887341915172
2025-04-09 14:00:00,211.37399532554556
2025-04-09 15:00:00,103.61161487039561
2025-04-09 16:00:00,80.91318695579528
2025-04-09 17:00:00,27.435252438150567
2025-04-09 18:00:00,0.0
2025-04-09 19:00:00,0.0
2025-04-09 20:00:00,0.0
2025-04-09 21:00:00,0.0
2025-04-09 22:00:00,0.0
2025-04-09 23:00:00,0.0
2025-04-10 00:00:00,0.0
2025-04-10 01:00:00,0.0
2025-04-10 02:00:00,0.0
2025-04-10 03:00:00,0.0
2025-04-10 04:00:00,0.7343570622391072
2025-04-10 05:00:00,28.935056656807262
2025-04-10 06:00:00,197.37614326492866
2025-04-10 07:00:00,287.1028398655742
2025-04-10 08:00:00,275.17126701946523
2025-04-10 09:00:00,412.1959812652673
2025-04-10 10:00:00,193.1263892220663
2025-04-10 11:00:00,410.8836246184861
2025-04-10 12:00:00,190.5376312491566
2025-04-10 13:00:00,235.32939674484635
2025-04-10 14:00:00,129.3925032237775
2025-04-10 15:00:00,81.69790173935239
2025-04-10 16:00:00,51.161063656460925
2025-04-10 17:00:00,9.372523196392923
2025-04-10 18:00:00,0.0
2025-04-10 19:00:00,0.0
2025-04-10 20:00:00,0.0
2025-04-10 21:00:00,0.0
2025-04-10 22:00:00,0.0
2025-04-10 23:00:00,0.0
2025-04-11 00:00:00,0.0
2025-04-11 01:00:00,0.0
2025-04-11 02:00:00,0.0
2025-04-11 03:00:00,0.0
2025-04-11 04:00:00,1.0726192154815055
2025-04-11 05:00:00,51.385923925487326
2025-04-11 06:00:00,153.11257149616475
2025-04-11 07:00:00,268.97770642834666
2025-04-11 08:00:00,438.67432778725924
2025-04-11 09:00:00,509.0146457421405
2025-04-11 10:00:00,549.388789816144
2025-04-11 11:00:00,556.7338401847466
2025-04-11 12:00:00,526.2492699982411
2025-04-11 13:00:00,437.4868790579563
2025-04-11 14:00:00,247.65044077448238
2025-04-11 15:00:00,106.64832929221005
2025-04-11 16:00:00,46.34622895520393
2025-04-11 17:00:00,12.141414893159476
2025-04-11 18:00:00,0.0
2025-04-11 19:00:00,0.0
2025-04-11 20:00:00,0.0
2025-04-11 21:00:00,0.0
2025-04-11 22:00:00,0.0
2025-04-11 23:00:00,0.0
2025-04-12 00:00:00,0.0
2025-04-12 01:00:00,0.0
2025-04-12 02:00:00,0.0
2025-04-12 03:00:00,0.0
2025-04-12 04:00:00,1.9290927536861395
2025-04-12 05:00:00,55.2073815834486
2025-04-12 06:00:00,190.90118921860048
2025-04-12 07:00:00,235.8533940430268
2025-04-12 08:00:00,265.65706009116815
2025-04-12 09:00:00,266.3248364327612
2025-04-12 10:00:00,367.43549226616045
2025-04-12 11:00:00,258.84635682583854
2025-04-12 12:00:00,287.51189053527065
2025-04-12 13:00:00,446.2902315193241
2025-04-12 14:00:00,396.1304713571637
2025-04-12 15:00:00,283.309979190029
2025-04-12 16:00:00,147.56963835219187
2025-04-12 17:00:00,47.51464249137014
2025-04-12 18:00:00,0.0
2025-04-12 19:00:00,0.0
2025-04-12 20:00:00,0.0
2025-04-12 21:00:00,0.0
2025-04-12 22:00:00,0.0
2025-04-12 23:00:00,0.0
2025-04-13 00:00:00,0.0
2025-04-13 01:00:00,0.0
2025-04-13 02:00:00,0.0
2025-04-13 03:00:00,0.0
2025-04-13 04:00:00,5.691328517706346
2025-04-13 05:00:00,74.61952725195786
2025-04-13 06:00:00,207.5326744361838
2025-04-13 07:00:00,333.9294007705182
2025-04-13 08:00:00,426.9045238078195
2025-04-13 09:00:00,494.66623486853416
2025-04-13 10:00:00,546.9157133163307
2025-04-13 11:00:00,544.0865529307678
2025-04-13 12:00:00,495.17883113246035
2025-04-13 13:00:00,297.35817377479816
2025-04-13 14:00:00,265.11133996718837
2025-04-13 15:00:00,96.17779850726832
2025-04-13 16:00:00,49.007301228036376
2025-04-13 17:00:00,11.747783651092039
2025-04-13 18:00:00,0.0
2025-04-13 19:00:00,0.0
2025-04-13 20:00:00,0.0
2025-04-13 21:00:00,0.0
2025-04-13 22:00:00,0.0
2025-04-13 23:00:00,0.0
2025-04-14 00:00:00,0.0
2025-04-14 01:00:00,0.0
2025-04-14 02:00:00,0.0
2025-04-14 03:00:00,0.0
2025-04-14 04:00:00,6.811506648953618
2025-04-14 05:00:00,69.13646873397482
2025-04-14 06:00:00,200.7390895339573
2025-04-14 07:00:00,307.7967796340673
2025-04-14 08:00:00,295.8432662681494
2025-04-14 09:00:00,404.688856134943
2025-04-14 10:00:00,557.5136201560664
2025-04-14 11:00:00,550.0491283719413
2025-04-14 12:00:00,538.5869026850675
2025-04-14 13:00:00,446.16281998663885
2025-04-14 14:00:00,399.9616233962142
2025-04-14 15:00:00,285.3319941259284
2025-04-14 16:00:00,140.0930190588077
2025-04-14 17:00:00,52.79944904311237
2025-04-14 18:00:00,0.0
2025-04-14 19:00:00,0.0
2025-04-14 20:00:00,0.0
2025-04-14 21:00:00,0.0
2025-04-14 22:00:00,0.0
2025-04-14 23:00:00,0.0
2025-04-15 00:00:00,0.0
2025-04-15 01:00:00,0.0
2025-04-15 02:00:00,0.0
2025-04-15 03:00:00,0.0
2025-04-15 04:00:00,11.869664550985153
2025-04-15 05:00:00,87.64277646401605
2025-04-15 06:00:00,237.14344554762783
2025-04-15 07:00:00,358.97910252696016
2025-04-15 08:00:00,455.41133221678683
2025-04-15 09:00:00,517.0386867183871
2025-04-15 10:00:00,568.0527579470325
2025-04-15 11:00:00,578.7421253751589
2025-04-15 12:00:00,566.2534783248617
2025-04-15 13:00:00,502.98330823677117
2025-04-15 14:00:00,412.10647769872725
2025-04-15 15:00:00,296.85683257126914
2025-04-15 16:00:00,159.41968365462304
2025-04-15 17:00:00,57.23346483768133
2025-04-15 18:00:00,0.0
2025-04-15 19:00:00,0.0
2025-04-15 20:00:00,0.0
2025-04-15 21:00:00,0.0
2025-04-15 22:00:00,0.0
2025-04-15 23:00:00,0.0
2025-04-16 00:00:00,0.0
2025-04-16 01:00:00,0.0
2025-04-16 02:00:00,0.0
2025-04-16 03:00:00,0.0
2025-04-16 04:00:00,7.4428047296808355
2025-04-16 05:00:00,69.39136409637335
2025-04-16 06:00:00,182.2732403836149
2025-04-16 07:00:00,293.17282018327364
2025-04-16 08:00:00,404.560675419446
2025-04-16 09:00:00,379.4270755341315
2025-04-16 10:00:00,493.64772138404726
2025-04-16 11:00:00,506.9418822361226
2025-04-16 12:00:00,474.01497412927597
2025-04-16 13:00:00,260.2517505400516
2025-04-16 14:00:00,159.79619761125426
2025-04-16 15:00:00,155.4175783859617
2025-04-16 16:00:00,73.24107654062169
2025-04-16 17:00:00,32.43481484764312
2025-04-16 18:00:00,0.0
2025-04-16 19:00:00,0.0
2025-04-16 20:00:00,0.0
2025-04-16 21:00:00,0.0
2025-04-16 22:00:00,0.0
2025-04-16 23:00:00,0.0
2025-04-17 00:00:00,0.0
2025-04-17 01:00:00,0.0
2025-04-17 02:00:00,0.0
2025-04-17 03:00:00,0.0
2025-04-17 04:00:00,5.6453875650290275
2025-04-17 05:00:00,38.44942889421476
2025-04-17 06:00:00,73.29963521607226
2025-04-17 07:00:00,118.4263917996671
2025-04-17 08:00:00,149.97907057908526
2025-04-17 09:00:00,181.91442445937653
2025-04-17 10:00:00,198.14502857877952
2025-04-17 11:00:00,203.07936742782408
2025-04-17 12:00:00,194.7899888666813
2025-04-17 13:00:00,184.13645594482668
2025-04-17 14:00:00,301.1826001693839
2025-04-17 15:00:00,112.92031976340309
2025-04-17 16:00:00,57.96948355595066
2025-04-17 17:00:00,29.651157140357384
2025-04-17 18:00:00,0.0
2025-04-17 19:00:00,0.0
2025-04-17 20:00:00,0.0
2025-04-17 21:00:00,0.0
2025-04-17 22:00:00,0.0
2025-04-17 23:00:00,0.0
2025-04-18 00:00:00,0.0
2025-04-18 01:00:00,0.0
2025-04-18 02:00:00,0.0
2025-04-18 03:00:00,0.0
2025-04-18 04:00:00,2.2301194760102168
2025-04-18 05:00:00,26.442838362861046
2025-04-18 06:00:00,62.20552673116528
2025-04-18 07:00:00,100.6751119562665
2025-04-18 08:00:00,129.3548518739098
2025-04-18 09:00:00,163.71321024579248
2025-04-18 10:00:00,182.89501873503752
2025-04-18 11:00:00,182.14211120379733
2025-04-18 12:00:00,327.7668824571017
2025-04-18 13:00:00,242.1921782539746
2025-04-18 14:00:00,149.83895098148767
2025-04-18 15:00:00,82.12809702211429
2025-04-18 16:00:00,63.0071855807587
2025-04-18 17:00:00,12.233996429762248
2025-04-18 18:00:00,0.0
2025-04-18 19:00:00,0.0
2025-04-18 20:00:00,0.0
2025-04-18 21:00:00,0.0
2025-04-18 22:00:00,0.0
2025-04-18 23:00:00,0.0
2025-04-19 00:00:00,0.0
2025-04-19 01:00:00,0.0
2025-04-19 02:00:00,0.0
2025-04-19 03:00:00,0.0
2025-04-19 04:00:00,2.5024804699319985
2025-04-19 05:00:00,26.592488085417134
2025-04-19 06:00:00,65.87298604331903
2025-04-19 07:00:00,106.09235764158922
2025-04-19 08:00:00,141.5708977261909
2025-04-19 09:00:00,174.39979980127512
2025-04-19 10:00:00,189.17269552097787
2025-04-19 11:00:00,191.24831266908694
2025-04-19 12:00:00,182.82721547591368
2025-04-19 13:00:00,160.58448235841556
2025-04-19 14:00:00,127.04223252379683
2025-04-19 15:00:00,127.48250725789589
2025-04-19 16:00:00,52.30561428919637
2025-04-19 17:00:00,18.303682188273736
2025-04-19 18:00:00,0.0
2025-04-19 19:00:00,0.0
2025-04-19 20:00:00,0.0
2025-04-19 21:00:00,0.0
2025-04-19 22:00:00,0.0
2025-04-19 23:00:00,0.0
2025-04-20 00:00:00,0.0
2025-04-20 01:00:00,0.0
2025-04-20 02:00:00,0.0
2025-04-20 03:00:00,0.0
2025-04-20 04:00:00,5.717023316593802
2025-04-20 05:00:00,33.25261667349831
2025-04-20 06:00:00,77.40118353242448
2025-04-20 07:00:00,115.87734089745825
2025-04-20 08:00:00,153.1220070289215
2025-04-20 09:00:00,189.74953788005814
2025-04-20 10:00:00,202.74885641619002
2025-04-20 11:00:00,208.87166823972305
2025-04-20 12:00:00,201.85244692015135
2025-04-20 13:00:00,179.8609904075989
2025-04-20 14:00:00,138.34698031694236
2025-04-20 15:00:00,102.52183082283594
2025-04-20 16:00:00,59.536264168450806
2025-04-20 17:00:00,21.105603364064773
2025-04-20 18:00:00,0.0
2025-04-20 19:00:00,0.0
2025-04-20 20:00:00,0.0
2025-04-20 21:00:00,0.0
2025-04-20 22:00:00,0.0
2025-04-20 23:00:00,0.0
2025-04-21 00:00:00,0.0
2025-04-21 01:00:00,0.0
2025-04-21 02:00:00,0.0
2025-04-21 03:00:00,0.0
2025-04-21 04:00:00,6.230583475460986
2025-04-21 05:00:00,38.89929239621876
2025-04-21 06:00:00,82.61721066181802
2025-04-21 07:00:00,123.41793039306928
2025-04-21 08:00:00,156.4896380437463
2025-04-21 09:00:00,190.10456072585305
2025-04-21 10:00:00,209.88227497885163
2025-04-21 11:00:00,213.36424830859016
2025-04-21 12:00:00,200.62805513516471
2025-04-21 13:00:00,174.5949307728554
2025-04-21 14:00:00,141.54531858980457
2025-04-21 15:00:00,106.15817625977137
2025-04-21 16:00:00,61.998747174175016
2025-04-21 17:00:00,21.10066180830927
2025-04-21 18:00:00,0.0
2025-04-21 19:00:00,0.0
2025-04-21 20:00:00,0.0
2025-04-21 21:00:00,0.0
2025-04-21 22:00:00,0.0
2025-04-21 23:00:00,0.0
2025-04-22 00:00:00,0.0
2025-04-22 01:00:00,0.0
2025-04-22 02:00:00,0.0
2025-04-22 03:00:00,0.0
2025-04-22 04:00:00,6.03595641824881
2025-04-22 05:00:00,37.46317104698049
2025-04-22 06:00:00,82.3771207023986
2025-04-22 07:00:00,118.74426041131673
2025-04-22 08:00:00,155.0617532849155
2025-04-22 09:00:00,189.2625019414169
2025-04-22 10:00:00,205.29349281735097
2025-04-22 11:00:00,208.27247379529413
2025-04-22 12:00:00,197.35159162534063
2025-04-22 13:00:00,176.24612337763426
2025-04-22 14:00:00,145.8929887320229
2025-04-22 15:00:00,103.46278179418522
2025-04-22 16:00:00,58.941393858997834
2025-04-22 17:00:00,21.379525525643192
2025-04-22 18:00:00,0.0
2025-04-22 19:00:00,0.0
2025-04-22 20:00:00,0.0
2025-04-22 21:00:00,0.0
2025-04-22 22:00:00,0.0
2025-04-22 23:00:00,0.0
2025-04-23 00:00:00,0.0
2025-04-23 01:00:00,0.0
2025-04-23 02:00:00,0.0
2025-04-23 03:00:00,0.0
2025-04-23 04:00:00,8.69099788886513
2025-04-23 05:00:00,41.78517688775686
2025-04-23 06:00:00,83.50543485662848
2025-04-23 07:00:00,119.91647762578401
2025-04-23 08:00:00,158.25221572597786
2025-04-23 09:00:00,191.102232001823
2025-04-23 10:00:00,206.0989165315806
2025-04-23 11:00:00,209.17109901239823
2025-04-23 12:00:00,200.909536251805
2025-04-23 13:00:00,175.7172142221164
2025-04-23 14:00:00,142.40843459236976
2025-04-23 15:00:00,102.51946487837462
2025-04-23 16:00:00,62.43030089199735
2025-04-23 17:00:00,25.33094139260179
2025-04-23 18:00:00,0.3105440293737688
2025-04-23 19:00:00,0.0
2025-04-23 20:00:00,0.0
2025-04-23 21:00:00,0.0
2025-04-23 22:00:00,0.0
2025-04-23 23:00:00,0.0
2025-04-24 00:00:00,0.0
2025-04-24 01:00:00,0.0
2025-04-24 02:00:00,0.0
2025-04-24 03:00:00,0.0
2025-04-24 04:00:00,39.932176778282916
2025-04-24 05:00:00,129.9699973014345
2025-04-24 06:00:00,269.6198236084048
2025-04-24 07:00:00,398.481226124278
2025-04-24 08:00:00,508.5113014227929
2025-04-24 09:00:00,575.7503014428679
2025-04-24 10:00:00,624.006787610911
2025-04-24 11:00:00,567.8195951850025
2025-04-24 12:00:00,532.1612656263466
2025-04-24 13:00:00,528.5303785032495
2025-04-24 14:00:00,418.9988409366244
2025-04-24 15:00:00,120.17753412284172
2025-04-24 16:00:00,109.02184947426542
2025-04-24 17:00:00,79.59597194308222
2025-04-24 18:00:00,6.090945871304656
2025-04-24 19:00:00,0.0
2025-04-24 20:00:00,0.0
2025-04-24 21:00:00,0.0
2025-04-24 22:00:00,0.0
2025-04-24 23:00:00,0.0
2025-04-25 00:00:00,0.0
2025-04-25 01:00:00,0.0
2025-04-25 02:00:00,0.0
2025-04-25 03:00:00,0.0
2025-04-25 04:00:00,42.27799525380243
2025-04-25 05:00:00,132.38903247640826
2025-04-25 06:00:00,284.6134307940322
2025-04-25 07:00:00,408.35017515494417
2025-04-25 08:00:00,499.8404180939911
2025-04-25 09:00:00,367.46374185499417
2025-04-25 10:00:00,501.77538966645704
2025-04-25 11:00:00,415.85490957373446
2025-04-25 12:00:00,475.58667553284164
2025-04-25 13:00:00,360.37624409284535
2025-04-25 14:00:00,155.3107897040887
2025-04-25 15:00:00,311.7840013712976
2025-04-25 16:00:00,146.38870424336488
2025-04-25 17:00:00,93.62780968167856
2025-04-25 18:00:00,10.555749002847703
2025-04-25 19:00:00,0.0
2025-04-25 20:00:00,0.0
2025-04-25 21:00:00,0.0
2025-04-25 22:00:00,0.0
2025-04-25 23:00:00,0.0
2025-04-26 00:00:00,0.0
2025-04-26 01:00:00,0.0
2025-04-26 02:00:00,0.0
2025-04-26 03:00:00,0.0
2025-04-26 04:00:00,49.450371261190305
2025-04-26 05:00:00,136.2074902783651
2025-04-26 06:00:00,287.49510068245587
2025-04-26 07:00:00,408.4115839616617
2025-04-26 08:00:00,504.70460866781394
2025-04-26 09:00:00,545.8122635761978
2025-04-26 10:00:00,443.6960916127371
2025-04-26 11:00:00,430.9139483407136
2025-04-26 12:00:00,376.1586010532397
2025-04-26 13:00:00,371.41286104901104
2025-04-26 14:00:00,426.51246213463355
2025-04-26 15:00:00,210.55489294243515
2025-04-26 16:00:00,109.98994565405098
2025-04-26 17:00:00,89.79819936851821
2025-04-26 18:00:00,12.638625280251881
2025-04-26 19:00:00,0.0
2025-04-26 20:00:00,0.0
2025-04-26 21:00:00,0.0
2025-04-26 22:00:00,0.0
2025-04-26 23:00:00,0.0
2025-04-27 00:00:00,0.0
2025-04-27 01:00:00,0.0
2025-04-27 02:00:00,0.0
2025-04-27 03:00:00,0.0
2025-04-27 04:00:00,49.3660597248274
2025-04-27 05:00:00,122.71339027549247
2025-04-27 06:00:00,231.01761424696707
2025-04-27 07:00:00,348.2750990252709
2025-04-27 08:00:00,407.99779012462153
2025-04-27 09:00:00,491.1660653100617
2025-04-27 10:00:00,517.3619610796528
2025-04-27 11:00:00,550.4690517160919
2025-04-27 12:00:00,557.5361497310282
2025-04-27 13:00:00,514.866961613164
2025-04-27 14:00:00,400.04342518891195
2025-04-27 15:00:00,327.093763853159
2025-04-27 16:00:00,159.09074988584177
2025-04-27 17:00:00,89.3495554129501
2025-04-27 18:00:00,12.483205614369677
2025-04-27 19:00:00,0.0
2025-04-27 20:00:00,0.0
2025-04-27 21:00:00,0.0
2025-04-27 22:00:00,0.0
2025-04-27 23:00:00,0.0
2025-04-28 00:00:00,0.0
2025-04-28 01:00:00,0.0
2025-04-28 02:00:00,0.0
2025-04-28 03:00:00,0.0
2025-04-28 04:00:00,16.406136249484643
2025-04-28 05:00:00,85.60928685179897
2025-04-28 06:00:00,229.75454456503968
2025-04-28 07:00:00,327.49829249195506
2025-04-28 08:00:00,394.6069076844143
2025-04-28 09:00:00,283.08856124914394
2025-04-28 10:00:00,211.7681903490871
2025-04-28 11:00:00,250.12643258531253
2025-04-28 12:00:00,232.70094852224292
2025-04-28 13:00:00,209.65347050863093
2025-04-28 14:00:00,148.38124148078904
2025-04-28 15:00:00,114.38587589118234
2025-04-28 16:00:00,112.30231903989224
2025-04-28 17:00:00,48.079807033597916
2025-04-28 18:00:00,2.70874038296121
2025-04-28 19:00:00,0.0
2025-04-28 20:00:00,0.0
2025-04-28 21:00:00,0.0
2025-04-28 22:00:00,0.0
2025-04-28 23:00:00,0.0
2025-04-29 00:00:00,0.0
2025-04-29 01:00:00,0.0
2025-04-29 02:00:00,0.0
2025-04-29 03:00:00,0.0
2025-04-29 04:00:00,58.28668993541485
2025-04-29 05:00:00,153.81231999727763
2025-04-29 06:00:00,297.27906750733706
2025-04-29 07:00:00,415.89471511806295
2025-04-29 08:00:00,513.4640542960474
2025-04-29 09:00:00,528.7206361349633
2025-04-29 10:00:00,517.9982687900331
2025-04-29 11:00:00,231.08090879939465
2025-04-29 12:00:00,360.0082530065597
2025-04-29 13:00:00,304.6690795562982
2025-04-29 14:00:00,308.7245094219826
2025-04-29 15:00:00,121.76645116402757
2025-04-29 16:00:00,90.90267962520463
2025-04-29 17:00:00,66.72683282750523
2025-04-29 18:00:00,17.77987039533511
2025-04-29 19:00:00,0.0
2025-04-29 20:00:00,0.0
2025-04-29 21:00:00,0.0
2025-04-29 22:00:00,0.0
2025-04-29 23:00:00,0.0
2025-04-30 00:00:00,0.0
2025-04-30 01:00:00,0.0
2025-04-30 02:00:00,0.0
2025-04-30 03:00:00,0.0
2025-04-30 04:00:00,17.134594072411332
2025-04-30 05:00:00,139.46743164552493
2025-04-30 06:00:00,203.4123381856583
2025-04-30 07:00:00,350.58554949126415
2025-04-30 08:00:00,254.84726114348447
2025-04-30 09:00:00,206.74893904763968
2025-04-30 10:00:00,224.42146386800974
2025-04-30 11:00:00,227.03104031773188
2025-04-30 12:00:00,235.6762283891199
2025-04-30 13:00:00,302.24295530724464
2025-04-30 14:00:00,337.38357152443507
2025-04-30 15:00:00,121.66743984088947
2025-04-30 16:00:00,163.1983258323385
2025-04-30 17:00:00,78.27207162603561
2025-04-30 18:00:00,20.487843961602323
2025-04-30 19:00:00,0.0
2025-04-30 20:00:00,0.0
2025-04-30 21:00:00,0.0
2025-04-30 22:00:00,0.0
2025-04-30 23:00:00,0.0
2025-05-01 00:00:00,0.0
2025-05-01 01:00:00,0.0
2025-05-01 02:00:00,0.0
2025-05-01 03:00:00,0.0
2025-05-01 04:00:00,18.076569632998158
2025-05-01 05:00:00,81.28958553863481
2025-05-01 06:00:00,178.9005548309065
2025-05-01 07:00:00,157.75739239061159
2025-05-01 08:00:00,277.52772013692254
2025-05-01 09:00:00,233.57943400373827
2025-05-01 10:00:00,255.57964289748807
2025-05-01 11:00:00,264.2654874011579
2025-05-01 12:00:00,253.00633393467405
2025-05-01 13:00:00,231.5815206595117
2025-05-01 14:00:00,154.47524408367457
2025-05-01 15:00:00,115.03447400278701
2025-05-01 16:00:00,127.85312553742425
2025-05-01 17:00:00,98.26496425263565
2025-05-01 18:00:00,10.483660764037237
2025-05-01 19:00:00,0.0
2025-05-01 20:00:00,0.0
2025-05-01 21:00:00,0.0
2025-05-01 22:00:00,0.0
2025-05-01 23:00:00,0.0
2025-05-02 00:00:00,0.0
2025-05-02 01:00:00,0.0
2025-05-02 02:00:00,0.0
2025-05-02 03:00:00,0.2705023275597273
2025-05-02 04:00:00,42.156023435897
2025-05-02 05:00:00,95.25406754279648
2025-05-02 06:00:00,258.92488929909695
2025-05-02 07:00:00,157.36434778300554
2025-05-02 08:00:00,396.7896327960064
2025-05-02 09:00:00,432.6493192358435
2025-05-02 10:00:00,211.44060168280384
2025-05-02 11:00:00,225.66949203061213
2025-05-02 12:00:00,209.52935128925557
2025-05-02 13:00:00,189.50240118137535
2025-05-02 14:00:00,170.26891817666328
2025-05-02 15:00:00,125.67251079588979
2025-05-02 16:00:00,137.93101200074796
2025-05-02 17:00:00,101.97821197608206
2025-05-02 18:00:00,26.67767643310739
2025-05-02 19:00:00,0.0
2025-05-02 20:00:00,0.0
2025-05-02 21:00:00,0.0
2025-05-02 22:00:00,0.0
2025-05-02 23:00:00,0.0
2025-05-03 00:00:00,0.0
2025-05-03 01:00:00,0.0
2025-05-03 02:00:00,0.0
2025-05-03 03:00:00,1.8937024978578654
2025-05-03 04:00:00,69.99004078702103
2025-05-03 05:00:00,183.3000612052927
2025-05-03 06:00:00,315.4855634042449
2025-05-03 07:00:00,439.2413529024658
2025-05-03 08:00:00,535.2239826824725
2025-05-03 09:00:00,601.9854264847802
2025-05-03 10:00:00,634.1928760702508
2025-05-03 11:00:00,552.0801319774638
2025-05-03 12:00:00,438.586523355935
2025-05-03 13:00:00,450.91646864052035
2025-05-03 14:00:00,357.61417546694474
2025-05-03 15:00:00,122.43778990490418
2025-05-03 16:00:00,76.71994409585555
2025-05-03 17:00:00,35.89767724364947
2025-05-03 18:00:00,6.032486966775475
2025-05-03 19:00:00,0.0
2025-05-03 20:00:00,0.0
2025-05-03 21:00:00,0.0
2025-05-03 22:00:00,0.0
2025-05-03 23:00:00,0.0
2025-05-04 00:00:00,0.0
2025-05-04 01:00:00,0.0
2025-05-04 02:00:00,0.0
2025-05-04 03:00:00,0.0
2025-05-04 04:00:00,20.818300893263867
2025-05-04 05:00:00,61.18871381943433
2025-05-04 06:00:00,109.29495362391135
2025-05-04 07:00:00,146.12903740613194
2025-05-04 08:00:00,390.71429747055276
2025-05-04 09:00:00,211.19123433040903
2025-05-04 10:00:00,374.1841911662557
2025-05-04 11:00:00,451.6172080008134
2025-05-04 12:00:00,273.8880493826729
2025-05-04 13:00:00,326.4546953525656
2025-05-04 14:00:00,365.3332703540829
2025-05-04 15:00:00,368.0146563224808
2025-05-04 16:00:00,258.6968600815136
2025-05-04 17:00:00,127.01188041653975
2025-05-04 18:00:00,34.55832448407856
2025-05-04 19:00:00,0.0
2025-05-04 20:00:00,0.0
2025-05-04 21:00:00,0.0
2025-05-04 22:00:00,0.0
2025-05-04 23:00:00,0.0
2025-05-05 00:00:00,0.0
2025-05-05 01:00:00,0.0
2025-05-05 02:00:00,0.0
2025-05-05 03:00:00,3.70214394357054
2025-05-05 04:00:00,80.26788539690678
2025-05-05 05:00:00,189.90701637557146
2025-05-05 06:00:00,320.93948524929584
2025-05-05 07:00:00,440.5968330333133
2025-05-05 08:00:00,531.7393853945957
2025-05-05 09:00:00,555.4672998789559
2025-05-05 10:00:00,450.3898303081057
2025-05-05 11:00:00,642.118031569207
2025-05-05 12:00:00,576.1023500880943
2025-05-05 13:00:00,373.879392278859
2025-05-05 14:00:00,252.72002362580997
2025-05-05 15:00:00,221.46219407747878
2025-05-05 16:00:00,83.87623098498113
2025-05-05 17:00:00,53.12379406614613
2025-05-05 18:00:00,7.999439349361751
2025-05-05 19:00:00,0.0
2025-05-05 20:00:00,0.0
2025-05-05 21:00:00,0.0
2025-05-05 22:00:00,0.0
2025-05-05 23:00:00,0.0
2025-05-06 00:00:00,0.0
2025-05-06 01:00:00,0.0
2025-05-06 02:00:00,0.0
2025-05-06 03:00:00,3.337245490603312
2025-05-06 04:00:00,50.08128756114398
2025-05-06 05:00:00,60.480424543259964
2025-05-06 06:00:00,115.75882550735979
2025-05-06 07:00:00,144.62219867149324
2025-05-06 08:00:00,293.74297326163816
2025-05-06 09:00:00,336.8100317844284
2025-05-06 10:00:00,474.0908403674838
2025-05-06 11:00:00,621.0713186174567
2025-05-06 12:00:00,618.1180679885209
2025-05-06 13:00:00,567.1473654370495
2025-05-06 14:00:00,487.53343855972656
2025-05-06 15:00:00,317.3354481895055
2025-05-06 16:00:00,224.8412150219518
2025-05-06 17:00:00,37.202331185723196
2025-05-06 18:00:00,8.016262481606493
2025-05-06 19:00:00,0.0
2025-05-06 20:00:00,0.0
2025-05-06 21:00:00,0.0
2025-05-06 22:00:00,0.0
2025-05-06 23:00:00,0.0
2025-05-07 00:00:00,0.0
2025-05-07 01:00:00,0.0
2025-05-07 02:00:00,0.0
2025-05-07 03:00:00,0.6744731918136646
2025-05-07 04:00:00,74.96956588771157
2025-05-07 05:00:00,195.97317394346874
2025-05-07 06:00:00,266.9907552746373
2025-05-07 07:00:00,439.77852524855723
2025-05-07 08:00:00,519.8121870198029
2025-05-07 09:00:00,255.3436753678755
2025-05-07 10:00:00,320.1911731110174
2025-05-07 11:00:00,410.99231048916124
2025-05-07 12:00:00,400.89441369353955
2025-05-07 13:00:00,355.82448714547945
2025-05-07 14:00:00,183.22800258440506
2025-05-07 15:00:00,264.2081046984016
2025-05-07 16:00:00,78.09299441463735
2025-05-07 17:00:00,99.22341448337447
2025-05-07 18:00:00,22.713823958932377
2025-05-07 19:00:00,0.0
2025-05-07 20:00:00,0.0
2025-05-07 21:00:00,0.0
2025-05-07 22:00:00,0.0
2025-05-07 23:00:00,0.0
2025-05-08 00:00:00,0.0
2025-05-08 01:00:00,0.0
2025-05-08 02:00:00,0.0
2025-05-08 03:00:00,1.4664634044172868
2025-05-08 04:00:00,70.30763634838192
2025-05-08 05:00:00,193.74983170801795
2025-05-08 06:00:00,315.3830237056776
2025-05-08 07:00:00,187.29614702978944
2025-05-08 08:00:00,360.45053816650125
2025-05-08 09:00:00,538.1454531648011
2025-05-08 10:00:00,524.0423567019208
2025-05-08 11:00:00,469.2644839082739
2025-05-08 12:00:00,421.0733143970535
2025-05-08 13:00:00,232.6766585610285
2025-05-08 14:00:00,174.89464210817607
2025-05-08 15:00:00,124.0818124638655
2025-05-08 16:00:00,104.4590788608212
2025-05-08 17:00:00,36.718512958638044
2025-05-08 18:00:00,9.275759270804418
2025-05-08 19:00:00,0.0
2025-05-08 20:00:00,0.0
2025-05-08 21:00:00,0.0
2025-05-08 22:00:00,0.0
2025-05-08 23:00:00,0.0
2025-05-09 00:00:00,0.0
2025-05-09 01:00:00,0.0
2025-05-09 02:00:00,0.0
2025-05-09 03:00:00,1.0442015074825295
2025-05-09 04:00:00,24.171533685502894
2025-05-09 05:00:00,71.76673238729198
2025-05-09 06:00:00,107.03635332038304
2025-05-09 07:00:00,146.86981819141243
2025-05-09 08:00:00,178.31014589653427
2025-05-09 09:00:00,207.89964984833156
2025-05-09 10:00:00,222.72806067878398
2025-05-09 11:00:00,228.0451791596304
2025-05-09 12:00:00,215.03371633175908
2025-05-09 13:00:00,194.40776906694663
2025-05-09 14:00:00,160.16135890057353
2025-05-09 15:00:00,124.8920246362233
2025-05-09 16:00:00,81.42060700026069
2025-05-09 17:00:00,37.41869342396185
2025-05-09 18:00:00,9.943395126748847
2025-05-09 19:00:00,0.0
2025-05-09 20:00:00,0.0
2025-05-09 21:00:00,0.0
2025-05-09 22:00:00,0.0
2025-05-09 23:00:00,0.0
2025-05-10 00:00:00,0.0
2025-05-10 01:00:00,0.0
2025-05-10 02:00:00,0.0
2025-05-10 03:00:00,7.8026735277162675
2025-05-10 04:00:00,53.46806620866464
2025-05-10 05:00:00,117.80268832465268
2025-05-10 06:00:00,108.80195362087689
2025-05-10 07:00:00,149.19072596738738
2025-05-10 08:00:00,185.09389108475875
2025-05-10 09:00:00,209.29791079862346
2025-05-10 10:00:00,364.5882083538981
2025-05-10 11:00:00,228.9689932574768
2025-05-10 12:00:00,229.41374998235102
2025-05-10 13:00:00,345.6822967127171
2025-05-10 14:00:00,161.5309342475788
2025-05-10 15:00:00,134.23248561157405
2025-05-10 16:00:00,80.87200485497706
2025-05-10 17:00:00,38.7453664050464
2025-05-10 18:00:00,10.628408871638896
2025-05-10 19:00:00,0.0
2025-05-10 20:00:00,0.0
2025-05-10 21:00:00,0.0
2025-05-10 22:00:00,0.0
2025-05-10 23:00:00,0.0
2025-05-11 00:00:00,0.0
2025-05-11 01:00:00,0.0
2025-05-11 02:00:00,0.0
2025-05-11 03:00:00,1.8962654734915103
2025-05-11 04:00:00,26.196995770541804
2025-05-11 05:00:00,62.13281056398237
2025-05-11 06:00:00,106.17623272718333
2025-05-11 07:00:00,146.0691955697189
2025-05-11 08:00:00,188.4927927915511
2025-05-11 09:00:00,247.2590591893832
2025-05-11 10:00:00,254.34274930523685
2025-05-11 11:00:00,260.1718010786031
2025-05-11 12:00:00,314.25585890023007
2025-05-11 13:00:00,425.9004859193374
2025-05-11 14:00:00,324.75377124933857
2025-05-11 15:00:00,362.63253691123623
2025-05-11 16:00:00,249.55021214303991
2025-05-11 17:00:00,132.18949740913834
2025-05-11 18:00:00,37.947559823904065
2025-05-11 19:00:00,0.0
2025-05-11 20:00:00,0.0
2025-05-11 21:00:00,0.0
2025-05-11 22:00:00,0.0
2025-05-11 23:00:00,0.0
2025-05-12 00:00:00,0.0
2025-05-12 01:00:00,0.0
2025-05-12 02:00:00,0.0
2025-05-12 03:00:00,11.93570532142532
2025-05-12 04:00:00,59.12789500336308
2025-05-12 05:00:00,202.90048738951387
2025-05-12 06:00:00,297.44017913355367
2025-05-12 07:00:00,440.28093668561155
2025-05-12 08:00:00,521.491021146603
2025-05-12 09:00:00,498.0682894160662
2025-05-12 10:00:00,598.9460531252233
2025-05-12 11:00:00,444.3934326031871
2025-05-12 12:00:00,514.3891133049219
2025-05-12 13:00:00,469.052487532054
2025-05-12 14:00:00,398.967260922871
2025-05-12 15:00:00,347.91679738362535
2025-05-12 16:00:00,213.12041585146432
2025-05-12 17:00:00,121.95368482616975
2025-05-12 18:00:00,25.016344041546397
2025-05-12 19:00:00,0.0
2025-05-12 20:00:00,0.0
2025-05-12 21:00:00,0.0
2025-05-12 22:00:00,0.0
2025-05-12 23:00:00,0.0
2025-05-13 00:00:00,0.0
2025-05-13 01:00:00,0.0
2025-05-13 02:00:00,0.0
2025-05-13 03:00:00,2.3030772516117364
2025-05-13 04:00:00,25.7964702762929
2025-05-13 05:00:00,60.15475998486215
2025-05-13 06:00:00,107.47568839880927
2025-05-13 07:00:00,185.2507070565672
2025-05-13 08:00:00,489.94680948612955
2025-05-13 09:00:00,485.54151596176285
2025-05-13 10:00:00,556.4362842248444
2025-05-13 11:00:00,513.6300680871442
2025-05-13 12:00:00,485.8573441985559
2025-05-13 13:00:00,379.65093092182536
2025-05-13 14:00:00,323.81248914811675
2025-05-13 15:00:00,230.56328780217757
2025-05-13 16:00:00,115.13179630931772
2025-05-13 17:00:00,37.71309065161247
2025-05-13 18:00:00,10.953687568446094
2025-05-13 19:00:00,0.0
2025-05-13 20:00:00,0.0
2025-05-13 21:00:00,0.0
2025-05-13 22:00:00,0.0
2025-05-13 23:00:00,0.0
2025-05-14 00:00:00,0.0
2025-05-14 01:00:00,0.0
2025-05-14 02:00:00,0.0
2025-05-14 03:00:00,3.4978202213083276
2025-05-14 04:00:00,31.12685760200481
2025-05-14 05:00:00,70.3677076554023
2025-05-14 06:00:00,285.7516905780273
2025-05-14 07:00:00,375.8972543747597
2025-05-14 08:00:00,267.01216797135464
2025-05-14 09:00:00,363.14915285028394
2025-05-14 10:00:00,395.1933764936958
2025-05-14 11:00:00,260.6051809365753
2025-05-14 12:00:00,341.2532748466958
2025-05-14 13:00:00,225.09246380413146
2025-05-14 14:00:00,171.30045539778754
2025-05-14 15:00:00,203.89725292109003
2025-05-14 16:00:00,272.0346644071063
2025-05-14 17:00:00,48.564992775699004
2025-05-14 18:00:00,15.320481024415738
2025-05-14 19:00:00,0.0
2025-05-14 20:00:00,0.0
2025-05-14 21:00:00,0.0
2025-05-14 22:00:00,0.0
2025-05-14 23:00:00,0.0
2025-05-15 00:00:00,0.0
2025-05-15 01:00:00,0.0
2025-05-15 02:00:00,0.0
2025-05-15 03:00:00,3.5245939920681466
2025-05-15 04:00:00,28.866880154426234
2025-05-15 05:00:00,71.8948595093494
2025-05-15 06:00:00,220.99423041253814
2025-05-15 07:00:00,353.27306431197826
2025-05-15 08:00:00,224.7686681630889
2025-05-15 09:00:00,241.27806338793172
2025-05-15 10:00:00,617.2064752210615
2025-05-15 11:00:00,647.0947179666088
2025-05-15 12:00:00,479.60499631636384
2025-05-15 13:00:00,576.6570013168568
2025-05-15 14:00:00,497.2058875756252
2025-05-15 15:00:00,397.5451316644435
2025-05-15 16:00:00,275.32069367187637
2025-05-15 17:00:00,148.14074550193035
2025-05-15 18:00:00,59.7821507512078
2025-05-15 19:00:00,0.7165260767599296
2025-05-15 20:00:00,0.0
2025-05-15 21:00:00,0.0
2025-05-15 22:00:00,0.0
2025-05-15 23:00:00,0.0
2025-05-16 00:00:00,0.0
2025-05-16 01:00:00,0.0
2025-05-16 02:00:00,0.0
2025-05-16 03:00:00,7.497878946320347
2025-05-16 04:00:00,88.01438454330591
2025-05-16 05:00:00,217.29690475355443
2025-05-16 06:00:00,339.30721447810765
2025-05-16 07:00:00,449.9143751491383
2025-05-16 08:00:00,527.9543980584468
2025-05-16 09:00:00,594.9387277560605
2025-05-16 10:00:00,639.0714747949213
2025-05-16 11:00:00,651.7675503695712
2025-05-16 12:00:00,633.977880374417
2025-05-16 13:00:00,578.0863076373729
2025-05-16 14:00:00,501.1450585993306
2025-05-16 15:00:00,395.1252136676922
2025-05-16 16:00:00,273.2566680169341
2025-05-16 17:00:00,148.88693558331758
2025-05-16 18:00:00,59.17230197982168
2025-05-16 19:00:00,1.4969551864954127
2025-05-16 20:00:00,0.0
2025-05-16 21:00:00,0.0
2025-05-16 22:00:00,0.0
2025-05-16 23:00:00,0.0
2025-05-17 00:00:00,0.0
2025-05-17 01:00:00,0.0
2025-05-17 02:00:00,0.0
2025-05-17 03:00:00,21.639246097146646
2025-05-17 04:00:00,55.58997798102707
2025-05-17 05:00:00,96.22118263884302
2025-05-17 06:00:00,110.98441716512272
2025-05-17 07:00:00,157.21668009965632
2025-05-17 08:00:00,290.27853276595283
2025-05-17 09:00:00,302.0050503588801
2025-05-17 10:00:00,239.48535465142788
2025-05-17 11:00:00,291.5025260402515
2025-05-17 12:00:00,249.48034070791402
2025-05-17 13:00:00,354.9299090414563
2025-05-17 14:00:00,165.63575495788507
2025-05-17 15:00:00,134.07769226821605
2025-05-17 16:00:00,94.7996186663604
2025-05-17 17:00:00,45.90251826555057
2025-05-17 18:00:00,14.834957150412915
2025-05-17 19:00:00,0.0
2025-05-17 20:00:00,0.0
2025-05-17 21:00:00,0.0
2025-05-17 22:00:00,0.0
2025-05-17 23:00:00,0.0
2025-05-18 00:00:00,0.0
2025-05-18 01:00:00,0.0
2025-05-18 02:00:00,0.0
2025-05-18 03:00:00,20.83723724422478
2025-05-18 04:00:00,80.34578312354061
2025-05-18 05:00:00,111.23273463600019
2025-05-18 06:00:00,215.50058812250168
2025-05-18 07:00:00,239.7544445183381
2025-05-18 08:00:00,344.10686999285264
2025-05-18 09:00:00,541.2635893204042
2025-05-18 10:00:00,569.1234608093505
2025-05-18 11:00:00,534.2956559084348
2025-05-18 12:00:00,530.1007136812041
2025-05-18 13:00:00,441.2436248911906
2025-05-18 14:00:00,382.28177298850255
2025-05-18 15:00:00,322.46399099782775
2025-05-18 16:00:00,180.07723823058942
2025-05-18 17:00:00,61.772044221491875
2025-05-18 18:00:00,51.675819160178655
2025-05-18 19:00:00,1.914802458649589
2025-05-18 20:00:00,0.0
2025-05-18 21:00:00,0.0
2025-05-18 22:00:00,0.0
2025-05-18 23:00:00,0.0
2025-05-19 00:00:00,0.0
2025-05-19 01:00:00,0.0
2025-05-19 02:00:00,0.0
2025-05-19 03:00:00,30.30184436985477
2025-05-19 04:00:00,113.52087653528667
2025-05-19 05:00:00,232.7827113859729
2025-05-19 06:00:00,354.09154344630707
2025-05-19 07:00:00,467.32481369151077
2025-05-19 08:00:00,556.5407558569024
2025-05-19 09:00:00,618.5304531339767
2025-05-19 10:00:00,654.5556637443835
2025-05-19 11:00:00,662.7509752258911
2025-05-19 12:00:00,629.0531869087667
2025-05-19 13:00:00,573.5477116722349
2025-05-19 14:00:00,498.81212945574424
2025-05-19 15:00:00,401.11726627841136
2025-05-19 16:00:00,285.1730130437737
2025-05-19 17:00:00,153.52342066681865
2025-05-19 18:00:00,67.10625645871559
2025-05-19 19:00:00,3.7925183632194783
2025-05-19 20:00:00,0.0
2025-05-19 21:00:00,0.0
2025-05-19 22:00:00,0.0
2025-05-19 23:00:00,0.0
2025-05-20 00:00:00,0.0
2025-05-20 01:00:00,0.0
2025-05-20 02:00:00,0.0
2025-05-20 03:00:00,23.184526161867748
2025-05-20 04:00:00,109.89441923717283
2025-05-20 05:00:00,232.96541620900697
2025-05-20 06:00:00,349.92550661822037
2025-05-20 07:00:00,454.95497863013395
2025-05-20 08:00:00,545.6111756794236
2025-05-20 09:00:00,609.4492255812952
2025-05-20 10:00:00,641.4468980837045
2025-05-20 11:00:00,655.0579680856262
2025-05-20 12:00:00,636.0161856567918
2025-05-20 13:00:00,577.9952392705758
2025-05-20 14:00:00,508.78146227972957
2025-05-20 15:00:00,355.173766261636
2025-05-20 16:00:00,270.7849716796775
2025-05-20 17:00:00,99.38608817232482
2025-05-20 18:00:00,73.2854716768126
2025-05-20 19:00:00,5.059860564357349
2025-05-20 20:00:00,0.0
2025-05-20 21:00:00,0.0
2025-05-20 22:00:00,0.0
2025-05-20 23:00:00,0.0
2025-05-21 00:00:00,0.0
2025-05-21 01:00:00,0.0
2025-05-21 02:00:00,0.0
2025-05-21 03:00:00,7.532917024306128
2025-05-21 04:00:00,36.500721031144984
2025-05-21 05:00:00,71.13116617657336
2025-05-21 06:00:00,230.90489656878665
2025-05-21 07:00:00,154.7414099109909
2025-05-21 08:00:00,195.1108396976426
2025-05-21 09:00:00,328.26825569822364
2025-05-21 10:00:00,237.2143813203557
2025-05-21 11:00:00,238.48986001969294
2025-05-21 12:00:00,227.8142260640581
2025-05-21 13:00:00,207.51754020880037
2025-05-21 14:00:00,173.81357383207765
2025-05-21 15:00:00,139.33720748035148
2025-05-21 16:00:00,93.5571311797906
2025-05-21 17:00:00,51.89317288787689
2025-05-21 18:00:00,17.877727003046054
2025-05-21 19:00:00,0.4423866718888225
2025-05-21 20:00:00,0.0
2025-05-21 21:00:00,0.0
2025-05-21 22:00:00,0.0
2025-05-21 23:00:00,0.0
2025-05-22 00:00:00,0.0
2025-05-22 01:00:00,0.0
2025-05-22 02:00:00,0.0
2025-05-22 03:00:00,8.451658755928689
2025-05-22 04:00:00,39.69003888566714
2025-05-22 05:00:00,74.57220110749347
2025-05-22 06:00:00,127.35710536310515
2025-05-22 07:00:00,161.5509471980763
2025-05-22 08:00:00,194.31572979503684
2025-05-22 09:00:00,221.03240408634
2025-05-22 10:00:00,237.6728404189379
2025-05-22 11:00:00,240.08306576174607
2025-05-22 12:00:00,234.49547780276427
2025-05-22 13:00:00,209.80442957582682
2025-05-22 14:00:00,178.3680627184492
2025-05-22 15:00:00,142.16173261644965
2025-05-22 16:00:00,97.80064077643274
2025-05-22 17:00:00,58.669746458313746
2025-05-22 18:00:00,21.865683579917352
2025-05-22 19:00:00,2.662162111020385
2025-05-22 20:00:00,0.0
2025-05-22 21:00:00,0.0
2025-05-22 22:00:00,0.0
2025-05-22 23:00:00,0.0
2025-05-23 00:00:00,0.0
2025-05-23 01:00:00,0.0
2025-05-23 02:00:00,0.0
2025-05-23 03:00:00,8.085715386222775
2025-05-23 04:00:00,39.66481378522528
2025-05-23 05:00:00,76.14271997951886
2025-05-23 06:00:00,125.33016103628498
2025-05-23 07:00:00,165.4589455749082
2025-05-23 08:00:00,201.36846541943206
2025-05-23 09:00:00,233.98260845590633
2025-05-23 10:00:00,253.9636109529465
2025-05-23 11:00:00,245.29685031169166
2025-05-23 12:00:00,233.57275004079014
2025-05-23 13:00:00,210.01661393283064
2025-05-23 14:00:00,181.98659770781418
2025-05-23 15:00:00,141.63530775822673
2025-05-23 16:00:00,103.12620039959934
2025-05-23 17:00:00,81.2907697947124
2025-05-23 18:00:00,59.38758347022389
2025-05-23 19:00:00,5.016296874483428
2025-05-23 20:00:00,0.0
2025-05-23 21:00:00,0.0
2025-05-23 22:00:00,0.0
2025-05-23 23:00:00,0.0
2025-05-24 00:00:00,0.0
2025-05-24 01:00:00,0.0
2025-05-24 02:00:00,0.0
2025-05-24 03:00:00,36.511437940512195
2025-05-24 04:00:00,116.03627678783478
2025-05-24 05:00:00,125.97008731434374
2025-05-24 06:00:00,345.36800891844666
2025-05-24 07:00:00,460.2322647372744
2025-05-24 08:00:00,509.46944552304615
2025-05-24 09:00:00,610.9092596650236
2025-05-24 10:00:00,590.3424059111533
2025-05-24 11:00:00,566.5234325748663
2025-05-24 12:00:00,621.6317506401809
2025-05-24 13:00:00,571.9262595535124
2025-05-24 14:00:00,514.9391434274842
2025-05-24 15:00:00,406.7527090443726
2025-05-24 16:00:00,294.2353284779342
2025-05-24 17:00:00,157.21070725562382
2025-05-24 18:00:00,80.27387798227208
2025-05-24 19:00:00,9.59001819006105
2025-05-24 20:00:00,0.0
2025-05-24 21:00:00,0.0
2025-05-24 22:00:00,0.0
2025-05-24 23:00:00,0.0
2025-05-25 00:00:00,0.0
2025-05-25 01:00:00,0.0
2025-05-25 02:00:00,0.0
2025-05-25 03:00:00,11.064436029438742
2025-05-25 04:00:00,41.96786868640288
2025-05-25 05:00:00,76.37673175289981
2025-05-25 06:00:00,126.50483932360875
2025-05-25 07:00:00,369.60652442219936
2025-05-25 08:00:00,548.4266105069753
2025-05-25 09:00:00,623.1104977542478
2025-05-25 10:00:00,635.4128924894507
2025-05-25 11:00:00,607.5622313921549
2025-05-25 12:00:00,447.9091820290508
2025-05-25 13:00:00,200.91718506706542
2025-05-25 14:00:00,313.28674080502174
2025-05-25 15:00:00,240.19621184504769
2025-05-25 16:00:00,210.7398773811093
2025-05-25 17:00:00,116.83510627655927
2025-05-25 18:00:00,31.609660865069923
2025-05-25 19:00:00,1.913535268832094
2025-05-25 20:00:00,0.0
2025-05-25 21:00:00,0.0
2025-05-25 22:00:00,0.0
2025-05-25 23:00:00,0.0
2025-05-26 00:00:00,0.0
2025-05-26 01:00:00,0.0
2025-05-26 02:00:00,0.0
2025-05-26 03:00:00,9.728380487590144
2025-05-26 04:00:00,39.49475750712006
2025-05-26 05:00:00,75.0722637228937
2025-05-26 06:00:00,122.32768999705897
2025-05-26 07:00:00,162.2523486305872
2025-05-26 08:00:00,214.8280049847837
2025-05-26 09:00:00,233.36496035665672
2025-05-26 10:00:00,400.1096280804999
2025-05-26 11:00:00,281.89400004724075
2025-05-26 12:00:00,230.17451779542543
2025-05-26 13:00:00,472.23251581616046
2025-05-26 14:00:00,263.21442097627863
2025-05-26 15:00:00,260.8579537138182
2025-05-26 16:00:00,225.02900334432977
2025-05-26 17:00:00,166.23464177004675
2025-05-26 18:00:00,66.13051221694182
2025-05-26 19:00:00,11.72490622632467
2025-05-26 20:00:00,0.0
2025-05-26 21:00:00,0.0
2025-05-26 22:00:00,0.0
2025-05-26 23:00:00,0.0
2025-05-27 00:00:00,0.0
2025-05-27 01:00:00,0.0
2025-05-27 02:00:00,0.0
2025-05-27 03:00:00,42.57846156428464
2025-05-27 04:00:00,103.89237812795524
2025-05-27 05:00:00,250.45792047782942
2025-05-27 06:00:00,370.17778785838004
2025-05-27 07:00:00,433.49619808010806
2025-05-27 08:00:00,489.084605038042
2025-05-27 09:00:00,630.0662616135729
2025-05-27 10:00:00,683.3662759750653
2025-05-27 11:00:00,679.6275352489544
2025-05-27 12:00:00,600.271060269324
2025-05-27 13:00:00,564.6607440316957
2025-05-27 14:00:00,409.18060319737015
2025-05-27 15:00:00,235.77487684183797
2025-05-27 16:00:00,129.700673353779
2025-05-27 17:00:00,142.25852372231617
2025-05-27 18:00:00,27.631309202294112
2025-05-27 19:00:00,1.9193511008207744
2025-05-27 20:00:00,0.0
2025-05-27 21:00:00,0.0
2025-05-27 22:00:00,0.0
2025-05-27 23:00:00,0.0
2025-05-28 00:00:00,0.0
2025-05-28 01:00:00,0.0
2025-05-28 02:00:00,0.0
2025-05-28 03:00:00,13.540941973059944
2025-05-28 04:00:00,96.282187281063
2025-05-28 05:00:00,100.63945031096758
2025-05-28 06:00:00,122.59045714642801
2025-05-28 07:00:00,255.69769138270152
2025-05-28 08:00:00,198.22596177154864
2025-05-28 09:00:00,239.15032975059867
2025-05-28 10:00:00,236.09394519817292
2025-05-28 11:00:00,442.7266231035636
2025-05-28 12:00:00,232.6051627049663
2025-05-28 13:00:00,209.61493755678472
2025-05-28 14:00:00,348.58004381825515
2025-05-28 15:00:00,144.00671632156445
2025-05-28 16:00:00,110.35515238328878
2025-05-28 17:00:00,108.44072203790236
2025-05-28 18:00:00,83.19437079931595
2025-05-28 19:00:00,4.084866367072465
2025-05-28 20:00:00,0.0
2025-05-28 21:00:00,0.0
2025-05-28 22:00:00,0.0
2025-05-28 23:00:00,0.0
2025-05-29 00:00:00,0.0
2025-05-29 01:00:00,0.0
2025-05-29 02:00:00,0.0
2025-05-29 03:00:00,28.35373618864027
2025-05-29 04:00:00,103.82279453862607
2025-05-29 05:00:00,211.20851883720056
2025-05-29 06:00:00,286.4662298256401
2025-05-29 07:00:00,430.6622583566203
2025-05-29 08:00:00,482.86594879560084
2025-05-29 09:00:00,641.0330938022138
2025-05-29 10:00:00,682.799247266915
2025-05-29 11:00:00,667.6985189722122
2025-05-29 12:00:00,654.2071968998735
2025-05-29 13:00:00,588.4505867441529
2025-05-29 14:00:00,483.67739003267656
2025-05-29 15:00:00,422.51202123127496
2025-05-29 16:00:00,290.8531637781839
2025-05-29 17:00:00,176.02077038764017
2025-05-29 18:00:00,91.3125774375105
2025-05-29 19:00:00,16.227367506643056
2025-05-29 20:00:00,0.0
2025-05-29 21:00:00,0.0
2025-05-29 22:00:00,0.0
2025-05-29 23:00:00,0.0
2025-05-30 00:00:00,0.0
2025-05-30 01:00:00,0.0
2025-05-30 02:00:00,0.0
2025-05-30 03:00:00,0.0
2025-05-30 04:00:00,0.0
2025-05-30 05:00:00,0.31868319643851334
2025-05-30 06:00:00,0.0
2025-05-30 07:00:00,0.22307170865051648
2025-05-30 08:00:00,0.0
2025-05-30 09:00:00,0.0
2025-05-30 10:00:00,0.0
2025-05-30 11:00:00,0.0
2025-05-30 12:00:00,0.6791514703955902
2025-05-30 13:00:00,0.278452301905491
2025-05-30 14:00:00,0.2308579169421012
2025-05-30 15:00:00,0.14059905630130443
2025-05-30 16:00:00,0.17022149982456453
2025-05-30 17:00:00,0.10843312489194167
2025-05-30 18:00:00,0.0
2025-05-30 19:00:00,0.0
2025-05-30 20:00:00,0.0
2025-05-30 21:00:00,0.0
2025-05-30 22:00:00,0.0
2025-05-30 23:00:00,0.0
2025-05-31 00:00:00,0.0
2025-05-31 01:00:00,0.0
2025-05-31 02:00:00,0.0
2025-05-31 03:00:00,44.26326079790774
2025-05-31 04:00:00,127.21361392550776
2025-05-31 05:00:00,256.72084352712994
2025-05-31 06:00:00,383.4948787688157
2025-05-31 07:00:00,489.967409176473
2025-05-31 08:00:00,577.9513408296343
2025-05-31 09:00:00,643.2052214310843
2025-05-31 10:00:00,676.7672038981902
2025-05-31 11:00:00,675.55241452237
2025-05-31 12:00:00,655.7001377737636
2025-05-31 13:00:00,605.3284282677432
2025-05-31 14:00:00,531.9876938013216
2025-05-31 15:00:00,413.0716412039059
2025-05-31 16:00:00,283.9720453451377
2025-05-31 17:00:00,175.69195730128203
2025-05-31 18:00:00,96.2332309456302
2025-05-31 19:00:00,19.016775873396284
2025-05-31 20:00:00,0.0
2025-05-31 21:00:00,0.0
2025-05-31 22:00:00,0.0
2025-05-31 23:00:00,0.0
2025-06-01 00:00:00,0.0
2025-06-01 01:00:00,0.0
2025-06-01 02:00:00,0.3671582376092271
2025-06-01 03:00:00,42.15482454999859
2025-06-01 04:00:00,126.84974965647433
2025-06-01 05:00:00,249.72277239524738
2025-06-01 06:00:00,365.9475510967462
2025-06-01 07:00:00,467.971324425008
2025-06-01 08:00:00,542.7705406353305
2025-06-01 09:00:00,603.2213081263349
2025-06-01 10:00:00,621.5774223191551
2025-06-01 11:00:00,604.5833445938872
2025-06-01 12:00:00,587.2982374308365
2025-06-01 13:00:00,469.68694424639745
2025-06-01 14:00:00,436.13447604487544
2025-06-01 15:00:00,131.25708275007293
2025-06-01 16:00:00,139.68532960740097
2025-06-01 17:00:00,144.3084088173712
2025-06-01 18:00:00,29.634613816389965
2025-06-01 19:00:00,2.275027898759449
2025-06-01 20:00:00,0.0
2025-06-01 21:00:00,0.0
2025-06-01 22:00:00,0.0
2025-06-01 23:00:00,0.0
2025-06-02 00:00:00,0.0
2025-06-02 01:00:00,0.0
2025-06-02 02:00:00,0.0
2025-06-02 03:00:00,12.204026384301859
2025-06-02 04:00:00,39.325250198933865
2025-06-02 05:00:00,220.81243529703625
2025-06-02 06:00:00,378.85036722636227
2025-06-02 07:00:00,491.2049254550434
2025-06-02 08:00:00,568.9617685508501
2025-06-02 09:00:00,598.5149515605949
2025-06-02 10:00:00,457.091550320675
2025-06-02 11:00:00,492.78712315763727
2025-06-02 12:00:00,574.2159500430115
2025-06-02 13:00:00,336.20373817737027
2025-06-02 14:00:00,184.18163335201248
2025-06-02 15:00:00,390.31207822385676
2025-06-02 16:00:00,275.6416877139603
2025-06-02 17:00:00,170.59794240130074
2025-06-02 18:00:00,97.80343784651055
2025-06-02 19:00:00,12.780429213700486
2025-06-02 20:00:00,0.0
2025-06-02 21:00:00,0.0
2025-06-02 22:00:00,0.0
2025-06-02 23:00:00,0.0
2025-06-03 00:00:00,0.0
2025-06-03 01:00:00,0.0
2025-06-03 02:00:00,1.0487603929361562
2025-06-03 03:00:00,52.18769055991472
2025-06-03 04:00:00,130.58467078480473
2025-06-03 05:00:00,255.47713876084825
2025-06-03 06:00:00,376.91468295548685
2025-06-03 07:00:00,484.8814546647067
2025-06-03 08:00:00,563.5537823868045
2025-06-03 09:00:00,624.3440868018961
2025-06-03 10:00:00,655.2872438362065
2025-06-03 11:00:00,620.0767199655768
2025-06-03 12:00:00,469.71819018283946
2025-06-03 13:00:00,466.94927509686727
2025-06-03 14:00:00,517.4131567890636
2025-06-03 15:00:00,408.356812412121
2025-06-03 16:00:00,309.20864975465105
2025-06-03 17:00:00,180.04743306167674
2025-06-03 18:00:00,96.25187709801324
2025-06-03 19:00:00,20.646092152075376
2025-06-03 20:00:00,0.0
2025-06-03 21:00:00,0.0
2025-06-03 22:00:00,0.0
2025-06-03 23:00:00,0.0
2025-06-04 00:00:00,0.0
2025-06-04 01:00:00,0.0
2025-06-04 02:00:00,0.9242613919005578
2025-06-04 03:00:00,36.06358395691475
2025-06-04 04:00:00,80.10365201649616
2025-06-04 05:00:00,140.55610928201284
2025-06-04 06:00:00,272.41794220945457
2025-06-04 07:00:00,366.54689718573366
2025-06-04 08:00:00,440.8180320242441
2025-06-04 09:00:00,221.7292391815133
2025-06-04 10:00:00,311.8078667660804
2025-06-04 11:00:00,360.0298717960074
2025-06-04 12:00:00,411.1410517942271
2025-06-04 13:00:00,279.6492167961758
2025-06-04 14:00:00,283.707927519929
2025-06-04 15:00:00,132.15196245492405
2025-06-04 16:00:00,247.04124987091996
2025-06-04 17:00:00,75.49892870912876
2025-06-04 18:00:00,47.00112642024483
2025-06-04 19:00:00,3.538264200146952
2025-06-04 20:00:00,0.0
2025-06-04 21:00:00,0.0
2025-06-04 22:00:00,0.0
2025-06-04 23:00:00,0.0
2025-06-05 00:00:00,0.0
2025-06-05 01:00:00,0.0
2025-06-05 02:00:00,0.6227952347834109
2025-06-05 03:00:00,26.887394204887272
2025-06-05 04:00:00,113.12508548855918
2025-06-05 05:00:00,227.74236954231864
2025-06-05 06:00:00,340.84613309570943
2025-06-05 07:00:00,455.31605104702896
2025-06-05 08:00:00,537.8927438353827
2025-06-05 09:00:00,599.8403329083916
2025-06-05 10:00:00,596.9820606016486
2025-06-05 11:00:00,621.4522500097797
2025-06-05 12:00:00,577.218645270373
2025-06-05 13:00:00,527.0886217894747
2025-06-05 14:00:00,491.31813791017396
2025-06-05 15:00:00,386.2947313629359
2025-06-05 16:00:00,262.75739886524156
2025-06-05 17:00:00,165.05384951646454
2025-06-05 18:00:00,80.11657002095204
2025-06-05 19:00:00,16.32371232310733
2025-06-05 20:00:00,0.0
2025-06-05 21:00:00,0.0
2025-06-05 22:00:00,0.0
2025-06-05 23:00:00,0.0
2025-06-06 00:00:00,0.1340572647797359
2025-06-06 01:00:00,0.13266891642877132
2025-06-06 02:00:00,0.13370348068051663
2025-06-06 03:00:00,36.053287622587376
2025-06-06 04:00:00,95.86651934957067
2025-06-06 05:00:00,129.42478762501278
2025-06-06 06:00:00,214.17205988448944
2025-06-06 07:00:00,156.01989870984906
2025-06-06 08:00:00,195.0532311092691
2025-06-06 09:00:00,211.25133117076876
2025-06-06 10:00:00,233.11166647853412
2025-06-06 11:00:00,439.1009490793486
2025-06-06 12:00:00,379.85072572882063
2025-06-06 13:00:00,243.74935381376764
2025-06-06 14:00:00,259.0121543768773
2025-06-06 15:00:00,139.1750727932057
2025-06-06 16:00:00,98.01250153296132
2025-06-06 17:00:00,53.86852216005803
2025-06-06 18:00:00,26.04378119209625
2025-06-06 19:00:00,4.661812873074581
2025-06-06 20:00:00,0.16199797689707401
2025-06-06 21:00:00,0.13410502328634316
2025-06-06 22:00:00,0.13410502328634316
2025-06-06 23:00:00,0.1341447354668558
2025-06-07 00:00:00,0.0
2025-06-07 01:00:00,0.0
2025-06-07 02:00:00,0.0
2025-06-07 03:00:00,13.034269069149348
2025-06-07 04:00:00,50.52041581316753
2025-06-07 05:00:00,82.10420220664689
2025-06-07 06:00:00,146.51711845288355
2025-06-07 07:00:00,170.0237294094421
2025-06-07 08:00:00,221.80166122394235
2025-06-07 09:00:00,222.8285532389695
2025-06-07 10:00:00,323.3241074119744
2025-06-07 11:00:00,259.763059709094
2025-06-07 12:00:00,233.21425592262503
2025-06-07 13:00:00,318.6883739460667
2025-06-07 14:00:00,192.34679446458588
2025-06-07 15:00:00,164.6884841215044
2025-06-07 16:00:00,147.16618531848317
2025-06-07 17:00:00,168.3520003539945
2025-06-07 18:00:00,89.70721137464835
2025-06-07 19:00:00,16.355714731013816
2025-06-07 20:00:00,0.0
2025-06-07 21:00:00,0.0
2025-06-07 22:00:00,0.0
2025-06-07 23:00:00,0.0
2025-06-08 00:00:00,0.0
2025-06-08 01:00:00,0.0
2025-06-08 02:00:00,2.2446406676385
2025-06-08 03:00:00,31.038253706103177
2025-06-08 04:00:00,80.0524837048905
2025-06-08 05:00:00,129.3568161688323
2025-06-08 06:00:00,155.32455016701513
2025-06-08 07:00:00,161.04466589103424
2025-06-08 08:00:00,207.21483200838907
2025-06-08 09:00:00,225.3521191752498
2025-06-08 10:00:00,277.2292679739343
2025-06-08 11:00:00,234.05762168711476
2025-06-08 12:00:00,376.5015027138156
2025-06-08 13:00:00,246.16659372083913
2025-06-08 14:00:00,431.51882771135416
2025-06-08 15:00:00,205.50855221399826
2025-06-08 16:00:00,275.1315350225968
2025-06-08 17:00:00,116.10748624144004
2025-06-08 18:00:00,81.46911614270309
2025-06-08 19:00:00,11.991624333319624
2025-06-08 20:00:00,0.0
2025-06-08 21:00:00,0.0
2025-06-08 22:00:00,0.0
2025-06-08 23:00:00,0.0
2025-06-09 00:00:00,0.0
2025-06-09 01:00:00,0.0
2025-06-09 02:00:00,0.0
2025-06-09 03:00:00,10.869971183824914
2025-06-09 04:00:00,37.246335483930565
2025-06-09 05:00:00,72.20881936090375
2025-06-09 06:00:00,151.848251328013
2025-06-09 07:00:00,155.40889466723203
2025-06-09 08:00:00,276.8546832432881
2025-06-09 09:00:00,240.8717409045607
2025-06-09 10:00:00,269.1732946667602
2025-06-09 11:00:00,390.9741068381609
2025-06-09 12:00:00,482.6266404794469
2025-06-09 13:00:00,411.0752379603341
2025-06-09 14:00:00,201.55002034475513
2025-06-09 15:00:00,196.02139294925033
2025-06-09 16:00:00,100.14303688707783
2025-06-09 17:00:00,75.9565097999848
2025-06-09 18:00:00,33.5423673572425
2025-06-09 19:00:00,19.579398950257715
2025-06-09 20:00:00,0.0
2025-06-09 21:00:00,0.0
2025-06-09 22:00:00,0.0
2025-06-09 23:00:00,0.0
2025-06-10 00:00:00,0.0
2025-06-10 01:00:00,0.0
2025-06-10 02:00:00,2.4210266952742896
2025-06-10 03:00:00,35.75509536397132
2025-06-10 04:00:00,103.17407044059972
2025-06-10 05:00:00,197.8128914668448
2025-06-10 06:00:00,193.38277241075207
2025-06-10 07:00:00,399.87282383861174
2025-06-10 08:00:00,524.9233480565999
2025-06-10 09:00:00,501.13404840391155
2025-06-10 10:00:00,353.86657339276206
2025-06-10 11:00:00,275.02709648102405
2025-06-10 12:00:00,220.43071186479497
2025-06-10 13:00:00,321.3574812094239
2025-06-10 14:00:00,177.5263740203973
2025-06-10 15:00:00,314.11680562657494
2025-06-10 16:00:00,183.15278406832232
2025-06-10 17:00:00,143.35676044934436
2025-06-10 18:00:00,40.11040929894729
2025-06-10 19:00:00,15.005839447534642
2025-06-10 20:00:00,0.0
2025-06-10 21:00:00,0.0
2025-06-10 22:00:00,0.0
2025-06-10 23:00:00,0.0
2025-06-11 00:00:00,0.0
2025-06-11 01:00:00,0.0
2025-06-11 02:00:00,0.0
2025-06-11 03:00:00,18.03846557031069
2025-06-11 04:00:00,37.79216912993031
2025-06-11 05:00:00,73.50564026108063
2025-06-11 06:00:00,115.07086172219918
2025-06-11 07:00:00,154.98094081675202
2025-06-11 08:00:00,186.33423441268044
2025-06-11 09:00:00,208.9271954225861
2025-06-11 10:00:00,280.24938035415795
2025-06-11 11:00:00,315.75608994223
2025-06-11 12:00:00,329.69767484096127
2025-06-11 13:00:00,205.27687958971478
2025-06-11 14:00:00,222.59990416576525
2025-06-11 15:00:00,143.480751179749
2025-06-11 16:00:00,143.42574969199518
2025-06-11 17:00:00,54.44222822420317
2025-06-11 18:00:00,27.76171056958562
2025-06-11 19:00:00,7.133097312848161
2025-06-11 20:00:00,0.0
2025-06-11 21:00:00,0.0
2025-06-11 22:00:00,0.0
2025-06-11 23:00:00,0.0
2025-06-12 00:00:00,0.0
2025-06-12 01:00:00,0.0
2025-06-12 02:00:00,2.2006032176639985
2025-06-12 03:00:00,43.95962356566128
2025-06-12 04:00:00,128.61371192684322
2025-06-12 05:00:00,257.8223434675735
2025-06-12 06:00:00,374.93290283817447
2025-06-12 07:00:00,432.45354437960145
2025-06-12 08:00:00,539.1581496062888
2025-06-12 09:00:00,556.3896694307745
2025-06-12 10:00:00,619.3269442085989
2025-06-12 11:00:00,635.697594428252
2025-06-12 12:00:00,653.0034660373302
2025-06-12 13:00:00,597.8053513848146
2025-06-12 14:00:00,536.2988551845581
2025-06-12 15:00:00,440.0390225117602
2025-06-12 16:00:00,320.5298357011553
2025-06-12 17:00:00,195.78882060269052
2025-06-12 18:00:00,104.50660568713784
2025-06-12 19:00:00,27.33520030924642
2025-06-12 20:00:00,0.0
2025-06-12 21:00:00,0.0
2025-06-12 22:00:00,0.0
2025-06-12 23:00:00,0.0
2025-06-13 00:00:00,0.18717577401732682
2025-06-13 01:00:00,0.18578742566636236
2025-06-13 02:00:00,3.2823662637075803
2025-06-13 03:00:00,48.629503919250396
2025-06-13 04:00:00,127.3363773828378
2025-06-13 05:00:00,202.41632570205726
2025-06-13 06:00:00,292.94710513690643
2025-06-13 07:00:00,453.5376647094325
2025-06-13 08:00:00,549.0979283725584
2025-06-13 09:00:00,598.4200381961606
2025-06-13 10:00:00,651.2019744393153
2025-06-13 11:00:00,652.3053426568555
2025-06-13 12:00:00,614.2811089517459
2025-06-13 13:00:00,567.5673161183278
2025-06-13 14:00:00,419.7395915373679
2025-06-13 15:00:00,400.87067340407873
2025-06-13 16:00:00,277.8578430006546
2025-06-13 17:00:00,166.29239738020834
2025-06-13 18:00:00,93.06495510027246
2025-06-13 19:00:00,23.441100391555
2025-06-13 20:00:00,0.2116123560230047
2025-06-13 21:00:00,0.18722353252393403
2025-06-13 22:00:00,0.18722353252393403
2025-06-13 23:00:00,0.18726324470444666
2025-06-14 00:00:00,0.0
2025-06-14 01:00:00,0.0
2025-06-14 02:00:00,3.5578813260050617
2025-06-14 03:00:00,49.06567900205295
2025-06-14 04:00:00,127.85362431093236
2025-06-14 05:00:00,255.12145641035295
2025-06-14 06:00:00,371.5866680792034
2025-06-14 07:00:00,464.86411813062944
2025-06-14 08:00:00,339.9434710872391
2025-06-14 09:00:00,557.1433810328992
2025-06-14 10:00:00,643.5271123469306
2025-06-14 11:00:00,539.7825117607068
2025-06-14 12:00:00,568.6583978110313
2025-06-14 13:00:00,362.4152747570501
2025-06-14 14:00:00,182.84098919131296
2025-06-14 15:00:00,199.86643828525987
2025-06-14 16:00:00,190.3863861546815
2025-06-14 17:00:00,98.88687986419097
2025-06-14 18:00:00,98.89480836980056
2025-06-14 19:00:00,26.63464683961927
2025-06-14 20:00:00,0.0
2025-06-14 21:00:00,0.0
2025-06-14 22:00:00,0.0
2025-06-14 23:00:00,0.0
2025-06-15 00:00:00,0.0
2025-06-15 01:00:00,0.0
2025-06-15 02:00:00,3.405315018445927
2025-06-15 03:00:00,40.530426728935645
2025-06-15 04:00:00,114.91655810021997
2025-06-15 05:00:00,183.58451329944148
2025-06-15 06:00:00,342.2000388755528
2025-06-15 07:00:00,418.0099690136587
2025-06-15 08:00:00,517.5181610965622
2025-06-15 09:00:00,467.5472345990401
2025-06-15 10:00:00,601.9436037801477
2025-06-15 11:00:00,637.8221426741712
2025-06-15 12:00:00,620.2601601657454
2025-06-15 13:00:00,582.7730075748707
2025-06-15 14:00:00,268.1531288529702
2025-06-15 15:00:00,257.5356735581149
2025-06-15 16:00:00,112.16666164411568
2025-06-15 17:00:00,147.10357729951554
2025-06-15 18:00:00,61.09710157533764
2025-06-15 19:00:00,11.786332284020338
2025-06-15 20:00:00,0.0
2025-06-15 21:00:00,0.0
2025-06-15 22:00:00,0.0
2025-06-15 23:00:00,0.0
2025-06-16 00:00:00,0.0
2025-06-16 01:00:00,0.0
2025-06-16 02:00:00,1.4616305607817104
2025-06-16 03:00:00,18.174867136702762
2025-06-16 04:00:00,60.61917003044
2025-06-16 05:00:00,98.50356282185273
2025-06-16 06:00:00,148.11739729697254
2025-06-16 07:00:00,164.17547469191413
2025-06-16 08:00:00,249.90556254773648
2025-06-16 09:00:00,337.4035524510448
2025-06-16 10:00:00,442.006251086151
2025-06-16 11:00:00,345.351534378451
2025-06-16 12:00:00,360.636160082668
2025-06-16 13:00:00,437.91857339103876
2025-06-16 14:00:00,310.9016538360234
2025-06-16 15:00:00,273.0983582923052
2025-06-16 16:00:00,121.60681725379884
2025-06-16 17:00:00,182.55998355952389
2025-06-16 18:00:00,98.08700925610545
2025-06-16 19:00:00,27.731706079672
2025-06-16 20:00:00,0.0
2025-06-16 21:00:00,0.0
2025-06-16 22:00:00,0.0
2025-06-16 23:00:00,0.0
2025-06-17 00:00:00,0.0
2025-06-17 01:00:00,0.0
2025-06-17 02:00:00,0.0
2025-06-17 03:00:00,0.0
2025-06-17 04:00:00,0.0
2025-06-17 05:00:00,0.3858358821667662
2025-06-17 06:00:00,0.5639889622060519
2025-06-17 07:00:00,0.4432342657170908
2025-06-17 08:00:00,0.0
2025-06-17 09:00:00,0.0
2025-06-17 10:00:00,0.0
2025-06-17 11:00:00,0.0
2025-06-17 12:00:00,0.4019312578828642
2025-06-17 13:00:00,0.0
2025-06-17 14:00:00,0.2468055000699229
2025-06-17 15:00:00,0.15592203082484962
2025-06-17 16:00:00,0.6020170498777868
2025-06-17 17:00:00,0.0
2025-06-17 18:00:00,0.0
2025-06-17 19:00:00,0.0
2025-06-17 20:00:00,0.0
2025-06-17 21:00:00,0.0
2025-06-17 22:00:00,0.0
2025-06-17 23:00:00,0.0
2025-06-18 00:00:00,0.0
2025-06-18 01:00:00,0.0
2025-06-18 02:00:00,0.0
2025-06-18 03:00:00,30.07121848138891
2025-06-18 04:00:00,97.24878346972156
2025-06-18 05:00:00,135.27370333982222
2025-06-18 06:00:00,146.14159455664134
2025-06-18 07:00:00,294.6765627943097
2025-06-18 08:00:00,319.447339196773
2025-06-18 09:00:00,355.7463304136314
2025-06-18 10:00:00,529.1427296347919
2025-06-18 11:00:00,528.694062816326
2025-06-18 12:00:00,503.2032796394581
2025-06-18 13:00:00,378.40373468098
2025-06-18 14:00:00,345.99104222089596
2025-06-18 15:00:00,351.6471957256071
2025-06-18 16:00:00,270.35869307068145
2025-06-18 17:00:00,173.34916443772667
2025-06-18 18:00:00,32.00985271022312
2025-06-18 19:00:00,17.26510218168404
2025-06-18 20:00:00,0.0
2025-06-18 21:00:00,0.0
2025-06-18 22:00:00,0.0
2025-06-18 23:00:00,0.0
2025-06-19 00:00:00,0.0
2025-06-19 01:00:00,0.0
2025-06-19 02:00:00,0.0
2025-06-19 03:00:00,11.415040159437591
2025-06-19 04:00:00,91.45785830136093
2025-06-19 05:00:00,83.07298980820582
2025-06-19 06:00:00,118.21784895221896
2025-06-19 07:00:00,226.95237168263046
2025-06-19 08:00:00,498.5658721196668
2025-06-19 09:00:00,275.9631152492798
2025-06-19 10:00:00,289.19477439072847
2025-06-19 11:00:00,390.0813145354608
2025-06-19 12:00:00,315.7115758530235
2025-06-19 13:00:00,203.15446410604397
2025-06-19 14:00:00,229.1713838676094
2025-06-19 15:00:00,141.6210095367655
2025-06-19 16:00:00,99.49261173544244
2025-06-19 17:00:00,55.51494319454646
2025-06-19 18:00:00,39.90014578082541
2025-06-19 19:00:00,12.996998649944947
2025-06-19 20:00:00,0.0
2025-06-19 21:00:00,0.0
2025-06-19 22:00:00,0.0
2025-06-19 23:00:00,0.0
2025-06-20 00:00:00,0.0
2025-06-20 01:00:00,0.0
2025-06-20 02:00:00,3.4854398931465376
2025-06-20 03:00:00,47.38713769158272
2025-06-20 04:00:00,125.40380084696737
2025-06-20 05:00:00,252.07394272466286
2025-06-20 06:00:00,371.9625393228164
2025-06-20 07:00:00,467.0121894286255
2025-06-20 08:00:00,500.27186626844656
2025-06-20 09:00:00,518.1428929486623
2025-06-20 10:00:00,382.31444316722536
2025-06-20 11:00:00,470.0525656841765
2025-06-20 12:00:00,460.5252776275881
2025-06-20 13:00:00,446.4002547072594
2025-06-20 14:00:00,405.5358171744702
2025-06-20 15:00:00,293.33707119568845
2025-06-20 16:00:00,189.2411960497718
2025-06-20 17:00:00,134.95567529792896
2025-06-20 18:00:00,90.42399415920138
2025-06-20 19:00:00,22.004951847060568
2025-06-20 20:00:00,0.104246108566798
2025-06-20 21:00:00,0.0
2025-06-20 22:00:00,0.0
2025-06-20 23:00:00,0.0
2025-06-21 00:00:00,0.0
2025-06-21 01:00:00,0.0
2025-06-21 02:00:00,2.449114530687732
2025-06-21 03:00:00,23.460445920689192
2025-06-21 04:00:00,67.33522605195989
2025-06-21 05:00:00,95.02756729435767
2025-06-21 06:00:00,227.90262803886347
2025-06-21 07:00:00,357.0962631433497
2025-06-21 08:00:00,492.7585692628918
2025-06-21 09:00:00,589.9222112434036
2025-06-21 10:00:00,597.7744710912349
2025-06-21 11:00:00,468.38436445481784
2025-06-21 12:00:00,646.2695044782731
2025-06-21 13:00:00,576.2895678218234
2025-06-21 14:00:00,441.0417680259158
2025-06-21 15:00:00,337.74231025831284
2025-06-21 16:00:00,112.14878064564408
2025-06-21 17:00:00,66.86532110992512
2025-06-21 18:00:00,38.80618391313069
2025-06-21 19:00:00,22.968428904585053
2025-06-21 20:00:00,0.0
2025-06-21 21:00:00,0.0
2025-06-21 22:00:00,0.0
2025-06-21 23:00:00,0.0
2025-06-22 00:00:00,0.0
2025-06-22 01:00:00,0.0
2025-06-22 02:00:00,2.627689116725512
2025-06-22 03:00:00,48.46363903443776
2025-06-22 04:00:00,123.67582959300671
2025-06-22 05:00:00,243.10701339068356
2025-06-22 06:00:00,339.43787988411276
2025-06-22 07:00:00,455.3589732954726
2025-06-22 08:00:00,512.3806707321578
2025-06-22 09:00:00,435.8564869732285
2025-06-22 10:00:00,513.4209746225679
2025-06-22 11:00:00,630.1738842707359
2025-06-22 12:00:00,565.3776403404571
2025-06-22 13:00:00,466.72568100474086
2025-06-22 14:00:00,284.54342680246145
2025-06-22 15:00:00,340.6615605934405
2025-06-22 16:00:00,290.75721913698425
2025-06-22 17:00:00,178.2573165027614
2025-06-22 18:00:00,93.30626204867049
2025-06-22 19:00:00,5.799201939853185
2025-06-22 20:00:00,0.0
2025-06-22 21:00:00,0.0
2025-06-22 22:00:00,0.0
2025-06-22 23:00:00,0.0
2025-06-23 00:00:00,0.0
2025-06-23 01:00:00,0.0
2025-06-23 02:00:00,0.0
2025-06-23 03:00:00,16.13008937764297
2025-06-23 04:00:00,40.466493293981245
2025-06-23 05:00:00,70.00950687888346
2025-06-23 06:00:00,110.6188572849519
2025-06-23 07:00:00,151.5515687188293
2025-06-23 08:00:00,343.41055581194263
2025-06-23 09:00:00,249.349875524449
2025-06-23 10:00:00,217.76977492356644
2025-06-23 11:00:00,225.95317017969222
2025-06-23 12:00:00,215.71876852252836
2025-06-23 13:00:00,199.31756677153842
2025-06-23 14:00:00,185.84918563386182
2025-06-23 15:00:00,141.54377723123622
2025-06-23 16:00:00,97.57419789955877
2025-06-23 17:00:00,57.568049011061376
2025-06-23 18:00:00,41.92167868855606
2025-06-23 19:00:00,7.272889945587612
2025-06-23 20:00:00,0.0
2025-06-23 21:00:00,0.0
2025-06-23 22:00:00,0.0
2025-06-23 23:00:00,0.0
2025-06-24 00:00:00,0.0
2025-06-24 01:00:00,0.0
2025-06-24 02:00:00,0.0
2025-06-24 03:00:00,13.002497138810496
2025-06-24 04:00:00,41.056950489065045
2025-06-24 05:00:00,78.45336790727744
2025-06-24 06:00:00,123.24479529295937
2025-06-24 07:00:00,156.55210287719106
2025-06-24 08:00:00,191.04355607624868
2025-06-24 09:00:00,218.0282215846985
2025-06-24 10:00:00,229.8517399480117
2025-06-24 11:00:00,290.51259165609446
2025-06-24 12:00:00,226.1831733398583
2025-06-24 13:00:00,204.29172513518697
2025-06-24 14:00:00,177.05662461059097
2025-06-24 15:00:00,181.80227497428965
2025-06-24 16:00:00,101.03023755800938
2025-06-24 17:00:00,59.069153533340504
2025-06-24 18:00:00,29.935723443086054
2025-06-24 19:00:00,13.191327542555314
2025-06-24 20:00:00,0.0
2025-06-24 21:00:00,0.0
2025-06-24 22:00:00,0.0
2025-06-24 23:00:00,0.0
2025-06-25 00:00:00,0.0
2025-06-25 01:00:00,0.0
2025-06-25 02:00:00,0.0
2025-06-25 03:00:00,13.488659021446749
2025-06-25 04:00:00,41.389245788389275
2025-06-25 05:00:00,79.24242849645104
2025-06-25 06:00:00,121.33333755929623
2025-06-25 07:00:00,182.13237443260655
2025-06-25 08:00:00,185.95734375232942
2025-06-25 09:00:00,207.95055982982444
2025-06-25 10:00:00,225.84321906422147
2025-06-25 11:00:00,337.93207051285987
2025-06-25 12:00:00,396.2496626685354
2025-06-25 13:00:00,355.8965231484925
2025-06-25 14:00:00,483.2668808365062
2025-06-25 15:00:00,247.1261448746113
2025-06-25 16:00:00,208.33535667586585
2025-06-25 17:00:00,76.30811043548759
2025-06-25 18:00:00,95.61283850025235
2025-06-25 19:00:00,26.84852712397107
2025-06-25 20:00:00,0.0
2025-06-25 21:00:00,0.0
2025-06-25 22:00:00,0.0
2025-06-25 23:00:00,0.0
2025-06-26 00:00:00,0.0
2025-06-26 01:00:00,0.0
2025-06-26 02:00:00,2.3476881959260445
2025-06-26 03:00:00,42.8965316938886
2025-06-26 04:00:00,118.62812983155032
2025-06-26 05:00:00,230.78304013105256
2025-06-26 06:00:00,343.0167930116302
2025-06-26 07:00:00,444.74570644276315
2025-06-26 08:00:00,521.273900417844
2025-06-26 09:00:00,581.9046065308698
2025-06-26 10:00:00,627.9067034792504
2025-06-26 11:00:00,625.6714123374012
2025-06-26 12:00:00,611.8912316056095
2025-06-26 13:00:00,198.06273935690618
2025-06-26 14:00:00,312.1669892237788
2025-06-26 15:00:00,233.37715916953297
2025-06-26 16:00:00,228.88758567671266
2025-06-26 17:00:00,170.7730713496319
2025-06-26 18:00:00,97.13228585792834
2025-06-26 19:00:00,27.19635549873614
2025-06-26 20:00:00,0.0
2025-06-26 21:00:00,0.0
2025-06-26 22:00:00,0.0
2025-06-26 23:00:00,0.0
2025-06-27 00:00:00,0.0
2025-06-27 01:00:00,0.0
2025-06-27 02:00:00,0.0
2025-06-27 03:00:00,11.56992611044864
2025-06-27 04:00:00,67.37163164121945
2025-06-27 05:00:00,175.25080968831315
2025-06-27 06:00:00,115.42632935560228
2025-06-27 07:00:00,152.11952577322975
2025-06-27 08:00:00,186.489397720878
2025-06-27 09:00:00,341.04177566688304
2025-06-27 10:00:00,275.60975944341146
2025-06-27 11:00:00,283.2546903685018
2025-06-27 12:00:00,223.356524477568
2025-06-27 13:00:00,210.77670756326583
2025-06-27 14:00:00,214.9758402132333
2025-06-27 15:00:00,175.062806253072
2025-06-27 16:00:00,129.40495659949244
2025-06-27 17:00:00,180.75342175849815
2025-06-27 18:00:00,95.2166925337798
2025-06-27 19:00:00,20.5145458908522
2025-06-27 20:00:00,0.0
2025-06-27 21:00:00,0.0
2025-06-27 22:00:00,0.0
2025-06-27 23:00:00,0.0
2025-06-28 00:00:00,0.0
2025-06-28 01:00:00,0.0
2025-06-28 02:00:00,1.8632054179637936
2025-06-28 03:00:00,50.06209334848832
2025-06-28 04:00:00,122.36378737589476
2025-06-28 05:00:00,213.18034921324926
2025-06-28 06:00:00,290.3611457102616
2025-06-28 07:00:00,437.9474727529383
2025-06-28 08:00:00,380.3959177934179
2025-06-28 09:00:00,398.4774485691397
2025-06-28 10:00:00,315.959113788185
2025-06-28 11:00:00,231.02007731512208
2025-06-28 12:00:00,223.11450785859944
2025-06-28 13:00:00,202.72336944751254
2025-06-28 14:00:00,175.9443342894675
2025-06-28 15:00:00,143.75510419368712
2025-06-28 16:00:00,99.92821669296009
2025-06-28 17:00:00,59.42166122956002
2025-06-28 18:00:00,33.41482608009039
2025-06-28 19:00:00,6.857991848624183
2025-06-28 20:00:00,0.0
2025-06-28 21:00:00,0.0
2025-06-28 22:00:00,0.0
2025-06-28 23:00:00,0.0
2025-06-29 00:00:00,0.0
2025-06-29 01:00:00,0.0
2025-06-29 02:00:00,1.7987583594245165
2025-06-29 03:00:00,48.7100766188491
2025-06-29 04:00:00,118.85715191776849
2025-06-29 05:00:00,244.02276932085638
2025-06-29 06:00:00,367.9248614803554
2025-06-29 07:00:00,466.2020759031986
2025-06-29 08:00:00,547.3901714539272
2025-06-29 09:00:00,612.011442489391
2025-06-29 10:00:00,642.7836767176677
2025-06-29 11:00:00,665.0589453883777
2025-06-29 12:00:00,637.9115280148468
2025-06-29 13:00:00,568.3951816590408
2025-06-29 14:00:00,402.8494646452835
2025-06-29 15:00:00,420.63001764740716
2025-06-29 16:00:00,310.9917297801726
2025-06-29 17:00:00,189.33057911898882
2025-06-29 18:00:00,48.586384382171325
2025-06-29 19:00:00,32.40633668945222
2025-06-29 20:00:00,0.0
2025-06-29 21:00:00,0.0
2025-06-29 22:00:00,0.0
2025-06-29 23:00:00,0.0
2025-06-30 00:00:00,0.0
2025-06-30 01:00:00,0.0
2025-06-30 02:00:00,2.2056848605739003
2025-06-30 03:00:00,54.66522291188563
2025-06-30 04:00:00,128.76532298550302
2025-06-30 05:00:00,222.6046537830602
2025-06-30 06:00:00,355.5649681743873
2025-06-30 07:00:00,449.8461691271989
2025-06-30 08:00:00,416.6045378444768
2025-06-30 09:00:00,496.3427347475898
2025-06-30 10:00:00,597.2955625861235
2025-06-30 11:00:00,492.4376237036369
2025-06-30 12:00:00,583.1298855358854
2025-06-30 13:00:00,529.119686070849
2025-06-30 14:00:00,368.3806918395408
2025-06-30 15:00:00,392.08287429755364
2025-06-30 16:00:00,281.0466929953182
2025-06-30 17:00:00,204.89065578280955
2025-06-30 18:00:00,99.85256050188832
2025-06-30 19:00:00,31.387724070654638
2025-06-30 20:00:00,0.0
2025-06-30 21:00:00,0.0
2025-06-30 22:00:00,0.0
2025-06-30 23:00:00,0.0
2025-07-01 00:00:00,0.0
2025-07-01 01:00:00,0.0
2025-07-01 02:00:00,1.8205921771246238
2025-07-01 03:00:00,48.088032572964984
2025-07-01 04:00:00,122.04040334387817
2025-07-01 05:00:00,240.0785672452843
2025-07-01 06:00:00,352.3795913693574
2025-07-01 07:00:00,447.34056812211816
2025-07-01 08:00:00,539.4735424703815
2025-07-01 09:00:00,597.0303212652875
2025-07-01 10:00:00,634.5415103744996
2025-07-01 11:00:00,624.3508983940428
2025-07-01 12:00:00,630.1681678208594
2025-07-01 13:00:00,576.7076910593214
2025-07-01 14:00:00,433.0845455627267
2025-07-01 15:00:00,391.66419252136603
2025-07-01 16:00:00,304.9350236701523
2025-07-01 17:00:00,143.78052020387233
2025-07-01 18:00:00,82.32466932047869
2025-07-01 19:00:00,27.084762189129023
2025-07-01 20:00:00,0.0
2025-07-01 21:00:00,0.0
2025-07-01 22:00:00,0.0
2025-07-01 23:00:00,0.0
2025-07-02 00:00:00,0.0
2025-07-02 01:00:00,0.0
2025-07-02 02:00:00,0.9674110064914981
2025-07-02 03:00:00,32.9980718919762
2025-07-02 04:00:00,84.16787387363773
2025-07-02 05:00:00,221.061112448223
2025-07-02 06:00:00,321.5769589879826
2025-07-02 07:00:00,391.82312636647407
2025-07-02 08:00:00,525.2086829001278
2025-07-02 09:00:00,275.5247069030216
2025-07-02 10:00:00,223.12923105199405
2025-07-02 11:00:00,500.71324649150216
2025-07-02 12:00:00,539.7804955333218
2025-07-02 13:00:00,563.8705935160682
2025-07-02 14:00:00,290.11819717405325
2025-07-02 15:00:00,137.56107638966006
2025-07-02 16:00:00,118.09182467620242
2025-07-02 17:00:00,136.2212421564429
2025-07-02 18:00:00,61.46638146905143
2025-07-02 19:00:00,6.6788626989981745
2025-07-02 20:00:00,0.0
2025-07-02 21:00:00,0.0
2025-07-02 22:00:00,0.0
2025-07-02 23:00:00,0.0
2025-07-03 00:00:00,0.0
2025-07-03 01:00:00,0.0
2025-07-03 02:00:00,0.29412008746447554
2025-07-03 03:00:00,18.407223464137676
2025-07-03 04:00:00,77.29863414455683
2025-07-03 05:00:00,90.8633627286658
2025-07-03 06:00:00,122.97969743168007
2025-07-03 07:00:00,146.04893577344
2025-07-03 08:00:00,240.2024273132955
2025-07-03 09:00:00,372.0001557839436
2025-07-03 10:00:00,370.1764172445149
2025-07-03 11:00:00,650.2503864597131
2025-07-03 12:00:00,279.39801343058747
2025-07-03 13:00:00,341.8550346259836
2025-07-03 14:00:00,178.71028816262077
2025-07-03 15:00:00,146.41169714759084
2025-07-03 16:00:00,101.75191599034422
2025-07-03 17:00:00,62.43183802504704
2025-07-03 18:00:00,32.383449921359926
2025-07-03 19:00:00,26.121174402478054
2025-07-03 20:00:00,0.0
2025-07-03 21:00:00,0.0
2025-07-03 22:00:00,0.0
2025-07-03 23:00:00,0.0
2025-07-04 00:00:00,0.0
2025-07-04 01:00:00,0.0
2025-07-04 02:00:00,1.0272524190807022
2025-07-04 03:00:00,44.89497826467215
2025-07-04 04:00:00,122.15989480234268
2025-07-04 05:00:00,249.48108374563492
2025-07-04 06:00:00,375.4159751446492
2025-07-04 07:00:00,474.89434885781105
2025-07-04 08:00:00,558.2266194352303
2025-07-04 09:00:00,621.6344790413649
2025-07-04 10:00:00,661.8935369147142
2025-07-04 11:00:00,656.484478287394
2025-07-04 12:00:00,490.9959693526578
2025-07-04 13:00:00,207.32249162944896
2025-07-04 14:00:00,254.83990548405197
2025-07-04 15:00:00,251.70746531457252
2025-07-04 16:00:00,292.7220204592353
2025-07-04 17:00:00,188.19478060946184
2025-07-04 18:00:00,101.05047557471279
2025-07-04 19:00:00,25.660821401500638
2025-07-04 20:00:00,0.0
2025-07-04 21:00:00,0.0
2025-07-04 22:00:00,0.0
2025-07-04 23:00:00,0.0
2025-07-05 00:00:00,0.0
2025-07-05 01:00:00,0.0
2025-07-05 02:00:00,0.0
2025-07-05 03:00:00,29.99743571202774
2025-07-05 04:00:00,90.76677606008084
2025-07-05 05:00:00,128.20139114296103
2025-07-05 06:00:00,118.30321856374337
2025-07-05 07:00:00,154.78572703594568
2025-07-05 08:00:00,191.14404955982502
2025-07-05 09:00:00,207.55484249695363
2025-07-05 10:00:00,227.09777678008933
2025-07-05 11:00:00,230.50807095528
2025-07-05 12:00:00,225.29338966322388
2025-07-05 13:00:00,204.46728780571053
2025-07-05 14:00:00,178.17073579588057
2025-07-05 15:00:00,147.30783587100606
2025-07-05 16:00:00,98.84603115473591
2025-07-05 17:00:00,79.24435923445272
2025-07-05 18:00:00,33.572457626751905
2025-07-05 19:00:00,5.391382130741148
2025-07-05 20:00:00,0.0
2025-07-05 21:00:00,0.0
2025-07-05 22:00:00,0.0
2025-07-05 23:00:00,0.0
2025-07-06 00:00:00,0.0
2025-07-06 01:00:00,0.0
2025-07-06 02:00:00,0.0
2025-07-06 03:00:00,11.559272887842742
2025-07-06 04:00:00,46.8123976510895
2025-07-06 05:00:00,69.70266066728738
2025-07-06 06:00:00,111.41754825813784
2025-07-06 07:00:00,149.17961807093755
2025-07-06 08:00:00,184.32481717600854
2025-07-06 09:00:00,212.4868014163156
2025-07-06 10:00:00,226.50976681364816
2025-07-06 11:00:00,292.6068397543194
2025-07-06 12:00:00,530.4532011535011
2025-07-06 13:00:00,215.4406618280001
2025-07-06 14:00:00,267.6554065602866
2025-07-06 15:00:00,355.19172082048095
2025-07-06 16:00:00,154.62537091739827
2025-07-06 17:00:00,172.4026764597398
2025-07-06 18:00:00,88.1335102775492
2025-07-06 19:00:00,18.969431518572097
2025-07-06 20:00:00,0.0
2025-07-06 21:00:00,0.0
2025-07-06 22:00:00,0.0
2025-07-06 23:00:00,0.0
2025-07-07 00:00:00,0.0
2025-07-07 01:00:00,0.0
2025-07-07 02:00:00,0.0
2025-07-07 03:00:00,20.393746290539838
2025-07-07 04:00:00,72.14742020530578
2025-07-07 05:00:00,97.51310832018056
2025-07-07 06:00:00,284.51639956443773
2025-07-07 07:00:00,201.10467553556532
2025-07-07 08:00:00,323.32007932257585
2025-07-07 09:00:00,435.334856019302
2025-07-07 10:00:00,421.7985388073903
2025-07-07 11:00:00,362.1125280589076
2025-07-07 12:00:00,214.61481382973486
2025-07-07 13:00:00,195.79181954314598
2025-07-07 14:00:00,170.9698518434367
2025-07-07 15:00:00,137.25743694241376
2025-07-07 16:00:00,95.60178206079135
2025-07-07 17:00:00,49.55677874388166
2025-07-07 18:00:00,23.507300277412877
2025-07-07 19:00:00,4.23701811350541
2025-07-07 20:00:00,0.0
2025-07-07 21:00:00,0.0
2025-07-07 22:00:00,0.0
2025-07-07 23:00:00,0.0
2025-07-08 00:00:00,0.0
2025-07-08 01:00:00,0.0
2025-07-08 02:00:00,0.0
2025-07-08 03:00:00,8.95329232812806
2025-07-08 04:00:00,36.48403424496395
2025-07-08 05:00:00,72.15285077896691
2025-07-08 06:00:00,113.89127697956617
2025-07-08 07:00:00,152.0433351565529
2025-07-08 08:00:00,184.18325332976437
2025-07-08 09:00:00,336.2214437929495
2025-07-08 10:00:00,430.078841346209
2025-07-08 11:00:00,236.41285395251987
2025-07-08 12:00:00,507.78912794685573
2025-07-08 13:00:00,466.1519728076718
2025-07-08 14:00:00,177.28905353525641
2025-07-08 15:00:00,143.01510646876014
2025-07-08 16:00:00,303.57242752464947
2025-07-08 17:00:00,182.3392217154424
2025-07-08 18:00:00,87.48789467462504
2025-07-08 19:00:00,22.70834492985026
2025-07-08 20:00:00,0.0
2025-07-08 21:00:00,0.0
2025-07-08 22:00:00,0.0
2025-07-08 23:00:00,0.0
2025-07-09 00:00:00,0.0
2025-07-09 01:00:00,0.0
2025-07-09 02:00:00,0.0
2025-07-09 03:00:00,35.63908313117039
2025-07-09 04:00:00,111.78377297884082
2025-07-09 05:00:00,225.10289231325373
2025-07-09 06:00:00,342.4431770809466
2025-07-09 07:00:00,448.12766079958135
2025-07-09 08:00:00,529.1612924137447
2025-07-09 09:00:00,606.8115788745309
2025-07-09 10:00:00,630.5368488906142
2025-07-09 11:00:00,468.97878590001585
2025-07-09 12:00:00,369.740667645925
2025-07-09 13:00:00,202.44566897636622
2025-07-09 14:00:00,322.3893980424463
2025-07-09 15:00:00,316.7510616561579
2025-07-09 16:00:00,263.98977081310306
2025-07-09 17:00:00,181.34803467354766
2025-07-09 18:00:00,96.80605309096583
2025-07-09 19:00:00,21.935272639613032
2025-07-09 20:00:00,0.0
2025-07-09 21:00:00,0.0
2025-07-09 22:00:00,0.0
2025-07-09 23:00:00,0.0
2025-07-10 00:00:00,0.0
2025-07-10 01:00:00,0.0
2025-07-10 02:00:00,0.0
2025-07-10 03:00:00,35.498038986240175
2025-07-10 04:00:00,113.96569604393598
2025-07-10 05:00:00,224.9433993616789
2025-07-10 06:00:00,335.31656401160916
2025-07-10 07:00:00,448.6018461691557
2025-07-10 08:00:00,532.5573932608685
2025-07-10 09:00:00,594.0596632140829
2025-07-10 10:00:00,647.677711899802
2025-07-10 11:00:00,567.963518444144
2025-07-10 12:00:00,597.5602151679014
2025-07-10 13:00:00,584.7016633313732
2025-07-10 14:00:00,518.4060505579266
2025-07-10 15:00:00,419.6346214840981
2025-07-10 16:00:00,297.5206350828894
2025-07-10 17:00:00,182.04817429021097
2025-07-10 18:00:00,101.43703592209212
2025-07-10 19:00:00,19.4124342260928
2025-07-10 20:00:00,0.0
2025-07-10 21:00:00,0.0
2025-07-10 22:00:00,0.0
2025-07-10 23:00:00,0.0
2025-07-11 00:00:00,0.0
2025-07-11 01:00:00,0.0
2025-07-11 02:00:00,0.0
2025-07-11 03:00:00,19.202379968363946
2025-07-11 04:00:00,33.43346083890029
2025-07-11 05:00:00,121.62368417783794
2025-07-11 06:00:00,104.8407646430909
2025-07-11 07:00:00,162.79968000726666
2025-07-11 08:00:00,279.3461779796092
2025-07-11 09:00:00,380.8695429585292
2025-07-11 10:00:00,311.3209075977799
2025-07-11 11:00:00,338.11348203976803
2025-07-11 12:00:00,348.7227340277445
2025-07-11 13:00:00,309.37903872352643
2025-07-11 14:00:00,328.27522594601
2025-07-11 15:00:00,300.9296908695782
2025-07-11 16:00:00,93.85275033563971
2025-07-11 17:00:00,62.942911101435165
2025-07-11 18:00:00,24.423340000701625
2025-07-11 19:00:00,5.331554140303269
2025-07-11 20:00:00,0.0
2025-07-11 21:00:00,0.0
2025-07-11 22:00:00,0.0
2025-07-11 23:00:00,0.0
2025-07-12 00:00:00,0.0
2025-07-12 01:00:00,0.0
2025-07-12 02:00:00,0.0
2025-07-12 03:00:00,6.544813889164373
2025-07-12 04:00:00,59.437854667738584
2025-07-12 05:00:00,176.11134377908616
2025-07-12 06:00:00,299.52248838566874
2025-07-12 07:00:00,414.610334725252
2025-07-12 08:00:00,393.48583326143034
2025-07-12 09:00:00,232.1721845063416
2025-07-12 10:00:00,213.25798921324372
2025-07-12 11:00:00,219.58848395099469
2025-07-12 12:00:00,209.17832120548886
2025-07-12 13:00:00,193.10409230141295
2025-07-12 14:00:00,158.79643067786864
2025-07-12 15:00:00,128.4284374592275
2025-07-12 16:00:00,91.82081721404066
2025-07-12 17:00:00,48.79193626296568
2025-07-12 18:00:00,22.048058892214407
2025-07-12 19:00:00,7.510281559257752
2025-07-12 20:00:00,0.0
2025-07-12 21:00:00,0.0
2025-07-12 22:00:00,0.0
2025-07-12 23:00:00,0.0
2025-07-13 00:00:00,0.0
2025-07-13 01:00:00,0.0
2025-07-13 02:00:00,0.0
2025-07-13 03:00:00,7.79458430615682
2025-07-13 04:00:00,38.76014519888653
2025-07-13 05:00:00,68.94110645148375
2025-07-13 06:00:00,111.84052367210094
2025-07-13 07:00:00,146.06450306505013
2025-07-13 08:00:00,294.7524313776654
2025-07-13 09:00:00,413.7740217015613
2025-07-13 10:00:00,455.0319147883068
2025-07-13 11:00:00,528.7855324104293
2025-07-13 12:00:00,497.57158209130904
2025-07-13 13:00:00,408.01711696433125
2025-07-13 14:00:00,390.3618214981689
2025-07-13 15:00:00,200.55591096949007
2025-07-13 16:00:00,220.26196376464736
2025-07-13 17:00:00,153.34383437951396
2025-07-13 18:00:00,40.59289758657856
2025-07-13 19:00:00,13.291784133680002
2025-07-13 20:00:00,0.0
2025-07-13 21:00:00,0.0
2025-07-13 22:00:00,0.0
2025-07-13 23:00:00,0.0
2025-07-14 00:00:00,0.0
2025-07-14 01:00:00,0.0
2025-07-14 02:00:00,0.0
2025-07-14 03:00:00,7.741478533038013
2025-07-14 04:00:00,30.02873923033065
2025-07-14 05:00:00,64.4837311456506
2025-07-14 06:00:00,140.68945920591318
2025-07-14 07:00:00,141.4543272643207
2025-07-14 08:00:00,172.0503270099607
2025-07-14 09:00:00,202.6293881672051
2025-07-14 10:00:00,211.1687577502093
2025-07-14 11:00:00,216.77691799236402
2025-07-14 12:00:00,223.87409000838375
2025-07-14 13:00:00,203.34702860293476
2025-07-14 14:00:00,169.36502567128338
2025-07-14 15:00:00,138.79053702451253
2025-07-14 16:00:00,91.99267227764079
2025-07-14 17:00:00,46.734494259101346
2025-07-14 18:00:00,21.725633164119586
2025-07-14 19:00:00,12.555400957608907
2025-07-14 20:00:00,0.0
2025-07-14 21:00:00,0.0
2025-07-14 22:00:00,0.0
2025-07-14 23:00:00,0.0
2025-07-15 00:00:00,0.0
2025-07-15 01:00:00,0.0
2025-07-15 02:00:00,0.0
2025-07-15 03:00:00,6.190924059357126
2025-07-15 04:00:00,48.600948680031934
2025-07-15 05:00:00,63.26461704642168
2025-07-15 06:00:00,247.20186515844625
2025-07-15 07:00:00,199.71010695682256
2025-07-15 08:00:00,175.1438447143947
2025-07-15 09:00:00,200.6624765639921
2025-07-15 10:00:00,213.34639596064397
2025-07-15 11:00:00,216.09520203007463
2025-07-15 12:00:00,406.7144066654126
2025-07-15 13:00:00,352.8344197624554
2025-07-15 14:00:00,341.0394147662707
2025-07-15 15:00:00,339.7661144342606
2025-07-15 16:00:00,92.28049904057717
2025-07-15 17:00:00,75.22943780131334
2025-07-15 18:00:00,22.310577505162907
2025-07-15 19:00:00,2.418097564356634
2025-07-15 20:00:00,0.0
2025-07-15 21:00:00,0.0
2025-07-15 22:00:00,0.0
2025-07-15 23:00:00,0.0
2025-07-16 00:00:00,0.0
2025-07-16 01:00:00,0.0
2025-07-16 02:00:00,0.0
2025-07-16 03:00:00,5.1047314576438065
2025-07-16 04:00:00,80.88955692962723
2025-07-16 05:00:00,140.19887256378564
2025-07-16 06:00:00,276.55532307273904
2025-07-16 07:00:00,363.18287015292947
2025-07-16 08:00:00,351.1227594873934
2025-07-16 09:00:00,546.2106600414119
2025-07-16 10:00:00,476.8892993968822
2025-07-16 11:00:00,470.40323222667746
2025-07-16 12:00:00,333.09443841394426
2025-07-16 13:00:00,490.96476847558415
2025-07-16 14:00:00,494.98098722572456
2025-07-16 15:00:00,396.02948931082494
2025-07-16 16:00:00,302.32882856585786
2025-07-16 17:00:00,183.49170917021794
2025-07-16 18:00:00,90.11062256531984
2025-07-16 19:00:00,16.213568009280532
2025-07-16 20:00:00,0.10272715363119728
2025-07-16 21:00:00,0.0
2025-07-16 22:00:00,0.0
2025-07-16 23:00:00,0.0
2025-07-17 00:00:00,0.0
2025-07-17 01:00:00,0.0
2025-07-17 02:00:00,0.0
2025-07-17 03:00:00,28.029923220459036
2025-07-17 04:00:00,94.68052724889415
2025-07-17 05:00:00,210.3804854715154
2025-07-17 06:00:00,320.15214448340606
2025-07-17 07:00:00,430.7471218798058
2025-07-17 08:00:00,507.702591882261
2025-07-17 09:00:00,567.8077800958799
2025-07-17 10:00:00,612.5409602431342
2025-07-17 11:00:00,617.972837834779
2025-07-17 12:00:00,573.1763214551252
2025-07-17 13:00:00,521.2729419336482
2025-07-17 14:00:00,485.3529342906366
2025-07-17 15:00:00,391.8713668059116
2025-07-17 16:00:00,284.10351361772734
2025-07-17 17:00:00,171.19673917576822
2025-07-17 18:00:00,82.27666466846514
2025-07-17 19:00:00,14.102219816356932
2025-07-17 20:00:00,0.0
2025-07-17 21:00:00,0.0
2025-07-17 22:00:00,0.0
2025-07-17 23:00:00,0.0
2025-07-18 00:00:00,0.0
2025-07-18 01:00:00,0.0
2025-07-18 02:00:00,0.0
2025-07-18 03:00:00,25.314973719676015
2025-07-18 04:00:00,92.41899728161758
2025-07-18 05:00:00,206.63559637424783
2025-07-18 06:00:00,312.82360873192425
2025-07-18 07:00:00,387.0732824500768
2025-07-18 08:00:00,461.5769980482637
2025-07-18 09:00:00,530.4217872126693
2025-07-18 10:00:00,545.8130980730407
2025-07-18 11:00:00,492.804269074274
2025-07-18 12:00:00,553.4945049528071
2025-07-18 13:00:00,529.7325392684057
2025-07-18 14:00:00,483.05124042230614
2025-07-18 15:00:00,344.1841588074641
2025-07-18 16:00:00,265.54803654161657
2025-07-18 17:00:00,164.82724399202306
2025-07-18 18:00:00,71.38961044614949
2025-07-18 19:00:00,11.608047635586853
2025-07-18 20:00:00,0.0
2025-07-18 21:00:00,0.0
2025-07-18 22:00:00,0.0
2025-07-18 23:00:00,0.0
2025-07-19 00:00:00,0.0
2025-07-19 01:00:00,0.0
2025-07-19 02:00:00,0.0
2025-07-19 03:00:00,21.552001821042193
2025-07-19 04:00:00,91.96850796649557
2025-07-19 05:00:00,196.0822374428567
2025-07-19 06:00:00,309.69812839755184
2025-07-19 07:00:00,424.3943076014522
2025-07-19 08:00:00,511.4345774735
2025-07-19 09:00:00,570.0229337194686
2025-07-19 10:00:00,574.2539031673401
2025-07-19 11:00:00,352.6805918590491
2025-07-19 12:00:00,437.0082283282938
2025-07-19 13:00:00,556.2317595453296
2025-07-19 14:00:00,480.95715861655236
2025-07-19 15:00:00,384.4058137685044
2025-07-19 16:00:00,280.6176555719293
2025-07-19 17:00:00,167.2491616058525
2025-07-19 18:00:00,77.83594264359166
2025-07-19 19:00:00,11.769649553519487
2025-07-19 20:00:00,0.0
2025-07-19 21:00:00,0.0
2025-07-19 22:00:00,0.0
2025-07-19 23:00:00,0.0
2025-07-20 00:00:00,0.0
2025-07-20 01:00:00,0.0
2025-07-20 02:00:00,0.0
2025-07-20 03:00:00,22.13689135945947
2025-07-20 04:00:00,88.8495088596001
2025-07-20 05:00:00,196.55615546352956
2025-07-20 06:00:00,307.2115889638303
2025-07-20 07:00:00,424.731385364818
2025-07-20 08:00:00,509.7355928113926
2025-07-20 09:00:00,570.9795131595184
2025-07-20 10:00:00,613.0740020642594
2025-07-20 11:00:00,624.8586295391506
2025-07-20 12:00:00,473.06097242627743
2025-07-20 13:00:00,548.7197057857841
2025-07-20 14:00:00,491.1060448515594
2025-07-20 15:00:00,387.511828263152
2025-07-20 16:00:00,282.59020379642857
2025-07-20 17:00:00,168.04210570889333
2025-07-20 18:00:00,79.3891562385622
2025-07-20 19:00:00,11.263672284225926
2025-07-20 20:00:00,0.0
2025-07-20 21:00:00,0.0
2025-07-20 22:00:00,0.0
2025-07-20 23:00:00,0.0
2025-07-21 00:00:00,0.0
2025-07-21 01:00:00,0.0
2025-07-21 02:00:00,0.0
2025-07-21 03:00:00,14.33045903624391
2025-07-21 04:00:00,35.20699510785624
2025-07-21 05:00:00,185.7978831735822
2025-07-21 06:00:00,299.97842522363345
2025-07-21 07:00:00,409.614123142852
2025-07-21 08:00:00,417.17736840823056
2025-07-21 09:00:00,549.8555406690256
2025-07-21 10:00:00,580.2549501914867
2025-07-21 11:00:00,602.3737239904576
2025-07-21 12:00:00,592.0892793109614
2025-07-21 13:00:00,544.5290994482592
2025-07-21 14:00:00,476.04394269977973
2025-07-21 15:00:00,383.05631737093887
2025-07-21 16:00:00,220.993236889641
2025-07-21 17:00:00,164.44269023902066
2025-07-21 18:00:00,74.03412618144908
2025-07-21 19:00:00,7.68852100444604
2025-07-21 20:00:00,0.0
2025-07-21 21:00:00,0.0
2025-07-21 22:00:00,0.0
2025-07-21 23:00:00,0.0
2025-07-22 00:00:00,0.0
2025-07-22 01:00:00,0.0
2025-07-22 02:00:00,0.0
2025-07-22 03:00:00,17.704864106633316
2025-07-22 04:00:00,70.33151161646988
2025-07-22 05:00:00,162.56620415727912
2025-07-22 06:00:00,291.032800229926
2025-07-22 07:00:00,386.22651953586114
2025-07-22 08:00:00,344.28312449502477
2025-07-22 09:00:00,510.31052911799014
2025-07-22 10:00:00,568.8260563016715
2025-07-22 11:00:00,594.2958305916816
2025-07-22 12:00:00,545.9314526777844
2025-07-22 13:00:00,187.9303661975711
2025-07-22 14:00:00,161.3638628661284
2025-07-22 15:00:00,127.07886588785566
2025-07-22 16:00:00,134.80160046828198
2025-07-22 17:00:00,41.8714992224566
2025-07-22 18:00:00,18.63093644834794
2025-07-22 19:00:00,0.5892634952358455
2025-07-22 20:00:00,0.0
2025-07-22 21:00:00,0.0
2025-07-22 22:00:00,0.0
2025-07-22 23:00:00,0.0
2025-07-23 00:00:00,0.0
2025-07-23 01:00:00,0.0
2025-07-23 02:00:00,0.0
2025-07-23 03:00:00,8.521569985263689
2025-07-23 04:00:00,41.88188813290686
2025-07-23 05:00:00,125.87644908859193
2025-07-23 06:00:00,269.58265331679695
2025-07-23 07:00:00,139.8820962752685
2025-07-23 08:00:00,478.3913657861905
2025-07-23 09:00:00,448.76466762616883
2025-07-23 10:00:00,570.8938467188336
2025-07-23 11:00:00,555.1294528071155
2025-07-23 12:00:00,375.2727019940763
2025-07-23 13:00:00,395.28103463195566
2025-07-23 14:00:00,434.1085692477661
2025-07-23 15:00:00,334.2078839740136
2025-07-23 16:00:00,218.582131655654
2025-07-23 17:00:00,69.27632553846975
2025-07-23 18:00:00,34.38058785009369
2025-07-23 19:00:00,1.012187404631409
2025-07-23 20:00:00,0.0
2025-07-23 21:00:00,0.0
2025-07-23 22:00:00,0.0
2025-07-23 23:00:00,0.0
2025-07-24 00:00:00,0.0
2025-07-24 01:00:00,0.0
2025-07-24 02:00:00,0.0
2025-07-24 03:00:00,13.48169169318773
2025-07-24 04:00:00,23.15170784967059
2025-07-24 05:00:00,107.11851086982067
2025-07-24 06:00:00,246.76160110437996
2025-07-24 07:00:00,337.90285326971144
2025-07-24 08:00:00,473.7750448277493
2025-07-24 09:00:00,350.75636961544865
2025-07-24 10:00:00,507.33185759611837
2025-07-24 11:00:00,522.7831685285303
2025-07-24 12:00:00,510.3940410187488
2025-07-24 13:00:00,528.7010073253434
2025-07-24 14:00:00,460.58245809905924
2025-07-24 15:00:00,362.70355068573355
2025-07-24 16:00:00,262.57035285808377
2025-07-24 17:00:00,152.658672522146
2025-07-24 18:00:00,62.75426626701316
2025-07-24 19:00:00,6.015717993607341
2025-07-24 20:00:00,0.0
2025-07-24 21:00:00,0.0
2025-07-24 22:00:00,0.0
2025-07-24 23:00:00,0.0
2025-07-25 00:00:00,0.0
2025-07-25 01:00:00,0.0
2025-07-25 02:00:00,0.0
2025-07-25 03:00:00,10.053365105269284
2025-07-25 04:00:00,72.35775488164701
2025-07-25 05:00:00,92.62678387832864
2025-07-25 06:00:00,220.43575786141693
2025-07-25 07:00:00,331.63445154656335
2025-07-25 08:00:00,240.00936078932972
2025-07-25 09:00:00,415.1988987373422
2025-07-25 10:00:00,521.3294077061315
2025-07-25 11:00:00,517.3469940256088
2025-07-25 12:00:00,518.7973562121965
2025-07-25 13:00:00,394.33248189414604
2025-07-25 14:00:00,467.52002191074007
2025-07-25 15:00:00,377.75555424611986
2025-07-25 16:00:00,269.3357463478901
2025-07-25 17:00:00,157.02728260553852
2025-07-25 18:00:00,68.24248175908818
2025-07-25 19:00:00,5.869794172488307
2025-07-25 20:00:00,0.0
2025-07-25 21:00:00,0.0
2025-07-25 22:00:00,0.0
2025-07-25 23:00:00,0.0
2025-07-26 00:00:00,0.0
2025-07-26 01:00:00,0.0
2025-07-26 02:00:00,0.0
2025-07-26 03:00:00,5.460529142375652
2025-07-26 04:00:00,29.274194515740206
2025-07-26 05:00:00,73.58026765115657
2025-07-26 06:00:00,237.12606432168835
2025-07-26 07:00:00,286.55164455035464
2025-07-26 08:00:00,164.72035103158
2025-07-26 09:00:00,192.7269798403577
2025-07-26 10:00:00,581.251019714541
2025-07-26 11:00:00,371.82850722476854
2025-07-26 12:00:00,399.0856247911484
2025-07-26 13:00:00,406.53449966466644
2025-07-26 14:00:00,228.13566493570468
2025-07-26 15:00:00,127.23257765205528
2025-07-26 16:00:00,89.96910819077499
2025-07-26 17:00:00,53.085219325057416
2025-07-26 18:00:00,41.89941675365118
2025-07-26 19:00:00,4.263672931998391
2025-07-26 20:00:00,0.0
2025-07-26 21:00:00,0.0
2025-07-26 22:00:00,0.0
2025-07-26 23:00:00,0.0
2025-07-27 00:00:00,0.0
2025-07-27 01:00:00,0.0
2025-07-27 02:00:00,0.0
2025-07-27 03:00:00,4.113010769557599
2025-07-27 04:00:00,29.670472546540264
2025-07-27 05:00:00,89.79022117336336
2025-07-27 06:00:00,249.5425759065356
2025-07-27 07:00:00,360.43915247229313
2025-07-27 08:00:00,491.59970314757123
2025-07-27 09:00:00,553.8186077993925
2025-07-27 10:00:00,246.0269966721108
2025-07-27 11:00:00,607.6617646813
2025-07-27 12:00:00,585.1319991534157
2025-07-27 13:00:00,539.7270559462374
2025-07-27 14:00:00,466.7993134557261
2025-07-27 15:00:00,375.13469054691546
2025-07-27 16:00:00,269.1569344380955
2025-07-27 17:00:00,154.54562605610357
2025-07-27 18:00:00,63.197192864596644
2025-07-27 19:00:00,3.060187850692336
2025-07-27 20:00:00,0.0
2025-07-27 21:00:00,0.0
2025-07-27 22:00:00,0.0
2025-07-27 23:00:00,0.0
2025-07-28 00:00:00,0.0
2025-07-28 01:00:00,0.0
2025-07-28 02:00:00,0.0
2025-07-28 03:00:00,7.663514339753249
2025-07-28 04:00:00,72.1073085852977
2025-07-28 05:00:00,128.8642001991351
2025-07-28 06:00:00,180.03545464194767
2025-07-28 07:00:00,241.0288849651465
2025-07-28 08:00:00,295.1306765632553
2025-07-28 09:00:00,193.147968290243
2025-07-28 10:00:00,438.7988754465916
2025-07-28 11:00:00,279.3508261053239
2025-07-28 12:00:00,240.46785233336524
2025-07-28 13:00:00,327.455147672188
2025-07-28 14:00:00,237.68335797593863
2025-07-28 15:00:00,198.6180485209264
2025-07-28 16:00:00,206.55344652569318
2025-07-28 17:00:00,126.71812642597824
2025-07-28 18:00:00,43.700086248337065
2025-07-28 19:00:00,1.8134856996556783
2025-07-28 20:00:00,0.0
2025-07-28 21:00:00,0.0
2025-07-28 22:00:00,0.0
2025-07-28 23:00:00,0.0
2025-07-29 00:00:00,0.0
2025-07-29 01:00:00,0.0
2025-07-29 02:00:00,0.0
2025-07-29 03:00:00,0.5944542574842778
2025-07-29 04:00:00,21.324573485111305
2025-07-29 05:00:00,50.67500681027507
2025-07-29 06:00:00,88.55333664575765
2025-07-29 07:00:00,126.2217065133032
2025-07-29 08:00:00,161.85362324736496
2025-07-29 09:00:00,200.64997481977105
2025-07-29 10:00:00,204.0135243179388
2025-07-29 11:00:00,216.13301100192143
2025-07-29 12:00:00,464.38697425372084
2025-07-29 13:00:00,181.92755206268234
2025-07-29 14:00:00,170.54894333988918
2025-07-29 15:00:00,126.56732913833099
2025-07-29 16:00:00,83.973538366303
2025-07-29 17:00:00,65.58512461952728
2025-07-29 18:00:00,56.46423016062646
2025-07-29 19:00:00,2.271176814839957
2025-07-29 20:00:00,0.0
2025-07-29 21:00:00,0.0
2025-07-29 22:00:00,0.0
2025-07-29 23:00:00,0.0
2025-07-30 00:00:00,0.0
2025-07-30 01:00:00,0.0
2025-07-30 02:00:00,0.0
2025-07-30 03:00:00,5.044708950075447
2025-07-30 04:00:00,60.16038271108616
2025-07-30 05:00:00,163.7580253902717
2025-07-30 06:00:00,283.5449725834289
2025-07-30 07:00:00,294.8298519866222
2025-07-30 08:00:00,422.32520324507107
2025-07-30 09:00:00,477.00933007659205
2025-07-30 10:00:00,578.5200060168262
2025-07-30 11:00:00,535.4921268687845
2025-07-30 12:00:00,493.1977371417974
2025-07-30 13:00:00,297.5696805466953
2025-07-30 14:00:00,234.28574300598305
2025-07-30 15:00:00,179.77403496545716
2025-07-30 16:00:00,83.70349900479209
2025-07-30 17:00:00,42.98900726195399
2025-07-30 18:00:00,14.78767551986219
2025-07-30 19:00:00,0.0
2025-07-30 20:00:00,0.0
2025-07-30 21:00:00,0.0
2025-07-30 22:00:00,0.0
2025-07-30 23:00:00,0.0
2025-07-31 00:00:00,0.0
2025-07-31 01:00:00,0.0
2025-07-31 02:00:00,0.0
2025-07-31 03:00:00,0.2265180913354566
2025-07-31 04:00:00,20.196453930738215
2025-07-31 05:00:00,52.044127173656435
2025-07-31 06:00:00,90.7910018596004
2025-07-31 07:00:00,128.91305826833892
2025-07-31 08:00:00,162.3716430513326
2025-07-31 09:00:00,190.64428574143622
2025-07-31 10:00:00,199.60050122883302
2025-07-31 11:00:00,310.71338077058607
2025-07-31 12:00:00,268.9446053165669
2025-07-31 13:00:00,253.13303708507763
2025-07-31 14:00:00,368.1759106097531
2025-07-31 15:00:00,333.5322156475035
2025-07-31 16:00:00,226.52340923267627
2025-07-31 17:00:00,135.76572800878495
2025-07-31 18:00:00,40.252512290703194
2025-07-31 19:00:00,0.21355639869983473
2025-07-31 20:00:00,0.0
2025-07-31 21:00:00,0.0
2025-07-31 22:00:00,0.0
2025-07-31 23:00:00,0.0
2025-08-01 00:00:00,0.0
2025-08-01 01:00:00,0.0
2025-08-01 02:00:00,0.0
2025-08-01 03:00:00,1.0676352396315314
2025-08-01 04:00:00,48.376189437356814
2025-08-01 05:00:00,109.65105040287388
2025-08-01 06:00:00,134.67381748798016
2025-08-01 07:00:00,127.39680149691127
2025-08-01 08:00:00,158.8664105302598
2025-08-01 09:00:00,219.09252721741353
2025-08-01 10:00:00,199.6815480100166
2025-08-01 11:00:00,204.10591341461523
2025-08-01 12:00:00,198.30954530253177
2025-08-01 13:00:00,181.643251868874
2025-08-01 14:00:00,151.3317495342803
2025-08-01 15:00:00,116.13853868823624
2025-08-01 16:00:00,78.52419765655185
2025-08-01 17:00:00,35.82767672678457
2025-08-01 18:00:00,12.264128282262204
2025-08-01 19:00:00,0.0
2025-08-01 20:00:00,0.0
2025-08-01 21:00:00,0.0
2025-08-01 22:00:00,0.0
2025-08-01 23:00:00,0.0
2025-08-02 00:00:00,0.0
2025-08-02 01:00:00,0.0
2025-08-02 02:00:00,0.0
2025-08-02 03:00:00,0.38446251171332524
2025-08-02 04:00:00,17.62426011087993
2025-08-02 05:00:00,92.47756131030691
2025-08-02 06:00:00,272.8195797635607
2025-08-02 07:00:00,380.28033826484017
2025-08-02 08:00:00,335.31153055423096
2025-08-02 09:00:00,260.0771293818292
2025-08-02 10:00:00,463.7323937079532
2025-08-02 11:00:00,513.2478099261449
2025-08-02 12:00:00,561.1274604642716
2025-08-02 13:00:00,528.9122821891622
2025-08-02 14:00:00,467.88472602911327
2025-08-02 15:00:00,352.3755906477732
2025-08-02 16:00:00,254.34312305250813
2025-08-02 17:00:00,136.79509818036
2025-08-02 18:00:00,39.441636934128844
2025-08-02 19:00:00,0.0
2025-08-02 20:00:00,0.0
2025-08-02 21:00:00,0.0
2025-08-02 22:00:00,0.0
2025-08-02 23:00:00,0.0
2025-08-03 00:00:00,0.0
2025-08-03 01:00:00,0.0
2025-08-03 02:00:00,0.0
2025-08-03 03:00:00,1.954142209323331
2025-08-03 04:00:00,51.107953559826406
2025-08-03 05:00:00,132.01243527949367
2025-08-03 06:00:00,244.82559101055244
2025-08-03 07:00:00,131.41277338675513
2025-08-03 08:00:00,194.08820487505025
2025-08-03 09:00:00,314.8816537272259
2025-08-03 10:00:00,432.52226883132244
2025-08-03 11:00:00,594.0238894280682
2025-08-03 12:00:00,574.5713232574103
2025-08-03 13:00:00,486.6167526171724
2025-08-03 14:00:00,391.3862212522065
2025-08-03 15:00:00,329.87569856806
2025-08-03 16:00:00,204.81868198567096
2025-08-03 17:00:00,98.36599035060118
2025-08-03 18:00:00,25.590106567170704
2025-08-03 19:00:00,0.0
2025-08-03 20:00:00,0.0
2025-08-03 21:00:00,0.0
2025-08-03 22:00:00,0.0
2025-08-03 23:00:00,0.0
2025-08-04 00:00:00,0.0
2025-08-04 01:00:00,0.0
2025-08-04 02:00:00,0.0
2025-08-04 03:00:00,0.0
2025-08-04 04:00:00,15.189144848954403
2025-08-04 05:00:00,57.122746634528234
2025-08-04 06:00:00,146.66202216347662
2025-08-04 07:00:00,165.67007542407214
2025-08-04 08:00:00,186.9359981558588
2025-08-04 09:00:00,275.1826140986717
2025-08-04 10:00:00,453.45509652323955
2025-08-04 11:00:00,569.1928822679617
2025-08-04 12:00:00,553.5268847135075
2025-08-04 13:00:00,518.6324082089947
2025-08-04 14:00:00,247.19439898517
2025-08-04 15:00:00,155.61125458572906
2025-08-04 16:00:00,87.73051825289929
2025-08-04 17:00:00,111.99854829855762
2025-08-04 18:00:00,34.89175872706983
2025-08-04 19:00:00,0.0
2025-08-04 20:00:00,0.0
2025-08-04 21:00:00,0.0
2025-08-04 22:00:00,0.0
2025-08-04 23:00:00,0.0
2025-08-05 00:00:00,0.0
2025-08-05 01:00:00,0.0
2025-08-05 02:00:00,0.0
2025-08-05 03:00:00,0.24397365614165814
2025-08-05 04:00:00,13.30477338770622
2025-08-05 05:00:00,47.74152401986275
2025-08-05 06:00:00,103.06804943972809
2025-08-05 07:00:00,198.3691128368343
2025-08-05 08:00:00,476.62896934255883
2025-08-05 09:00:00,547.8145699589844
2025-08-05 10:00:00,573.757261694528
2025-08-05 11:00:00,584.428943007234
2025-08-05 12:00:00,550.983239838596
2025-08-05 13:00:00,541.8661790653566
2025-08-05 14:00:00,441.9928966103211
2025-08-05 15:00:00,247.48939966860806
2025-08-05 16:00:00,244.4994086914198
2025-08-05 17:00:00,136.03924979842745
2025-08-05 18:00:00,43.68128751236894
2025-08-05 19:00:00,0.0
2025-08-05 20:00:00,0.0
2025-08-05 21:00:00,0.0
2025-08-05 22:00:00,0.0
2025-08-05 23:00:00,0.0
2025-08-06 00:00:00,0.0
2025-08-06 01:00:00,0.0
2025-08-06 02:00:00,0.0
2025-08-06 03:00:00,0.0
2025-08-06 04:00:00,17.410240945954357
2025-08-06 05:00:00,86.51484421456598
2025-08-06 06:00:00,92.47990230550305
2025-08-06 07:00:00,191.73203079228097
2025-08-06 08:00:00,173.85886364279324
2025-08-06 09:00:00,332.0031160098177
2025-08-06 10:00:00,473.95943973041364
2025-08-06 11:00:00,388.3025617646179
2025-08-06 12:00:00,470.6922436020224
2025-08-06 13:00:00,455.12579078112356
2025-08-06 14:00:00,354.5427736023055
2025-08-06 15:00:00,154.34989788953905
2025-08-06 16:00:00,140.32347272737348
2025-08-06 17:00:00,39.50277420289899
2025-08-06 18:00:00,34.292975992855276
2025-08-06 19:00:00,0.0
2025-08-06 20:00:00,0.0
2025-08-06 21:00:00,0.0
2025-08-06 22:00:00,0.0
2025-08-06 23:00:00,0.0
2025-08-07 00:00:00,0.0
2025-08-07 01:00:00,0.0
2025-08-07 02:00:00,0.0
2025-08-07 03:00:00,0.41177469063131333
2025-08-07 04:00:00,57.95513155602344
2025-08-07 05:00:00,136.28564142305908
2025-08-07 06:00:00,267.52273788255155
2025-08-07 07:00:00,369.45034758878273
2025-08-07 08:00:00,469.3325067170662
2025-08-07 09:00:00,522.8697672598552
2025-08-07 10:00:00,556.4427825151236
2025-08-07 11:00:00,491.9366564834507
2025-08-07 12:00:00,467.433489421113
2025-08-07 13:00:00,467.3199105820492
2025-08-07 14:00:00,370.69116380139775
2025-08-07 15:00:00,314.7361855427237
2025-08-07 16:00:00,179.30627624882328
2025-08-07 17:00:00,108.11157103520901
2025-08-07 18:00:00,29.414328138453545
2025-08-07 19:00:00,0.0
2025-08-07 20:00:00,0.0
2025-08-07 21:00:00,0.0
2025-08-07 22:00:00,0.0
2025-08-07 23:00:00,0.0
2025-08-08 00:00:00,0.0
2025-08-08 01:00:00,0.0
2025-08-08 02:00:00,0.0
2025-08-08 03:00:00,0.0
2025-08-08 04:00:00,12.736748580465358
2025-08-08 05:00:00,77.2538718439754
2025-08-08 06:00:00,199.4995559361688
2025-08-08 07:00:00,357.73739132339017
2025-08-08 08:00:00,440.0443480594283
2025-08-08 09:00:00,477.6701901711573
2025-08-08 10:00:00,532.2525937998654
2025-08-08 11:00:00,500.4768387752744
2025-08-08 12:00:00,513.3730399298933
2025-08-08 13:00:00,291.1826820195397
2025-08-08 14:00:00,347.22323910806966
2025-08-08 15:00:00,250.70629351071398
2025-08-08 16:00:00,211.06383814824073
2025-08-08 17:00:00,106.23394033607643
2025-08-08 18:00:00,6.293985991001335
2025-08-08 19:00:00,0.0
2025-08-08 20:00:00,0.0
2025-08-08 21:00:00,0.0
2025-08-08 22:00:00,0.0
2025-08-08 23:00:00,0.0
2025-08-09 00:00:00,0.0
2025-08-09 01:00:00,0.0
2025-08-09 02:00:00,0.0
2025-08-09 03:00:00,0.0
2025-08-09 04:00:00,45.70914659018033
2025-08-09 05:00:00,114.86566932986545
2025-08-09 06:00:00,234.89081198339457
2025-08-09 07:00:00,339.58183639223375
2025-08-09 08:00:00,431.9094404508013
2025-08-09 09:00:00,490.19687871394245
2025-08-09 10:00:00,528.3360849116137
2025-08-09 11:00:00,505.96436778389983
2025-08-09 12:00:00,486.04278850775677
2025-08-09 13:00:00,309.73092822361764
2025-08-09 14:00:00,343.9535363420696
2025-08-09 15:00:00,117.52146160277674
2025-08-09 16:00:00,74.21378948317418
2025-08-09 17:00:00,91.29731404777293
2025-08-09 18:00:00,26.79866867807894
2025-08-09 19:00:00,0.0
2025-08-09 20:00:00,0.0
2025-08-09 21:00:00,0.0
2025-08-09 22:00:00,0.0
2025-08-09 23:00:00,0.0
2025-08-10 00:00:00,0.0
2025-08-10 01:00:00,0.0
2025-08-10 02:00:00,0.0
2025-08-10 03:00:00,0.0
2025-08-10 04:00:00,31.87060739839898
2025-08-10 05:00:00,86.4691519196163
2025-08-10 06:00:00,236.3514600385128
2025-08-10 07:00:00,356.7455849884216
2025-08-10 08:00:00,452.88961696624483
2025-08-10 09:00:00,475.2514718586827
2025-08-10 10:00:00,488.73222416327906
2025-08-10 11:00:00,558.4476194652832
2025-08-10 12:00:00,562.1314584483799
2025-08-10 13:00:00,405.1245908358144
2025-08-10 14:00:00,392.8897481218518
2025-08-10 15:00:00,339.32633361691325
2025-08-10 16:00:00,209.48574519596826
2025-08-10 17:00:00,111.31296680837927
2025-08-10 18:00:00,29.615196362879335
2025-08-10 19:00:00,0.0
2025-08-10 20:00:00,0.0
2025-08-10 21:00:00,0.0
2025-08-10 22:00:00,0.0
2025-08-10 23:00:00,0.0
2025-08-11 00:00:00,0.0
2025-08-11 01:00:00,0.0
2025-08-11 02:00:00,0.0
2025-08-11 03:00:00,0.0
2025-08-11 04:00:00,33.670708268022366
2025-08-11 05:00:00,114.67497947446574
2025-08-11 06:00:00,238.94449099591088
2025-08-11 07:00:00,264.7310702120818
2025-08-11 08:00:00,360.8349772762687
2025-08-11 09:00:00,381.5448222420239
2025-08-11 10:00:00,410.5504827992973
2025-08-11 11:00:00,344.5224350377905
2025-08-11 12:00:00,388.04999727631025
2025-08-11 13:00:00,174.07863276276345
2025-08-11 14:00:00,146.73043538240765
2025-08-11 15:00:00,190.42438408080537
2025-08-11 16:00:00,89.82467418131671
2025-08-11 17:00:00,104.22267080034555
2025-08-11 18:00:00,27.130758790075106
2025-08-11 19:00:00,0.0
2025-08-11 20:00:00,0.0
2025-08-11 21:00:00,0.0
2025-08-11 22:00:00,0.0
2025-08-11 23:00:00,0.0
2025-08-12 00:00:00,0.0
2025-08-12 01:00:00,0.0
2025-08-12 02:00:00,0.0
2025-08-12 03:00:00,0.0
2025-08-12 04:00:00,14.32741007378271
2025-08-12 05:00:00,83.85176470111634
2025-08-12 06:00:00,218.58848196956282
2025-08-12 07:00:00,322.6929309727447
2025-08-12 08:00:00,425.98325221952575
2025-08-12 09:00:00,467.72668721196345
2025-08-12 10:00:00,506.83115065813587
2025-08-12 11:00:00,517.3050240000389
2025-08-12 12:00:00,513.4584013402733
2025-08-12 13:00:00,471.36654238976394
2025-08-12 14:00:00,399.398551418906
2025-08-12 15:00:00,320.24073032256973
2025-08-12 16:00:00,199.95204952028155
2025-08-12 17:00:00,88.85937538194018
2025-08-12 18:00:00,23.664466104900956
2025-08-12 19:00:00,0.0
2025-08-12 20:00:00,0.0
2025-08-12 21:00:00,0.0
2025-08-12 22:00:00,0.0
2025-08-12 23:00:00,0.0
2025-08-13 00:00:00,0.0
2025-08-13 01:00:00,0.0
2025-08-13 02:00:00,0.0
2025-08-13 03:00:00,0.0
2025-08-13 04:00:00,11.817680316602509
2025-08-13 05:00:00,42.207938376525455
2025-08-13 06:00:00,129.06858081223842
2025-08-13 07:00:00,115.87539723341301
2025-08-13 08:00:00,225.95774801601902
2025-08-13 09:00:00,460.65611723146424
2025-08-13 10:00:00,464.58004712337345
2025-08-13 11:00:00,555.7125245512595
2025-08-13 12:00:00,546.7589346453227
2025-08-13 13:00:00,492.91592624899465
2025-08-13 14:00:00,420.3026496386386
2025-08-13 15:00:00,283.5149884380837
2025-08-13 16:00:00,199.57302150597783
2025-08-13 17:00:00,91.48679357354732
2025-08-13 18:00:00,20.401388719774737
2025-08-13 19:00:00,0.0
2025-08-13 20:00:00,0.0
2025-08-13 21:00:00,0.0
2025-08-13 22:00:00,0.0
2025-08-13 23:00:00,0.0
2025-08-14 00:00:00,0.0
2025-08-14 01:00:00,0.0
2025-08-14 02:00:00,0.0
2025-08-14 03:00:00,0.0
2025-08-14 04:00:00,34.94078317428588
2025-08-14 05:00:00,109.74120345892605
2025-08-14 06:00:00,227.22278047719416
2025-08-14 07:00:00,336.8652040810417
2025-08-14 08:00:00,430.04277941806055
2025-08-14 09:00:00,487.12912130564916
2025-08-14 10:00:00,519.7969336486731
2025-08-14 11:00:00,527.2216301824001
2025-08-14 12:00:00,518.3360197118664
2025-08-14 13:00:00,463.92234026284837
2025-08-14 14:00:00,387.0506209583886
2025-08-14 15:00:00,211.6127781347756
2025-08-14 16:00:00,166.374209018486
2025-08-14 17:00:00,65.35815335433756
2025-08-14 18:00:00,15.164142669785956
2025-08-14 19:00:00,0.0
2025-08-14 20:00:00,0.0
2025-08-14 21:00:00,0.0
2025-08-14 22:00:00,0.0
2025-08-14 23:00:00,0.0
2025-08-15 00:00:00,0.0
2025-08-15 01:00:00,0.0
2025-08-15 02:00:00,0.0
2025-08-15 03:00:00,0.0
2025-08-15 04:00:00,30.543524022846075
2025-08-15 05:00:00,84.26979779172159
2025-08-15 06:00:00,221.20981809842422
2025-08-15 07:00:00,229.29345943953524
2025-08-15 08:00:00,315.0543021655129
2025-08-15 09:00:00,277.9459019437908
2025-08-15 10:00:00,313.99161857118963
2025-08-15 11:00:00,495.07614898378534
2025-08-15 12:00:00,237.93373039927891
2025-08-15 13:00:00,421.2637150076811
2025-08-15 14:00:00,326.0373682491983
2025-08-15 15:00:00,239.77948951364465
2025-08-15 16:00:00,130.84058011134113
2025-08-15 17:00:00,69.00356139666667
2025-08-15 18:00:00,12.951548665267941
2025-08-15 19:00:00,0.0
2025-08-15 20:00:00,0.0
2025-08-15 21:00:00,0.0
2025-08-15 22:00:00,0.0
2025-08-15 23:00:00,0.0
2025-08-16 00:00:00,0.0
2025-08-16 01:00:00,0.0
2025-08-16 02:00:00,0.0
2025-08-16 03:00:00,0.0
2025-08-16 04:00:00,38.17508100144782
2025-08-16 05:00:00,115.47711667826171
2025-08-16 06:00:00,248.23564678779584
2025-08-16 07:00:00,366.01079577469375
2025-08-16 08:00:00,456.9074437302263
2025-08-16 09:00:00,523.9167611526385
2025-08-16 10:00:00,547.3254776627169
2025-08-16 11:00:00,493.6400808194177
2025-08-16 12:00:00,250.8550535897353
2025-08-16 13:00:00,233.137544472244
2025-08-16 14:00:00,273.13200600220966
2025-08-16 15:00:00,275.5032535225691
2025-08-16 16:00:00,110.50354865619319
2025-08-16 17:00:00,33.76405875846133
2025-08-16 18:00:00,9.907468621815035
2025-08-16 19:00:00,0.0
2025-08-16 20:00:00,0.0
2025-08-16 21:00:00,0.0
2025-08-16 22:00:00,0.0
2025-08-16 23:00:00,0.0
2025-08-17 00:00:00,0.0
2025-08-17 01:00:00,0.0
2025-08-17 02:00:00,0.0
2025-08-17 03:00:00,0.0
2025-08-17 04:00:00,7.123940146092928
2025-08-17 05:00:00,37.59515191948633
2025-08-17 06:00:00,75.3184585583322
2025-08-17 07:00:00,114.8758918375205
2025-08-17 08:00:00,148.88682951985763
2025-08-17 09:00:00,174.44286587213722
2025-08-17 10:00:00,188.45049447075624
2025-08-17 11:00:00,193.6209682489466
2025-08-17 12:00:00,185.28354610951553
2025-08-17 13:00:00,163.52023480949165
2025-08-17 14:00:00,207.26131824004497
2025-08-17 15:00:00,101.17096589550847
2025-08-17 16:00:00,158.78729718258117
2025-08-17 17:00:00,90.88334676771514
2025-08-17 18:00:00,12.887119347370971
2025-08-17 19:00:00,0.0
2025-08-17 20:00:00,0.0
2025-08-17 21:00:00,0.0
2025-08-17 22:00:00,0.0
2025-08-17 23:00:00,0.0
2025-08-18 00:00:00,0.0
2025-08-18 01:00:00,0.0
2025-08-18 02:00:00,0.0
2025-08-18 03:00:00,0.0
2025-08-18 04:00:00,21.81635571994103
2025-08-18 05:00:00,101.47411238146744
2025-08-18 06:00:00,222.18345851677563
2025-08-18 07:00:00,334.4888635831814
2025-08-18 08:00:00,432.0178786693193
2025-08-18 09:00:00,489.9965657335568
2025-08-18 10:00:00,529.5351300191287
2025-08-18 11:00:00,542.9831339824898
2025-08-18 12:00:00,515.0428410775274
2025-08-18 13:00:00,464.4225043686659
2025-08-18 14:00:00,387.71380901350756
2025-08-18 15:00:00,286.46518172079044
2025-08-18 16:00:00,149.6026546072283
2025-08-18 17:00:00,69.41951729108354
2025-08-18 18:00:00,7.732760889566147
2025-08-18 19:00:00,0.0
2025-08-18 20:00:00,0.0
2025-08-18 21:00:00,0.0
2025-08-18 22:00:00,0.0
2025-08-18 23:00:00,0.0
2025-08-19 00:00:00,0.0
2025-08-19 01:00:00,0.0
2025-08-19 02:00:00,0.0
2025-08-19 03:00:00,0.0
2025-08-19 04:00:00,18.65322280316353
2025-08-19 05:00:00,81.89301943114607
2025-08-19 06:00:00,184.48529383165447
2025-08-19 07:00:00,188.66995370892974
2025-08-19 08:00:00,137.45638026036156
2025-08-19 09:00:00,163.0431770170564
2025-08-19 10:00:00,176.1764490826782
2025-08-19 11:00:00,198.36835182301763
2025-08-19 12:00:00,192.48260260938616
2025-08-19 13:00:00,159.60940838159487
2025-08-19 14:00:00,333.5497274804678
2025-08-19 15:00:00,200.20319020961836
2025-08-19 16:00:00,98.54555297853709
2025-08-19 17:00:00,27.94385335943305
2025-08-19 18:00:00,3.7121136800536214
2025-08-19 19:00:00,0.0
2025-08-19 20:00:00,0.0
2025-08-19 21:00:00,0.0
2025-08-19 22:00:00,0.0
2025-08-19 23:00:00,0.0
2025-08-20 00:00:00,0.0
2025-08-20 01:00:00,0.0
2025-08-20 02:00:00,0.0
2025-08-20 03:00:00,0.0
2025-08-20 04:00:00,24.91590363794044
2025-08-20 05:00:00,103.23778528296401
2025-08-20 06:00:00,233.03427512667585
2025-08-20 07:00:00,344.9868432325041
2025-08-20 08:00:00,437.71497324296377
2025-08-20 09:00:00,460.4192931322237
2025-08-20 10:00:00,409.5305198123904
2025-08-20 11:00:00,451.786384690329
2025-08-20 12:00:00,422.07808982261196
2025-08-20 13:00:00,187.33240211708986
2025-08-20 14:00:00,344.3293495916779
2025-08-20 15:00:00,180.3192921605166
2025-08-20 16:00:00,93.97431069140067
2025-08-20 17:00:00,33.130892988229235
2025-08-20 18:00:00,2.506364139071626
2025-08-20 19:00:00,0.0
2025-08-20 20:00:00,0.0
2025-08-20 21:00:00,0.0
2025-08-20 22:00:00,0.0
2025-08-20 23:00:00,0.0
2025-08-21 00:00:00,0.0
2025-08-21 01:00:00,0.0
2025-08-21 02:00:00,0.0
2025-08-21 03:00:00,0.0
2025-08-21 04:00:00,3.7643665571235174
2025-08-21 05:00:00,39.55565967964135
2025-08-21 06:00:00,167.62609452402828
2025-08-21 07:00:00,329.2734818862664
2025-08-21 08:00:00,381.22108798090187
2025-08-21 09:00:00,278.61550920521836
2025-08-21 10:00:00,346.06856110609124
2025-08-21 11:00:00,258.73117284808575
2025-08-21 12:00:00,224.41247844470692
2025-08-21 13:00:00,274.87700794480327
2025-08-21 14:00:00,228.04871967834734
2025-08-21 15:00:00,113.70462015710567
2025-08-21 16:00:00,61.251835629312836
2025-08-21 17:00:00,41.61537874667014
2025-08-21 18:00:00,3.4662688919701274
2025-08-21 19:00:00,0.0
2025-08-21 20:00:00,0.0
2025-08-21 21:00:00,0.0
2025-08-21 22:00:00,0.0
2025-08-21 23:00:00,0.0
2025-08-22 00:00:00,0.0
2025-08-22 01:00:00,0.0
2025-08-22 02:00:00,0.0
2025-08-22 03:00:00,0.0
2025-08-22 04:00:00,15.097640876091623
2025-08-22 05:00:00,55.183206273316635
2025-08-22 06:00:00,166.19341410684015
2025-08-22 07:00:00,300.4220796085353
2025-08-22 08:00:00,386.800470237504
2025-08-22 09:00:00,332.12057820949144
2025-08-22 10:00:00,312.1857488552655
2025-08-22 11:00:00,308.9589753311651
2025-08-22 12:00:00,175.63972534832303
2025-08-22 13:00:00,206.17513232884872
2025-08-22 14:00:00,154.06058586559513
2025-08-22 15:00:00,93.318260221668
2025-08-22 16:00:00,49.293980766607724
2025-08-22 17:00:00,18.94283503812818
2025-08-22 18:00:00,0.0
2025-08-22 19:00:00,0.0
2025-08-22 20:00:00,0.0
2025-08-22 21:00:00,0.0
2025-08-22 22:00:00,0.0
2025-08-22 23:00:00,0.0
2025-08-23 00:00:00,0.0
2025-08-23 01:00:00,0.0
2025-08-23 02:00:00,0.0
2025-08-23 03:00:00,0.0
2025-08-23 04:00:00,11.438131384104233
2025-08-23 05:00:00,68.65825639775724
2025-08-23 06:00:00,176.18969860279176
2025-08-23 07:00:00,140.80697664595115
2025-08-23 08:00:00,228.02628915364068
2025-08-23 09:00:00,214.88413897768115
2025-08-23 10:00:00,186.60156377718087
2025-08-23 11:00:00,218.971791728294
2025-08-23 12:00:00,414.7936058785036
2025-08-23 13:00:00,381.4020695230752
2025-08-23 14:00:00,352.9787219334084
2025-08-23 15:00:00,264.9842574500197
2025-08-23 16:00:00,95.39363020668175
2025-08-23 17:00:00,26.63265384163611
2025-08-23 18:00:00,0.0
2025-08-23 19:00:00,0.0
2025-08-23 20:00:00,0.0
2025-08-23 21:00:00,0.0
2025-08-23 22:00:00,0.0
2025-08-23 23:00:00,0.0
2025-08-24 00:00:00,0.0
2025-08-24 01:00:00,0.0
2025-08-24 02:00:00,0.0
2025-08-24 03:00:00,0.0
2025-08-24 04:00:00,2.540906097352504
2025-08-24 05:00:00,33.11157268121401
2025-08-24 06:00:00,101.2750989829609
2025-08-24 07:00:00,146.76333294137552
2025-08-24 08:00:00,242.02490150397938
2025-08-24 09:00:00,180.0900840711804
2025-08-24 10:00:00,186.37651764588605
2025-08-24 11:00:00,195.91839897455378
2025-08-24 12:00:00,225.16852888347563
2025-08-24 13:00:00,314.04242026698427
2025-08-24 14:00:00,213.44968973336915
2025-08-24 15:00:00,93.26244672899492
2025-08-24 16:00:00,115.61920246459181
2025-08-24 17:00:00,46.14242308902001
2025-08-24 18:00:00,0.0
2025-08-24 19:00:00,0.0
2025-08-24 20:00:00,0.0
2025-08-24 21:00:00,0.0
2025-08-24 22:00:00,0.0
2025-08-24 23:00:00,0.0
2025-08-25 00:00:00,0.0
2025-08-25 01:00:00,0.0
2025-08-25 02:00:00,0.0
2025-08-25 03:00:00,0.0
2025-08-25 04:00:00,13.034190504392795
2025-08-25 05:00:00,82.43813574452417
2025-08-25 06:00:00,193.2330141665251
2025-08-25 07:00:00,323.04101995099273
2025-08-25 08:00:00,337.6434293709398
2025-08-25 09:00:00,160.93082128705703
2025-08-25 10:00:00,183.19122230145564
2025-08-25 11:00:00,241.55049117745372
2025-08-25 12:00:00,176.19997625097403
2025-08-25 13:00:00,187.36628585023396
2025-08-25 14:00:00,207.72369674615905
2025-08-25 15:00:00,89.32881168606481
2025-08-25 16:00:00,114.08819955694878
2025-08-25 17:00:00,28.532504453473837
2025-08-25 18:00:00,0.0
2025-08-25 19:00:00,0.0
2025-08-25 20:00:00,0.0
2025-08-25 21:00:00,0.0
2025-08-25 22:00:00,0.0
2025-08-25 23:00:00,0.0
2025-08-26 00:00:00,0.0
2025-08-26 01:00:00,0.0
2025-08-26 02:00:00,0.0
2025-08-26 03:00:00,0.0
2025-08-26 04:00:00,1.4942448278308622
2025-08-26 05:00:00,23.20903189832723
2025-08-26 06:00:00,181.59821270132232
2025-08-26 07:00:00,281.6405266768422
2025-08-26 08:00:00,280.6600233693859
2025-08-26 09:00:00,349.280974162464
2025-08-26 10:00:00,424.74943901960813
2025-08-26 11:00:00,238.79280830593456
2025-08-26 12:00:00,267.53760693904775
2025-08-26 13:00:00,271.14763606559916
2025-08-26 14:00:00,129.76548231926995
2025-08-26 15:00:00,263.120959014062
2025-08-26 16:00:00,122.26412311694942
2025-08-26 17:00:00,46.92865520010258
2025-08-26 18:00:00,0.0
2025-08-26 19:00:00,0.0
2025-08-26 20:00:00,0.0
2025-08-26 21:00:00,0.0
2025-08-26 22:00:00,0.0
2025-08-26 23:00:00,0.0
2025-08-27 00:00:00,0.0
2025-08-27 01:00:00,0.0
2025-08-27 02:00:00,0.0
2025-08-27 03:00:00,0.0
2025-08-27 04:00:00,9.398004377970057
2025-08-27 05:00:00,59.51673751446103
2025-08-27 06:00:00,196.23169626053883
2025-08-27 07:00:00,275.54289276750876
2025-08-27 08:00:00,305.7497951800909
2025-08-27 09:00:00,188.08870149950454
2025-08-27 10:00:00,214.70766357037124
2025-08-27 11:00:00,244.71032068076136
2025-08-27 12:00:00,255.24958278506426
2025-08-27 13:00:00,149.1034588033031
2025-08-27 14:00:00,141.0029359814259
2025-08-27 15:00:00,257.831115887209
2025-08-27 16:00:00,132.17878592809552
2025-08-27 17:00:00,45.405698122569305
2025-08-27 18:00:00,0.0
2025-08-27 19:00:00,0.0
2025-08-27 20:00:00,0.0
2025-08-27 21:00:00,0.0
2025-08-27 22:00:00,0.0
2025-08-27 23:00:00,0.0
2025-08-28 00:00:00,0.0
2025-08-28 01:00:00,0.0
2025-08-28 02:00:00,0.0
2025-08-28 03:00:00,0.0
2025-08-28 04:00:00,0.7057845357993388
2025-08-28 05:00:00,62.48231159285295
2025-08-28 06:00:00,61.91508718477442
2025-08-28 07:00:00,109.88353565189493
2025-08-28 08:00:00,135.70483230052812
2025-08-28 09:00:00,158.38386345394488
2025-08-28 10:00:00,182.657491894965
2025-08-28 11:00:00,237.35394867995112
2025-08-28 12:00:00,355.964057406722
2025-08-28 13:00:00,168.41724638090474
2025-08-28 14:00:00,182.54985779904175
2025-08-28 15:00:00,234.5948228994325
2025-08-28 16:00:00,88.11164183519429
2025-08-28 17:00:00,18.854899355704095
2025-08-28 18:00:00,0.0
2025-08-28 19:00:00,0.0
2025-08-28 20:00:00,0.0
2025-08-28 21:00:00,0.0
2025-08-28 22:00:00,0.0
2025-08-28 23:00:00,0.0
2025-08-29 00:00:00,0.0
2025-08-29 01:00:00,0.0
2025-08-29 02:00:00,0.0
2025-08-29 03:00:00,0.0
2025-08-29 04:00:00,0.0
2025-08-29 05:00:00,18.847827284744838
2025-08-29 06:00:00,51.75089734222378
2025-08-29 07:00:00,90.39323633708085
2025-08-29 08:00:00,127.27466652545286
2025-08-29 09:00:00,155.15014294243448
2025-08-29 10:00:00,167.24527954397868
2025-08-29 11:00:00,172.30021138260548
2025-08-29 12:00:00,163.57663708156878
2025-08-29 13:00:00,141.88613950822042
2025-08-29 14:00:00,113.81250765245886
2025-08-29 15:00:00,75.40567157358525
2025-08-29 16:00:00,36.04086883260188
2025-08-29 17:00:00,8.874969817432461
2025-08-29 18:00:00,0.0
2025-08-29 19:00:00,0.0
2025-08-29 20:00:00,0.0
2025-08-29 21:00:00,0.0
2025-08-29 22:00:00,0.0
2025-08-29 23:00:00,0.0
2025-08-30 00:00:00,0.0
2025-08-30 01:00:00,0.0
2025-08-30 02:00:00,0.0
2025-08-30 03:00:00,0.0
2025-08-30 04:00:00,0.0
2025-08-30 05:00:00,33.07360287434754
2025-08-30 06:00:00,55.93323836985573
2025-08-30 07:00:00,94.71171262825409
2025-08-30 08:00:00,136.53228423111955
2025-08-30 09:00:00,161.93904850476991
2025-08-30 10:00:00,166.27496088796246
2025-08-30 11:00:00,174.92704304818807
2025-08-30 12:00:00,218.99393139024727
2025-08-30 13:00:00,144.54627390729325
2025-08-30 14:00:00,122.87619265508063
2025-08-30 15:00:00,77.30860489239046
2025-08-30 16:00:00,37.198078910702016
2025-08-30 17:00:00,13.074592649478586
2025-08-30 18:00:00,0.0
2025-08-30 19:00:00,0.0
2025-08-30 20:00:00,0.0
2025-08-30 21:00:00,0.0
2025-08-30 22:00:00,0.0
2025-08-30 23:00:00,0.0
2025-08-31 00:00:00,0.0
2025-08-31 01:00:00,0.0
2025-08-31 02:00:00,0.0
2025-08-31 03:00:00,0.0
2025-08-31 04:00:00,0.0
2025-08-31 05:00:00,19.286323904166732
2025-08-31 06:00:00,52.029022374584365
2025-08-31 07:00:00,94.01376000110872
2025-08-31 08:00:00,128.6105383424398
2025-08-31 09:00:00,152.40241512535698
2025-08-31 10:00:00,168.60252197480978
2025-08-31 11:00:00,170.95541652534484
2025-08-31 12:00:00,168.9659376900742
2025-08-31 13:00:00,150.79900977821208
2025-08-31 14:00:00,114.4377345944088
2025-08-31 15:00:00,78.64361516501242
2025-08-31 16:00:00,46.965519881658594
2025-08-31 17:00:00,31.368389667199924
2025-08-31 18:00:00,0.0
2025-08-31 19:00:00,0.0
2025-08-31 20:00:00,0.0
2025-08-31 21:00:00,0.0
2025-08-31 22:00:00,0.0
2025-08-31 23:00:00,0.0
2025-09-01 00:00:00,0.0
2025-09-01 01:00:00,0.0
2025-09-01 02:00:00,0.0
2025-09-01 03:00:00,0.0
2025-09-01 04:00:00,0.0
2025-09-01 05:00:00,18.829504425592937
2025-09-01 06:00:00,80.90176438795449
2025-09-01 07:00:00,96.78193227152809
2025-09-01 08:00:00,128.10227498625832
2025-09-01 09:00:00,155.78977729416246
2025-09-01 10:00:00,328.32543287214685
2025-09-01 11:00:00,174.18870188476296
2025-09-01 12:00:00,165.05801582440404
2025-09-01 13:00:00,145.43744988424427
2025-09-01 14:00:00,117.1788184270517
2025-09-01 15:00:00,141.9280513182234
2025-09-01 16:00:00,77.36944043122372
2025-09-01 17:00:00,7.741389630509215
2025-09-01 18:00:00,0.0
2025-09-01 19:00:00,0.0
2025-09-01 20:00:00,0.0
2025-09-01 21:00:00,0.0
2025-09-01 22:00:00,0.0
2025-09-01 23:00:00,0.0
2025-09-02 00:00:00,0.0
2025-09-02 01:00:00,0.0
2025-09-02 02:00:00,0.0
2025-09-02 03:00:00,0.0
2025-09-02 04:00:00,0.0
2025-09-02 05:00:00,51.80788679246901
2025-09-02 06:00:00,140.15702313663954
2025-09-02 07:00:00,116.60905356340902
2025-09-02 08:00:00,371.2856838844567
2025-09-02 09:00:00,233.56034803065901
2025-09-02 10:00:00,323.62474470686516
2025-09-02 11:00:00,339.95031971695107
2025-09-02 12:00:00,369.7732997062466
2025-09-02 13:00:00,322.56263938396035
2025-09-02 14:00:00,157.77171096019418
2025-09-02 15:00:00,99.76910762372967
2025-09-02 16:00:00,34.208888570445126
2025-09-02 17:00:00,7.94994983670121
2025-09-02 18:00:00,0.0
2025-09-02 19:00:00,0.0
2025-09-02 20:00:00,0.0
2025-09-02 21:00:00,0.0
2025-09-02 22:00:00,0.0
2025-09-02 23:00:00,0.0
2025-09-03 00:00:00,0.0
2025-09-03 01:00:00,0.0
2025-09-03 02:00:00,0.0
2025-09-03 03:00:00,0.0
2025-09-03 04:00:00,0.0
2025-09-03 05:00:00,30.263751985509234
2025-09-03 06:00:00,104.0860077890108
2025-09-03 07:00:00,231.44824603308032
2025-09-03 08:00:00,220.8485133562495
2025-09-03 09:00:00,167.93044731977596
2025-09-03 10:00:00,193.62607632370984
2025-09-03 11:00:00,168.2842564287977
2025-09-03 12:00:00,413.22208658300735
2025-09-03 13:00:00,347.693714899633
2025-09-03 14:00:00,326.9983957909533
2025-09-03 15:00:00,222.82392234631547
2025-09-03 16:00:00,111.5701034371204
2025-09-03 17:00:00,27.20947448971538
2025-09-03 18:00:00,0.0
2025-09-03 19:00:00,0.0
2025-09-03 20:00:00,0.0
2025-09-03 21:00:00,0.0
2025-09-03 22:00:00,0.0
2025-09-03 23:00:00,0.0
2025-09-04 00:00:00,0.0
2025-09-04 01:00:00,0.0
2025-09-04 02:00:00,0.0
2025-09-04 03:00:00,0.0
2025-09-04 04:00:00,0.0
2025-09-04 05:00:00,16.149455406643455
2025-09-04 06:00:00,84.90857149312811
2025-09-04 07:00:00,166.88045313571791
2025-09-04 08:00:00,340.9482270042024
2025-09-04 09:00:00,437.69308087181844
2025-09-04 10:00:00,435.36963683067904
2025-09-04 11:00:00,389.7508682455677
2025-09-04 12:00:00,407.7950988914258
2025-09-04 13:00:00,406.0712774661151
2025-09-04 14:00:00,325.10015774030865
2025-09-04 15:00:00,219.4132171832545
2025-09-04 16:00:00,97.53346440271761
2025-09-04 17:00:00,19.265003797003633
2025-09-04 18:00:00,0.0
2025-09-04 19:00:00,0.0
2025-09-04 20:00:00,0.0
2025-09-04 21:00:00,0.0
2025-09-04 22:00:00,0.0
2025-09-04 23:00:00,0.0
2025-09-05 00:00:00,0.0
2025-09-05 01:00:00,0.0
2025-09-05 02:00:00,0.0
2025-09-05 03:00:00,0.0
2025-09-05 04:00:00,0.0
2025-09-05 05:00:00,24.65936631306768
2025-09-05 06:00:00,55.1728302810269
2025-09-05 07:00:00,209.95439724766138
2025-09-05 08:00:00,258.5132128995551
2025-09-05 09:00:00,424.77133322965307
2025-09-05 10:00:00,461.85562383392124
2025-09-05 11:00:00,468.30377396252436
2025-09-05 12:00:00,453.9294516503037
2025-09-05 13:00:00,290.7308818219674
2025-09-05 14:00:00,224.184545659756
2025-09-05 15:00:00,205.80299577156217
2025-09-05 16:00:00,90.03724279128912
2025-09-05 17:00:00,16.142381259576577
2025-09-05 18:00:00,0.0
2025-09-05 19:00:00,0.0
2025-09-05 20:00:00,0.0
2025-09-05 21:00:00,0.0
2025-09-05 22:00:00,0.0
2025-09-05 23:00:00,0.0
2025-09-06 00:00:00,0.0
2025-09-06 01:00:00,0.0
2025-09-06 02:00:00,0.0
2025-09-06 03:00:00,0.0
2025-09-06 04:00:00,0.0
2025-09-06 05:00:00,38.37755261658411
2025-09-06 06:00:00,42.743418137077
2025-09-06 07:00:00,233.09518004901844
2025-09-06 08:00:00,219.54731889261978
2025-09-06 09:00:00,143.5441134795464
2025-09-06 10:00:00,224.0799559605789
2025-09-06 11:00:00,162.41172460953382
2025-09-06 12:00:00,156.41634454273765
2025-09-06 13:00:00,135.4642533380514
2025-09-06 14:00:00,95.8422789265761
2025-09-06 15:00:00,61.50557184366886
2025-09-06 16:00:00,35.911504524284936
2025-09-06 17:00:00,3.852369368159485
2025-09-06 18:00:00,0.0
2025-09-06 19:00:00,0.0
2025-09-06 20:00:00,0.0
2025-09-06 21:00:00,0.0
2025-09-06 22:00:00,0.0
2025-09-06 23:00:00,0.0
2025-09-07 00:00:00,0.0
2025-09-07 01:00:00,0.0
2025-09-07 02:00:00,0.0
2025-09-07 03:00:00,0.0
2025-09-07 04:00:00,0.0
2025-09-07 05:00:00,15.657698420104225
2025-09-07 06:00:00,122.01201782591465
2025-09-07 07:00:00,221.3912386619035
2025-09-07 08:00:00,361.8391497424437
2025-09-07 09:00:00,395.72858575841855
2025-09-07 10:00:00,158.94636205396247
2025-09-07 11:00:00,279.40714250399265
2025-09-07 12:00:00,262.8419198442277
2025-09-07 13:00:00,134.1771899193628
2025-09-07 14:00:00,249.03589964596765
2025-09-07 15:00:00,190.1822420379124
2025-09-07 16:00:00,88.65534665634736
2025-09-07 17:00:00,13.178883177808075
2025-09-07 18:00:00,0.0
2025-09-07 19:00:00,0.0
2025-09-07 20:00:00,0.0
2025-09-07 21:00:00,0.0
2025-09-07 22:00:00,0.0
2025-09-07 23:00:00,0.0
2025-09-08 00:00:00,0.0
2025-09-08 01:00:00,0.0
2025-09-08 02:00:00,0.0
2025-09-08 03:00:00,0.0
2025-09-08 04:00:00,0.0
2025-09-08 05:00:00,37.425254663865736
2025-09-08 06:00:00,79.70466307062465
2025-09-08 07:00:00,106.06111051690435
2025-09-08 08:00:00,146.68632590112526
2025-09-08 09:00:00,164.93325061490182
2025-09-08 10:00:00,191.8814270899022
2025-09-08 11:00:00,313.2638482226885
2025-09-08 12:00:00,340.23651027879106
2025-09-08 13:00:00,263.80848679666923
2025-09-08 14:00:00,245.18392686022474
2025-09-08 15:00:00,122.03769766726899
2025-09-08 16:00:00,56.0936100008123
2025-09-08 17:00:00,8.183009972658603
2025-09-08 18:00:00,0.0
2025-09-08 19:00:00,0.0
2025-09-08 20:00:00,0.0
2025-09-08 21:00:00,0.0
2025-09-08 22:00:00,0.0
2025-09-08 23:00:00,0.0
2025-09-09 00:00:00,0.0
2025-09-09 01:00:00,0.0
2025-09-09 02:00:00,0.0
2025-09-09 03:00:00,0.0
2025-09-09 04:00:00,0.0
2025-09-09 05:00:00,11.319716902744533
2025-09-09 06:00:00,89.97290531233762
2025-09-09 07:00:00,84.21319088552666
2025-09-09 08:00:00,125.26175023064218
2025-09-09 09:00:00,146.0866768649379
2025-09-09 10:00:00,455.83980982986935
2025-09-09 11:00:00,439.0862485467231
2025-09-09 12:00:00,431.82442940267754
2025-09-09 13:00:00,380.85370010811187
2025-09-09 14:00:00,297.0844369324583
2025-09-09 15:00:00,190.94175041405583
2025-09-09 16:00:00,77.30174535385403
2025-09-09 17:00:00,7.872124241309492
2025-09-09 18:00:00,0.0
2025-09-09 19:00:00,0.0
2025-09-09 20:00:00,0.0
2025-09-09 21:00:00,0.0
2025-09-09 22:00:00,0.0
2025-09-09 23:00:00,0.0
2025-09-10 00:00:00,0.0
2025-09-10 01:00:00,0.0
2025-09-10 02:00:00,0.0
2025-09-10 03:00:00,0.0
2025-09-10 04:00:00,0.0
2025-09-10 05:00:00,21.1205055240078
2025-09-10 06:00:00,79.93749491014283
2025-09-10 07:00:00,162.43970807583688
2025-09-10 08:00:00,133.33624898887405
2025-09-10 09:00:00,416.24263642407
2025-09-10 10:00:00,441.4845057468491
2025-09-10 11:00:00,409.75978117945056
2025-09-10 12:00:00,321.06306520280015
2025-09-10 13:00:00,308.1030300039878
2025-09-10 14:00:00,122.32596948421529
2025-09-10 15:00:00,55.931826336878565
2025-09-10 16:00:00,21.554871173467436
2025-09-10 17:00:00,1.453620713820535
2025-09-10 18:00:00,0.0
2025-09-10 19:00:00,0.0
2025-09-10 20:00:00,0.0
2025-09-10 21:00:00,0.0
2025-09-10 22:00:00,0.0
2025-09-10 23:00:00,0.0
2025-09-11 00:00:00,0.0
2025-09-11 01:00:00,0.0
2025-09-11 02:00:00,0.0
2025-09-11 03:00:00,0.0
2025-09-11 04:00:00,0.0
2025-09-11 05:00:00,32.63785784603792
2025-09-11 06:00:00,65.37614749534018
2025-09-11 07:00:00,123.91984676333911
2025-09-11 08:00:00,153.38685582441565
2025-09-11 09:00:00,254.32550159186056
2025-09-11 10:00:00,264.3996275740056
2025-09-11 11:00:00,155.01174196587195
2025-09-11 12:00:00,233.47916879032135
2025-09-11 13:00:00,175.3002541555451
2025-09-11 14:00:00,88.7061290701352
2025-09-11 15:00:00,52.22691982036656
2025-09-11 16:00:00,20.502061965255873
2025-09-11 17:00:00,0.0
2025-09-11 18:00:00,0.0
2025-09-11 19:00:00,0.0
2025-09-11 20:00:00,0.0
2025-09-11 21:00:00,0.0
2025-09-11 22:00:00,0.0
2025-09-11 23:00:00,0.0
2025-09-12 00:00:00,0.0
2025-09-12 01:00:00,0.0
2025-09-12 02:00:00,0.0
2025-09-12 03:00:00,0.0
2025-09-12 04:00:00,0.0
2025-09-12 05:00:00,9.91629818355509
2025-09-12 06:00:00,59.806840342863865
2025-09-12 07:00:00,73.17614741224028
2025-09-12 08:00:00,113.89369488836047
2025-09-12 09:00:00,367.2915885625111
2025-09-12 10:00:00,368.84015266660253
2025-09-12 11:00:00,424.8078212094128
2025-09-12 12:00:00,204.6761727333732
2025-09-12 13:00:00,316.9721473330706
2025-09-12 14:00:00,292.73379215023164
2025-09-12 15:00:00,182.44752248618275
2025-09-12 16:00:00,72.6713504770778
2025-09-12 17:00:00,2.872396689009234
2025-09-12 18:00:00,0.0
2025-09-12 19:00:00,0.0
2025-09-12 20:00:00,0.0
2025-09-12 21:00:00,0.0
2025-09-12 22:00:00,0.0
2025-09-12 23:00:00,0.0
2025-09-13 00:00:00,0.0
2025-09-13 01:00:00,0.0
2025-09-13 02:00:00,0.0
2025-09-13 03:00:00,0.0
2025-09-13 04:00:00,0.0
2025-09-13 05:00:00,35.62710365683046
2025-09-13 06:00:00,140.49977041795722
2025-09-13 07:00:00,254.4167274776974
2025-09-13 08:00:00,350.4655426000751
2025-09-13 09:00:00,398.07126243568644
2025-09-13 10:00:00,445.12335446417177
2025-09-13 11:00:00,475.54483380022526
2025-09-13 12:00:00,443.516803418208
2025-09-13 13:00:00,371.7768297120043
2025-09-13 14:00:00,173.77983685131156
2025-09-13 15:00:00,146.97462005707683
2025-09-13 16:00:00,68.05716993399436
2025-09-13 17:00:00,0.0
2025-09-13 18:00:00,0.0
2025-09-13 19:00:00,0.0
2025-09-13 20:00:00,0.0
2025-09-13 21:00:00,0.0
2025-09-13 22:00:00,0.0
2025-09-13 23:00:00,0.0
2025-09-14 00:00:00,0.0
2025-09-14 01:00:00,0.0
2025-09-14 02:00:00,0.0
2025-09-14 03:00:00,0.0
2025-09-14 04:00:00,0.0
2025-09-14 05:00:00,17.483438505539322
2025-09-14 06:00:00,82.73776205190039
2025-09-14 07:00:00,83.0958233333159
2025-09-14 08:00:00,250.48503991657586
2025-09-14 09:00:00,174.6450920939991
2025-09-14 10:00:00,154.27892606446497
2025-09-14 11:00:00,295.7802494386567
2025-09-14 12:00:00,210.52008297159574
2025-09-14 13:00:00,282.8343257110383
2025-09-14 14:00:00,88.49917053991061
2025-09-14 15:00:00,50.73151816806093
2025-09-14 16:00:00,20.801380590424376
2025-09-14 17:00:00,0.0
2025-09-14 18:00:00,0.0
2025-09-14 19:00:00,0.0
2025-09-14 20:00:00,0.0
2025-09-14 21:00:00,0.0
2025-09-14 22:00:00,0.0
2025-09-14 23:00:00,0.0
2025-09-15 00:00:00,0.0
2025-09-15 01:00:00,0.0
2025-09-15 02:00:00,0.0
2025-09-15 03:00:00,0.0
2025-09-15 04:00:00,0.0
2025-09-15 05:00:00,18.573476900562788
2025-09-15 06:00:00,53.47435118258447
2025-09-15 07:00:00,83.68524302611902
2025-09-15 08:00:00,131.6461227814008
2025-09-15 09:00:00,159.8422738871749
2025-09-15 10:00:00,258.767862057891
2025-09-15 11:00:00,338.91681371933544
2025-09-15 12:00:00,324.6931618224247
2025-09-15 13:00:00,329.5629552610316
2025-09-15 14:00:00,271.39744405569405
2025-09-15 15:00:00,125.8961092762509
2025-09-15 16:00:00,17.167659733872735
2025-09-15 17:00:00,0.0
2025-09-15 18:00:00,0.0
2025-09-15 19:00:00,0.0
2025-09-15 20:00:00,0.0
2025-09-15 21:00:00,0.0
2025-09-15 22:00:00,0.0
2025-09-15 23:00:00,0.0
2025-09-16 00:00:00,0.0
2025-09-16 01:00:00,0.0
2025-09-16 02:00:00,0.0
2025-09-16 03:00:00,0.0
2025-09-16 04:00:00,0.0
2025-09-16 05:00:00,14.789118887754386
2025-09-16 06:00:00,36.735702672335016
2025-09-16 07:00:00,127.89711855716513
2025-09-16 08:00:00,131.26970360507303
2025-09-16 09:00:00,228.71062258368298
2025-09-16 10:00:00,367.96799531807994
2025-09-16 11:00:00,380.061888970124
2025-09-16 12:00:00,141.44892937367652
2025-09-16 13:00:00,210.7350932080755
2025-09-16 14:00:00,200.18605574123174
2025-09-16 15:00:00,112.01591348777919
2025-09-16 16:00:00,32.56948108431553
2025-09-16 17:00:00,0.0
2025-09-16 18:00:00,0.0
2025-09-16 19:00:00,0.0
2025-09-16 20:00:00,0.0
2025-09-16 21:00:00,0.0
2025-09-16 22:00:00,0.0
2025-09-16 23:00:00,0.0
2025-09-17 00:00:00,0.0
2025-09-17 01:00:00,0.0
2025-09-17 02:00:00,0.0
2025-09-17 03:00:00,0.0
2025-09-17 04:00:00,0.0
2025-09-17 05:00:00,4.95088583815976
2025-09-17 06:00:00,36.6921958600089
2025-09-17 07:00:00,75.69094323208559
2025-09-17 08:00:00,112.78679998868238
2025-09-17 09:00:00,135.1728339950851
2025-09-17 10:00:00,153.56460468741307
2025-09-17 11:00:00,154.31766608767035
2025-09-17 12:00:00,143.62587205849562
2025-09-17 13:00:00,118.75795724729316
2025-09-17 14:00:00,118.5690181878026
2025-09-17 15:00:00,97.227217214932
2025-09-17 16:00:00,45.36638622416445
2025-09-17 17:00:00,0.0
2025-09-17 18:00:00,0.0
2025-09-17 19:00:00,0.0
2025-09-17 20:00:00,0.0
2025-09-17 21:00:00,0.0
2025-09-17 22:00:00,0.0
2025-09-17 23:00:00,0.0
2025-09-18 00:00:00,0.0
2025-09-18 01:00:00,0.0
2025-09-18 02:00:00,0.0
2025-09-18 03:00:00,0.0
2025-09-18 04:00:00,0.11161858184329514
2025-09-18 05:00:00,5.060105964100466
2025-09-18 06:00:00,35.73085530080776
2025-09-18 07:00:00,73.76427857445455
2025-09-18 08:00:00,301.5808859771893
2025-09-18 09:00:00,181.87931707966112
2025-09-18 10:00:00,404.56527464685365
2025-09-18 11:00:00,358.76117556830474
2025-09-18 12:00:00,212.82313048582844
2025-09-18 13:00:00,180.72532107453972
2025-09-18 14:00:00,85.13034928839079
2025-09-18 15:00:00,56.070152854115875
2025-09-18 16:00:00,36.03999870893505
2025-09-18 17:00:00,0.0
2025-09-18 18:00:00,0.0
2025-09-18 19:00:00,0.0
2025-09-18 20:00:00,0.0
2025-09-18 21:00:00,0.0
2025-09-18 22:00:00,0.0
2025-09-18 23:00:00,0.0
2025-09-19 00:00:00,0.0
2025-09-19 01:00:00,0.0
2025-09-19 02:00:00,0.0
2025-09-19 03:00:00,0.0
2025-09-19 04:00:00,0.1181346308059379
2025-09-19 05:00:00,16.827956854008615
2025-09-19 06:00:00,93.40223003519326
2025-09-19 07:00:00,216.42843057456022
2025-09-19 08:00:00,261.4690944427471
2025-09-19 09:00:00,338.75414200255915
2025-09-19 10:00:00,375.78376397516945
2025-09-19 11:00:00,291.1909567334008
2025-09-19 12:00:00,316.7852265027428
2025-09-19 13:00:00,234.68898521699512
2025-09-19 14:00:00,239.75547159524604
2025-09-19 15:00:00,123.10030903177119
2025-09-19 16:00:00,37.87035656658084
2025-09-19 17:00:00,0.0
2025-09-19 18:00:00,0.0
2025-09-19 19:00:00,0.0
2025-09-19 20:00:00,0.0
2025-09-19 21:00:00,0.0
2025-09-19 22:00:00,0.0
2025-09-19 23:00:00,0.0
2025-09-20 00:00:00,0.0
2025-09-20 01:00:00,0.0
2025-09-20 02:00:00,0.0
2025-09-20 03:00:00,0.0
2025-09-20 04:00:00,0.0
2025-09-20 05:00:00,2.292107546845419
2025-09-20 06:00:00,24.27290512158032
2025-09-20 07:00:00,64.42374998531072
2025-09-20 08:00:00,191.13906871370318
2025-09-20 09:00:00,177.94668137959624
2025-09-20 10:00:00,136.12338210570312
2025-09-20 11:00:00,136.95219224906486
2025-09-20 12:00:00,130.1086162398862
2025-09-20 13:00:00,106.61097044663346
2025-09-20 14:00:00,74.83236858255705
2025-09-20 15:00:00,119.23142284168686
2025-09-20 16:00:00,28.205599381523516
2025-09-20 17:00:00,0.0
2025-09-20 18:00:00,0.0
2025-09-20 19:00:00,0.0
2025-09-20 20:00:00,0.0
2025-09-20 21:00:00,0.0
2025-09-20 22:00:00,0.0
2025-09-20 23:00:00,0.0
2025-09-21 00:00:00,0.0
2025-09-21 01:00:00,0.0
2025-09-21 02:00:00,0.0
2025-09-21 03:00:00,0.0
2025-09-21 04:00:00,0.0
2025-09-21 05:00:00,9.359238197791603
2025-09-21 06:00:00,73.37453416294025
2025-09-21 07:00:00,128.99777049585683
2025-09-21 08:00:00,87.89333992065362
2025-09-21 09:00:00,190.56910941568069
2025-09-21 10:00:00,250.44180854651876
2025-09-21 11:00:00,233.8325519351205
2025-09-21 12:00:00,225.8072774125764
2025-09-21 13:00:00,139.1703879559974
2025-09-21 14:00:00,129.03748066740147
2025-09-21 15:00:00,87.37042165616113
2025-09-21 16:00:00,28.806020727757815
2025-09-21 17:00:00,0.0
2025-09-21 18:00:00,0.0
2025-09-21 19:00:00,0.0
2025-09-21 20:00:00,0.0
2025-09-21 21:00:00,0.0
2025-09-21 22:00:00,0.0
2025-09-21 23:00:00,0.0
2025-09-22 00:00:00,0.0
2025-09-22 01:00:00,0.0
2025-09-22 02:00:00,0.0
2025-09-22 03:00:00,0.0
2025-09-22 04:00:00,0.0
2025-09-22 05:00:00,13.738530719228786
2025-09-22 06:00:00,110.10424960024615
2025-09-22 07:00:00,228.85154705321565
2025-09-22 08:00:00,327.042823019544
2025-09-22 09:00:00,395.08664485963834
2025-09-22 10:00:00,425.89619919654456
2025-09-22 11:00:00,439.4152841011554
2025-09-22 12:00:00,403.16170432075273
2025-09-22 13:00:00,344.7770768154939
2025-09-22 14:00:00,249.5028908060723
2025-09-22 15:00:00,130.20381803503625
2025-09-22 16:00:00,37.290839446237484
2025-09-22 17:00:00,0.0
2025-09-22 18:00:00,0.0
2025-09-22 19:00:00,0.0
2025-09-22 20:00:00,0.0
2025-09-22 21:00:00,0.0
2025-09-22 22:00:00,0.0
2025-09-22 23:00:00,0.0
2025-09-23 00:00:00,0.0
2025-09-23 01:00:00,0.0
2025-09-23 02:00:00,0.0
2025-09-23 03:00:00,0.0
2025-09-23 04:00:00,0.0
2025-09-23 05:00:00,11.23978205820385
2025-09-23 06:00:00,105.34341650926797
2025-09-23 07:00:00,223.11114856895705
2025-09-23 08:00:00,317.9910394751269
2025-09-23 09:00:00,384.00703544470986
2025-09-23 10:00:00,424.4154076288079
2025-09-23 11:00:00,428.70219896601174
2025-09-23 12:00:00,396.82293754750333
2025-09-23 13:00:00,338.08663738594163
2025-09-23 14:00:00,249.36800556360865
2025-09-23 15:00:00,137.18544838723233
2025-09-23 16:00:00,34.556515176075486
2025-09-23 17:00:00,0.0
2025-09-23 18:00:00,0.0
2025-09-23 19:00:00,0.0
2025-09-23 20:00:00,0.0
2025-09-23 21:00:00,0.0
2025-09-23 22:00:00,0.0
2025-09-23 23:00:00,0.0
2025-09-24 00:00:00,0.0
2025-09-24 01:00:00,0.0
2025-09-24 02:00:00,0.0
2025-09-24 03:00:00,0.0
2025-09-24 04:00:00,0.0
2025-09-24 05:00:00,5.895773610926405
2025-09-24 06:00:00,90.7544247652731
2025-09-24 07:00:00,82.98446914596745
2025-09-24 08:00:00,276.0300489767524
2025-09-24 09:00:00,365.63166880519253
2025-09-24 10:00:00,394.9095105307185
2025-09-24 11:00:00,406.4253484591331
2025-09-24 12:00:00,380.08163802520863
2025-09-24 13:00:00,315.06472844282564
2025-09-24 14:00:00,235.015380955728
2025-09-24 15:00:00,114.7466676505387
2025-09-24 16:00:00,28.92077102932168
2025-09-24 17:00:00,0.0
2025-09-24 18:00:00,0.0
2025-09-24 19:00:00,0.0
2025-09-24 20:00:00,0.0
2025-09-24 21:00:00,0.0
2025-09-24 22:00:00,0.0
2025-09-24 23:00:00,0.0
2025-09-25 00:00:00,0.0
2025-09-25 01:00:00,0.0
2025-09-25 02:00:00,0.0
2025-09-25 03:00:00,0.0
2025-09-25 04:00:00,0.0
2025-09-25 05:00:00,6.053221162773254
2025-09-25 06:00:00,94.17156430347387
2025-09-25 07:00:00,204.22035518445836
2025-09-25 08:00:00,299.5971385005507
2025-09-25 09:00:00,369.2979215441823
2025-09-25 10:00:00,405.13249063023153
2025-09-25 11:00:00,410.68323421130185
2025-09-25 12:00:00,381.6385853530656
2025-09-25 13:00:00,325.43687413910436
2025-09-25 14:00:00,232.95897259846078
2025-09-25 15:00:00,122.9668807114293
2025-09-25 16:00:00,21.882857145874446
2025-09-25 17:00:00,0.0
2025-09-25 18:00:00,0.0
2025-09-25 19:00:00,0.0
2025-09-25 20:00:00,0.0
2025-09-25 21:00:00,0.0
2025-09-25 22:00:00,0.0
2025-09-25 23:00:00,0.0
2025-09-26 00:00:00,0.0
2025-09-26 01:00:00,0.0
2025-09-26 02:00:00,0.0
2025-09-26 03:00:00,0.0
2025-09-26 04:00:00,0.0
2025-09-26 05:00:00,4.6603057049695344
2025-09-26 06:00:00,89.79894541499988
2025-09-26 07:00:00,200.77401968182016
2025-09-26 08:00:00,295.5015058128243
2025-09-26 09:00:00,368.25010911865024
2025-09-26 10:00:00,395.2154636879728
2025-09-26 11:00:00,397.67262242041346
2025-09-26 12:00:00,381.8181838380864
2025-09-26 13:00:00,317.66134596863486
2025-09-26 14:00:00,226.15819479471406
2025-09-26 15:00:00,116.94501811923287
2025-09-26 16:00:00,17.66260724118888
2025-09-26 17:00:00,0.0
2025-09-26 18:00:00,0.0
2025-09-26 19:00:00,0.0
2025-09-26 20:00:00,0.0
2025-09-26 21:00:00,0.0
2025-09-26 22:00:00,0.0
2025-09-26 23:00:00,0.0
2025-09-27 00:00:00,0.0
2025-09-27 01:00:00,0.0
2025-09-27 02:00:00,0.0
2025-09-27 03:00:00,0.0
2025-09-27 04:00:00,0.0
2025-09-27 05:00:00,2.5097052804520246
2025-09-27 06:00:00,71.98773582613688
2025-09-27 07:00:00,137.68552799387405
2025-09-27 08:00:00,209.98900104838626
2025-09-27 09:00:00,264.6361586109773
2025-09-27 10:00:00,272.19478727010886
2025-09-27 11:00:00,374.5784202016407
2025-09-27 12:00:00,270.540608483921
2025-09-27 13:00:00,291.77704703431385
2025-09-27 14:00:00,193.44133452197974
2025-09-27 15:00:00,91.2353177974369
2025-09-27 16:00:00,11.429871651587204
2025-09-27 17:00:00,0.0
2025-09-27 18:00:00,0.0
2025-09-27 19:00:00,0.0
2025-09-27 20:00:00,0.0
2025-09-27 21:00:00,0.0
2025-09-27 22:00:00,0.0
2025-09-27 23:00:00,0.0
2025-09-28 00:00:00,0.0
2025-09-28 01:00:00,0.0
2025-09-28 02:00:00,0.0
2025-09-28 03:00:00,0.0
2025-09-28 04:00:00,0.0
2025-09-28 05:00:00,1.0505038853431665
2025-09-28 06:00:00,64.18461859860656
2025-09-28 07:00:00,163.1508754486811
2025-09-28 08:00:00,236.6500396150777
2025-09-28 09:00:00,286.9558958194429
2025-09-28 10:00:00,381.93384062247327
2025-09-28 11:00:00,323.66263141591844
2025-09-28 12:00:00,344.8196698267102
2025-09-28 13:00:00,270.3409847392602
2025-09-28 14:00:00,190.90370002000182
2025-09-28 15:00:00,88.7164833458088
2025-09-28 16:00:00,13.668887900108546
2025-09-28 17:00:00,0.0
2025-09-28 18:00:00,0.0
2025-09-28 19:00:00,0.0
2025-09-28 20:00:00,0.0
2025-09-28 21:00:00,0.0
2025-09-28 22:00:00,0.0
2025-09-28 23:00:00,0.0
2025-09-29 00:00:00,0.0
2025-09-29 01:00:00,0.0
2025-09-29 02:00:00,0.0
2025-09-29 03:00:00,0.0
2025-09-29 04:00:00,0.0
2025-09-29 05:00:00,0.0
2025-09-29 06:00:00,33.69288768127299
2025-09-29 07:00:00,68.6705170195331
2025-09-29 08:00:00,275.4198733351824
2025-09-29 09:00:00,294.77337093084026
2025-09-29 10:00:00,198.11544306737983
2025-09-29 11:00:00,191.78689371251318
2025-09-29 12:00:00,202.70974929901706
2025-09-29 13:00:00,264.8870796944459
2025-09-29 14:00:00,131.8309083853463
2025-09-29 15:00:00,63.08023332167948
2025-09-29 16:00:00,6.183994361120236
2025-09-29 17:00:00,0.0
2025-09-29 18:00:00,0.0
2025-09-29 19:00:00,0.0
2025-09-29 20:00:00,0.0
2025-09-29 21:00:00,0.0
2025-09-29 22:00:00,0.0
2025-09-29 23:00:00,0.0
2025-09-30 00:00:00,0.0
2025-09-30 01:00:00,0.0
2025-09-30 02:00:00,0.0
2025-09-30 03:00:00,0.0
2025-09-30 04:00:00,0.0
2025-09-30 05:00:00,0.0
2025-09-30 06:00:00,53.25920521210006
2025-09-30 07:00:00,135.11228441384216
2025-09-30 08:00:00,88.40358859017189
2025-09-30 09:00:00,195.88315307190263
2025-09-30 10:00:00,130.12668953775076
2025-09-30 11:00:00,128.38038809330402
2025-09-30 12:00:00,134.65192555308698
2025-09-30 13:00:00,107.4642934685961
2025-09-30 14:00:00,63.14422298867185
2025-09-30 15:00:00,30.555709816251063
2025-09-30 16:00:00,5.060940029596325
2025-09-30 17:00:00,0.0
2025-09-30 18:00:00,0.0
2025-09-30 19:00:00,0.0
2025-09-30 20:00:00,0.0
2025-09-30 21:00:00,0.0
2025-09-30 22:00:00,0.0
2025-09-30 23:00:00,0.0
2025-10-01 00:00:00,0.0
2025-10-01 01:00:00,0.0
2025-10-01 02:00:00,0.0
2025-10-01 03:00:00,0.0
2025-10-01 04:00:00,0.0
2025-10-01 05:00:00,0.0
2025-10-01 06:00:00,18.195692363022204
2025-10-01 07:00:00,50.89696139770688
2025-10-01 08:00:00,98.81923290448968
2025-10-01 09:00:00,229.65125429153096
2025-10-01 10:00:00,136.38087228688366
2025-10-01 11:00:00,121.03024096048212
2025-10-01 12:00:00,112.39552693234617
2025-10-01 13:00:00,106.06916437263723
2025-10-01 14:00:00,138.46255354131333
2025-10-01 15:00:00,42.32225633352866
2025-10-01 16:00:00,3.385661079100395
2025-10-01 17:00:00,0.0
2025-10-01 18:00:00,0.0
2025-10-01 19:00:00,0.0
2025-10-01 20:00:00,0.0
2025-10-01 21:00:00,0.0
2025-10-01 22:00:00,0.0
2025-10-01 23:00:00,0.0
2025-10-02 00:00:00,0.0
2025-10-02 01:00:00,0.0
2025-10-02 02:00:00,0.0
2025-10-02 03:00:00,0.0
2025-10-02 04:00:00,0.0
2025-10-02 05:00:00,0.0
2025-10-02 06:00:00,59.602549118825294
2025-10-02 07:00:00,131.7843975676613
2025-10-02 08:00:00,194.38275459741115
2025-10-02 09:00:00,236.5483180789567
2025-10-02 10:00:00,313.28177156431707
2025-10-02 11:00:00,186.21269733013537
2025-10-02 12:00:00,212.49115985420016
2025-10-02 13:00:00,189.38750700402713
2025-10-02 14:00:00,129.92061691976636
2025-10-02 15:00:00,66.9522465524885
2025-10-02 16:00:00,3.0485293787340972
2025-10-02 17:00:00,0.0
2025-10-02 18:00:00,0.0
2025-10-02 19:00:00,0.0
2025-10-02 20:00:00,0.0
2025-10-02 21:00:00,0.0
2025-10-02 22:00:00,0.0
2025-10-02 23:00:00,0.0
2025-10-03 00:00:00,0.0
2025-10-03 01:00:00,0.0
2025-10-03 02:00:00,0.0
2025-10-03 03:00:00,0.0
2025-10-03 04:00:00,0.0
2025-10-03 05:00:00,0.0
2025-10-03 06:00:00,59.294360956687875
2025-10-03 07:00:00,165.34906965037771
2025-10-03 08:00:00,214.7378318812871
2025-10-03 09:00:00,306.1083850555096
2025-10-03 10:00:00,344.41124631247703
2025-10-03 11:00:00,253.1870806047891
2025-10-03 12:00:00,286.40369005981165
2025-10-03 13:00:00,229.35119191244493
2025-10-03 14:00:00,151.0669177914786
2025-10-03 15:00:00,40.32965294968161
2025-10-03 16:00:00,0.9658565664217837
2025-10-03 17:00:00,0.0
2025-10-03 18:00:00,0.0
2025-10-03 19:00:00,0.0
2025-10-03 20:00:00,0.0
2025-10-03 21:00:00,0.0
2025-10-03 22:00:00,0.0
2025-10-03 23:00:00,0.0
2025-10-04 00:00:00,0.0
2025-10-04 01:00:00,0.0
2025-10-04 02:00:00,0.0
2025-10-04 03:00:00,0.0
2025-10-04 04:00:00,0.0
2025-10-04 05:00:00,0.0
2025-10-04 06:00:00,14.653161903765152
2025-10-04 07:00:00,47.83969809379216
2025-10-04 08:00:00,93.79582003217551
2025-10-04 09:00:00,236.77596484533646
2025-10-04 10:00:00,138.26832150152214
2025-10-04 11:00:00,119.83803932990362
2025-10-04 12:00:00,133.54087314892436
2025-10-04 13:00:00,97.55446652016445
2025-10-04 14:00:00,51.440331552449045
2025-10-04 15:00:00,18.06634724523629
2025-10-04 16:00:00,0.0
2025-10-04 17:00:00,0.0
2025-10-04 18:00:00,0.0
2025-10-04 19:00:00,0.0
2025-10-04 20:00:00,0.0
2025-10-04 21:00:00,0.0
2025-10-04 22:00:00,0.0
2025-10-04 23:00:00,0.0
2025-10-05 00:00:00,0.0
2025-10-05 01:00:00,0.0
2025-10-05 02:00:00,0.0
2025-10-05 03:00:00,0.0
2025-10-05 04:00:00,0.0
2025-10-05 05:00:00,0.0
2025-10-05 06:00:00,27.856827362092726
2025-10-05 07:00:00,106.49142011069054
2025-10-05 08:00:00,159.05674568275822
2025-10-05 09:00:00,207.4685094476611
2025-10-05 10:00:00,241.32379021642322
2025-10-05 11:00:00,114.91604980344827
2025-10-05 12:00:00,210.2657072419666
2025-10-05 13:00:00,153.02461182772578
2025-10-05 14:00:00,77.57922523467904
2025-10-05 15:00:00,34.16900845058618
2025-10-05 16:00:00,0.0
2025-10-05 17:00:00,0.0
2025-10-05 18:00:00,0.0
2025-10-05 19:00:00,0.0
2025-10-05 20:00:00,0.0
2025-10-05 21:00:00,0.0
2025-10-05 22:00:00,0.0
2025-10-05 23:00:00,0.0
2025-10-06 00:00:00,0.0
2025-10-06 01:00:00,0.0
2025-10-06 02:00:00,0.0
2025-10-06 03:00:00,0.0
2025-10-06 04:00:00,0.0
2025-10-06 05:00:00,0.0
2025-10-06 06:00:00,29.384798508587973
2025-10-06 07:00:00,41.60575001960947
2025-10-06 08:00:00,120.92817229120665
2025-10-06 09:00:00,192.40070345214488
2025-10-06 10:00:00,198.6955875252194
2025-10-06 11:00:00,113.2633948220097
2025-10-06 12:00:00,121.608072908788
2025-10-06 13:00:00,86.85410574340393
2025-10-06 14:00:00,50.47624125652629
2025-10-06 15:00:00,21.100450701142286
2025-10-06 16:00:00,0.0
2025-10-06 17:00:00,0.0
2025-10-06 18:00:00,0.0
2025-10-06 19:00:00,0.0
2025-10-06 20:00:00,0.0
2025-10-06 21:00:00,0.0
2025-10-06 22:00:00,0.0
2025-10-06 23:00:00,0.0
2025-10-07 00:00:00,0.0
2025-10-07 01:00:00,0.0
2025-10-07 02:00:00,0.0
2025-10-07 03:00:00,0.0
2025-10-07 04:00:00,0.0
2025-10-07 05:00:00,0.0
2025-10-07 06:00:00,30.660588877129275
2025-10-07 07:00:00,133.15405244421208
2025-10-07 08:00:00,98.81926866178387
2025-10-07 09:00:00,195.45831842292566
2025-10-07 10:00:00,130.26978105046774
2025-10-07 11:00:00,140.21237550556995
2025-10-07 12:00:00,98.62533177136442
2025-10-07 13:00:00,76.23625657555523
2025-10-07 14:00:00,44.87405130556041
2025-10-07 15:00:00,14.799904950893959
2025-10-07 16:00:00,0.0
2025-10-07 17:00:00,0.0
2025-10-07 18:00:00,0.0
2025-10-07 19:00:00,0.0
2025-10-07 20:00:00,0.0
2025-10-07 21:00:00,0.0
2025-10-07 22:00:00,0.0
2025-10-07 23:00:00,0.0
2025-10-08 00:00:00,0.0
2025-10-08 01:00:00,0.0
2025-10-08 02:00:00,0.0
2025-10-08 03:00:00,0.0
2025-10-08 04:00:00,0.0
2025-10-08 05:00:00,0.0
2025-10-08 06:00:00,7.3227567653562815
2025-10-08 07:00:00,37.07873129894591
2025-10-08 08:00:00,69.67882802149784
2025-10-08 09:00:00,91.44822104976507
2025-10-08 10:00:00,105.25731260667197
2025-10-08 11:00:00,107.81214689800841
2025-10-08 12:00:00,97.44838279558721
2025-10-08 13:00:00,133.16566487855806
2025-10-08 14:00:00,124.80279164101434
2025-10-08 15:00:00,31.815463141637924
2025-10-08 16:00:00,0.0
2025-10-08 17:00:00,0.0
2025-10-08 18:00:00,0.0
2025-10-08 19:00:00,0.0
2025-10-08 20:00:00,0.0
2025-10-08 21:00:00,0.0
2025-10-08 22:00:00,0.0
2025-10-08 23:00:00,0.0
2025-10-09 00:00:00,0.0
2025-10-09 01:00:00,0.0
2025-10-09 02:00:00,0.0
2025-10-09 03:00:00,0.0
2025-10-09 04:00:00,0.0
2025-10-09 05:00:00,0.0
2025-10-09 06:00:00,41.066462818797014
2025-10-09 07:00:00,138.53539786310412
2025-10-09 08:00:00,218.37935374844656
2025-10-09 09:00:00,289.64860995849466
2025-10-09 10:00:00,295.7123672153384
2025-10-09 11:00:00,308.48808210552346
2025-10-09 12:00:00,173.3828148845756
2025-10-09 13:00:00,187.06177778099706
2025-10-09 14:00:00,42.1400294208052
2025-10-09 15:00:00,11.477931896166783
2025-10-09 16:00:00,0.0
2025-10-09 17:00:00,0.0
2025-10-09 18:00:00,0.0
2025-10-09 19:00:00,0.0
2025-10-09 20:00:00,0.0
2025-10-09 21:00:00,0.0
2025-10-09 22:00:00,0.0
2025-10-09 23:00:00,0.0
2025-10-10 00:00:00,0.0
2025-10-10 01:00:00,0.0
2025-10-10 02:00:00,0.0
2025-10-10 03:00:00,0.0
2025-10-10 04:00:00,0.0
2025-10-10 05:00:00,0.0
2025-10-10 06:00:00,0.0
2025-10-10 07:00:00,0.13083843651736193
2025-10-10 08:00:00,0.0
2025-10-10 09:00:00,0.0
2025-10-10 10:00:00,0.21585145330594266
2025-10-10 11:00:00,0.0
2025-10-10 12:00:00,0.0
2025-10-10 13:00:00,0.0
2025-10-10 14:00:00,0.23866607389174055
2025-10-10 15:00:00,0.0
2025-10-10 16:00:00,0.0
2025-10-10 17:00:00,0.0
2025-10-10 18:00:00,0.0
2025-10-10 19:00:00,0.0
2025-10-10 20:00:00,0.0
2025-10-10 21:00:00,0.0
2025-10-10 22:00:00,0.0
2025-10-10 23:00:00,0.0
2025-10-11 00:00:00,0.0
2025-10-11 01:00:00,0.0
2025-10-11 02:00:00,0.0
2025-10-11 03:00:00,0.0
2025-10-11 04:00:00,0.0
2025-10-11 05:00:00,0.0
2025-10-11 06:00:00,0.11492124899962851
2025-10-11 07:00:00,0.18295199733320894
2025-10-11 08:00:00,0.11105505901278331
2025-10-11 09:00:00,0.1326160742445465
2025-10-11 10:00:00,0.22860174013617673
2025-10-11 11:00:00,0.0
2025-10-11 12:00:00,0.0
2025-10-11 13:00:00,0.0
2025-10-11 14:00:00,0.25141636072197426
2025-10-11 15:00:00,0.1020286182817505
2025-10-11 16:00:00,0.0
2025-10-11 17:00:00,0.0
2025-10-11 18:00:00,0.0
2025-10-11 19:00:00,0.0
2025-10-11 20:00:00,0.0
2025-10-11 21:00:00,0.0
2025-10-11 22:00:00,0.0
2025-10-11 23:00:00,0.0
2025-10-12 00:00:00,0.0
2025-10-12 01:00:00,0.0
2025-10-12 02:00:00,0.0
2025-10-12 03:00:00,0.0
2025-10-12 04:00:00,0.0
2025-10-12 05:00:00,0.0
2025-10-12 06:00:00,30.31849058736656
2025-10-12 07:00:00,131.07020768837083
2025-10-12 08:00:00,224.47671634267715
2025-10-12 09:00:00,289.26247818260816
2025-10-12 10:00:00,324.5974938410127
2025-10-12 11:00:00,331.04348040235146
2025-10-12 12:00:00,288.9411067681217
2025-10-12 13:00:00,214.77149364841236
2025-10-12 14:00:00,92.78124121691619
2025-10-12 15:00:00,39.13685431309501
2025-10-12 16:00:00,0.0
2025-10-12 17:00:00,0.0
2025-10-12 18:00:00,0.0
2025-10-12 19:00:00,0.0
2025-10-12 20:00:00,0.0
2025-10-12 21:00:00,0.0
2025-10-12 22:00:00,0.0
2025-10-12 23:00:00,0.0
2025-10-13 00:00:00,0.0
2025-10-13 01:00:00,0.0
2025-10-13 02:00:00,0.0
2025-10-13 03:00:00,0.0
2025-10-13 04:00:00,0.0
2025-10-13 05:00:00,0.0
2025-10-13 06:00:00,19.46744626101741
2025-10-13 07:00:00,101.15249024862061
2025-10-13 08:00:00,168.88539564784068
2025-10-13 09:00:00,142.78498552313815
2025-10-13 10:00:00,125.45038393477444
2025-10-13 11:00:00,103.07353895080686
2025-10-13 12:00:00,92.19640686998092
2025-10-13 13:00:00,71.56006695292476
2025-10-13 14:00:00,48.05204511223387
2025-10-13 15:00:00,11.418751467245471
2025-10-13 16:00:00,0.0
2025-10-13 17:00:00,0.0
2025-10-13 18:00:00,0.0
2025-10-13 19:00:00,0.0
2025-10-13 20:00:00,0.0
2025-10-13 21:00:00,0.0
2025-10-13 22:00:00,0.0
2025-10-13 23:00:00,0.0
2025-10-14 00:00:00,0.0
2025-10-14 01:00:00,0.0
2025-10-14 02:00:00,0.0
2025-10-14 03:00:00,0.0
2025-10-14 04:00:00,0.0
2025-10-14 05:00:00,0.0
2025-10-14 06:00:00,4.950431521946229
2025-10-14 07:00:00,65.51460326728869
2025-10-14 08:00:00,172.13039824580088
2025-10-14 09:00:00,219.18602723539522
2025-10-14 10:00:00,258.96956216146685
2025-10-14 11:00:00,99.85445977602392
2025-10-14 12:00:00,267.1997731110641
2025-10-14 13:00:00,208.8666029042539
2025-10-14 14:00:00,120.3711762513426
2025-10-14 15:00:00,29.273464864386785
2025-10-14 16:00:00,0.0
2025-10-14 17:00:00,0.0
2025-10-14 18:00:00,0.0
2025-10-14 19:00:00,0.0
2025-10-14 20:00:00,0.0
2025-10-14 21:00:00,0.0
2025-10-14 22:00:00,0.0
2025-10-14 23:00:00,0.0
2025-10-15 00:00:00,0.0
2025-10-15 01:00:00,0.0
2025-10-15 02:00:00,0.0
2025-10-15 03:00:00,0.0
2025-10-15 04:00:00,0.0
2025-10-15 05:00:00,0.0
2025-10-15 06:00:00,10.650380967814396
2025-10-15 07:00:00,85.89803922770851
2025-10-15 08:00:00,145.14449944631832
2025-10-15 09:00:00,191.65822108897183
2025-10-15 10:00:00,269.8826731548515
2025-10-15 11:00:00,260.88476760614026
2025-10-15 12:00:00,265.06562315288437
2025-10-15 13:00:00,205.83079788459816
2025-10-15 14:00:00,106.41890009532902
2025-10-15 15:00:00,15.516854302750936
2025-10-15 16:00:00,0.0
2025-10-15 17:00:00,0.0
2025-10-15 18:00:00,0.0
2025-10-15 19:00:00,0.0
2025-10-15 20:00:00,0.0
2025-10-15 21:00:00,0.0
2025-10-15 22:00:00,0.0
2025-10-15 23:00:00,0.0
2025-10-16 00:00:00,0.0
2025-10-16 01:00:00,0.0
2025-10-16 02:00:00,0.0
2025-10-16 03:00:00,0.0
2025-10-16 04:00:00,0.0
2025-10-16 05:00:00,0.0
2025-10-16 06:00:00,8.198603832528255
2025-10-16 07:00:00,47.33776863353124
2025-10-16 08:00:00,119.67294558371155
2025-10-16 09:00:00,131.49493315283632
2025-10-16 10:00:00,99.65625403623729
2025-10-16 11:00:00,143.14651235354904
2025-10-16 12:00:00,254.5754322119702
2025-10-16 13:00:00,148.29176771414612
2025-10-16 14:00:00,70.79689143048134
2025-10-16 15:00:00,6.399550607046551
2025-10-16 16:00:00,0.0
2025-10-16 17:00:00,0.0
2025-10-16 18:00:00,0.0
2025-10-16 19:00:00,0.0
2025-10-16 20:00:00,0.0
2025-10-16 21:00:00,0.0
2025-10-16 22:00:00,0.0
2025-10-16 23:00:00,0.0
2025-10-17 00:00:00,0.0
2025-10-17 01:00:00,0.0
2025-10-17 02:00:00,0.0
2025-10-17 03:00:00,0.0
2025-10-17 04:00:00,0.0
2025-10-17 05:00:00,0.0
2025-10-17 06:00:00,4.873531948336603
2025-10-17 07:00:00,54.312472667142586
2025-10-17 08:00:00,135.01709581012346
2025-10-17 09:00:00,141.38027128721004
2025-10-17 10:00:00,275.30741456472725
2025-10-17 11:00:00,106.40343583174551
2025-10-17 12:00:00,85.62301885120192
2025-10-17 13:00:00,61.22579923983551
2025-10-17 14:00:00,31.185620500550552
2025-10-17 15:00:00,8.936434323634519
2025-10-17 16:00:00,0.0
2025-10-17 17:00:00,0.0
2025-10-17 18:00:00,0.0
2025-10-17 19:00:00,0.0
2025-10-17 20:00:00,0.0
2025-10-17 21:00:00,0.0
2025-10-17 22:00:00,0.0
2025-10-17 23:00:00,0.0
2025-10-18 00:00:00,0.0
2025-10-18 01:00:00,0.0
2025-10-18 02:00:00,0.0
2025-10-18 03:00:00,0.0
2025-10-18 04:00:00,0.0
2025-10-18 05:00:00,0.0
2025-10-18 06:00:00,11.782447760258206
2025-10-18 07:00:00,90.23581016813762
2025-10-18 08:00:00,190.02994282074883
2025-10-18 09:00:00,260.57969595900704
2025-10-18 10:00:00,293.8425084343429
2025-10-18 11:00:00,294.1888688741717
2025-10-18 12:00:00,262.45716363672574
2025-10-18 13:00:00,198.19590033656115
2025-10-18 14:00:00,103.33369744452611
2025-10-18 15:00:00,16.1588956860097
2025-10-18 16:00:00,0.0
2025-10-18 17:00:00,0.0
2025-10-18 18:00:00,0.0
2025-10-18 19:00:00,0.0
2025-10-18 20:00:00,0.0
2025-10-18 21:00:00,0.0
2025-10-18 22:00:00,0.0
2025-10-18 23:00:00,0.0
2025-10-19 00:00:00,0.0
2025-10-19 01:00:00,0.0
2025-10-19 02:00:00,0.0
2025-10-19 03:00:00,0.0
2025-10-19 04:00:00,0.0
2025-10-19 05:00:00,0.0
2025-10-19 06:00:00,6.440086048247997
2025-10-19 07:00:00,25.79285389965382
2025-10-19 08:00:00,54.67135417531929
2025-10-19 09:00:00,130.10699884055643
2025-10-19 10:00:00,157.10165950491657
2025-10-19 11:00:00,192.27792355053018
2025-10-19 12:00:00,217.0161077183597
2025-10-19 13:00:00,100.1554265468224
2025-10-19 14:00:00,81.51034870108214
2025-10-19 15:00:00,6.9497476347324785
2025-10-19 16:00:00,0.0
2025-10-19 17:00:00,0.0
2025-10-19 18:00:00,0.0
2025-10-19 19:00:00,0.0
2025-10-19 20:00:00,0.0
2025-10-19 21:00:00,0.0
2025-10-19 22:00:00,0.0
2025-10-19 23:00:00,0.0
2025-10-20 00:00:00,0.0
2025-10-20 01:00:00,0.0
2025-10-20 02:00:00,0.0
2025-10-20 03:00:00,0.0
2025-10-20 04:00:00,0.0
2025-10-20 05:00:00,0.0
2025-10-20 06:00:00,7.713165714774786
2025-10-20 07:00:00,89.71944813945905
2025-10-20 08:00:00,154.17388279611924
2025-10-20 09:00:00,208.72788811573636
2025-10-20 10:00:00,258.44098034178853
2025-10-20 11:00:00,218.84715946966236
2025-10-20 12:00:00,175.82782064102446
2025-10-20 13:00:00,151.88465733052203
2025-10-20 14:00:00,81.81302992258458
2025-10-20 15:00:00,4.864468033497749
2025-10-20 16:00:00,0.0
2025-10-20 17:00:00,0.0
2025-10-20 18:00:00,0.0
2025-10-20 19:00:00,0.0
2025-10-20 20:00:00,0.0
2025-10-20 21:00:00,0.0
2025-10-20 22:00:00,0.0
2025-10-20 23:00:00,0.0
2025-10-21 00:00:00,0.0
2025-10-21 01:00:00,0.0
2025-10-21 02:00:00,0.0
2025-10-21 03:00:00,0.0
2025-10-21 04:00:00,0.0
2025-10-21 05:00:00,0.0
2025-10-21 06:00:00,0.0
2025-10-21 07:00:00,49.35760272107008
2025-10-21 08:00:00,55.4477987541057
2025-10-21 09:00:00,199.5305410190856
2025-10-21 10:00:00,111.7543429037268
2025-10-21 11:00:00,147.1284278672898
2025-10-21 12:00:00,72.32293996149099
2025-10-21 13:00:00,53.76309176773282
2025-10-21 14:00:00,30.220908390390758
2025-10-21 15:00:00,2.3672218357343957
2025-10-21 16:00:00,0.0
2025-10-21 17:00:00,0.0
2025-10-21 18:00:00,0.0
2025-10-21 19:00:00,0.0
2025-10-21 20:00:00,0.0
2025-10-21 21:00:00,0.0
2025-10-21 22:00:00,0.0
2025-10-21 23:00:00,0.0
2025-10-22 00:00:00,0.0
2025-10-22 01:00:00,0.0
2025-10-22 02:00:00,0.0
2025-10-22 03:00:00,0.0
2025-10-22 04:00:00,0.0
2025-10-22 05:00:00,0.0
2025-10-22 06:00:00,0.0
2025-10-22 07:00:00,17.88424221275209
2025-10-22 08:00:00,44.229540909542976
2025-10-22 09:00:00,65.47655307120876
2025-10-22 10:00:00,78.0806491203454
2025-10-22 11:00:00,77.92415543881486
2025-10-22 12:00:00,66.58682980283919
2025-10-22 13:00:00,43.474238952488996
2025-10-22 14:00:00,19.110219302978457
2025-10-22 15:00:00,0.0
2025-10-22 16:00:00,0.0
2025-10-22 17:00:00,0.0
2025-10-22 18:00:00,0.0
2025-10-22 19:00:00,0.0
2025-10-22 20:00:00,0.0
2025-10-22 21:00:00,0.0
2025-10-22 22:00:00,0.0
2025-10-22 23:00:00,0.0
2025-10-23 00:00:00,0.0
2025-10-23 01:00:00,0.0
2025-10-23 02:00:00,0.0
2025-10-23 03:00:00,0.0
2025-10-23 04:00:00,0.0
2025-10-23 05:00:00,0.0
2025-10-23 06:00:00,0.0
2025-10-23 07:00:00,17.514282225733503
2025-10-23 08:00:00,46.14877369807208
2025-10-23 09:00:00,65.0586284065052
2025-10-23 10:00:00,81.67282079554411
2025-10-23 11:00:00,77.20259340910627
2025-10-23 12:00:00,66.60944360312918
2025-10-23 13:00:00,45.48281629430231
2025-10-23 14:00:00,19.10108286523775
2025-10-23 15:00:00,0.0
2025-10-23 16:00:00,0.0
2025-10-23 17:00:00,0.0
2025-10-23 18:00:00,0.0
2025-10-23 19:00:00,0.0
2025-10-23 20:00:00,0.0
2025-10-23 21:00:00,0.0
2025-10-23 22:00:00,0.0
2025-10-23 23:00:00,0.0
2025-10-24 00:00:00,0.0
2025-10-24 01:00:00,0.0
2025-10-24 02:00:00,0.0
2025-10-24 03:00:00,0.0
2025-10-24 04:00:00,0.0
2025-10-24 05:00:00,0.0
2025-10-24 06:00:00,0.0
2025-10-24 07:00:00,14.527274411963713
2025-10-24 08:00:00,40.37544133356738
2025-10-24 09:00:00,58.685398692198326
2025-10-24 10:00:00,71.63591957768263
2025-10-24 11:00:00,71.40965820250901
2025-10-24 12:00:00,60.26932903132896
2025-10-24 13:00:00,39.22510745361427
2025-10-24 14:00:00,15.02142876186711
2025-10-24 15:00:00,0.0
2025-10-24 16:00:00,0.0
2025-10-24 17:00:00,0.0
2025-10-24 18:00:00,0.0
2025-10-24 19:00:00,0.0
2025-10-24 20:00:00,0.0
2025-10-24 21:00:00,0.0
2025-10-24 22:00:00,0.0
2025-10-24 23:00:00,0.0
2025-10-25 00:00:00,0.0
2025-10-25 01:00:00,0.0
2025-10-25 02:00:00,0.0
2025-10-25 03:00:00,0.0
2025-10-25 04:00:00,0.0
2025-10-25 05:00:00,0.0
2025-10-25 06:00:00,0.0
2025-10-25 07:00:00,15.43311772701276
2025-10-25 08:00:00,41.16528029983997
2025-10-25 09:00:00,62.61721182984007
2025-10-25 10:00:00,75.09067717841164
2025-10-25 11:00:00,74.66630017493154
2025-10-25 12:00:00,73.55696002936665
2025-10-25 13:00:00,42.32612494886183
2025-10-25 14:00:00,19.09354872836062
2025-10-25 15:00:00,0.0
2025-10-25 16:00:00,0.0
2025-10-25 17:00:00,0.0
2025-10-25 18:00:00,0.0
2025-10-25 19:00:00,0.0
2025-10-25 20:00:00,0.0
2025-10-25 21:00:00,0.0
2025-10-25 22:00:00,0.0
2025-10-25 23:00:00,0.0
2025-10-26 00:00:00,0.0
2025-10-26 01:00:00,0.0
2025-10-26 02:00:00,0.0
2025-10-26 03:00:00,0.0
2025-10-26 04:00:00,0.0
2025-10-26 05:00:00,0.0
2025-10-26 06:00:00,0.0
2025-10-26 07:00:00,38.975434580324404
2025-10-26 08:00:00,42.309104703846714
2025-10-26 09:00:00,62.16707486076709
2025-10-26 10:00:00,75.0853949461354
2025-10-26 11:00:00,83.59492284283772
2025-10-26 12:00:00,64.05988079740118
2025-10-26 13:00:00,41.65190974928357
2025-10-26 14:00:00,17.070517086847488
2025-10-26 15:00:00,0.0
2025-10-26 16:00:00,0.0
2025-10-26 17:00:00,0.0
2025-10-26 18:00:00,0.0
2025-10-26 19:00:00,0.0
2025-10-26 20:00:00,0.0
2025-10-26 21:00:00,0.0
2025-10-26 22:00:00,0.0
2025-10-26 23:00:00,0.0
2025-10-27 00:00:00,0.0
2025-10-27 01:00:00,0.0
2025-10-27 02:00:00,0.0
2025-10-27 03:00:00,0.0
2025-10-27 04:00:00,0.0
2025-10-27 05:00:00,0.0
2025-10-27 06:00:00,0.0
2025-10-27 07:00:00,19.552409667131226
2025-10-27 08:00:00,38.96699078232723
2025-10-27 09:00:00,162.71245700574093
2025-10-27 10:00:00,146.7745683411601
2025-10-27 11:00:00,116.80476324558684
2025-10-27 12:00:00,66.42732162983806
2025-10-27 13:00:00,117.38065991058613
2025-10-27 14:00:00,38.605954419618676
2025-10-27 15:00:00,0.0
2025-10-27 16:00:00,0.0
2025-10-27 17:00:00,0.0
2025-10-27 18:00:00,0.0
2025-10-27 19:00:00,0.0
2025-10-27 20:00:00,0.0
2025-10-27 21:00:00,0.0
2025-10-27 22:00:00,0.0
2025-10-27 23:00:00,0.0
2025-10-28 00:00:00,0.0
2025-10-28 01:00:00,0.0
2025-10-28 02:00:00,0.0
2025-10-28 03:00:00,0.0
2025-10-28 04:00:00,0.0
2025-10-28 05:00:00,0.0
2025-10-28 06:00:00,0.0
2025-10-28 07:00:00,13.143583337678553
2025-10-28 08:00:00,49.69785310481462
2025-10-28 09:00:00,69.35486351144549
2025-10-28 10:00:00,111.07383934245419
2025-10-28 11:00:00,81.91629456091619
2025-10-28 12:00:00,67.43837274137614
2025-10-28 13:00:00,38.62570417441709
2025-10-28 14:00:00,13.213207344555245
2025-10-28 15:00:00,0.0
2025-10-28 16:00:00,0.0
2025-10-28 17:00:00,0.0
2025-10-28 18:00:00,0.0
2025-10-28 19:00:00,0.0
2025-10-28 20:00:00,0.0
2025-10-28 21:00:00,0.0
2025-10-28 22:00:00,0.0
2025-10-28 23:00:00,0.0
2025-10-29 00:00:00,0.0
2025-10-29 01:00:00,0.0
2025-10-29 02:00:00,0.0
2025-10-29 03:00:00,0.0
2025-10-29 04:00:00,0.0
2025-10-29 05:00:00,0.0
2025-10-29 06:00:00,0.0
2025-10-29 07:00:00,36.69131516431477
2025-10-29 08:00:00,38.753033527029906
2025-10-29 09:00:00,58.641477656907
2025-10-29 10:00:00,71.93576202141189
2025-10-29 11:00:00,72.38966128443766
2025-10-29 12:00:00,60.04255311147898
2025-10-29 13:00:00,39.89587531867736
2025-10-29 14:00:00,13.126546923104339
2025-10-29 15:00:00,0.0
2025-10-29 16:00:00,0.0
2025-10-29 17:00:00,0.0
2025-10-29 18:00:00,0.0
2025-10-29 19:00:00,0.0
2025-10-29 20:00:00,0.0
2025-10-29 21:00:00,0.0
2025-10-29 22:00:00,0.0
2025-10-29 23:00:00,0.0
2025-10-30 00:00:00,0.0
2025-10-30 01:00:00,0.0
2025-10-30 02:00:00,0.0
2025-10-30 03:00:00,0.0
2025-10-30 04:00:00,0.0
2025-10-30 05:00:00,0.0
2025-10-30 06:00:00,0.0
2025-10-30 07:00:00,9.72465698177943
2025-10-30 08:00:00,33.016084707496624
2025-10-30 09:00:00,94.58434700567592
2025-10-30 10:00:00,64.00094989459095
2025-10-30 11:00:00,64.04666117598282
2025-10-30 12:00:00,53.42469863468891
2025-10-30 13:00:00,43.82920281594324
2025-10-30 14:00:00,10.11949448205497
2025-10-30 15:00:00,0.0
2025-10-30 16:00:00,0.0
2025-10-30 17:00:00,0.0
2025-10-30 18:00:00,0.0
2025-10-30 19:00:00,0.0
2025-10-30 20:00:00,0.0
2025-10-30 21:00:00,0.0
2025-10-30 22:00:00,0.0
2025-10-30 23:00:00,0.0
2025-10-31 00:00:00,0.0
2025-10-31 01:00:00,0.0
2025-10-31 02:00:00,0.0
2025-10-31 03:00:00,0.0
2025-10-31 04:00:00,0.0
2025-10-31 05:00:00,0.0
2025-10-31 06:00:00,0.0
2025-10-31 07:00:00,10.14898282735525
2025-10-31 08:00:00,37.38732591866329
2025-10-31 09:00:00,58.28994882911853
2025-10-31 10:00:00,68.4928041405852
2025-10-31 11:00:00,69.85261813942341
2025-10-31 12:00:00,54.4445735198001
2025-10-31 13:00:00,35.535399293683184
2025-10-31 14:00:00,10.647665408567242
2025-10-31 15:00:00,0.0
2025-10-31 16:00:00,0.0
2025-10-31 17:00:00,0.0
2025-10-31 18:00:00,0.0
2025-10-31 19:00:00,0.0
2025-10-31 20:00:00,0.0
2025-10-31 21:00:00,0.0
2025-10-31 22:00:00,0.0
2025-10-31 23:00:00,0.0
2025-11-01 00:00:00,0.0
2025-11-01 01:00:00,0.0
2025-11-01 02:00:00,0.0
2025-11-01 03:00:00,0.0
2025-11-01 04:00:00,0.0
2025-11-01 05:00:00,0.0
2025-11-01 06:00:00,0.0
2025-11-01 07:00:00,9.71946777101183
2025-11-01 08:00:00,30.152803728462064
2025-11-01 09:00:00,50.493711115528235
2025-11-01 10:00:00,62.06768612717093
2025-11-01 11:00:00,66.71470041670585
2025-11-01 12:00:00,52.57453006455869
2025-11-01 13:00:00,39.835802332135756
2025-11-01 14:00:00,27.81803200750214
2025-11-01 15:00:00,0.0
2025-11-01 16:00:00,0.0
2025-11-01 17:00:00,0.0
2025-11-01 18:00:00,0.0
2025-11-01 19:00:00,0.0
2025-11-01 20:00:00,0.0
2025-11-01 21:00:00,0.0
2025-11-01 22:00:00,0.0
2025-11-01 23:00:00,0.0
2025-11-02 00:00:00,0.0
2025-11-02 01:00:00,0.0
2025-11-02 02:00:00,0.0
2025-11-02 03:00:00,0.0
2025-11-02 04:00:00,0.0
2025-11-02 05:00:00,0.0
2025-11-02 06:00:00,0.0
2025-11-02 07:00:00,30.225183197534736
2025-11-02 08:00:00,83.9775032075378
2025-11-02 09:00:00,159.8748938862815
2025-11-02 10:00:00,162.32800488414162
2025-11-02 11:00:00,88.3945071216497
2025-11-02 12:00:00,132.34276549902512
2025-11-02 13:00:00,38.857112908694546
2025-11-02 14:00:00,18.043366364572584
2025-11-02 15:00:00,0.0
2025-11-02 16:00:00,0.0
2025-11-02 17:00:00,0.0
2025-11-02 18:00:00,0.0
2025-11-02 19:00:00,0.0
2025-11-02 20:00:00,0.0
2025-11-02 21:00:00,0.0
2025-11-02 22:00:00,0.0
2025-11-02 23:00:00,0.0
2025-11-03 00:00:00,0.0
2025-11-03 01:00:00,0.0
2025-11-03 02:00:00,0.0
2025-11-03 03:00:00,0.0
2025-11-03 04:00:00,0.0
2025-11-03 05:00:00,0.0
2025-11-03 06:00:00,0.0
2025-11-03 07:00:00,23.233636995764677
2025-11-03 08:00:00,105.8885671182878
2025-11-03 09:00:00,164.60372041765476
2025-11-03 10:00:00,165.667073776134
2025-11-03 11:00:00,108.72604285423019
2025-11-03 12:00:00,78.50127214952235
2025-11-03 13:00:00,69.03959786773605
2025-11-03 14:00:00,17.517477288642166
2025-11-03 15:00:00,0.0
2025-11-03 16:00:00,0.0
2025-11-03 17:00:00,0.0
2025-11-03 18:00:00,0.0
2025-11-03 19:00:00,0.0
2025-11-03 20:00:00,0.0
2025-11-03 21:00:00,0.0
2025-11-03 22:00:00,0.0
2025-11-03 23:00:00,0.0
2025-11-04 00:00:00,0.0
2025-11-04 01:00:00,0.0
2025-11-04 02:00:00,0.0
2025-11-04 03:00:00,0.0
2025-11-04 04:00:00,0.0
2025-11-04 05:00:00,0.0
2025-11-04 06:00:00,0.0
2025-11-04 07:00:00,4.9474495119081965
2025-11-04 08:00:00,25.750162412607622
2025-11-04 09:00:00,44.242133894033685
2025-11-04 10:00:00,55.2035775997515
2025-11-04 11:00:00,54.89529691666119
2025-11-04 12:00:00,46.20828370626271
2025-11-04 13:00:00,26.631068995662492
2025-11-04 14:00:00,5.4310940360787345
2025-11-04 15:00:00,0.0
2025-11-04 16:00:00,0.0
2025-11-04 17:00:00,0.0
2025-11-04 18:00:00,0.0
2025-11-04 19:00:00,0.0
2025-11-04 20:00:00,0.0
2025-11-04 21:00:00,0.0
2025-11-04 22:00:00,0.0
2025-11-04 23:00:00,0.0
2025-11-05 00:00:00,0.0
2025-11-05 01:00:00,0.0
2025-11-05 02:00:00,0.0
2025-11-05 03:00:00,0.0
2025-11-05 04:00:00,0.0
2025-11-05 05:00:00,0.0
2025-11-05 06:00:00,0.0
2025-11-05 07:00:00,9.749788753792007
2025-11-05 08:00:00,52.94372675620195
2025-11-05 09:00:00,116.379603778972
2025-11-05 10:00:00,70.5457111373156
2025-11-05 11:00:00,99.73120446201078
2025-11-05 12:00:00,65.505230108111
2025-11-05 13:00:00,24.775023443690458
2025-11-05 14:00:00,9.622051352375028
2025-11-05 15:00:00,0.0
2025-11-05 16:00:00,0.0
2025-11-05 17:00:00,0.0
2025-11-05 18:00:00,0.0
2025-11-05 19:00:00,0.0
2025-11-05 20:00:00,0.0
2025-11-05 21:00:00,0.0
2025-11-05 22:00:00,0.0
2025-11-05 23:00:00,0.0
2025-11-06 00:00:00,0.0
2025-11-06 01:00:00,0.0
2025-11-06 02:00:00,0.0
2025-11-06 03:00:00,0.0
2025-11-06 04:00:00,0.0
2025-11-06 05:00:00,0.0
2025-11-06 06:00:00,0.0
2025-11-06 07:00:00,3.4926342547356106
2025-11-06 08:00:00,31.622878804314432
2025-11-06 09:00:00,42.352104211716416
2025-11-06 10:00:00,52.142267828783
2025-11-06 11:00:00,51.87472016591
2025-11-06 12:00:00,40.04629480423378
2025-11-06 13:00:00,21.45826757270534
2025-11-06 14:00:00,4.409343236388922
2025-11-06 15:00:00,0.0
2025-11-06 16:00:00,0.0
2025-11-06 17:00:00,0.0
2025-11-06 18:00:00,0.0
2025-11-06 19:00:00,0.0
2025-11-06 20:00:00,0.0
2025-11-06 21:00:00,0.0
2025-11-06 22:00:00,0.0
2025-11-06 23:00:00,0.0
2025-11-07 00:00:00,0.0
2025-11-07 01:00:00,0.0
2025-11-07 02:00:00,0.0
2025-11-07 03:00:00,0.0
2025-11-07 04:00:00,0.0
2025-11-07 05:00:00,0.0
2025-11-07 06:00:00,0.0
2025-11-07 07:00:00,4.995141685031031
2025-11-07 08:00:00,66.68772476937403
2025-11-07 09:00:00,113.38129012971089
2025-11-07 10:00:00,169.14418965363197
2025-11-07 11:00:00,77.17219926676808
2025-11-07 12:00:00,43.21112609883741
2025-11-07 13:00:00,87.51648806847072
2025-11-07 14:00:00,13.26359194674806
2025-11-07 15:00:00,0.0
2025-11-07 16:00:00,0.0
2025-11-07 17:00:00,0.0
2025-11-07 18:00:00,0.0
2025-11-07 19:00:00,0.0
2025-11-07 20:00:00,0.0
2025-11-07 21:00:00,0.0
2025-11-07 22:00:00,0.0
2025-11-07 23:00:00,0.0
2025-11-08 00:00:00,0.0
2025-11-08 01:00:00,0.0
2025-11-08 02:00:00,0.0
2025-11-08 03:00:00,0.0
2025-11-08 04:00:00,0.0
2025-11-08 05:00:00,0.0
2025-11-08 06:00:00,0.0
2025-11-08 07:00:00,5.455029039396858
2025-11-08 08:00:00,21.10680156636629
2025-11-08 09:00:00,42.06733699186416
2025-11-08 10:00:00,49.83230330722947
2025-11-08 11:00:00,49.6780816269428
2025-11-08 12:00:00,38.88357989179391
2025-11-08 13:00:00,21.64571274411072
2025-11-08 14:00:00,2.987777151806453
2025-11-08 15:00:00,0.0
2025-11-08 16:00:00,0.0
2025-11-08 17:00:00,0.0
2025-11-08 18:00:00,0.0
2025-11-08 19:00:00,0.0
2025-11-08 20:00:00,0.0
2025-11-08 21:00:00,0.0
2025-11-08 22:00:00,0.0
2025-11-08 23:00:00,0.0
2025-11-09 00:00:00,0.0
2025-11-09 01:00:00,0.0
2025-11-09 02:00:00,0.0
2025-11-09 03:00:00,0.0
2025-11-09 04:00:00,0.0
2025-11-09 05:00:00,0.0
2025-11-09 06:00:00,0.0
2025-11-09 07:00:00,5.922380799926504
2025-11-09 08:00:00,19.82622974287706
2025-11-09 09:00:00,38.70724491356696
2025-11-09 10:00:00,48.80649813744761
2025-11-09 11:00:00,48.78136321779371
2025-11-09 12:00:00,38.162606807863334
2025-11-09 13:00:00,20.891618891197705
2025-11-09 14:00:00,1.8509278871239918
2025-11-09 15:00:00,0.0
2025-11-09 16:00:00,0.0
2025-11-09 17:00:00,0.0
2025-11-09 18:00:00,0.0
2025-11-09 19:00:00,0.0
2025-11-09 20:00:00,0.0
2025-11-09 21:00:00,0.0
2025-11-09 22:00:00,0.0
2025-11-09 23:00:00,0.0
2025-11-10 00:00:00,0.0
2025-11-10 01:00:00,0.0
2025-11-10 02:00:00,0.0
2025-11-10 03:00:00,0.0
2025-11-10 04:00:00,0.0
2025-11-10 05:00:00,0.0
2025-11-10 06:00:00,0.0
2025-11-10 07:00:00,2.5277768052896925
2025-11-10 08:00:00,17.6594763284529
2025-11-10 09:00:00,43.40333409769532
2025-11-10 10:00:00,49.01869486762759
2025-11-10 11:00:00,49.153805585672124
2025-11-10 12:00:00,41.9260841896454
2025-11-10 13:00:00,39.034302350154405
2025-11-10 14:00:00,3.961523422682358
2025-11-10 15:00:00,0.0
2025-11-10 16:00:00,0.0
2025-11-10 17:00:00,0.0
2025-11-10 18:00:00,0.0
2025-11-10 19:00:00,0.0
2025-11-10 20:00:00,0.0
2025-11-10 21:00:00,0.0
2025-11-10 22:00:00,0.0
2025-11-10 23:00:00,0.0
2025-11-11 00:00:00,0.0
2025-11-11 01:00:00,0.0
2025-11-11 02:00:00,0.0
2025-11-11 03:00:00,0.0
2025-11-11 04:00:00,0.0
2025-11-11 05:00:00,0.0
2025-11-11 06:00:00,0.0
2025-11-11 07:00:00,3.989511763941078
2025-11-11 08:00:00,27.114132781540185
2025-11-11 09:00:00,39.690914395451294
2025-11-11 10:00:00,46.39204975773898
2025-11-11 11:00:00,49.91433778205548
2025-11-11 12:00:00,37.854189849077436
2025-11-11 13:00:00,18.774414832955838
2025-11-11 14:00:00,1.0525994254166562
2025-11-11 15:00:00,0.0
2025-11-11 16:00:00,0.0
2025-11-11 17:00:00,0.0
2025-11-11 18:00:00,0.0
2025-11-11 19:00:00,0.0
2025-11-11 20:00:00,0.0
2025-11-11 21:00:00,0.0
2025-11-11 22:00:00,0.0
2025-11-11 23:00:00,0.0
2025-11-12 00:00:00,0.0
2025-11-12 01:00:00,0.0
2025-11-12 02:00:00,0.0
2025-11-12 03:00:00,0.0
2025-11-12 04:00:00,0.0
2025-11-12 05:00:00,0.0
2025-11-12 06:00:00,0.0
2025-11-12 07:00:00,0.36890617829265027
2025-11-12 08:00:00,16.62731732621487
2025-11-12 09:00:00,58.90944015178296
2025-11-12 10:00:00,78.75534780683483
2025-11-12 11:00:00,109.45895320780997
2025-11-12 12:00:00,60.25640269213424
2025-11-12 13:00:00,16.609963092210936
2025-11-12 14:00:00,0.7047480141949087
2025-11-12 15:00:00,0.0
2025-11-12 16:00:00,0.0
2025-11-12 17:00:00,0.0
2025-11-12 18:00:00,0.0
2025-11-12 19:00:00,0.0
2025-11-12 20:00:00,0.0
2025-11-12 21:00:00,0.0
2025-11-12 22:00:00,0.0
2025-11-12 23:00:00,0.0
2025-11-13 00:00:00,0.0
2025-11-13 01:00:00,0.0
2025-11-13 02:00:00,0.0
2025-11-13 03:00:00,0.0
2025-11-13 04:00:00,0.0
2025-11-13 05:00:00,0.0
2025-11-13 06:00:00,0.0
2025-11-13 07:00:00,0.0
2025-11-13 08:00:00,15.662384676011895
2025-11-13 09:00:00,32.94788831912849
2025-11-13 10:00:00,86.41187972733962
2025-11-13 11:00:00,58.07294456502747
2025-11-13 12:00:00,40.045333559622854
2025-11-13 13:00:00,24.224263319226246
2025-11-13 14:00:00,0.6579454149111421
2025-11-13 15:00:00,0.0
2025-11-13 16:00:00,0.0
2025-11-13 17:00:00,0.0
2025-11-13 18:00:00,0.0
2025-11-13 19:00:00,0.0
2025-11-13 20:00:00,0.0
2025-11-13 21:00:00,0.0
2025-11-13 22:00:00,0.0
2025-11-13 23:00:00,0.0
2025-11-14 00:00:00,0.0
2025-11-14 01:00:00,0.0
2025-11-14 02:00:00,0.0
2025-11-14 03:00:00,0.0
2025-11-14 04:00:00,0.0
2025-11-14 05:00:00,0.0
2025-11-14 06:00:00,0.0
2025-11-14 07:00:00,4.448758549009238
2025-11-14 08:00:00,65.96582736972142
2025-11-14 09:00:00,126.83038994767576
2025-11-14 10:00:00,159.20318106593913
2025-11-14 11:00:00,158.6858750921663
2025-11-14 12:00:00,129.46544963189965
2025-11-14 13:00:00,71.50920249893464
2025-11-14 14:00:00,7.173668634225478
2025-11-14 15:00:00,0.0
2025-11-14 16:00:00,0.0
2025-11-14 17:00:00,0.0
2025-11-14 18:00:00,0.0
2025-11-14 19:00:00,0.0
2025-11-14 20:00:00,0.0
2025-11-14 21:00:00,0.0
2025-11-14 22:00:00,0.0
2025-11-14 23:00:00,0.0
2025-11-15 00:00:00,0.0
2025-11-15 01:00:00,0.0
2025-11-15 02:00:00,0.0
2025-11-15 03:00:00,0.0
2025-11-15 04:00:00,0.0
2025-11-15 05:00:00,0.0
2025-11-15 06:00:00,0.0
2025-11-15 07:00:00,2.9983210116561243
2025-11-15 08:00:00,62.35044688927518
2025-11-15 09:00:00,118.93122276909611
2025-11-15 10:00:00,120.51415942747911
2025-11-15 11:00:00,137.51706027773236
2025-11-15 12:00:00,111.8435529103875
2025-11-15 13:00:00,46.378393018816105
2025-11-15 14:00:00,2.9916253899725174
2025-11-15 15:00:00,0.0
2025-11-15 16:00:00,0.0
2025-11-15 17:00:00,0.0
2025-11-15 18:00:00,0.0
2025-11-15 19:00:00,0.0
2025-11-15 20:00:00,0.0
2025-11-15 21:00:00,0.0
2025-11-15 22:00:00,0.0
2025-11-15 23:00:00,0.0
2025-11-16 00:00:00,0.0
2025-11-16 01:00:00,0.0
2025-11-16 02:00:00,0.0
2025-11-16 03:00:00,0.0
2025-11-16 04:00:00,0.0
2025-11-16 05:00:00,0.0
2025-11-16 06:00:00,0.0
2025-11-16 07:00:00,1.4675446637787515
2025-11-16 08:00:00,50.99614939639004
2025-11-16 09:00:00,98.11631782556725
2025-11-16 10:00:00,127.01682549290243
2025-11-16 11:00:00,147.24369630754782
2025-11-16 12:00:00,118.40996736624521
2025-11-16 13:00:00,44.85032042856409
2025-11-16 14:00:00,0.6630275133770519
2025-11-16 15:00:00,0.0
2025-11-16 16:00:00,0.0
2025-11-16 17:00:00,0.0
2025-11-16 18:00:00,0.0
2025-11-16 19:00:00,0.0
2025-11-16 20:00:00,0.0
2025-11-16 21:00:00,0.0
2025-11-16 22:00:00,0.0
2025-11-16 23:00:00,0.0
2025-11-17 00:00:00,0.0
2025-11-17 01:00:00,0.0
2025-11-17 02:00:00,0.0
2025-11-17 03:00:00,0.0
2025-11-17 04:00:00,0.0
2025-11-17 05:00:00,0.0
2025-11-17 06:00:00,0.0
2025-11-17 07:00:00,1.0510337011082604
2025-11-17 08:00:00,55.14947180234822
2025-11-17 09:00:00,112.63675657673474
2025-11-17 10:00:00,144.04612141106452
2025-11-17 11:00:00,143.30198627984325
2025-11-17 12:00:00,75.40288025664981
2025-11-17 13:00:00,53.50201791794743
2025-11-17 14:00:00,1.9099304965925814
2025-11-17 15:00:00,0.0
2025-11-17 16:00:00,0.0
2025-11-17 17:00:00,0.0
2025-11-17 18:00:00,0.0
2025-11-17 19:00:00,0.0
2025-11-17 20:00:00,0.0
2025-11-17 21:00:00,0.0
2025-11-17 22:00:00,0.0
2025-11-17 23:00:00,0.0
2025-11-18 00:00:00,0.0
2025-11-18 01:00:00,0.0
2025-11-18 02:00:00,0.0
2025-11-18 03:00:00,0.0
2025-11-18 04:00:00,0.0
2025-11-18 05:00:00,0.0
2025-11-18 06:00:00,0.0
2025-11-18 07:00:00,0.0
2025-11-18 08:00:00,28.826451378800662
2025-11-18 09:00:00,53.817636302771035
2025-11-18 10:00:00,139.3756796757875
2025-11-18 11:00:00,137.09025827174096
2025-11-18 12:00:00,108.4419791867211
2025-11-18 13:00:00,54.56096683474406
2025-11-18 14:00:00,1.8690901255153927
2025-11-18 15:00:00,0.0
2025-11-18 16:00:00,0.0
2025-11-18 17:00:00,0.0
2025-11-18 18:00:00,0.0
2025-11-18 19:00:00,0.0
2025-11-18 20:00:00,0.0
2025-11-18 21:00:00,0.0
2025-11-18 22:00:00,0.0
2025-11-18 23:00:00,0.0
2025-11-19 00:00:00,0.0
2025-11-19 01:00:00,0.0
2025-11-19 02:00:00,0.0
2025-11-19 03:00:00,0.0
2025-11-19 04:00:00,0.0
2025-11-19 05:00:00,0.0
2025-11-19 06:00:00,0.0
2025-11-19 07:00:00,0.0
2025-11-19 08:00:00,11.15754488709452
2025-11-19 09:00:00,59.41941452813154
2025-11-19 10:00:00,97.62892659478578
2025-11-19 11:00:00,120.17951614142815
2025-11-19 12:00:00,93.44231713217829
2025-11-19 13:00:00,12.344034667506218
2025-11-19 14:00:00,0.0
2025-11-19 15:00:00,0.0
2025-11-19 16:00:00,0.0
2025-11-19 17:00:00,0.0
2025-11-19 18:00:00,0.0
2025-11-19 19:00:00,0.0
2025-11-19 20:00:00,0.0
2025-11-19 21:00:00,0.0
2025-11-19 22:00:00,0.0
2025-11-19 23:00:00,0.0
2025-11-20 00:00:00,0.0
2025-11-20 01:00:00,0.0
2025-11-20 02:00:00,0.0
2025-11-20 03:00:00,0.0
2025-11-20 04:00:00,0.0
2025-11-20 05:00:00,0.0
2025-11-20 06:00:00,0.0
2025-11-20 07:00:00,0.0
2025-11-20 08:00:00,9.909929902886914
2025-11-20 09:00:00,25.3331790240117
2025-11-20 10:00:00,36.59379126359777
2025-11-20 11:00:00,44.05484316201645
2025-11-20 12:00:00,30.609853729432732
2025-11-20 13:00:00,11.896982691926267
2025-11-20 14:00:00,0.0
2025-11-20 15:00:00,0.0
2025-11-20 16:00:00,0.0
2025-11-20 17:00:00,0.0
2025-11-20 18:00:00,0.0
2025-11-20 19:00:00,0.0
2025-11-20 20:00:00,0.0
2025-11-20 21:00:00,0.0
2025-11-20 22:00:00,0.0
2025-11-20 23:00:00,0.0
2025-11-21 00:00:00,0.0
2025-11-21 01:00:00,0.0
2025-11-21 02:00:00,0.0
2025-11-21 03:00:00,0.0
2025-11-21 04:00:00,0.0
2025-11-21 05:00:00,0.0
2025-11-21 06:00:00,0.0
2025-11-21 07:00:00,0.0
2025-11-21 08:00:00,13.844332078756008
2025-11-21 09:00:00,29.695003401147375
2025-11-21 10:00:00,36.910608636291755
2025-11-21 11:00:00,95.86940566708512
2025-11-21 12:00:00,73.70996384035726
2025-11-21 13:00:00,11.910032068886466
2025-11-21 14:00:00,0.0
2025-11-21 15:00:00,0.0
2025-11-21 16:00:00,0.0
2025-11-21 17:00:00,0.0
2025-11-21 18:00:00,0.0
2025-11-21 19:00:00,0.0
2025-11-21 20:00:00,0.0
2025-11-21 21:00:00,0.0
2025-11-21 22:00:00,0.0
2025-11-21 23:00:00,0.0
2025-11-22 00:00:00,0.0
2025-11-22 01:00:00,0.0
2025-11-22 02:00:00,0.0
2025-11-22 03:00:00,0.0
2025-11-22 04:00:00,0.0
2025-11-22 05:00:00,0.0
2025-11-22 06:00:00,0.0
2025-11-22 07:00:00,0.0
2025-11-22 08:00:00,35.866100251164404
2025-11-22 09:00:00,28.39887183146657
2025-11-22 10:00:00,98.3560149067153
2025-11-22 11:00:00,81.87917964528373
2025-11-22 12:00:00,26.803677209872177
2025-11-22 13:00:00,10.013107093572161
2025-11-22 14:00:00,0.0
2025-11-22 15:00:00,0.0
2025-11-22 16:00:00,0.0
2025-11-22 17:00:00,0.0
2025-11-22 18:00:00,0.0
2025-11-22 19:00:00,0.0
2025-11-22 20:00:00,0.0
2025-11-22 21:00:00,0.0
2025-11-22 22:00:00,0.0
2025-11-22 23:00:00,0.0
2025-11-23 00:00:00,0.0
2025-11-23 01:00:00,0.0
2025-11-23 02:00:00,0.0
2025-11-23 03:00:00,0.0
2025-11-23 04:00:00,0.0
2025-11-23 05:00:00,0.0
2025-11-23 06:00:00,0.0
2025-11-23 07:00:00,0.0
2025-11-23 08:00:00,10.57729071588406
2025-11-23 09:00:00,81.35772237732046
2025-11-23 10:00:00,104.80084517476203
2025-11-23 11:00:00,97.15076717544278
2025-11-23 12:00:00,72.20562411844608
2025-11-23 13:00:00,9.863506126702775
2025-11-23 14:00:00,0.0
2025-11-23 15:00:00,0.0
2025-11-23 16:00:00,0.0
2025-11-23 17:00:00,0.0
2025-11-23 18:00:00,0.0
2025-11-23 19:00:00,0.0
2025-11-23 20:00:00,0.0
2025-11-23 21:00:00,0.0
2025-11-23 22:00:00,0.0
2025-11-23 23:00:00,0.0
2025-11-24 00:00:00,0.0
2025-11-24 01:00:00,0.0
2025-11-24 02:00:00,0.0
2025-11-24 03:00:00,0.0
2025-11-24 04:00:00,0.0
2025-11-24 05:00:00,0.0
2025-11-24 06:00:00,0.0
2025-11-24 07:00:00,0.0
2025-11-24 08:00:00,20.30997031565137
2025-11-24 09:00:00,22.787683601106636
2025-11-24 10:00:00,56.30834365494004
2025-11-24 11:00:00,33.792618718451315
2025-11-24 12:00:00,61.05688822769267
2025-11-24 13:00:00,28.56915153942364
2025-11-24 14:00:00,0.0
2025-11-24 15:00:00,0.0
2025-11-24 16:00:00,0.0
2025-11-24 17:00:00,0.0
2025-11-24 18:00:00,0.0
2025-11-24 19:00:00,0.0
2025-11-24 20:00:00,0.0
2025-11-24 21:00:00,0.0
2025-11-24 22:00:00,0.0
2025-11-24 23:00:00,0.0
2025-11-25 00:00:00,0.0
2025-11-25 01:00:00,0.0
2025-11-25 02:00:00,0.0
2025-11-25 03:00:00,0.0
2025-11-25 04:00:00,0.0
2025-11-25 05:00:00,0.0
2025-11-25 06:00:00,0.0
2025-11-25 07:00:00,0.0
2025-11-25 08:00:00,6.445331849991933
2025-11-25 09:00:00,36.68394209575723
2025-11-25 10:00:00,35.59184528123846
2025-11-25 11:00:00,66.93183430544842
2025-11-25 12:00:00,61.12662210602433
2025-11-25 13:00:00,26.955923232129408
2025-11-25 14:00:00,0.0
2025-11-25 15:00:00,0.0
2025-11-25 16:00:00,0.0
2025-11-25 17:00:00,0.0
2025-11-25 18:00:00,0.0
2025-11-25 19:00:00,0.0
2025-11-25 20:00:00,0.0
2025-11-25 21:00:00,0.0
2025-11-25 22:00:00,0.0
2025-11-25 23:00:00,0.0
2025-11-26 00:00:00,0.0
2025-11-26 01:00:00,0.0
2025-11-26 02:00:00,0.0
2025-11-26 03:00:00,0.0
2025-11-26 04:00:00,0.0
2025-11-26 05:00:00,0.0
2025-11-26 06:00:00,0.0
2025-11-26 07:00:00,0.0
2025-11-26 08:00:00,5.67318704915978
2025-11-26 09:00:00,21.557410369101827
2025-11-26 10:00:00,32.2172503799898
2025-11-26 11:00:00,81.82179206249612
2025-11-26 12:00:00,79.83714803873755
2025-11-26 13:00:00,35.829783907807084
2025-11-26 14:00:00,0.0
2025-11-26 15:00:00,0.0
2025-11-26 16:00:00,0.0
2025-11-26 17:00:00,0.0
2025-11-26 18:00:00,0.0
2025-11-26 19:00:00,0.0
2025-11-26 20:00:00,0.0
2025-11-26 21:00:00,0.0
2025-11-26 22:00:00,0.0
2025-11-26 23:00:00,0.0
2025-11-27 00:00:00,0.0
2025-11-27 01:00:00,0.0
2025-11-27 02:00:00,0.0
2025-11-27 03:00:00,0.0
2025-11-27 04:00:00,0.0
2025-11-27 05:00:00,0.0
2025-11-27 06:00:00,0.0
2025-11-27 07:00:00,0.0
2025-11-27 08:00:00,19.775832949473482
2025-11-27 09:00:00,63.0666712027202
2025-11-27 10:00:00,38.51541890953058
2025-11-27 11:00:00,31.050848373474718
2025-11-27 12:00:00,32.61021951766316
2025-11-27 13:00:00,6.777148416597304
2025-11-27 14:00:00,0.0
2025-11-27 15:00:00,0.0
2025-11-27 16:00:00,0.0
2025-11-27 17:00:00,0.0
2025-11-27 18:00:00,0.0
2025-11-27 19:00:00,0.0
2025-11-27 20:00:00,0.0
2025-11-27 21:00:00,0.0
2025-11-27 22:00:00,0.0
2025-11-27 23:00:00,0.0
2025-11-28 00:00:00,0.0
2025-11-28 01:00:00,0.0
2025-11-28 02:00:00,0.0
2025-11-28 03:00:00,0.0
2025-11-28 04:00:00,0.0
2025-11-28 05:00:00,0.0
2025-11-28 06:00:00,0.0
2025-11-28 07:00:00,0.0
2025-11-28 08:00:00,3.6778080336335166
2025-11-28 09:00:00,18.26065008730971
2025-11-28 10:00:00,27.16101503891501
2025-11-28 11:00:00,29.901118402432004
2025-11-28 12:00:00,37.494600488540044
2025-11-28 13:00:00,20.45362336764109
2025-11-28 14:00:00,0.0
2025-11-28 15:00:00,0.0
2025-11-28 16:00:00,0.0
2025-11-28 17:00:00,0.0
2025-11-28 18:00:00,0.0
2025-11-28 19:00:00,0.0
2025-11-28 20:00:00,0.0
2025-11-28 21:00:00,0.0
2025-11-28 22:00:00,0.0
2025-11-28 23:00:00,0.0
2025-11-29 00:00:00,0.0
2025-11-29 01:00:00,0.0
2025-11-29 02:00:00,0.0
2025-11-29 03:00:00,0.0
2025-11-29 04:00:00,0.0
2025-11-29 05:00:00,0.0
2025-11-29 06:00:00,0.0
2025-11-29 07:00:00,0.0
2025-11-29 08:00:00,17.02563987205627
2025-11-29 09:00:00,34.25947486570971
2025-11-29 10:00:00,89.01417997644589
2025-11-29 11:00:00,98.26801437002034
2025-11-29 12:00:00,65.92390130344346
2025-11-29 13:00:00,22.100181412287174
2025-11-29 14:00:00,0.0
2025-11-29 15:00:00,0.0
2025-11-29 16:00:00,0.0
2025-11-29 17:00:00,0.0
2025-11-29 18:00:00,0.0
2025-11-29 19:00:00,0.0
2025-11-29 20:00:00,0.0
2025-11-29 21:00:00,0.0
2025-11-29 22:00:00,0.0
2025-11-29 23:00:00,0.0
2025-11-30 00:00:00,0.0
2025-11-30 01:00:00,0.0
2025-11-30 02:00:00,0.0
2025-11-30 03:00:00,0.0
2025-11-30 04:00:00,0.0
2025-11-30 05:00:00,0.0
2025-11-30 06:00:00,0.0
2025-11-30 07:00:00,0.0
2025-11-30 08:00:00,2.4982441213619744
2025-11-30 09:00:00,15.863637434088565
2025-11-30 10:00:00,25.07807702455487
2025-11-30 11:00:00,26.821773990649312
2025-11-30 12:00:00,18.462520168846943
2025-11-30 13:00:00,5.159348401891448
2025-11-30 14:00:00,0.0
2025-11-30 15:00:00,0.0
2025-11-30 16:00:00,0.0
2025-11-30 17:00:00,0.0
2025-11-30 18:00:00,0.0
2025-11-30 19:00:00,0.0
2025-11-30 20:00:00,0.0
2025-11-30 21:00:00,0.0
2025-11-30 22:00:00,0.0
2025-11-30 23:00:00,0.0
2025-12-01 00:00:00,0.0
2025-12-01 01:00:00,0.0
2025-12-01 02:00:00,0.0
2025-12-01 03:00:00,0.0
2025-12-01 04:00:00,0.0
2025-12-01 05:00:00,0.0
2025-12-01 06:00:00,0.0
2025-12-01 07:00:00,0.0
2025-12-01 08:00:00,5.2030020632174665
2025-12-01 09:00:00,29.339025724044173
2025-12-01 10:00:00,32.35464577417727
2025-12-01 11:00:00,42.618032274665474
2025-12-01 12:00:00,35.90474402770821
2025-12-01 13:00:00,24.973546146595858
2025-12-01 14:00:00,0.0
2025-12-01 15:00:00,0.0
2025-12-01 16:00:00,0.0
2025-12-01 17:00:00,0.0
2025-12-01 18:00:00,0.0
2025-12-01 19:00:00,0.0
2025-12-01 20:00:00,0.0
2025-12-01 21:00:00,0.0
2025-12-01 22:00:00,0.0
2025-12-01 23:00:00,0.0
2025-12-02 00:00:00,0.0
2025-12-02 01:00:00,0.0
2025-12-02 02:00:00,0.0
2025-12-02 03:00:00,0.0
2025-12-02 04:00:00,0.0
2025-12-02 05:00:00,0.0
2025-12-02 06:00:00,0.0
2025-12-02 07:00:00,0.0
2025-12-02 08:00:00,1.9806425677571005
2025-12-02 09:00:00,14.397022297261934
2025-12-02 10:00:00,23.748697833371896
2025-12-02 11:00:00,24.508282143284546
2025-12-02 12:00:00,17.149697213185163
2025-12-02 13:00:00,4.14199248918205
2025-12-02 14:00:00,0.0
2025-12-02 15:00:00,0.0
2025-12-02 16:00:00,0.0
2025-12-02 17:00:00,0.0
2025-12-02 18:00:00,0.0
2025-12-02 19:00:00,0.0
2025-12-02 20:00:00,0.0
2025-12-02 21:00:00,0.0
2025-12-02 22:00:00,0.0
2025-12-02 23:00:00,0.0
2025-12-03 00:00:00,0.0
2025-12-03 01:00:00,0.0
2025-12-03 02:00:00,0.0
2025-12-03 03:00:00,0.0
2025-12-03 04:00:00,0.0
2025-12-03 05:00:00,0.0
2025-12-03 06:00:00,0.0
2025-12-03 07:00:00,0.0
2025-12-03 08:00:00,1.9329534263542894
2025-12-03 09:00:00,15.354663088753345
2025-12-03 10:00:00,32.74948381829017
2025-12-03 11:00:00,26.022985557694593
2025-12-03 12:00:00,17.34487909400831
2025-12-03 13:00:00,4.578144187378152
2025-12-03 14:00:00,0.0
2025-12-03 15:00:00,0.0
2025-12-03 16:00:00,0.0
2025-12-03 17:00:00,0.0
2025-12-03 18:00:00,0.0
2025-12-03 19:00:00,0.0
2025-12-03 20:00:00,0.0
2025-12-03 21:00:00,0.0
2025-12-03 22:00:00,0.0
2025-12-03 23:00:00,0.0
2025-12-04 00:00:00,0.0
2025-12-04 01:00:00,0.0
2025-12-04 02:00:00,0.0
2025-12-04 03:00:00,0.0
2025-12-04 04:00:00,0.0
2025-12-04 05:00:00,0.0
2025-12-04 06:00:00,0.0
2025-12-04 07:00:00,0.0
2025-12-04 08:00:00,1.526048209416688
2025-12-04 09:00:00,13.991317084789943
2025-12-04 10:00:00,23.76844637616215
2025-12-04 11:00:00,25.127559803112284
2025-12-04 12:00:00,16.69626099338498
2025-12-04 13:00:00,3.9313609987636187
2025-12-04 14:00:00,0.0
2025-12-04 15:00:00,0.0
2025-12-04 16:00:00,0.0
2025-12-04 17:00:00,0.0
2025-12-04 18:00:00,0.0
2025-12-04 19:00:00,0.0
2025-12-04 20:00:00,0.0
2025-12-04 21:00:00,0.0
2025-12-04 22:00:00,0.0
2025-12-04 23:00:00,0.0
2025-12-05 00:00:00,0.0
2025-12-05 01:00:00,0.0
2025-12-05 02:00:00,0.0
2025-12-05 03:00:00,0.0
2025-12-05 04:00:00,0.0
2025-12-05 05:00:00,0.0
2025-12-05 06:00:00,0.0
2025-12-05 07:00:00,0.0
2025-12-05 08:00:00,1.1334018574780576
2025-12-05 09:00:00,18.970549894738053
2025-12-05 10:00:00,23.284366732426136
2025-12-05 11:00:00,31.503306893103403
2025-12-05 12:00:00,18.06712605220212
2025-12-05 13:00:00,5.221591071169441
2025-12-05 14:00:00,0.0
2025-12-05 15:00:00,0.0
2025-12-05 16:00:00,0.0
2025-12-05 17:00:00,0.0
2025-12-05 18:00:00,0.0
2025-12-05 19:00:00,0.0
2025-12-05 20:00:00,0.0
2025-12-05 21:00:00,0.0
2025-12-05 22:00:00,0.0
2025-12-05 23:00:00,0.0
2025-12-06 00:00:00,0.0
2025-12-06 01:00:00,0.0
2025-12-06 02:00:00,0.0
2025-12-06 03:00:00,0.0
2025-12-06 04:00:00,0.0
2025-12-06 05:00:00,0.0
2025-12-06 06:00:00,0.0
2025-12-06 07:00:00,0.0
2025-12-06 08:00:00,0.7210442933770358
2025-12-06 09:00:00,12.040659386685011
2025-12-06 10:00:00,21.942281325339515
2025-12-06 11:00:00,21.503910560197216
2025-12-06 12:00:00,16.035852409763574
2025-12-06 13:00:00,3.49704276798462
2025-12-06 14:00:00,0.0
2025-12-06 15:00:00,0.0
2025-12-06 16:00:00,0.0
2025-12-06 17:00:00,0.0
2025-12-06 18:00:00,0.0
2025-12-06 19:00:00,0.0
2025-12-06 20:00:00,0.0
2025-12-06 21:00:00,0.0
2025-12-06 22:00:00,0.0
2025-12-06 23:00:00,0.0
2025-12-07 00:00:00,0.0
2025-12-07 01:00:00,0.0
2025-12-07 02:00:00,0.0
2025-12-07 03:00:00,0.0
2025-12-07 04:00:00,0.0
2025-12-07 05:00:00,0.0
2025-12-07 06:00:00,0.0
2025-12-07 07:00:00,0.0
2025-12-07 08:00:00,0.42613693467200137
2025-12-07 09:00:00,10.832949546324889
2025-12-07 10:00:00,20.915577213730877
2025-12-07 11:00:00,20.930112722184653
2025-12-07 12:00:00,14.155332435572587
2025-12-07 13:00:00,2.65270280578987
2025-12-07 14:00:00,0.0
2025-12-07 15:00:00,0.0
2025-12-07 16:00:00,0.0
2025-12-07 17:00:00,0.0
2025-12-07 18:00:00,0.0
2025-12-07 19:00:00,0.0
2025-12-07 20:00:00,0.0
2025-12-07 21:00:00,0.0
2025-12-07 22:00:00,0.0
2025-12-07 23:00:00,0.0
2025-12-08 00:00:00,0.0
2025-12-08 01:00:00,0.0
2025-12-08 02:00:00,0.0
2025-12-08 03:00:00,0.0
2025-12-08 04:00:00,0.0
2025-12-08 05:00:00,0.0
2025-12-08 06:00:00,0.0
2025-12-08 07:00:00,0.0
2025-12-08 08:00:00,0.3154460679795646
2025-12-08 09:00:00,11.251630059334744
2025-12-08 10:00:00,20.769537367232264
2025-12-08 11:00:00,22.028486891985764
2025-12-08 12:00:00,15.608199286732996
2025-12-08 13:00:00,3.515970191081996
2025-12-08 14:00:00,0.0
2025-12-08 15:00:00,0.0
2025-12-08 16:00:00,0.0
2025-12-08 17:00:00,0.0
2025-12-08 18:00:00,0.0
2025-12-08 19:00:00,0.0
2025-12-08 20:00:00,0.0
2025-12-08 21:00:00,0.0
2025-12-08 22:00:00,0.0
2025-12-08 23:00:00,0.0
2025-12-09 00:00:00,0.0
2025-12-09 01:00:00,0.0
2025-12-09 02:00:00,0.0
2025-12-09 03:00:00,0.0
2025-12-09 04:00:00,0.0
2025-12-09 05:00:00,0.0
2025-12-09 06:00:00,0.0
2025-12-09 07:00:00,0.0
2025-12-09 08:00:00,1.122291579430981
2025-12-09 09:00:00,12.620038901694876
2025-12-09 10:00:00,22.0091090429445
2025-12-09 11:00:00,22.792370011222534
2025-12-09 12:00:00,16.154138950432316
2025-12-09 13:00:00,3.9943158894090214
2025-12-09 14:00:00,0.0
2025-12-09 15:00:00,0.0
2025-12-09 16:00:00,0.0
2025-12-09 17:00:00,0.0
2025-12-09 18:00:00,0.0
2025-12-09 19:00:00,0.0
2025-12-09 20:00:00,0.0
2025-12-09 21:00:00,0.0
2025-12-09 22:00:00,0.0
2025-12-09 23:00:00,0.0
2025-12-10 00:00:00,0.0
2025-12-10 01:00:00,0.0
2025-12-10 02:00:00,0.0
2025-12-10 03:00:00,0.0
2025-12-10 04:00:00,0.0
2025-12-10 05:00:00,0.0
2025-12-10 06:00:00,0.0
2025-12-10 07:00:00,0.0
2025-12-10 08:00:00,0.0
2025-12-10 09:00:00,10.09894488798498
2025-12-10 10:00:00,19.088033477164416
2025-12-10 11:00:00,20.940203727398455
2025-12-10 12:00:00,14.647427729214309
2025-12-10 13:00:00,6.2560247360037575
2025-12-10 14:00:00,0.0
2025-12-10 15:00:00,0.0
2025-12-10 16:00:00,0.0
2025-12-10 17:00:00,0.0
2025-12-10 18:00:00,0.0
2025-12-10 19:00:00,0.0
2025-12-10 20:00:00,0.0
2025-12-10 21:00:00,0.0
2025-12-10 22:00:00,0.0
2025-12-10 23:00:00,0.0
2025-12-11 00:00:00,0.0
2025-12-11 01:00:00,0.0
2025-12-11 02:00:00,0.0
2025-12-11 03:00:00,0.0
2025-12-11 04:00:00,0.0
2025-12-11 05:00:00,0.0
2025-12-11 06:00:00,0.0
2025-12-11 07:00:00,0.0
2025-12-11 08:00:00,0.0
2025-12-11 09:00:00,10.268329334906216
2025-12-11 10:00:00,20.137458504801366
2025-12-11 11:00:00,20.936735241934272
2025-12-11 12:00:00,17.623297307872676
2025-12-11 13:00:00,2.6670329051536137
2025-12-11 14:00:00,0.0
2025-12-11 15:00:00,0.0
2025-12-11 16:00:00,0.0
2025-12-11 17:00:00,0.0
2025-12-11 18:00:00,0.0
2025-12-11 19:00:00,0.0
2025-12-11 20:00:00,0.0
2025-12-11 21:00:00,0.0
2025-12-11 22:00:00,0.0
2025-12-11 23:00:00,0.0
2025-12-12 00:00:00,0.0
2025-12-12 01:00:00,0.0
2025-12-12 02:00:00,0.0
2025-12-12 03:00:00,0.0
2025-12-12 04:00:00,0.0
2025-12-12 05:00:00,0.0
2025-12-12 06:00:00,0.0
2025-12-12 07:00:00,0.0
2025-12-12 08:00:00,3.7357127937897823
2025-12-12 09:00:00,12.918780838588022
2025-12-12 10:00:00,20.714617686668543
2025-12-12 11:00:00,22.188967337558694
2025-12-12 12:00:00,17.705149093939955
2025-12-12 13:00:00,5.24971755508328
2025-12-12 14:00:00,0.0
2025-12-12 15:00:00,0.0
2025-12-12 16:00:00,0.0
2025-12-12 17:00:00,0.0
2025-12-12 18:00:00,0.0
2025-12-12 19:00:00,0.0
2025-12-12 20:00:00,0.0
2025-12-12 21:00:00,0.0
2025-12-12 22:00:00,0.0
2025-12-12 23:00:00,0.0
2025-12-13 00:00:00,0.0
2025-12-13 01:00:00,0.0
2025-12-13 02:00:00,0.0
2025-12-13 03:00:00,0.0
2025-12-13 04:00:00,0.0
2025-12-13 05:00:00,0.0
2025-12-13 06:00:00,0.0
2025-12-13 07:00:00,0.0
2025-12-13 08:00:00,0.0
2025-12-13 09:00:00,9.184312134963356
2025-12-13 10:00:00,18.989831307496797
2025-12-13 11:00:00,20.938880215722826
2025-12-13 12:00:00,13.828932814262378
2025-12-13 13:00:00,2.448398501780728
2025-12-13 14:00:00,0.0
2025-12-13 15:00:00,0.0
2025-12-13 16:00:00,0.0
2025-12-13 17:00:00,0.0
2025-12-13 18:00:00,0.0
2025-12-13 19:00:00,0.0
2025-12-13 20:00:00,0.0
2025-12-13 21:00:00,0.0
2025-12-13 22:00:00,0.0
2025-12-13 23:00:00,0.0
2025-12-14 00:00:00,0.0
2025-12-14 01:00:00,0.0
2025-12-14 02:00:00,0.0
2025-12-14 03:00:00,0.0
2025-12-14 04:00:00,0.0
2025-12-14 05:00:00,0.0
2025-12-14 06:00:00,0.0
2025-12-14 07:00:00,0.0
2025-12-14 08:00:00,0.0
2025-12-14 09:00:00,8.838571780941532
2025-12-14 10:00:00,17.569476016687982
2025-12-14 11:00:00,19.169280136111155
2025-12-14 12:00:00,13.578787955018754
2025-12-14 13:00:00,2.364989184180164
2025-12-14 14:00:00,0.0
2025-12-14 15:00:00,0.0
2025-12-14 16:00:00,0.0
2025-12-14 17:00:00,0.0
2025-12-14 18:00:00,0.0
2025-12-14 19:00:00,0.0
2025-12-14 20:00:00,0.0
2025-12-14 21:00:00,0.0
2025-12-14 22:00:00,0.0
2025-12-14 23:00:00,0.0
2025-12-15 00:00:00,0.0
2025-12-15 01:00:00,0.0
2025-12-15 02:00:00,0.0
2025-12-15 03:00:00,0.0
2025-12-15 04:00:00,0.0
2025-12-15 05:00:00,0.0
2025-12-15 06:00:00,0.0
2025-12-15 07:00:00,0.0
2025-12-15 08:00:00,0.0
2025-12-15 09:00:00,15.575772411862877
2025-12-15 10:00:00,29.031726896913778
2025-12-15 11:00:00,36.09302048059317
2025-12-15 12:00:00,16.343368438141763
2025-12-15 13:00:00,3.581495162607481
2025-12-15 14:00:00,0.0
2025-12-15 15:00:00,0.0
2025-12-15 16:00:00,0.0
2025-12-15 17:00:00,0.0
2025-12-15 18:00:00,0.0
2025-12-15 19:00:00,0.0
2025-12-15 20:00:00,0.0
2025-12-15 21:00:00,0.0
2025-12-15 22:00:00,0.0
2025-12-15 23:00:00,0.0
2025-12-16 00:00:00,0.0
2025-12-16 01:00:00,0.0
2025-12-16 02:00:00,0.0
2025-12-16 03:00:00,0.0
2025-12-16 04:00:00,0.0
2025-12-16 05:00:00,0.0
2025-12-16 06:00:00,0.0
2025-12-16 07:00:00,0.0
2025-12-16 08:00:00,1.1234343780684026
2025-12-16 09:00:00,7.7800836264256015
2025-12-16 10:00:00,24.92947145753672
2025-12-16 11:00:00,18.680804303095297
2025-12-16 12:00:00,12.164875485229652
2025-12-16 13:00:00,2.059350568379062
2025-12-16 14:00:00,0.0
2025-12-16 15:00:00,0.0
2025-12-16 16:00:00,0.0
2025-12-16 17:00:00,0.0
2025-12-16 18:00:00,0.0
2025-12-16 19:00:00,0.0
2025-12-16 20:00:00,0.0
2025-12-16 21:00:00,0.0
2025-12-16 22:00:00,0.0
2025-12-16 23:00:00,0.0
2025-12-17 00:00:00,0.0
2025-12-17 01:00:00,0.0
2025-12-17 02:00:00,0.0
2025-12-17 03:00:00,0.0
2025-12-17 04:00:00,0.0
2025-12-17 05:00:00,0.0
2025-12-17 06:00:00,0.0
2025-12-17 07:00:00,0.0
2025-12-17 08:00:00,0.0
2025-12-17 09:00:00,7.527950773308172
2025-12-17 10:00:00,16.11620601218681
2025-12-17 11:00:00,18.606675269238877
2025-12-17 12:00:00,12.820092030286231
2025-12-17 13:00:00,2.6082787510335788
2025-12-17 14:00:00,0.0
2025-12-17 15:00:00,0.0
2025-12-17 16:00:00,0.0
2025-12-17 17:00:00,0.0
2025-12-17 18:00:00,0.0
2025-12-17 19:00:00,0.0
2025-12-17 20:00:00,0.0
2025-12-17 21:00:00,0.0
2025-12-17 22:00:00,0.0
2025-12-17 23:00:00,0.0
2025-12-18 00:00:00,0.0
2025-12-18 01:00:00,0.0
2025-12-18 02:00:00,0.0
2025-12-18 03:00:00,0.0
2025-12-18 04:00:00,0.0
2025-12-18 05:00:00,0.0
2025-12-18 06:00:00,0.0
2025-12-18 07:00:00,0.0
2025-12-18 08:00:00,0.0
2025-12-18 09:00:00,8.624513310201557
2025-12-18 10:00:00,18.575311523891212
2025-12-18 11:00:00,20.393293414969555
2025-12-18 12:00:00,13.597339906410264
2025-12-18 13:00:00,2.541767155260358
2025-12-18 14:00:00,0.0
2025-12-18 15:00:00,0.0
2025-12-18 16:00:00,0.0
2025-12-18 17:00:00,0.0
2025-12-18 18:00:00,0.0
2025-12-18 19:00:00,0.0
2025-12-18 20:00:00,0.0
2025-12-18 21:00:00,0.0
2025-12-18 22:00:00,0.0
2025-12-18 23:00:00,0.0
2025-12-19 00:00:00,0.0
2025-12-19 01:00:00,0.0
2025-12-19 02:00:00,0.0
2025-12-19 03:00:00,0.0
2025-12-19 04:00:00,0.0
2025-12-19 05:00:00,0.0
2025-12-19 06:00:00,0.0
2025-12-19 07:00:00,0.0
2025-12-19 08:00:00,0.0
2025-12-19 09:00:00,6.913873084487501
2025-12-19 10:00:00,16.122963859034225
2025-12-19 11:00:00,18.53878807257875
2025-12-19 12:00:00,12.576228320234474
2025-12-19 13:00:00,2.3105633432111454
2025-12-19 14:00:00,0.0
2025-12-19 15:00:00,0.0
2025-12-19 16:00:00,0.0
2025-12-19 17:00:00,0.0
2025-12-19 18:00:00,0.0
2025-12-19 19:00:00,0.0
2025-12-19 20:00:00,0.0
2025-12-19 21:00:00,0.0
2025-12-19 22:00:00,0.0
2025-12-19 23:00:00,0.0
2025-12-20 00:00:00,0.0
2025-12-20 01:00:00,0.0
2025-12-20 02:00:00,0.0
2025-12-20 03:00:00,0.0
2025-12-20 04:00:00,0.0
2025-12-20 05:00:00,0.0
2025-12-20 06:00:00,0.0
2025-12-20 07:00:00,0.0
2025-12-20 08:00:00,0.0
2025-12-20 09:00:00,8.402748269190743
2025-12-20 10:00:00,17.433434240200977
2025-12-20 11:00:00,19.663007922672215
2025-12-20 12:00:00,40.93060919216052
2025-12-20 13:00:00,10.653021637401798
2025-12-20 14:00:00,0.0
2025-12-20 15:00:00,0.0
2025-12-20 16:00:00,0.0
2025-12-20 17:00:00,0.0
2025-12-20 18:00:00,0.0
2025-12-20 19:00:00,0.0
2025-12-20 20:00:00,0.0
2025-12-20 21:00:00,0.0
2025-12-20 22:00:00,0.0
2025-12-20 23:00:00,0.0
2025-12-21 00:00:00,0.0
2025-12-21 01:00:00,0.0
2025-12-21 02:00:00,0.0
2025-12-21 03:00:00,0.0
2025-12-21 04:00:00,0.0
2025-12-21 05:00:00,0.0
2025-12-21 06:00:00,0.0
2025-12-21 07:00:00,0.0
2025-12-21 08:00:00,1.1134667423807072
2025-12-21 09:00:00,39.208554889934355
2025-12-21 10:00:00,74.78292575098031
2025-12-21 11:00:00,82.44382758960995
2025-12-21 12:00:00,61.8808828423156
2025-12-21 13:00:00,18.922521091191538
2025-12-21 14:00:00,0.0
2025-12-21 15:00:00,0.0
2025-12-21 16:00:00,0.0
2025-12-21 17:00:00,0.0
2025-12-21 18:00:00,0.0
2025-12-21 19:00:00,0.0
2025-12-21 20:00:00,0.0
2025-12-21 21:00:00,0.0
2025-12-21 22:00:00,0.0
2025-12-21 23:00:00,0.0
2025-12-22 00:00:00,0.0
2025-12-22 01:00:00,0.0
2025-12-22 02:00:00,0.0
2025-12-22 03:00:00,0.0
2025-12-22 04:00:00,0.0
2025-12-22 05:00:00,0.0
2025-12-22 06:00:00,0.0
2025-12-22 07:00:00,0.0
2025-12-22 08:00:00,0.4150201686251281
2025-12-22 09:00:00,9.983829856046585
2025-12-22 10:00:00,45.54832273616558
2025-12-22 11:00:00,71.00611098529481
2025-12-22 12:00:00,16.03653629136401
2025-12-22 13:00:00,2.8779116942059164
2025-12-22 14:00:00,0.0
2025-12-22 15:00:00,0.0
2025-12-22 16:00:00,0.0
2025-12-22 17:00:00,0.0
2025-12-22 18:00:00,0.0
2025-12-22 19:00:00,0.0
2025-12-22 20:00:00,0.0
2025-12-22 21:00:00,0.0
2025-12-22 22:00:00,0.0
2025-12-22 23:00:00,0.0
2025-12-23 00:00:00,0.0
2025-12-23 01:00:00,0.0
2025-12-23 02:00:00,0.0
2025-12-23 03:00:00,0.0
2025-12-23 04:00:00,0.0
2025-12-23 05:00:00,0.0
2025-12-23 06:00:00,0.0
2025-12-23 07:00:00,0.0
2025-12-23 08:00:00,0.7135059976208964
2025-12-23 09:00:00,39.549220791787505
2025-12-23 10:00:00,74.50114750876124
2025-12-23 11:00:00,83.76433931991355
2025-12-23 12:00:00,62.231526685500285
2025-12-23 13:00:00,20.651173947700716
2025-12-23 14:00:00,0.0
2025-12-23 15:00:00,0.0
2025-12-23 16:00:00,0.0
2025-12-23 17:00:00,0.0
2025-12-23 18:00:00,0.0
2025-12-23 19:00:00,0.0
2025-12-23 20:00:00,0.0
2025-12-23 21:00:00,0.0
2025-12-23 22:00:00,0.0
2025-12-23 23:00:00,0.0
2025-12-24 00:00:00,0.0
2025-12-24 01:00:00,0.0
2025-12-24 02:00:00,0.0
2025-12-24 03:00:00,0.0
2025-12-24 04:00:00,0.0
2025-12-24 05:00:00,0.0
2025-12-24 06:00:00,0.0
2025-12-24 07:00:00,0.0
2025-12-24 08:00:00,0.0
2025-12-24 09:00:00,10.617007065766531
2025-12-24 10:00:00,32.29776246157275
2025-12-24 11:00:00,30.881186025346892
2025-12-24 12:00:00,30.81456803720718
2025-12-24 13:00:00,18.509748125785368
2025-12-24 14:00:00,0.0
2025-12-24 15:00:00,0.0
2025-12-24 16:00:00,0.0
2025-12-24 17:00:00,0.0
2025-12-24 18:00:00,0.0
2025-12-24 19:00:00,0.0
2025-12-24 20:00:00,0.0
2025-12-24 21:00:00,0.0
2025-12-24 22:00:00,0.0
2025-12-24 23:00:00,0.0
2025-12-25 00:00:00,0.0
2025-12-25 01:00:00,0.0
2025-12-25 02:00:00,0.0
2025-12-25 03:00:00,0.0
2025-12-25 04:00:00,0.0
2025-12-25 05:00:00,0.0
2025-12-25 06:00:00,0.0
2025-12-25 07:00:00,0.0
2025-12-25 08:00:00,0.0
2025-12-25 09:00:00,24.55033188064784
2025-12-25 10:00:00,62.10764306762083
2025-12-25 11:00:00,29.873425058211936
2025-12-25 12:00:00,13.84570447416777
2025-12-25 13:00:00,2.919113598215087
2025-12-25 14:00:00,0.0
2025-12-25 15:00:00,0.0
2025-12-25 16:00:00,0.0
2025-12-25 17:00:00,0.0
2025-12-25 18:00:00,0.0
2025-12-25 19:00:00,0.0
2025-12-25 20:00:00,0.0
2025-12-25 21:00:00,0.0
2025-12-25 22:00:00,0.0
2025-12-25 23:00:00,0.0
2025-12-26 00:00:00,0.0
2025-12-26 01:00:00,0.0
2025-12-26 02:00:00,0.0
2025-12-26 03:00:00,0.0
2025-12-26 04:00:00,0.0
2025-12-26 05:00:00,0.0
2025-12-26 06:00:00,0.0
2025-12-26 07:00:00,0.0
2025-12-26 08:00:00,0.7129871273015911
2025-12-26 09:00:00,31.418676931917027
2025-12-26 10:00:00,65.05827974027339
2025-12-26 11:00:00,56.50577037298045
2025-12-26 12:00:00,56.38966651599813
2025-12-26 13:00:00,17.352931894607853
2025-12-26 14:00:00,0.0
2025-12-26 15:00:00,0.0
2025-12-26 16:00:00,0.0
2025-12-26 17:00:00,0.0
2025-12-26 18:00:00,0.0
2025-12-26 19:00:00,0.0
2025-12-26 20:00:00,0.0
2025-12-26 21:00:00,0.0
2025-12-26 22:00:00,0.0
2025-12-26 23:00:00,0.0
2025-12-27 00:00:00,0.0
2025-12-27 01:00:00,0.0
2025-12-27 02:00:00,0.0
2025-12-27 03:00:00,0.0
2025-12-27 04:00:00,0.0
2025-12-27 05:00:00,0.0
2025-12-27 06:00:00,0.0
2025-12-27 07:00:00,0.0
2025-12-27 08:00:00,0.7148475814272165
2025-12-27 09:00:00,39.434713367709925
2025-12-27 10:00:00,75.27358578156239
2025-12-27 11:00:00,83.96323299219853
2025-12-27 12:00:00,63.618626513879605
2025-12-27 13:00:00,21.702688522043236
2025-12-27 14:00:00,0.0
2025-12-27 15:00:00,0.0
2025-12-27 16:00:00,0.0
2025-12-27 17:00:00,0.0
2025-12-27 18:00:00,0.0
2025-12-27 19:00:00,0.0
2025-12-27 20:00:00,0.0
2025-12-27 21:00:00,0.0
2025-12-27 22:00:00,0.0
2025-12-27 23:00:00,0.0
2025-12-28 00:00:00,0.0
2025-12-28 01:00:00,0.0
2025-12-28 02:00:00,0.0
2025-12-28 03:00:00,0.0
2025-12-28 04:00:00,0.0
2025-12-28 05:00:00,0.0
2025-12-28 06:00:00,0.0
2025-12-28 07:00:00,0.0
2025-12-28 08:00:00,0.7166536526826889
2025-12-28 09:00:00,35.78769807874221
2025-12-28 10:00:00,66.44131012697821
2025-12-28 11:00:00,67.77176926696062
2025-12-28 12:00:00,57.31841663741415
2025-12-28 13:00:00,17.804762097605145
2025-12-28 14:00:00,0.0
2025-12-28 15:00:00,0.0
2025-12-28 16:00:00,0.0
2025-12-28 17:00:00,0.0
2025-12-28 18:00:00,0.0
2025-12-28 19:00:00,0.0
2025-12-28 20:00:00,0.0
2025-12-28 21:00:00,0.0
2025-12-28 22:00:00,0.0
2025-12-28 23:00:00,0.0
2025-12-29 00:00:00,0.0
2025-12-29 01:00:00,0.0
2025-12-29 02:00:00,0.0
2025-12-29 03:00:00,0.0
2025-12-29 04:00:00,0.0
2025-12-29 05:00:00,0.0
2025-12-29 06:00:00,0.0
2025-12-29 07:00:00,0.0
2025-12-29 08:00:00,0.7652659201261985
2025-12-29 09:00:00,41.251212669525394
2025-12-29 10:00:00,77.94084685961549
2025-12-29 11:00:00,89.3005219282739
2025-12-29 12:00:00,65.08367958795591
2025-12-29 13:00:00,21.07009725699036
2025-12-29 14:00:00,0.0
2025-12-29 15:00:00,0.0
2025-12-29 16:00:00,0.0
2025-12-29 17:00:00,0.0
2025-12-29 18:00:00,0.0
2025-12-29 19:00:00,0.0
2025-12-29 20:00:00,0.0
2025-12-29 21:00:00,0.0
2025-12-29 22:00:00,0.0
2025-12-29 23:00:00,0.0
2025-12-30 00:00:00,0.0
2025-12-30 01:00:00,0.0
2025-12-30 02:00:00,0.0
2025-12-30 03:00:00,0.0
2025-12-30 04:00:00,0.0
2025-12-30 05:00:00,0.0
2025-12-30 06:00:00,0.0
2025-12-30 07:00:00,0.0
2025-12-30 08:00:00,0.427622885887461
2025-12-30 09:00:00,39.08055046424705
2025-12-30 10:00:00,76.80514999050811
2025-12-30 11:00:00,66.75614884741191
2025-12-30 12:00:00,58.681041699005974
2025-12-30 13:00:00,21.54795688555745
2025-12-30 14:00:00,0.0
2025-12-30 15:00:00,0.0
2025-12-30 16:00:00,0.0
2025-12-30 17:00:00,0.0
2025-12-30 18:00:00,0.0
2025-12-30 19:00:00,0.0
2025-12-30 20:00:00,0.0
2025-12-30 21:00:00,0.0
2025-12-30 22:00:00,0.0
2025-12-30 23:00:00,0.0
2025-12-31 00:00:00,0.0
2025-12-31 01:00:00,0.0
2025-12-31 02:00:00,0.0
2025-12-31 03:00:00,0.0
2025-12-31 04:00:00,0.0
2025-12-31 05:00:00,0.0
2025-12-31 06:00:00,0.0
2025-12-31 07:00:00,0.0
2025-12-31 08:00:00,1.095137882969703
2025-12-31 09:00:00,38.15973391053426
2025-12-31 10:00:00,77.49923618144855
2025-12-31 11:00:00,88.93067665647143
2025-12-31 12:00:00,65.31767863804667
2025-12-31 13:00:00,24.76394294089488
2025-12-31 14:00:00,0.0
2025-12-31 15:00:00,0.0
2025-12-31 16:00:00,0.0
2025-12-31 17:00:00,0.0
2025-12-31 18:00:00,0.0
2025-12-31 19:00:00,0.0
2025-12-31 20:00:00,0.0
2025-12-31 21:00:00,0.0
2025-12-31 22:00:00,0.0
2025-12-31 23:00:00,0.0
