2025 01 01 00 0.0
2025 01 01 01 0.0
2025 01 01 02 0.0
2025 01 01 03 0.0
2025 01 01 04 0.0
2025 01 01 05 0.0
2025 01 01 06 0.0
2025 01 01 07 0.0
2025 01 01 08 3.3
2025 01 01 09 29.2
2025 01 01 10 60.3
2025 01 01 11 55.1
2025 01 01 12 42.6
2025 01 01 13 16.3
2025 01 01 14 0.0
2025 01 01 15 0.0
2025 01 01 16 0.0
2025 01 01 17 0.0
2025 01 01 18 0.0
2025 01 01 19 0.0
2025 01 01 20 0.0
2025 01 01 21 0.0
2025 01 01 22 0.0
2025 01 01 23 0.0
2025 01 02 00 0.0
2025 01 02 01 0.0
2025 01 02 02 0.0
2025 01 02 03 0.0
2025 01 02 04 0.0
2025 01 02 05 0.0
2025 01 02 06 0.0
2025 01 02 07 0.0
2025 01 02 08 8.7
2025 01 02 09 62.6
2025 01 02 10 104.2
2025 01 02 11 116.5
2025 01 02 12 95.8
2025 01 02 13 46.5
2025 01 02 14 0.0
2025 01 02 15 0.0
2025 01 02 16 0.0
2025 01 02 17 0.0
2025 01 02 18 0.0
2025 01 02 19 0.0
2025 01 02 20 0.0
2025 01 02 21 0.0
2025 01 02 22 0.0
2025 01 02 23 0.0
2025 01 03 00 0.0
2025 01 03 01 0.0
2025 01 03 02 0.0
2025 01 03 03 0.0
2025 01 03 04 0.0
2025 01 03 05 0.0
2025 01 03 06 0.0
2025 01 03 07 0.0
2025 01 03 08 9.3
2025 01 03 09 58.6
2025 01 03 10 61.9
2025 01 03 11 63.6
2025 01 03 12 71.3
2025 01 03 13 19.7
2025 01 03 14 0.0
2025 01 03 15 0.0
2025 01 03 16 0.0
2025 01 03 17 0.0
2025 01 03 18 0.0
2025 01 03 19 0.0
2025 01 03 20 0.0
2025 01 03 21 0.0
2025 01 03 22 0.0
2025 01 03 23 0.0
2025 01 04 00 0.0
2025 01 04 01 0.0
2025 01 04 02 0.0
2025 01 04 03 0.0
2025 01 04 04 0.0
2025 01 04 05 0.0
2025 01 04 06 0.0
2025 01 04 07 0.0
2025 01 04 08 9.9
2025 01 04 09 64.4
2025 01 04 10 108.0
2025 01 04 11 121.8
2025 01 04 12 102.4
2025 01 04 13 52.9
2025 01 04 14 1.6
2025 01 04 15 0.0
2025 01 04 16 0.0
2025 01 04 17 0.0
2025 01 04 18 0.0
2025 01 04 19 0.0
2025 01 04 20 0.0
2025 01 04 21 0.0
2025 01 04 22 0.0
2025 01 04 23 0.0
2025 01 05 00 0.0
2025 01 05 01 0.0
2025 01 05 02 0.0
2025 01 05 03 0.0
2025 01 05 04 0.0
2025 01 05 05 0.0
2025 01 05 06 0.0
2025 01 05 07 0.0
2025 01 05 08 10.5
2025 01 05 09 67.7
2025 01 05 10 113.2
2025 01 05 11 127.4
2025 01 05 12 105.3
2025 01 05 13 51.8
2025 01 05 14 2.3
2025 01 05 15 0.0
2025 01 05 16 0.0
2025 01 05 17 0.0
2025 01 05 18 0.0
2025 01 05 19 0.0
2025 01 05 20 0.0
2025 01 05 21 0.0
2025 01 05 22 0.0
2025 01 05 23 0.0
2025 01 06 00 0.0
2025 01 06 01 0.0
2025 01 06 02 0.0
2025 01 06 03 0.0
2025 01 06 04 0.0
2025 01 06 05 0.0
2025 01 06 06 0.0
2025 01 06 07 0.0
2025 01 06 08 5.9
2025 01 06 09 49.8
2025 01 06 10 82.9
2025 01 06 11 52.7
2025 01 06 12 36.7
2025 01 06 13 18.9
2025 01 06 14 1.1
2025 01 06 15 0.0
2025 01 06 16 0.0
2025 01 06 17 0.0
2025 01 06 18 0.0
2025 01 06 19 0.0
2025 01 06 20 0.0
2025 01 06 21 0.0
2025 01 06 22 0.0
2025 01 06 23 0.0
2025 01 07 00 0.0
2025 01 07 01 0.0
2025 01 07 02 0.0
2025 01 07 03 0.0
2025 01 07 04 0.0
2025 01 07 05 0.0
2025 01 07 06 0.0
2025 01 07 07 0.0
2025 01 07 08 10.4
2025 01 07 09 67.5
2025 01 07 10 106.1
2025 01 07 11 105.9
2025 01 07 12 36.7
2025 01 07 13 19.6
2025 01 07 14 3.6
2025 01 07 15 0.0
2025 01 07 16 0.0
2025 01 07 17 0.0
2025 01 07 18 0.0
2025 01 07 19 0.0
2025 01 07 20 0.0
2025 01 07 21 0.0
2025 01 07 22 0.0
2025 01 07 23 0.0
2025 01 08 00 0.0
2025 01 08 01 0.0
2025 01 08 02 0.0
2025 01 08 03 0.0
2025 01 08 04 0.0
2025 01 08 05 0.0
2025 01 08 06 0.0
2025 01 08 07 0.0
2025 01 08 08 11.5
2025 01 08 09 30.6
2025 01 08 10 39.0
2025 01 08 11 44.6
2025 01 08 12 39.8
2025 01 08 13 20.7
2025 01 08 14 1.9
2025 01 08 15 0.0
2025 01 08 16 0.0
2025 01 08 17 0.0
2025 01 08 18 0.0
2025 01 08 19 0.0
2025 01 08 20 0.0
2025 01 08 21 0.0
2025 01 08 22 0.0
2025 01 08 23 0.0
2025 01 09 00 0.0
2025 01 09 01 0.0
2025 01 09 02 0.0
2025 01 09 03 0.0
2025 01 09 04 0.0
2025 01 09 05 0.0
2025 01 09 06 0.0
2025 01 09 07 0.0
2025 01 09 08 6.7
2025 01 09 09 39.5
2025 01 09 10 46.1
2025 01 09 11 53.0
2025 01 09 12 43.1
2025 01 09 13 24.5
2025 01 09 14 2.4
2025 01 09 15 0.0
2025 01 09 16 0.0
2025 01 09 17 0.0
2025 01 09 18 0.0
2025 01 09 19 0.0
2025 01 09 20 0.0
2025 01 09 21 0.0
2025 01 09 22 0.0
2025 01 09 23 0.0
2025 01 10 00 0.0
2025 01 10 01 0.0
2025 01 10 02 0.0
2025 01 10 03 0.0
2025 01 10 04 0.0
2025 01 10 05 0.0
2025 01 10 06 0.0
2025 01 10 07 0.0
2025 01 10 08 5.0
2025 01 10 09 25.4
2025 01 10 10 41.2
2025 01 10 11 46.9
2025 01 10 12 40.1
2025 01 10 13 22.7
2025 01 10 14 2.8
2025 01 10 15 0.0
2025 01 10 16 0.0
2025 01 10 17 0.0
2025 01 10 18 0.0
2025 01 10 19 0.0
2025 01 10 20 0.0
2025 01 10 21 0.0
2025 01 10 22 0.0
2025 01 10 23 0.0
2025 01 11 00 0.0
2025 01 11 01 0.0
2025 01 11 02 0.0
2025 01 11 03 0.0
2025 01 11 04 0.0
2025 01 11 05 0.0
2025 01 11 06 0.0
2025 01 11 07 0.0
2025 01 11 08 5.4
2025 01 11 09 26.5
2025 01 11 10 42.7
2025 01 11 11 47.8
2025 01 11 12 41.1
2025 01 11 13 24.0
2025 01 11 14 3.5
2025 01 11 15 0.0
2025 01 11 16 0.0
2025 01 11 17 0.0
2025 01 11 18 0.0
2025 01 11 19 0.0
2025 01 11 20 0.0
2025 01 11 21 0.0
2025 01 11 22 0.0
2025 01 11 23 0.0
2025 01 12 00 0.0
2025 01 12 01 0.0
2025 01 12 02 0.0
2025 01 12 03 0.0
2025 01 12 04 0.0
2025 01 12 05 0.0
2025 01 12 06 0.0
2025 01 12 07 0.0
2025 01 12 08 17.8
2025 01 12 09 81.9
2025 01 12 10 130.7
2025 01 12 11 144.7
2025 01 12 12 124.8
2025 01 12 13 73.2
2025 01 12 14 11.3
2025 01 12 15 0.0
2025 01 12 16 0.0
2025 01 12 17 0.0
2025 01 12 18 0.0
2025 01 12 19 0.0
2025 01 12 20 0.0
2025 01 12 21 0.0
2025 01 12 22 0.0
2025 01 12 23 0.0
2025 01 13 00 0.0
2025 01 13 01 0.0
2025 01 13 02 0.0
2025 01 13 03 0.0
2025 01 13 04 0.0
2025 01 13 05 0.0
2025 01 13 06 0.0
2025 01 13 07 0.0
2025 01 13 08 12.9
2025 01 13 09 42.3
2025 01 13 10 45.9
2025 01 13 11 47.4
2025 01 13 12 40.1
2025 01 13 13 24.1
2025 01 13 14 4.5
2025 01 13 15 0.0
2025 01 13 16 0.0
2025 01 13 17 0.0
2025 01 13 18 0.0
2025 01 13 19 0.0
2025 01 13 20 0.0
2025 01 13 21 0.0
2025 01 13 22 0.0
2025 01 13 23 0.0
2025 01 14 00 0.0
2025 01 14 01 0.0
2025 01 14 02 0.0
2025 01 14 03 0.0
2025 01 14 04 0.0
2025 01 14 05 0.0
2025 01 14 06 0.0
2025 01 14 07 0.0
2025 01 14 08 6.8
2025 01 14 09 36.8
2025 01 14 10 75.1
2025 01 14 11 67.2
2025 01 14 12 47.9
2025 01 14 13 29.8
2025 01 14 14 13.2
2025 01 14 15 0.0
2025 01 14 16 0.0
2025 01 14 17 0.0
2025 01 14 18 0.0
2025 01 14 19 0.0
2025 01 14 20 0.0
2025 01 14 21 0.0
2025 01 14 22 0.0
2025 01 14 23 0.0
2025 01 15 00 0.0
2025 01 15 01 0.0
2025 01 15 02 0.0
2025 01 15 03 0.0
2025 01 15 04 0.0
2025 01 15 05 0.0
2025 01 15 06 0.0
2025 01 15 07 0.0
2025 01 15 08 11.9
2025 01 15 09 33.6
2025 01 15 10 116.0
2025 01 15 11 125.4
2025 01 15 12 109.1
2025 01 15 13 53.7
2025 01 15 14 15.4
2025 01 15 15 0.0
2025 01 15 16 0.0
2025 01 15 17 0.0
2025 01 15 18 0.0
2025 01 15 19 0.0
2025 01 15 20 0.0
2025 01 15 21 0.0
2025 01 15 22 0.0
2025 01 15 23 0.0
2025 01 16 00 0.0
2025 01 16 01 0.0
2025 01 16 02 0.0
2025 01 16 03 0.0
2025 01 16 04 0.0
2025 01 16 05 0.0
2025 01 16 06 0.0
2025 01 16 07 0.0
2025 01 16 08 19.7
2025 01 16 09 30.0
2025 01 16 10 98.0
2025 01 16 11 127.2
2025 01 16 12 123.4
2025 01 16 13 54.7
2025 01 16 14 9.4
2025 01 16 15 0.0
2025 01 16 16 0.0
2025 01 16 17 0.0
2025 01 16 18 0.0
2025 01 16 19 0.0
2025 01 16 20 0.0
2025 01 16 21 0.0
2025 01 16 22 0.0
2025 01 16 23 0.0
2025 01 17 00 0.0
2025 01 17 01 0.0
2025 01 17 02 0.0
2025 01 17 03 0.0
2025 01 17 04 0.0
2025 01 17 05 0.0
2025 01 17 06 0.0
2025 01 17 07 0.0
2025 01 17 08 21.6
2025 01 17 09 73.7
2025 01 17 10 106.2
2025 01 17 11 122.3
2025 01 17 12 102.1
2025 01 17 13 33.0
2025 01 17 14 16.9
2025 01 17 15 0.0
2025 01 17 16 0.0
2025 01 17 17 0.0
2025 01 17 18 0.0
2025 01 17 19 0.0
2025 01 17 20 0.0
2025 01 17 21 0.0
2025 01 17 22 0.0
2025 01 17 23 0.0
2025 01 18 00 0.0
2025 01 18 01 0.0
2025 01 18 02 0.0
2025 01 18 03 0.0
2025 01 18 04 0.0
2025 01 18 05 0.0
2025 01 18 06 0.0
2025 01 18 07 0.0
2025 01 18 08 26.4
2025 01 18 09 82.5
2025 01 18 10 90.7
2025 01 18 11 87.1
2025 01 18 12 66.5
2025 01 18 13 62.4
2025 01 18 14 20.9
2025 01 18 15 0.0
2025 01 18 16 0.0
2025 01 18 17 0.0
2025 01 18 18 0.0
2025 01 18 19 0.0
2025 01 18 20 0.0
2025 01 18 21 0.0
2025 01 18 22 0.0
2025 01 18 23 0.0
2025 01 19 00 0.0
2025 01 19 01 0.0
2025 01 19 02 0.0
2025 01 19 03 0.0
2025 01 19 04 0.0
2025 01 19 05 0.0
2025 01 19 06 0.0
2025 01 19 07 0.0
2025 01 19 08 23.6
2025 01 19 09 54.3
2025 01 19 10 87.3
2025 01 19 11 136.3
2025 01 19 12 106.1
2025 01 19 13 64.1
2025 01 19 14 20.5
2025 01 19 15 0.0
2025 01 19 16 0.0
2025 01 19 17 0.0
2025 01 19 18 0.0
2025 01 19 19 0.0
2025 01 19 20 0.0
2025 01 19 21 0.0
2025 01 19 22 0.0
2025 01 19 23 0.0
2025 01 20 00 0.0
2025 01 20 01 0.0
2025 01 20 02 0.0
2025 01 20 03 0.0
2025 01 20 04 0.0
2025 01 20 05 0.0
2025 01 20 06 0.0
2025 01 20 07 0.0
2025 01 20 08 29.1
2025 01 20 09 34.7
2025 01 20 10 79.0
2025 01 20 11 67.3
2025 01 20 12 63.5
2025 01 20 13 33.1
2025 01 20 14 9.9
2025 01 20 15 0.0
2025 01 20 16 0.0
2025 01 20 17 0.0
2025 01 20 18 0.0
2025 01 20 19 0.0
2025 01 20 20 0.0
2025 01 20 21 0.0
2025 01 20 22 0.0
2025 01 20 23 0.0
2025 01 21 00 0.0
2025 01 21 01 0.0
2025 01 21 02 0.0
2025 01 21 03 0.0
2025 01 21 04 0.0
2025 01 21 05 0.0
2025 01 21 06 0.0
2025 01 21 07 0.0
2025 01 21 08 10.8
2025 01 21 09 33.8
2025 01 21 10 51.0
2025 01 21 11 57.2
2025 01 21 12 50.8
2025 01 21 13 33.5
2025 01 21 14 10.4
2025 01 21 15 0.0
2025 01 21 16 0.0
2025 01 21 17 0.0
2025 01 21 18 0.0
2025 01 21 19 0.0
2025 01 21 20 0.0
2025 01 21 21 0.0
2025 01 21 22 0.0
2025 01 21 23 0.0
2025 01 22 00 0.0
2025 01 22 01 0.0
2025 01 22 02 0.0
2025 01 22 03 0.0
2025 01 22 04 0.0
2025 01 22 05 0.0
2025 01 22 06 0.0
2025 01 22 07 0.0
2025 01 22 08 12.3
2025 01 22 09 36.2
2025 01 22 10 54.2
2025 01 22 11 61.4
2025 01 22 12 54.4
2025 01 22 13 36.2
2025 01 22 14 11.9
2025 01 22 15 0.0
2025 01 22 16 0.0
2025 01 22 17 0.0
2025 01 22 18 0.0
2025 01 22 19 0.0
2025 01 22 20 0.0
2025 01 22 21 0.0
2025 01 22 22 0.0
2025 01 22 23 0.0
2025 01 23 00 0.0
2025 01 23 01 0.0
2025 01 23 02 0.0
2025 01 23 03 0.0
2025 01 23 04 0.0
2025 01 23 05 0.0
2025 01 23 06 0.0
2025 01 23 07 0.0
2025 01 23 08 12.6
2025 01 23 09 36.1
2025 01 23 10 54.1
2025 01 23 11 62.3
2025 01 23 12 54.9
2025 01 23 13 37.1
2025 01 23 14 12.6
2025 01 23 15 0.0
2025 01 23 16 0.0
2025 01 23 17 0.0
2025 01 23 18 0.0
2025 01 23 19 0.0
2025 01 23 20 0.0
2025 01 23 21 0.0
2025 01 23 22 0.0
2025 01 23 23 0.0
2025 01 24 00 0.0
2025 01 24 01 0.0
2025 01 24 02 0.0
2025 01 24 03 0.0
2025 01 24 04 0.0
2025 01 24 05 0.0
2025 01 24 06 0.0
2025 01 24 07 0.0
2025 01 24 08 22.3
2025 01 24 09 108.3
2025 01 24 10 152.5
2025 01 24 11 182.1
2025 01 24 12 58.7
2025 01 24 13 41.5
2025 01 24 14 14.8
2025 01 24 15 0.0
2025 01 24 16 0.0
2025 01 24 17 0.0
2025 01 24 18 0.0
2025 01 24 19 0.0
2025 01 24 20 0.0
2025 01 24 21 0.0
2025 01 24 22 0.0
2025 01 24 23 0.0
2025 01 25 00 0.0
2025 01 25 01 0.0
2025 01 25 02 0.0
2025 01 25 03 0.0
2025 01 25 04 0.0
2025 01 25 05 0.0
2025 01 25 06 0.0
2025 01 25 07 0.0
2025 01 25 08 44.8
2025 01 25 09 116.2
2025 01 25 10 157.1
2025 01 25 11 107.5
2025 01 25 12 133.5
2025 01 25 13 70.3
2025 01 25 14 22.3
2025 01 25 15 0.0
2025 01 25 16 0.0
2025 01 25 17 0.0
2025 01 25 18 0.0
2025 01 25 19 0.0
2025 01 25 20 0.0
2025 01 25 21 0.0
2025 01 25 22 0.0
2025 01 25 23 0.0
2025 01 26 00 0.0
2025 01 26 01 0.0
2025 01 26 02 0.0
2025 01 26 03 0.0
2025 01 26 04 0.0
2025 01 26 05 0.0
2025 01 26 06 0.0
2025 01 26 07 0.0
2025 01 26 08 49.1
2025 01 26 09 124.7
2025 01 26 10 172.4
2025 01 26 11 149.6
2025 01 26 12 157.7
2025 01 26 13 65.7
2025 01 26 14 32.2
2025 01 26 15 0.0
2025 01 26 16 0.0
2025 01 26 17 0.0
2025 01 26 18 0.0
2025 01 26 19 0.0
2025 01 26 20 0.0
2025 01 26 21 0.0
2025 01 26 22 0.0
2025 01 26 23 0.0
2025 01 27 00 0.0
2025 01 27 01 0.0
2025 01 27 02 0.0
2025 01 27 03 0.0
2025 01 27 04 0.0
2025 01 27 05 0.0
2025 01 27 06 0.0
2025 01 27 07 0.0
2025 01 27 08 20.6
2025 01 27 09 77.7
2025 01 27 10 78.0
2025 01 27 11 72.3
2025 01 27 12 104.6
2025 01 27 13 47.1
2025 01 27 14 19.0
2025 01 27 15 0.0
2025 01 27 16 0.0
2025 01 27 17 0.0
2025 01 27 18 0.0
2025 01 27 19 0.0
2025 01 27 20 0.0
2025 01 27 21 0.0
2025 01 27 22 0.0
2025 01 27 23 0.0
2025 01 28 00 0.0
2025 01 28 01 0.0
2025 01 28 02 0.0
2025 01 28 03 0.0
2025 01 28 04 0.0
2025 01 28 05 0.0
2025 01 28 06 0.0
2025 01 28 07 0.0
2025 01 28 08 18.0
2025 01 28 09 76.7
2025 01 28 10 75.4
2025 01 28 11 72.1
2025 01 28 12 74.2
2025 01 28 13 49.6
2025 01 28 14 19.0
2025 01 28 15 0.0
2025 01 28 16 0.0
2025 01 28 17 0.0
2025 01 28 18 0.0
2025 01 28 19 0.0
2025 01 28 20 0.0
2025 01 28 21 0.0
2025 01 28 22 0.0
2025 01 28 23 0.0
2025 01 29 00 0.0
2025 01 29 01 0.0
2025 01 29 02 0.0
2025 01 29 03 0.0
2025 01 29 04 0.0
2025 01 29 05 0.0
2025 01 29 06 0.0
2025 01 29 07 0.0
2025 01 29 08 19.7
2025 01 29 09 46.6
2025 01 29 10 65.6
2025 01 29 11 72.5
2025 01 29 12 66.1
2025 01 29 13 47.9
2025 01 29 14 21.2
2025 01 29 15 0.0
2025 01 29 16 0.0
2025 01 29 17 0.0
2025 01 29 18 0.0
2025 01 29 19 0.0
2025 01 29 20 0.0
2025 01 29 21 0.0
2025 01 29 22 0.0
2025 01 29 23 0.0
2025 01 30 00 0.0
2025 01 30 01 0.0
2025 01 30 02 0.0
2025 01 30 03 0.0
2025 01 30 04 0.0
2025 01 30 05 0.0
2025 01 30 06 0.0
2025 01 30 07 0.0
2025 01 30 08 23.4
2025 01 30 09 64.2
2025 01 30 10 135.0
2025 01 30 11 109.3
2025 01 30 12 70.0
2025 01 30 13 53.3
2025 01 30 14 23.9
2025 01 30 15 0.0
2025 01 30 16 0.0
2025 01 30 17 0.0
2025 01 30 18 0.0
2025 01 30 19 0.0
2025 01 30 20 0.0
2025 01 30 21 0.0
2025 01 30 22 0.0
2025 01 30 23 0.0
2025 01 31 00 0.0
2025 01 31 01 0.0
2025 01 31 02 0.0
2025 01 31 03 0.0
2025 01 31 04 0.0
2025 01 31 05 0.0
2025 01 31 06 0.0
2025 01 31 07 0.0
2025 01 31 08 29.1
2025 01 31 09 67.0
2025 01 31 10 73.8
2025 01 31 11 80.1
2025 01 31 12 72.0
2025 01 31 13 53.3
2025 01 31 14 55.9
2025 01 31 15 1.5
2025 01 31 16 0.0
2025 01 31 17 0.0
2025 01 31 18 0.0
2025 01 31 19 0.0
2025 01 31 20 0.0
2025 01 31 21 0.0
2025 01 31 22 0.0
2025 01 31 23 0.0
2025 02 01 00 0.0
2025 02 01 01 0.0
2025 02 01 02 0.0
2025 02 01 03 0.0
2025 02 01 04 0.0
2025 02 01 05 0.0
2025 02 01 06 0.0
2025 02 01 07 1.1
2025 02 01 08 72.8
2025 02 01 09 153.3
2025 02 01 10 198.8
2025 02 01 11 228.2
2025 02 01 12 210.6
2025 02 01 13 157.4
2025 02 01 14 66.8
2025 02 01 15 2.6
2025 02 01 16 0.0
2025 02 01 17 0.0
2025 02 01 18 0.0
2025 02 01 19 0.0
2025 02 01 20 0.0
2025 02 01 21 0.0
2025 02 01 22 0.0
2025 02 01 23 0.0
2025 02 02 00 0.0
2025 02 02 01 0.0
2025 02 02 02 0.0
2025 02 02 03 0.0
2025 02 02 04 0.0
2025 02 02 05 0.0
2025 02 02 06 0.0
2025 02 02 07 1.2
2025 02 02 08 29.4
2025 02 02 09 101.0
2025 02 02 10 180.3
2025 02 02 11 84.3
2025 02 02 12 76.9
2025 02 02 13 57.8
2025 02 02 14 30.5
2025 02 02 15 1.8
2025 02 02 16 0.0
2025 02 02 17 0.0
2025 02 02 18 0.0
2025 02 02 19 0.0
2025 02 02 20 0.0
2025 02 02 21 0.0
2025 02 02 22 0.0
2025 02 02 23 0.0
2025 02 03 00 0.0
2025 02 03 01 0.0
2025 02 03 02 0.0
2025 02 03 03 0.0
2025 02 03 04 0.0
2025 02 03 05 0.0
2025 02 03 06 0.0
2025 02 03 07 1.4
2025 02 03 08 32.0
2025 02 03 09 68.0
2025 02 03 10 77.9
2025 02 03 11 85.3
2025 02 03 12 92.1
2025 02 03 13 66.4
2025 02 03 14 30.7
2025 02 03 15 2.9
2025 02 03 16 0.0
2025 02 03 17 0.0
2025 02 03 18 0.0
2025 02 03 19 0.0
2025 02 03 20 0.0
2025 02 03 21 0.0
2025 02 03 22 0.0
2025 02 03 23 0.0
2025 02 04 00 0.0
2025 02 04 01 0.0
2025 02 04 02 0.0
2025 02 04 03 0.0
2025 02 04 04 0.0
2025 02 04 05 0.0
2025 02 04 06 0.0
2025 02 04 07 1.9
2025 02 04 08 27.9
2025 02 04 09 55.9
2025 02 04 10 75.8
2025 02 04 11 83.0
2025 02 04 12 76.1
2025 02 04 13 57.0
2025 02 04 14 30.7
2025 02 04 15 4.3
2025 02 04 16 0.0
2025 02 04 17 0.0
2025 02 04 18 0.0
2025 02 04 19 0.0
2025 02 04 20 0.0
2025 02 04 21 0.0
2025 02 04 22 0.0
2025 02 04 23 0.0
2025 02 05 00 0.0
2025 02 05 01 0.0
2025 02 05 02 0.0
2025 02 05 03 0.0
2025 02 05 04 0.0
2025 02 05 05 0.0
2025 02 05 06 0.0
2025 02 05 07 3.1
2025 02 05 08 28.9
2025 02 05 09 57.9
2025 02 05 10 114.4
2025 02 05 11 90.2
2025 02 05 12 130.1
2025 02 05 13 79.3
2025 02 05 14 73.3
2025 02 05 15 9.7
2025 02 05 16 0.0
2025 02 05 17 0.0
2025 02 05 18 0.0
2025 02 05 19 0.0
2025 02 05 20 0.0
2025 02 05 21 0.0
2025 02 05 22 0.0
2025 02 05 23 0.0
2025 02 06 00 0.0
2025 02 06 01 0.0
2025 02 06 02 0.0
2025 02 06 03 0.0
2025 02 06 04 0.0
2025 02 06 05 0.0
2025 02 06 06 0.0
2025 02 06 07 9.7
2025 02 06 08 94.9
2025 02 06 09 180.9
2025 02 06 10 238.0
2025 02 06 11 259.3
2025 02 06 12 240.9
2025 02 06 13 186.6
2025 02 06 14 102.5
2025 02 06 15 14.4
2025 02 06 16 0.0
2025 02 06 17 0.0
2025 02 06 18 0.0
2025 02 06 19 0.0
2025 02 06 20 0.0
2025 02 06 21 0.0
2025 02 06 22 0.0
2025 02 06 23 0.0
2025 02 07 00 0.0
2025 02 07 01 0.0
2025 02 07 02 0.0
2025 02 07 03 0.0
2025 02 07 04 0.0
2025 02 07 05 0.0
2025 02 07 06 0.0
2025 02 07 07 4.6
2025 02 07 08 34.9
2025 02 07 09 74.6
2025 02 07 10 95.7
2025 02 07 11 96.0
2025 02 07 12 87.4
2025 02 07 13 66.4
2025 02 07 14 36.9
2025 02 07 15 6.0
2025 02 07 16 0.0
2025 02 07 17 0.0
2025 02 07 18 0.0
2025 02 07 19 0.0
2025 02 07 20 0.0
2025 02 07 21 0.0
2025 02 07 22 0.0
2025 02 07 23 0.0
2025 02 08 00 0.0
2025 02 08 01 0.0
2025 02 08 02 0.0
2025 02 08 03 0.0
2025 02 08 04 0.0
2025 02 08 05 0.0
2025 02 08 06 0.0
2025 02 08 07 4.9
2025 02 08 08 33.2
2025 02 08 09 62.7
2025 02 08 10 84.3
2025 02 08 11 93.0
2025 02 08 12 87.2
2025 02 08 13 67.6
2025 02 08 14 37.9
2025 02 08 15 6.9
2025 02 08 16 0.0
2025 02 08 17 0.0
2025 02 08 18 0.0
2025 02 08 19 0.0
2025 02 08 20 0.0
2025 02 08 21 0.0
2025 02 08 22 0.0
2025 02 08 23 0.0
2025 02 09 00 0.0
2025 02 09 01 0.0
2025 02 09 02 0.0
2025 02 09 03 0.0
2025 02 09 04 0.0
2025 02 09 05 0.0
2025 02 09 06 0.0
2025 02 09 07 5.9
2025 02 09 08 43.1
2025 02 09 09 66.4
2025 02 09 10 94.5
2025 02 09 11 101.5
2025 02 09 12 87.7
2025 02 09 13 68.0
2025 02 09 14 39.3
2025 02 09 15 12.3
2025 02 09 16 0.0
2025 02 09 17 0.0
2025 02 09 18 0.0
2025 02 09 19 0.0
2025 02 09 20 0.0
2025 02 09 21 0.0
2025 02 09 22 0.0
2025 02 09 23 0.0
2025 02 10 00 0.0
2025 02 10 01 0.0
2025 02 10 02 0.0
2025 02 10 03 0.0
2025 02 10 04 0.0
2025 02 10 05 0.0
2025 02 10 06 0.0
2025 02 10 07 21.1
2025 02 10 08 114.0
2025 02 10 09 200.6
2025 02 10 10 258.5
2025 02 10 11 278.2
2025 02 10 12 259.3
2025 02 10 13 203.0
2025 02 10 14 119.0
2025 02 10 15 26.7
2025 02 10 16 0.0
2025 02 10 17 0.0
2025 02 10 18 0.0
2025 02 10 19 0.0
2025 02 10 20 0.0
2025 02 10 21 0.0
2025 02 10 22 0.0
2025 02 10 23 0.0
2025 02 11 00 0.0
2025 02 11 01 0.0
2025 02 11 02 0.0
2025 02 11 03 0.0
2025 02 11 04 0.0
2025 02 11 05 0.0
2025 02 11 06 0.0
2025 02 11 07 17.3
2025 02 11 08 65.8
2025 02 11 09 127.4
2025 02 11 10 97.5
2025 02 11 11 102.1
2025 02 11 12 96.3
2025 02 11 13 75.8
2025 02 11 14 57.9
2025 02 11 15 16.7
2025 02 11 16 0.0
2025 02 11 17 0.0
2025 02 11 18 0.0
2025 02 11 19 0.0
2025 02 11 20 0.0
2025 02 11 21 0.0
2025 02 11 22 0.0
2025 02 11 23 0.0
2025 02 12 00 -999.0
2025 02 12 01 -999.0
2025 02 12 02 -999.0
2025 02 12 03 -999.0
2025 02 12 04 -999.0
2025 02 12 05 -999.0
2025 02 12 06 -999.0
2025 02 12 07 -999.0
2025 02 12 08 -999.0
2025 02 12 09 -999.0
2025 02 12 10 -999.0
2025 02 12 11 -999.0
2025 02 12 12 -999.0
2025 02 12 13 -999.0
2025 02 12 14 -999.0
2025 02 12 15 -999.0
2025 02 12 16 -999.0
2025 02 12 17 -999.0
2025 02 12 18 -999.0
2025 02 12 19 -999.0
2025 02 12 20 -999.0
2025 02 12 21 -999.0
2025 02 12 22 -999.0
2025 02 12 23 -999.0
2025 02 13 00 0.0
2025 02 13 01 0.0
2025 02 13 02 0.0
2025 02 13 03 0.0
2025 02 13 04 0.0
2025 02 13 05 0.0
2025 02 13 06 0.0
2025 02 13 07 17.2
2025 02 13 08 65.9
2025 02 13 09 186.0
2025 02 13 10 261.5
2025 02 13 11 279.2
2025 02 13 12 277.7
2025 02 13 13 215.7
2025 02 13 14 120.4
2025 02 13 15 41.4
2025 02 13 16 0.0
2025 02 13 17 0.0
2025 02 13 18 0.0
2025 02 13 19 0.0
2025 02 13 20 0.0
2025 02 13 21 0.0
2025 02 13 22 0.0
2025 02 13 23 0.0
2025 02 14 00 0.0
2025 02 14 01 0.0
2025 02 14 02 0.0
2025 02 14 03 0.0
2025 02 14 04 0.0
2025 02 14 05 0.0
2025 02 14 06 0.0
2025 02 14 07 15.2
2025 02 14 08 71.2
2025 02 14 09 104.2
2025 02 14 10 136.1
2025 02 14 11 120.6
2025 02 14 12 289.5
2025 02 14 13 213.1
2025 02 14 14 131.6
2025 02 14 15 15.7
2025 02 14 16 0.0
2025 02 14 17 0.0
2025 02 14 18 0.0
2025 02 14 19 0.0
2025 02 14 20 0.0
2025 02 14 21 0.0
2025 02 14 22 0.0
2025 02 14 23 0.0
2025 02 15 00 0.0
2025 02 15 01 0.0
2025 02 15 02 0.0
2025 02 15 03 0.0
2025 02 15 04 0.0
2025 02 15 05 0.0
2025 02 15 06 0.0
2025 02 15 07 14.9
2025 02 15 08 52.2
2025 02 15 09 208.4
2025 02 15 10 244.5
2025 02 15 11 231.3
2025 02 15 12 175.0
2025 02 15 13 93.1
2025 02 15 14 55.0
2025 02 15 15 42.9
2025 02 15 16 0.0
2025 02 15 17 0.0
2025 02 15 18 0.0
2025 02 15 19 0.0
2025 02 15 20 0.0
2025 02 15 21 0.0
2025 02 15 22 0.0
2025 02 15 23 0.0
2025 02 16 00 0.0
2025 02 16 01 0.0
2025 02 16 02 0.0
2025 02 16 03 0.0
2025 02 16 04 0.0
2025 02 16 05 0.0
2025 02 16 06 0.0
2025 02 16 07 47.0
2025 02 16 08 151.3
2025 02 16 09 214.1
2025 02 16 10 261.5
2025 02 16 11 307.6
2025 02 16 12 302.8
2025 02 16 13 169.1
2025 02 16 14 145.1
2025 02 16 15 48.8
2025 02 16 16 0.0
2025 02 16 17 0.0
2025 02 16 18 0.0
2025 02 16 19 0.0
2025 02 16 20 0.0
2025 02 16 21 0.0
2025 02 16 22 0.0
2025 02 16 23 0.0
2025 02 17 00 0.0
2025 02 17 01 0.0
2025 02 17 02 0.0
2025 02 17 03 0.0
2025 02 17 04 0.0
2025 02 17 05 0.0
2025 02 17 06 0.0
2025 02 17 07 28.1
2025 02 17 08 57.3
2025 02 17 09 120.5
2025 02 17 10 147.6
2025 02 17 11 275.9
2025 02 17 12 245.7
2025 02 17 13 206.0
2025 02 17 14 122.9
2025 02 17 15 25.3
2025 02 17 16 0.0
2025 02 17 17 0.0
2025 02 17 18 0.0
2025 02 17 19 0.0
2025 02 17 20 0.0
2025 02 17 21 0.0
2025 02 17 22 0.0
2025 02 17 23 0.0
2025 02 18 00 0.0
2025 02 18 01 0.0
2025 02 18 02 0.0
2025 02 18 03 0.0
2025 02 18 04 0.0
2025 02 18 05 0.0
2025 02 18 06 0.0
2025 02 18 07 57.3
2025 02 18 08 153.5
2025 02 18 09 149.1
2025 02 18 10 278.7
2025 02 18 11 198.5
2025 02 18 12 274.3
2025 02 18 13 247.9
2025 02 18 14 63.6
2025 02 18 15 60.2
2025 02 18 16 0.0
2025 02 18 17 0.0
2025 02 18 18 0.0
2025 02 18 19 0.0
2025 02 18 20 0.0
2025 02 18 21 0.0
2025 02 18 22 0.0
2025 02 18 23 0.0
2025 02 19 00 0.0
2025 02 19 01 0.0
2025 02 19 02 0.0
2025 02 19 03 0.0
2025 02 19 04 0.0
2025 02 19 05 0.0
2025 02 19 06 0.0
2025 02 19 07 60.2
2025 02 19 08 162.9
2025 02 19 09 258.8
2025 02 19 10 320.9
2025 02 19 11 343.9
2025 02 19 12 324.3
2025 02 19 13 266.0
2025 02 19 14 174.3
2025 02 19 15 61.7
2025 02 19 16 0.0
2025 02 19 17 0.0
2025 02 19 18 0.0
2025 02 19 19 0.0
2025 02 19 20 0.0
2025 02 19 21 0.0
2025 02 19 22 0.0
2025 02 19 23 0.0
2025 02 20 00 0.0
2025 02 20 01 0.0
2025 02 20 02 0.0
2025 02 20 03 0.0
2025 02 20 04 0.0
2025 02 20 05 0.0
2025 02 20 06 0.0
2025 02 20 07 64.6
2025 02 20 08 173.9
2025 02 20 09 266.3
2025 02 20 10 329.3
2025 02 20 11 350.6
2025 02 20 12 304.4
2025 02 20 13 240.4
2025 02 20 14 155.6
2025 02 20 15 57.2
2025 02 20 16 0.0
2025 02 20 17 0.0
2025 02 20 18 0.0
2025 02 20 19 0.0
2025 02 20 20 0.0
2025 02 20 21 0.0
2025 02 20 22 0.0
2025 02 20 23 0.0
2025 02 21 00 0.0
2025 02 21 01 0.0
2025 02 21 02 0.0
2025 02 21 03 0.0
2025 02 21 04 0.0
2025 02 21 05 0.0
2025 02 21 06 0.0
2025 02 21 07 21.6
2025 02 21 08 58.0
2025 02 21 09 90.6
2025 02 21 10 112.7
2025 02 21 11 119.7
2025 02 21 12 112.1
2025 02 21 13 91.3
2025 02 21 14 60.2
2025 02 21 15 24.2
2025 02 21 16 0.0
2025 02 21 17 0.0
2025 02 21 18 0.0
2025 02 21 19 0.0
2025 02 21 20 0.0
2025 02 21 21 0.0
2025 02 21 22 0.0
2025 02 21 23 0.0
2025 02 22 00 0.0
2025 02 22 01 0.0
2025 02 22 02 0.0
2025 02 22 03 0.0
2025 02 22 04 0.0
2025 02 22 05 0.0
2025 02 22 06 0.0
2025 02 22 07 22.3
2025 02 22 08 57.8
2025 02 22 09 93.6
2025 02 22 10 112.0
2025 02 22 11 123.0
2025 02 22 12 213.6
2025 02 22 13 134.7
2025 02 22 14 121.9
2025 02 22 15 51.0
2025 02 22 16 0.0
2025 02 22 17 0.0
2025 02 22 18 0.0
2025 02 22 19 0.0
2025 02 22 20 0.0
2025 02 22 21 0.0
2025 02 22 22 0.0
2025 02 22 23 0.0
2025 02 23 00 0.0
2025 02 23 01 0.0
2025 02 23 02 0.0
2025 02 23 03 0.0
2025 02 23 04 0.0
2025 02 23 05 0.0
2025 02 23 06 0.0
2025 02 23 07 23.0
2025 02 23 08 60.9
2025 02 23 09 93.9
2025 02 23 10 110.3
2025 02 23 11 121.6
2025 02 23 12 115.9
2025 02 23 13 100.3
2025 02 23 14 65.7
2025 02 23 15 28.8
2025 02 23 16 0.1
2025 02 23 17 0.0
2025 02 23 18 0.0
2025 02 23 19 0.0
2025 02 23 20 0.0
2025 02 23 21 0.0
2025 02 23 22 0.0
2025 02 23 23 0.0
2025 02 24 00 0.0
2025 02 24 01 0.0
2025 02 24 02 0.0
2025 02 24 03 0.0
2025 02 24 04 0.0
2025 02 24 05 0.0
2025 02 24 06 0.0
2025 02 24 07 31.5
2025 02 24 08 70.8
2025 02 24 09 118.9
2025 02 24 10 121.5
2025 02 24 11 189.0
2025 02 24 12 120.1
2025 02 24 13 140.5
2025 02 24 14 118.5
2025 02 24 15 43.1
2025 02 24 16 0.8
2025 02 24 17 0.0
2025 02 24 18 0.0
2025 02 24 19 0.0
2025 02 24 20 0.0
2025 02 24 21 0.0
2025 02 24 22 0.0
2025 02 24 23 0.0
2025 02 25 00 0.0
2025 02 25 01 0.0
2025 02 25 02 0.0
2025 02 25 03 0.0
2025 02 25 04 0.0
2025 02 25 05 0.0
2025 02 25 06 0.8
2025 02 25 07 29.5
2025 02 25 08 69.8
2025 02 25 09 101.1
2025 02 25 10 125.7
2025 02 25 11 129.1
2025 02 25 12 122.6
2025 02 25 13 103.0
2025 02 25 14 71.2
2025 02 25 15 32.8
2025 02 25 16 1.4
2025 02 25 17 0.0
2025 02 25 18 0.0
2025 02 25 19 0.0
2025 02 25 20 0.0
2025 02 25 21 0.0
2025 02 25 22 0.0
2025 02 25 23 0.0
2025 02 26 00 0.0
2025 02 26 01 0.0
2025 02 26 02 0.0
2025 02 26 03 0.0
2025 02 26 04 0.0
2025 02 26 05 0.0
2025 02 26 06 1.6
2025 02 26 07 47.5
2025 02 26 08 170.0
2025 02 26 09 293.1
2025 02 26 10 230.7
2025 02 26 11 138.2
2025 02 26 12 131.3
2025 02 26 13 121.1
2025 02 26 14 77.1
2025 02 26 15 41.9
2025 02 26 16 2.2
2025 02 26 17 0.0
2025 02 26 18 0.0
2025 02 26 19 0.0
2025 02 26 20 0.0
2025 02 26 21 0.0
2025 02 26 22 0.0
2025 02 26 23 0.0
2025 02 27 00 0.0
2025 02 27 01 0.0
2025 02 27 02 0.0
2025 02 27 03 0.0
2025 02 27 04 0.0
2025 02 27 05 0.0
2025 02 27 06 2.3
2025 02 27 07 34.4
2025 02 27 08 102.6
2025 02 27 09 107.0
2025 02 27 10 130.2
2025 02 27 11 139.4
2025 02 27 12 131.2
2025 02 27 13 108.8
2025 02 27 14 76.4
2025 02 27 15 37.1
2025 02 27 16 3.0
2025 02 27 17 0.0
2025 02 27 18 0.0
2025 02 27 19 0.0
2025 02 27 20 0.0
2025 02 27 21 0.0
2025 02 27 22 0.0
2025 02 27 23 0.0
2025 02 28 00 0.0
2025 02 28 01 0.0
2025 02 28 02 0.0
2025 02 28 03 0.0
2025 02 28 04 0.0
2025 02 28 05 0.0
2025 02 28 06 3.4
2025 02 28 07 40.0
2025 02 28 08 81.3
2025 02 28 09 115.2
2025 02 28 10 137.0
2025 02 28 11 145.1
2025 02 28 12 137.5
2025 02 28 13 205.0
2025 02 28 14 203.0
2025 02 28 15 106.4
2025 02 28 16 11.2
2025 02 28 17 0.0
2025 02 28 18 0.0
2025 02 28 19 0.0
2025 02 28 20 0.0
2025 02 28 21 0.0
2025 02 28 22 0.0
2025 02 28 23 0.0
2025 03 01 00 0.0
2025 03 01 01 0.0
2025 03 01 02 0.0
2025 03 01 03 0.0
2025 03 01 04 0.0
2025 03 01 05 0.0
2025 03 01 06 6.7
2025 03 01 07 51.1
2025 03 01 08 99.3
2025 03 01 09 148.7
2025 03 01 10 149.6
2025 03 01 11 141.5
2025 03 01 12 147.7
2025 03 01 13 196.8
2025 03 01 14 87.8
2025 03 01 15 40.2
2025 03 01 16 4.9
2025 03 01 17 0.0
2025 03 01 18 0.0
2025 03 01 19 0.0
2025 03 01 20 0.0
2025 03 01 21 0.0
2025 03 01 22 0.0
2025 03 01 23 0.0
2025 03 02 00 0.0
2025 03 02 01 0.0
2025 03 02 02 0.0
2025 03 02 03 0.0
2025 03 02 04 0.0
2025 03 02 05 0.0
2025 03 02 06 14.2
2025 03 02 07 91.8
2025 03 02 08 151.3
2025 03 02 09 259.6
2025 03 02 10 365.3
2025 03 02 11 379.8
2025 03 02 12 290.3
2025 03 02 13 264.3
2025 03 02 14 173.1
2025 03 02 15 110.4
2025 03 02 16 12.1
2025 03 02 17 0.0
2025 03 02 18 0.0
2025 03 02 19 0.0
2025 03 02 20 0.0
2025 03 02 21 0.0
2025 03 02 22 0.0
2025 03 02 23 0.0
2025 03 03 00 0.0
2025 03 03 01 0.0
2025 03 03 02 0.0
2025 03 03 03 0.0
2025 03 03 04 0.0
2025 03 03 05 0.0
2025 03 03 06 17.2
2025 03 03 07 96.5
2025 03 03 08 209.6
2025 03 03 09 304.0
2025 03 03 10 392.9
2025 03 03 11 415.7
2025 03 03 12 399.8
2025 03 03 13 341.3
2025 03 03 14 231.9
2025 03 03 15 86.2
2025 03 03 16 15.3
2025 03 03 17 0.0
2025 03 03 18 0.0
2025 03 03 19 0.0
2025 03 03 20 0.0
2025 03 03 21 0.0
2025 03 03 22 0.0
2025 03 03 23 0.0
2025 03 04 00 0.0
2025 03 04 01 0.0
2025 03 04 02 0.0
2025 03 04 03 0.0
2025 03 04 04 0.0
2025 03 04 05 0.0
2025 03 04 06 21.1
2025 03 04 07 100.3
2025 03 04 08 179.0
2025 03 04 09 274.8
2025 03 04 10 286.9
2025 03 04 11 393.4
2025 03 04 12 361.7
2025 03 04 13 166.1
2025 03 04 14 176.8
2025 03 04 15 98.6
2025 03 04 16 20.0
2025 03 04 17 0.0
2025 03 04 18 0.0
2025 03 04 19 0.0
2025 03 04 20 0.0
2025 03 04 21 0.0
2025 03 04 22 0.0
2025 03 04 23 0.0
2025 03 05 00 0.0
2025 03 05 01 0.0
2025 03 05 02 0.0
2025 03 05 03 0.0
2025 03 05 04 0.0
2025 03 05 05 0.0
2025 03 05 06 19.3
2025 03 05 07 66.4
2025 03 05 08 130.4
2025 03 05 09 221.7
2025 03 05 10 246.9
2025 03 05 11 289.8
2025 03 05 12 334.6
2025 03 05 13 316.5
2025 03 05 14 182.3
2025 03 05 15 129.3
2025 03 05 16 19.5
2025 03 05 17 0.0
2025 03 05 18 0.0
2025 03 05 19 0.0
2025 03 05 20 0.0
2025 03 05 21 0.0
2025 03 05 22 0.0
2025 03 05 23 0.0
2025 03 06 00 0.0
2025 03 06 01 0.0
2025 03 06 02 0.0
2025 03 06 03 0.0
2025 03 06 04 0.0
2025 03 06 05 0.0
2025 03 06 06 18.4
2025 03 06 07 114.4
2025 03 06 08 132.1
2025 03 06 09 307.0
2025 03 06 10 317.6
2025 03 06 11 298.0
2025 03 06 12 305.7
2025 03 06 13 328.3
2025 03 06 14 252.6
2025 03 06 15 144.2
2025 03 06 16 31.1
2025 03 06 17 0.0
2025 03 06 18 0.0
2025 03 06 19 0.0
2025 03 06 20 0.0
2025 03 06 21 0.0
2025 03 06 22 0.0
2025 03 06 23 0.0
2025 03 07 00 0.0
2025 03 07 01 0.0
2025 03 07 02 0.0
2025 03 07 03 0.0
2025 03 07 04 0.0
2025 03 07 05 0.0
2025 03 07 06 12.8
2025 03 07 07 56.2
2025 03 07 08 94.3
2025 03 07 09 127.4
2025 03 07 10 205.6
2025 03 07 11 427.6
2025 03 07 12 409.4
2025 03 07 13 350.2
2025 03 07 14 257.3
2025 03 07 15 144.8
2025 03 07 16 34.0
2025 03 07 17 0.0
2025 03 07 18 0.0
2025 03 07 19 0.0
2025 03 07 20 0.0
2025 03 07 21 0.0
2025 03 07 22 0.0
2025 03 07 23 0.0
2025 03 08 00 0.0
2025 03 08 01 0.0
2025 03 08 02 0.0
2025 03 08 03 0.0
2025 03 08 04 0.0
2025 03 08 05 0.0
2025 03 08 06 36.5
2025 03 08 07 139.9
2025 03 08 08 269.0
2025 03 08 09 355.8
2025 03 08 10 427.6
2025 03 08 11 397.1
2025 03 08 12 373.6
2025 03 08 13 328.9
2025 03 08 14 270.5
2025 03 08 15 137.2
2025 03 08 16 25.4
2025 03 08 17 0.0
2025 03 08 18 0.0
2025 03 08 19 0.0
2025 03 08 20 0.0
2025 03 08 21 0.0
2025 03 08 22 0.0
2025 03 08 23 0.0
2025 03 09 00 0.0
2025 03 09 01 0.0
2025 03 09 02 0.0
2025 03 09 03 0.0
2025 03 09 04 0.0
2025 03 09 05 0.0
2025 03 09 06 15.0
2025 03 09 07 55.8
2025 03 09 08 190.4
2025 03 09 09 275.6
2025 03 09 10 367.3
2025 03 09 11 325.5
2025 03 09 12 416.5
2025 03 09 13 343.8
2025 03 09 14 233.1
2025 03 09 15 135.3
2025 03 09 16 28.1
2025 03 09 17 0.0
2025 03 09 18 0.0
2025 03 09 19 0.0
2025 03 09 20 0.0
2025 03 09 21 0.0
2025 03 09 22 0.0
2025 03 09 23 0.0
2025 03 10 00 0.0
2025 03 10 01 0.0
2025 03 10 02 0.0
2025 03 10 03 0.0
2025 03 10 04 0.0
2025 03 10 05 0.0
2025 03 10 06 16.4
2025 03 10 07 57.1
2025 03 10 08 97.7
2025 03 10 09 130.0
2025 03 10 10 151.0
2025 03 10 11 157.3
2025 03 10 12 148.3
2025 03 10 13 125.5
2025 03 10 14 91.1
2025 03 10 15 50.8
2025 03 10 16 13.6
2025 03 10 17 0.0
2025 03 10 18 0.0
2025 03 10 19 0.0
2025 03 10 20 0.0
2025 03 10 21 0.0
2025 03 10 22 0.0
2025 03 10 23 0.0
2025 03 11 00 0.0
2025 03 11 01 0.0
2025 03 11 02 0.0
2025 03 11 03 0.0
2025 03 11 04 0.0
2025 03 11 05 0.0
2025 03 11 06 20.4
2025 03 11 07 64.3
2025 03 11 08 110.4
2025 03 11 09 146.5
2025 03 11 10 237.0
2025 03 11 11 232.4
2025 03 11 12 311.1
2025 03 11 13 169.9
2025 03 11 14 112.5
2025 03 11 15 86.6
2025 03 11 16 18.4
2025 03 11 17 0.0
2025 03 11 18 0.0
2025 03 11 19 0.0
2025 03 11 20 0.0
2025 03 11 21 0.0
2025 03 11 22 0.0
2025 03 11 23 0.0
2025 03 12 00 0.0
2025 03 12 01 0.0
2025 03 12 02 0.0
2025 03 12 03 0.0
2025 03 12 04 0.0
2025 03 12 05 0.0
2025 03 12 06 21.3
2025 03 12 07 84.6
2025 03 12 08 106.7
2025 03 12 09 140.5
2025 03 12 10 162.0
2025 03 12 11 168.8
2025 03 12 12 160.7
2025 03 12 13 137.5
2025 03 12 14 102.5
2025 03 12 15 60.4
2025 03 12 16 18.3
2025 03 12 17 0.0
2025 03 12 18 0.0
2025 03 12 19 0.0
2025 03 12 20 0.0
2025 03 12 21 0.0
2025 03 12 22 0.0
2025 03 12 23 0.0
2025 03 13 00 0.0
2025 03 13 01 0.0
2025 03 13 02 0.0
2025 03 13 03 0.0
2025 03 13 04 0.0
2025 03 13 05 0.0
2025 03 13 06 25.0
2025 03 13 07 70.1
2025 03 13 08 113.4
2025 03 13 09 150.0
2025 03 13 10 172.3
2025 03 13 11 178.4
2025 03 13 12 171.5
2025 03 13 13 145.5
2025 03 13 14 116.4
2025 03 13 15 91.8
2025 03 13 16 26.8
2025 03 13 17 0.0
2025 03 13 18 0.0
2025 03 13 19 0.0
2025 03 13 20 0.0
2025 03 13 21 0.0
2025 03 13 22 0.0
2025 03 13 23 0.0
2025 03 14 00 0.0
2025 03 14 01 0.0
2025 03 14 02 0.0
2025 03 14 03 0.0
2025 03 14 04 0.0
2025 03 14 05 0.0
2025 03 14 06 81.5
2025 03 14 07 213.5
2025 03 14 08 338.3
2025 03 14 09 435.5
2025 03 14 10 490.2
2025 03 14 11 506.0
2025 03 14 12 484.7
2025 03 14 13 410.2
2025 03 14 14 264.8
2025 03 14 15 183.4
2025 03 14 16 37.8
2025 03 14 17 0.0
2025 03 14 18 0.0
2025 03 14 19 0.0
2025 03 14 20 0.0
2025 03 14 21 0.0
2025 03 14 22 0.0
2025 03 14 23 0.0
2025 03 15 00 0.0
2025 03 15 01 0.0
2025 03 15 02 0.0
2025 03 15 03 0.0
2025 03 15 04 0.0
2025 03 15 05 0.0
2025 03 15 06 81.0
2025 03 15 07 207.4
2025 03 15 08 327.3
2025 03 15 09 399.8
2025 03 15 10 373.3
2025 03 15 11 354.7
2025 03 15 12 304.3
2025 03 15 13 404.8
2025 03 15 14 288.6
2025 03 15 15 158.9
2025 03 15 16 65.7
2025 03 15 17 0.0
2025 03 15 18 0.0
2025 03 15 19 0.0
2025 03 15 20 0.0
2025 03 15 21 0.0
2025 03 15 22 0.0
2025 03 15 23 0.0
2025 03 16 00 0.0
2025 03 16 01 0.0
2025 03 16 02 0.0
2025 03 16 03 0.0
2025 03 16 04 0.0
2025 03 16 05 0.0
2025 03 16 06 58.2
2025 03 16 07 114.5
2025 03 16 08 239.7
2025 03 16 09 436.3
2025 03 16 10 501.3
2025 03 16 11 452.4
2025 03 16 12 375.6
2025 03 16 13 312.4
2025 03 16 14 296.4
2025 03 16 15 113.8
2025 03 16 16 62.4
2025 03 16 17 0.0
2025 03 16 18 0.0
2025 03 16 19 0.0
2025 03 16 20 0.0
2025 03 16 21 0.0
2025 03 16 22 0.0
2025 03 16 23 0.0
2025 03 17 00 0.0
2025 03 17 01 0.0
2025 03 17 02 0.0
2025 03 17 03 0.0
2025 03 17 04 0.0
2025 03 17 05 0.0
2025 03 17 06 85.0
2025 03 17 07 214.6
2025 03 17 08 333.5
2025 03 17 09 409.5
2025 03 17 10 437.0
2025 03 17 11 435.5
2025 03 17 12 456.8
2025 03 17 13 367.5
2025 03 17 14 304.1
2025 03 17 15 75.9
2025 03 17 16 29.3
2025 03 17 17 0.0
2025 03 17 18 0.0
2025 03 17 19 0.0
2025 03 17 20 0.0
2025 03 17 21 0.0
2025 03 17 22 0.0
2025 03 17 23 0.0
2025 03 18 00 0.0
2025 03 18 01 0.0
2025 03 18 02 0.0
2025 03 18 03 0.0
2025 03 18 04 0.0
2025 03 18 05 1.9
2025 03 18 06 77.5
2025 03 18 07 143.9
2025 03 18 08 267.9
2025 03 18 09 393.9
2025 03 18 10 448.4
2025 03 18 11 471.3
2025 03 18 12 407.9
2025 03 18 13 418.9
2025 03 18 14 315.4
2025 03 18 15 208.3
2025 03 18 16 77.8
2025 03 18 17 0.0
2025 03 18 18 0.0
2025 03 18 19 0.0
2025 03 18 20 0.0
2025 03 18 21 0.0
2025 03 18 22 0.0
2025 03 18 23 0.0
2025 03 19 00 0.0
2025 03 19 01 0.0
2025 03 19 02 0.0
2025 03 19 03 0.0
2025 03 19 04 0.0
2025 03 19 05 3.9
2025 03 19 06 70.4
2025 03 19 07 180.5
2025 03 19 08 310.0
2025 03 19 09 376.4
2025 03 19 10 483.9
2025 03 19 11 533.8
2025 03 19 12 506.1
2025 03 19 13 444.1
2025 03 19 14 346.9
2025 03 19 15 224.2
2025 03 19 16 92.8
2025 03 19 17 0.0
2025 03 19 18 0.0
2025 03 19 19 0.0
2025 03 19 20 0.0
2025 03 19 21 0.0
2025 03 19 22 0.0
2025 03 19 23 0.0
2025 03 20 00 0.0
2025 03 20 01 0.0
2025 03 20 02 0.0
2025 03 20 03 0.0
2025 03 20 04 0.0
2025 03 20 05 5.7
2025 03 20 06 83.3
2025 03 20 07 182.1
2025 03 20 08 347.1
2025 03 20 09 408.2
2025 03 20 10 295.5
2025 03 20 11 518.8
2025 03 20 12 483.2
2025 03 20 13 446.0
2025 03 20 14 242.2
2025 03 20 15 214.6
2025 03 20 16 92.1
2025 03 20 17 1.2
2025 03 20 18 0.0
2025 03 20 19 0.0
2025 03 20 20 0.0
2025 03 20 21 0.0
2025 03 20 22 0.0
2025 03 20 23 0.0
2025 03 21 00 0.0
2025 03 21 01 0.0
2025 03 21 02 0.0
2025 03 21 03 0.0
2025 03 21 04 0.0
2025 03 21 05 10.7
2025 03 21 06 118.8
2025 03 21 07 251.3
2025 03 21 08 373.2
2025 03 21 09 468.2
2025 03 21 10 526.7
2025 03 21 11 543.7
2025 03 21 12 512.5
2025 03 21 13 412.6
2025 03 21 14 316.7
2025 03 21 15 209.0
2025 03 21 16 97.8
2025 03 21 17 1.9
2025 03 21 18 0.0
2025 03 21 19 0.0
2025 03 21 20 0.0
2025 03 21 21 0.0
2025 03 21 22 0.0
2025 03 21 23 0.0
2025 03 22 00 0.0
2025 03 22 01 0.0
2025 03 22 02 0.0
2025 03 22 03 0.0
2025 03 22 04 0.0
2025 03 22 05 9.4
2025 03 22 06 54.8
2025 03 22 07 107.8
2025 03 22 08 141.5
2025 03 22 09 197.7
2025 03 22 10 396.9
2025 03 22 11 493.6
2025 03 22 12 451.3
2025 03 22 13 327.3
2025 03 22 14 296.3
2025 03 22 15 227.0
2025 03 22 16 102.2
2025 03 22 17 3.7
2025 03 22 18 0.0
2025 03 22 19 0.0
2025 03 22 20 0.0
2025 03 22 21 0.0
2025 03 22 22 0.0
2025 03 22 23 0.0
2025 03 23 00 0.0
2025 03 23 01 0.0
2025 03 23 02 0.0
2025 03 23 03 0.0
2025 03 23 04 0.0
2025 03 23 05 19.6
2025 03 23 06 143.1
2025 03 23 07 280.1
2025 03 23 08 401.1
2025 03 23 09 494.0
2025 03 23 10 550.0
2025 03 23 11 567.5
2025 03 23 12 543.5
2025 03 23 13 478.0
2025 03 23 14 377.4
2025 03 23 15 251.5
2025 03 23 16 116.0
2025 03 23 17 7.0
2025 03 23 18 0.0
2025 03 23 19 0.0
2025 03 23 20 0.0
2025 03 23 21 0.0
2025 03 23 22 0.0
2025 03 23 23 0.0
2025 03 24 00 0.0
2025 03 24 01 0.0
2025 03 24 02 0.0
2025 03 24 03 0.0
2025 03 24 04 0.0
2025 03 24 05 20.8
2025 03 24 06 133.1
2025 03 24 07 264.0
2025 03 24 08 382.3
2025 03 24 09 473.5
2025 03 24 10 530.0
2025 03 24 11 540.6
2025 03 24 12 447.1
2025 03 24 13 440.2
2025 03 24 14 286.7
2025 03 24 15 172.4
2025 03 24 16 87.2
2025 03 24 17 6.9
2025 03 24 18 0.0
2025 03 24 19 0.0
2025 03 24 20 0.0
2025 03 24 21 0.0
2025 03 24 22 0.0
2025 03 24 23 0.0
2025 03 25 00 0.0
2025 03 25 01 0.0
2025 03 25 02 0.0
2025 03 25 03 0.0
2025 03 25 04 0.0
2025 03 25 05 7.9
2025 03 25 06 45.3
2025 03 25 07 90.9
2025 03 25 08 134.5
2025 03 25 09 168.6
2025 03 25 10 189.3
2025 03 25 11 195.9
2025 03 25 12 186.7
2025 03 25 13 163.7
2025 03 25 14 128.7
2025 03 25 15 85.9
2025 03 25 16 40.7
2025 03 25 17 4.0
2025 03 25 18 0.0
2025 03 25 19 0.0
2025 03 25 20 0.0
2025 03 25 21 0.0
2025 03 25 22 0.0
2025 03 25 23 0.0
2025 03 26 00 0.0
2025 03 26 01 0.0
2025 03 26 02 0.0
2025 03 26 03 0.0
2025 03 26 04 0.0
2025 03 26 05 10.1
2025 03 26 06 50.3
2025 03 26 07 97.3
2025 03 26 08 168.0
2025 03 26 09 179.2
2025 03 26 10 199.7
2025 03 26 11 310.1
2025 03 26 12 243.5
2025 03 26 13 211.5
2025 03 26 14 211.7
2025 03 26 15 211.2
2025 03 26 16 121.2
2025 03 26 17 13.5
2025 03 26 18 0.0
2025 03 26 19 0.0
2025 03 26 20 0.0
2025 03 26 21 0.0
2025 03 26 22 0.0
2025 03 26 23 0.0
2025 03 27 00 0.0
2025 03 27 01 0.0
2025 03 27 02 0.0
2025 03 27 03 0.0
2025 03 27 04 0.0
2025 03 27 05 31.7
2025 03 27 06 102.8
2025 03 27 07 160.4
2025 03 27 08 347.7
2025 03 27 09 279.4
2025 03 27 10 330.1
2025 03 27 11 201.4
2025 03 27 12 191.4
2025 03 27 13 167.3
2025 03 27 14 132.5
2025 03 27 15 89.2
2025 03 27 16 45.5
2025 03 27 17 5.8
2025 03 27 18 0.0
2025 03 27 19 0.0
2025 03 27 20 0.0
2025 03 27 21 0.0
2025 03 27 22 0.0
2025 03 27 23 0.0
2025 03 28 00 0.0
2025 03 28 01 0.0
2025 03 28 02 0.0
2025 03 28 03 0.0
2025 03 28 04 0.0
2025 03 28 05 13.8
2025 03 28 06 54.1
2025 03 28 07 101.1
2025 03 28 08 153.7
2025 03 28 09 413.4
2025 03 28 10 357.2
2025 03 28 11 518.9
2025 03 28 12 547.7
2025 03 28 13 478.9
2025 03 28 14 381.4
2025 03 28 15 237.9
2025 03 28 16 129.6
2025 03 28 17 18.9
2025 03 28 18 0.0
2025 03 28 19 0.0
2025 03 28 20 0.0
2025 03 28 21 0.0
2025 03 28 22 0.0
2025 03 28 23 0.0
2025 03 29 00 0.0
2025 03 29 01 0.0
2025 03 29 02 0.0
2025 03 29 03 0.0
2025 03 29 04 0.0
2025 03 29 05 40.5
2025 03 29 06 149.7
2025 03 29 07 257.1
2025 03 29 08 402.9
2025 03 29 09 496.5
2025 03 29 10 490.3
2025 03 29 11 545.3
2025 03 29 12 515.9
2025 03 29 13 351.4
2025 03 29 14 357.3
2025 03 29 15 152.5
2025 03 29 16 111.0
2025 03 29 17 15.6
2025 03 29 18 0.0
2025 03 29 19 0.0
2025 03 29 20 0.0
2025 03 29 21 0.0
2025 03 29 22 0.0
2025 03 29 23 0.0
2025 03 30 00 0.0
2025 03 30 01 0.0
2025 03 30 02 0.0
2025 03 30 03 0.0
2025 03 30 04 0.0
2025 03 30 05 39.2
2025 03 30 06 142.4
2025 03 30 07 253.5
2025 03 30 08 278.7
2025 03 30 09 252.4
2025 03 30 10 456.1
2025 03 30 11 363.9
2025 03 30 12 262.5
2025 03 30 13 180.0
2025 03 30 14 144.1
2025 03 30 15 174.8
2025 03 30 16 81.2
2025 03 30 17 9.4
2025 03 30 18 0.0
2025 03 30 19 0.0
2025 03 30 20 0.0
2025 03 30 21 0.0
2025 03 30 22 0.0
2025 03 30 23 0.0
2025 03 31 00 0.0
2025 03 31 01 0.0
2025 03 31 02 0.0
2025 03 31 03 0.0
2025 03 31 04 0.0
2025 03 31 05 19.9
2025 03 31 06 92.5
2025 03 31 07 111.2
2025 03 31 08 166.9
2025 03 31 09 387.7
2025 03 31 10 219.2
2025 03 31 11 212.8
2025 03 31 12 357.3
2025 03 31 13 313.4
2025 03 31 14 376.9
2025 03 31 15 254.6
2025 03 31 16 125.1
2025 03 31 17 26.1
2025 03 31 18 0.0
2025 03 31 19 0.0
2025 03 31 20 0.0
2025 03 31 21 0.0
2025 03 31 22 0.0
2025 03 31 23 0.0
2025 04 01 00 0.0
2025 04 01 01 0.0
2025 04 01 02 0.0
2025 04 01 03 0.0
2025 04 01 04 0.0
2025 04 01 05 48.2
2025 04 01 06 155.7
2025 04 01 07 309.0
2025 04 01 08 438.8
2025 04 01 09 531.3
2025 04 01 10 588.4
2025 04 01 11 593.1
2025 04 01 12 571.2
2025 04 01 13 510.7
2025 04 01 14 409.2
2025 04 01 15 287.0
2025 04 01 16 153.2
2025 04 01 17 32.7
2025 04 01 18 0.0
2025 04 01 19 0.0
2025 04 01 20 0.0
2025 04 01 21 0.0
2025 04 01 22 0.0
2025 04 01 23 0.0
2025 04 02 00 0.0
2025 04 02 01 0.0
2025 04 02 02 0.0
2025 04 02 03 0.0
2025 04 02 04 0.0
2025 04 02 05 44.9
2025 04 02 06 149.9
2025 04 02 07 244.6
2025 04 02 08 353.4
2025 04 02 09 421.0
2025 04 02 10 486.5
2025 04 02 11 494.9
2025 04 02 12 469.3
2025 04 02 13 342.9
2025 04 02 14 311.3
2025 04 02 15 209.6
2025 04 02 16 116.1
2025 04 02 17 26.8
2025 04 02 18 0.0
2025 04 02 19 0.0
2025 04 02 20 0.0
2025 04 02 21 0.0
2025 04 02 22 0.0
2025 04 02 23 0.0
2025 04 03 00 0.0
2025 04 03 01 0.0
2025 04 03 02 0.0
2025 04 03 03 0.0
2025 04 03 04 0.0
2025 04 03 05 68.3
2025 04 03 06 199.2
2025 04 03 07 332.8
2025 04 03 08 455.6
2025 04 03 09 550.1
2025 04 03 10 605.1
2025 04 03 11 618.5
2025 04 03 12 591.5
2025 04 03 13 527.9
2025 04 03 14 428.1
2025 04 03 15 302.9
2025 04 03 16 165.8
2025 04 03 17 40.7
2025 04 03 18 0.0
2025 04 03 19 0.0
2025 04 03 20 0.0
2025 04 03 21 0.0
2025 04 03 22 0.0
2025 04 03 23 0.0
2025 04 04 00 0.0
2025 04 04 01 0.0
2025 04 04 02 0.0
2025 04 04 03 0.0
2025 04 04 04 0.0
2025 04 04 05 77.9
2025 04 04 06 214.9
2025 04 04 07 353.5
2025 04 04 08 474.5
2025 04 04 09 565.5
2025 04 04 10 617.6
2025 04 04 11 567.7
2025 04 04 12 397.1
2025 04 04 13 262.2
2025 04 04 14 322.8
2025 04 04 15 155.8
2025 04 04 16 70.0
2025 04 04 17 17.9
2025 04 04 18 0.0
2025 04 04 19 0.0
2025 04 04 20 0.0
2025 04 04 21 0.0
2025 04 04 22 0.0
2025 04 04 23 0.0
2025 04 05 00 0.0
2025 04 05 01 0.0
2025 04 05 02 0.0
2025 04 05 03 0.0
2025 04 05 04 0.0
2025 04 05 05 73.0
2025 04 05 06 171.3
2025 04 05 07 324.8
2025 04 05 08 247.8
2025 04 05 09 475.3
2025 04 05 10 352.6
2025 04 05 11 372.4
2025 04 05 12 221.7
2025 04 05 13 197.7
2025 04 05 14 222.2
2025 04 05 15 293.2
2025 04 05 16 180.0
2025 04 05 17 50.4
2025 04 05 18 0.0
2025 04 05 19 0.0
2025 04 05 20 0.0
2025 04 05 21 0.0
2025 04 05 22 0.0
2025 04 05 23 0.0
2025 04 06 00 0.0
2025 04 06 01 0.0
2025 04 06 02 0.0
2025 04 06 03 0.0
2025 04 06 04 0.0
2025 04 06 05 31.6
2025 04 06 06 80.2
2025 04 06 07 128.4
2025 04 06 08 176.5
2025 04 06 09 207.3
2025 04 06 10 223.5
2025 04 06 11 228.5
2025 04 06 12 217.0
2025 04 06 13 192.7
2025 04 06 14 156.2
2025 04 06 15 112.1
2025 04 06 16 63.1
2025 04 06 17 19.2
2025 04 06 18 0.0
2025 04 06 19 0.0
2025 04 06 20 0.0
2025 04 06 21 0.0
2025 04 06 22 0.0
2025 04 06 23 0.0
2025 04 07 00 0.0
2025 04 07 01 0.0
2025 04 07 02 0.0
2025 04 07 03 0.0
2025 04 07 04 0.6
2025 04 07 05 32.5
2025 04 07 06 87.0
2025 04 07 07 186.5
2025 04 07 08 221.9
2025 04 07 09 381.4
2025 04 07 10 422.9
2025 04 07 11 261.3
2025 04 07 12 396.5
2025 04 07 13 411.9
2025 04 07 14 414.1
2025 04 07 15 233.8
2025 04 07 16 165.5
2025 04 07 17 54.6
2025 04 07 18 0.0
2025 04 07 19 0.0
2025 04 07 20 0.0
2025 04 07 21 0.0
2025 04 07 22 0.0
2025 04 07 23 0.0
2025 04 08 00 0.0
2025 04 08 01 0.0
2025 04 08 02 0.0
2025 04 08 03 0.0
2025 04 08 04 3.5
2025 04 08 05 90.0
2025 04 08 06 236.5
2025 04 08 07 367.6
2025 04 08 08 492.4
2025 04 08 09 584.7
2025 04 08 10 635.8
2025 04 08 11 579.9
2025 04 08 12 337.2
2025 04 08 13 498.6
2025 04 08 14 405.3
2025 04 08 15 130.6
2025 04 08 16 65.2
2025 04 08 17 20.2
2025 04 08 18 0.0
2025 04 08 19 0.0
2025 04 08 20 0.0
2025 04 08 21 0.0
2025 04 08 22 0.0
2025 04 08 23 0.0
2025 04 09 00 0.0
2025 04 09 01 0.0
2025 04 09 02 0.0
2025 04 09 03 0.0
2025 04 09 04 2.5
2025 04 09 05 42.8
2025 04 09 06 85.7
2025 04 09 07 136.7
2025 04 09 08 310.6
2025 04 09 09 411.8
2025 04 09 10 495.5
2025 04 09 11 648.2
2025 04 09 12 634.7
2025 04 09 13 205.3
2025 04 09 14 253.6
2025 04 09 15 134.4
2025 04 09 16 120.0
2025 04 09 17 46.9
2025 04 09 18 0.0
2025 04 09 19 0.0
2025 04 09 20 0.0
2025 04 09 21 0.0
2025 04 09 22 0.0
2025 04 09 23 0.0
2025 04 10 00 0.0
2025 04 10 01 0.0
2025 04 10 02 0.0
2025 04 10 03 0.0
2025 04 10 04 7.6
2025 04 10 05 49.1
2025 04 10 06 244.7
2025 04 10 07 333.1
2025 04 10 08 320.3
2025 04 10 09 481.1
2025 04 10 10 230.4
2025 04 10 11 477.7
2025 04 10 12 226.8
2025 04 10 13 279.4
2025 04 10 14 163.9
2025 04 10 15 115.5
2025 04 10 16 80.4
2025 04 10 17 22.2
2025 04 10 18 0.0
2025 04 10 19 0.0
2025 04 10 20 0.0
2025 04 10 21 0.0
2025 04 10 22 0.0
2025 04 10 23 0.0
2025 04 11 00 0.0
2025 04 11 01 0.0
2025 04 11 02 0.0
2025 04 11 03 0.0
2025 04 11 04 8.6
2025 04 11 05 82.4
2025 04 11 06 194.1
2025 04 11 07 317.6
2025 04 11 08 506.8
2025 04 11 09 596.5
2025 04 11 10 651.1
2025 04 11 11 661.1
2025 04 11 12 625.1
2025 04 11 13 511.6
2025 04 11 14 294.1
2025 04 11 15 140.9
2025 04 11 16 72.5
2025 04 11 17 25.9
2025 04 11 18 0.0
2025 04 11 19 0.0
2025 04 11 20 0.0
2025 04 11 21 0.0
2025 04 11 22 0.0
2025 04 11 23 0.0
2025 04 12 00 0.0
2025 04 12 01 0.0
2025 04 12 02 0.0
2025 04 12 03 0.0
2025 04 12 04 10.1
2025 04 12 05 90.0
2025 04 12 06 235.2
2025 04 12 07 278.4
2025 04 12 08 312.4
2025 04 12 09 316.6
2025 04 12 10 439.1
2025 04 12 11 308.4
2025 04 12 12 344.0
2025 04 12 13 531.6
2025 04 12 14 470.0
2025 04 12 15 346.1
2025 04 12 16 206.4
2025 04 12 17 75.7
2025 04 12 18 0.0
2025 04 12 19 0.0
2025 04 12 20 0.0
2025 04 12 21 0.0
2025 04 12 22 0.0
2025 04 12 23 0.0
2025 04 13 00 0.0
2025 04 13 01 0.0
2025 04 13 02 0.0
2025 04 13 03 0.0
2025 04 13 04 16.1
2025 04 13 05 120.8
2025 04 13 06 255.5
2025 04 13 07 388.2
2025 04 13 08 501.5
2025 04 13 09 588.3
2025 04 13 10 644.4
2025 04 13 11 647.8
2025 04 13 12 590.7
2025 04 13 13 354.4
2025 04 13 14 315.0
2025 04 13 15 128.0
2025 04 13 16 72.8
2025 04 13 17 25.7
2025 04 13 18 0.0
2025 04 13 19 0.0
2025 04 13 20 0.0
2025 04 13 21 0.0
2025 04 13 22 0.0
2025 04 13 23 0.0
2025 04 14 00 0.0
2025 04 14 01 0.0
2025 04 14 02 0.0
2025 04 14 03 0.0
2025 04 14 04 18.1
2025 04 14 05 116.3
2025 04 14 06 248.7
2025 04 14 07 360.1
2025 04 14 08 348.0
2025 04 14 09 477.2
2025 04 14 10 658.0
2025 04 14 11 651.4
2025 04 14 12 638.9
2025 04 14 13 527.4
2025 04 14 14 476.0
2025 04 14 15 348.1
2025 04 14 16 201.5
2025 04 14 17 79.8
2025 04 14 18 0.0
2025 04 14 19 0.0
2025 04 14 20 0.0
2025 04 14 21 0.0
2025 04 14 22 0.0
2025 04 14 23 0.0
2025 04 15 00 0.0
2025 04 15 01 0.0
2025 04 15 02 0.0
2025 04 15 03 0.0
2025 04 15 04 25.3
2025 04 15 05 142.5
2025 04 15 06 284.4
2025 04 15 07 420.3
2025 04 15 08 528.8
2025 04 15 09 603.6
2025 04 15 10 654.1
2025 04 15 11 681.9
2025 04 15 12 654.1
2025 04 15 13 586.4
2025 04 15 14 485.2
2025 04 15 15 358.3
2025 04 15 16 219.5
2025 04 15 17 86.5
2025 04 15 18 1.9
2025 04 15 19 0.0
2025 04 15 20 0.0
2025 04 15 21 0.0
2025 04 15 22 0.0
2025 04 15 23 0.0
2025 04 16 00 0.0
2025 04 16 01 0.0
2025 04 16 02 0.0
2025 04 16 03 0.0
2025 04 16 04 19.1
2025 04 16 05 110.8
2025 04 16 06 225.9
2025 04 16 07 346.7
2025 04 16 08 470.9
2025 04 16 09 446.6
2025 04 16 10 579.4
2025 04 16 11 600.0
2025 04 16 12 554.2
2025 04 16 13 305.7
2025 04 16 14 199.1
2025 04 16 15 198.1
2025 04 16 16 108.2
2025 04 16 17 53.3
2025 04 16 18 1.1
2025 04 16 19 0.0
2025 04 16 20 0.0
2025 04 16 21 0.0
2025 04 16 22 0.0
2025 04 16 23 0.0
2025 04 17 00 0.0
2025 04 17 01 0.0
2025 04 17 02 0.0
2025 04 17 03 0.0
2025 04 17 04 16.3
2025 04 17 05 60.0
2025 04 17 06 99.8
2025 04 17 07 155.1
2025 04 17 08 189.8
2025 04 17 09 221.5
2025 04 17 10 240.2
2025 04 17 11 244.4
2025 04 17 12 238.0
2025 04 17 13 223.0
2025 04 17 14 365.2
2025 04 17 15 147.4
2025 04 17 16 80.9
2025 04 17 17 49.0
2025 04 17 18 1.8
2025 04 17 19 0.0
2025 04 17 20 0.0
2025 04 17 21 0.0
2025 04 17 22 0.0
2025 04 17 23 0.0
2025 04 18 00 0.0
2025 04 18 01 0.0
2025 04 18 02 0.0
2025 04 18 03 0.0
2025 04 18 04 10.4
2025 04 18 05 45.6
2025 04 18 06 89.0
2025 04 18 07 132.4
2025 04 18 08 171.0
2025 04 18 09 201.0
2025 04 18 10 223.3
2025 04 18 11 221.8
2025 04 18 12 395.5
2025 04 18 13 286.1
2025 04 18 14 190.8
2025 04 18 15 110.1
2025 04 18 16 91.7
2025 04 18 17 26.2
2025 04 18 18 3.7
2025 04 18 19 0.0
2025 04 18 20 0.0
2025 04 18 21 0.0
2025 04 18 22 0.0
2025 04 18 23 0.0
2025 04 19 00 0.0
2025 04 19 01 0.0
2025 04 19 02 0.0
2025 04 19 03 0.0
2025 04 19 04 10.9
2025 04 19 05 46.2
2025 04 19 06 94.7
2025 04 19 07 140.9
2025 04 19 08 182.0
2025 04 19 09 212.9
2025 04 19 10 230.6
2025 04 19 11 234.4
2025 04 19 12 224.0
2025 04 19 13 200.0
2025 04 19 14 165.2
2025 04 19 15 171.8
2025 04 19 16 75.7
2025 04 19 17 34.6
2025 04 19 18 2.9
2025 04 19 19 0.0
2025 04 19 20 0.0
2025 04 19 21 0.0
2025 04 19 22 0.0
2025 04 19 23 0.0
2025 04 20 00 0.0
2025 04 20 01 0.0
2025 04 20 02 0.0
2025 04 20 03 0.0
2025 04 20 04 16.5
2025 04 20 05 54.4
2025 04 20 06 104.2
2025 04 20 07 153.1
2025 04 20 08 196.0
2025 04 20 09 227.6
2025 04 20 10 246.3
2025 04 20 11 250.4
2025 04 20 12 243.5
2025 04 20 13 215.3
2025 04 20 14 179.2
2025 04 20 15 134.5
2025 04 20 16 85.3
2025 04 20 17 38.1
2025 04 20 18 3.8
2025 04 20 19 0.0
2025 04 20 20 0.0
2025 04 20 21 0.0
2025 04 20 22 0.0
2025 04 20 23 0.0
2025 04 21 00 0.0
2025 04 21 01 0.0
2025 04 21 02 0.0
2025 04 21 03 0.0
2025 04 21 04 16.8
2025 04 21 05 60.1
2025 04 21 06 109.7
2025 04 21 07 157.9
2025 04 21 08 199.8
2025 04 21 09 231.4
2025 04 21 10 253.4
2025 04 21 11 256.2
2025 04 21 12 244.2
2025 04 21 13 219.0
2025 04 21 14 183.0
2025 04 21 15 137.6
2025 04 21 16 88.0
2025 04 21 17 39.9
2025 04 21 18 4.6
2025 04 21 19 0.0
2025 04 21 20 0.0
2025 04 21 21 0.0
2025 04 21 22 0.0
2025 04 21 23 0.0
2025 04 22 00 0.0
2025 04 22 01 0.0
2025 04 22 02 0.0
2025 04 22 03 0.0
2025 04 22 04 17.1
2025 04 22 05 59.5
2025 04 22 06 109.0
2025 04 22 07 157.4
2025 04 22 08 198.8
2025 04 22 09 230.2
2025 04 22 10 248.2
2025 04 22 11 253.0
2025 04 22 12 240.8
2025 04 22 13 216.1
2025 04 22 14 188.8
2025 04 22 15 136.4
2025 04 22 16 85.1
2025 04 22 17 38.4
2025 04 22 18 5.2
2025 04 22 19 0.0
2025 04 22 20 0.0
2025 04 22 21 0.0
2025 04 22 22 0.0
2025 04 22 23 0.0
2025 04 23 00 0.0
2025 04 23 01 0.0
2025 04 23 02 0.0
2025 04 23 03 0.0
2025 04 23 04 20.6
2025 04 23 05 65.5
2025 04 23 06 108.9
2025 04 23 07 157.4
2025 04 23 08 200.9
2025 04 23 09 232.4
2025 04 23 10 249.1
2025 04 23 11 253.2
2025 04 23 12 243.0
2025 04 23 13 218.7
2025 04 23 14 183.2
2025 04 23 15 138.9
2025 04 23 16 90.5
2025 04 23 17 43.9
2025 04 23 18 6.4
2025 04 23 19 0.0
2025 04 23 20 0.0
2025 04 23 21 0.0
2025 04 23 22 0.0
2025 04 23 23 0.0
2025 04 24 00 0.0
2025 04 24 01 0.0
2025 04 24 02 0.0
2025 04 24 03 0.0
2025 04 24 04 62.8
2025 04 24 05 194.1
2025 04 24 06 327.4
2025 04 24 07 461.9
2025 04 24 08 593.6
2025 04 24 09 680.5
2025 04 24 10 728.9
2025 04 24 11 660.8
2025 04 24 12 627.0
2025 04 24 13 624.7
2025 04 24 14 497.2
2025 04 24 15 155.8
2025 04 24 16 156.0
2025 04 24 17 113.6
2025 04 24 18 16.9
2025 04 24 19 0.0
2025 04 24 20 0.0
2025 04 24 21 0.0
2025 04 24 22 0.0
2025 04 24 23 0.0
2025 04 25 00 0.0
2025 04 25 01 0.0
2025 04 25 02 0.0
2025 04 25 03 0.0
2025 04 25 04 67.8
2025 04 25 05 198.8
2025 04 25 06 343.0
2025 04 25 07 483.2
2025 04 25 08 598.0
2025 04 25 09 438.3
2025 04 25 10 602.2
2025 04 25 11 497.7
2025 04 25 12 573.7
2025 04 25 13 434.9
2025 04 25 14 197.7
2025 04 25 15 385.8
2025 04 25 16 208.7
2025 04 25 17 133.6
2025 04 25 18 24.0
2025 04 25 19 0.0
2025 04 25 20 0.0
2025 04 25 21 0.0
2025 04 25 22 0.0
2025 04 25 23 0.0
2025 04 26 00 0.0
2025 04 26 01 0.0
2025 04 26 02 0.0
2025 04 26 03 0.0
2025 04 26 04 72.8
2025 04 26 05 202.0
2025 04 26 06 344.5
2025 04 26 07 480.9
2025 04 26 08 596.3
2025 04 26 09 649.0
2025 04 26 10 529.3
2025 04 26 11 512.1
2025 04 26 12 449.7
2025 04 26 13 444.1
2025 04 26 14 512.0
2025 04 26 15 258.3
2025 04 26 16 155.9
2025 04 26 17 129.9
2025 04 26 18 26.7
2025 04 26 19 0.0
2025 04 26 20 0.0
2025 04 26 21 0.0
2025 04 26 22 0.0
2025 04 26 23 0.0
2025 04 27 00 0.0
2025 04 27 01 0.0
2025 04 27 02 0.0
2025 04 27 03 0.0
2025 04 27 04 72.6
2025 04 27 05 185.1
2025 04 27 06 279.1
2025 04 27 07 412.6
2025 04 27 08 482.0
2025 04 27 09 587.5
2025 04 27 10 612.4
2025 04 27 11 665.4
2025 04 27 12 682.0
2025 04 27 13 617.5
2025 04 27 14 475.6
2025 04 27 15 402.4
2025 04 27 16 222.0
2025 04 27 17 123.6
2025 04 27 18 26.4
2025 04 27 19 0.0
2025 04 27 20 0.0
2025 04 27 21 0.0
2025 04 27 22 0.0
2025 04 27 23 0.0
2025 04 28 00 0.0
2025 04 28 01 0.0
2025 04 28 02 0.0
2025 04 28 03 0.4
2025 04 28 04 31.6
2025 04 28 05 123.4
2025 04 28 06 279.0
2025 04 28 07 385.8
2025 04 28 08 460.7
2025 04 28 09 335.8
2025 04 28 10 255.6
2025 04 28 11 303.3
2025 04 28 12 281.4
2025 04 28 13 254.9
2025 04 28 14 189.7
2025 04 28 15 145.9
2025 04 28 16 154.9
2025 04 28 17 72.8
2025 04 28 18 11.3
2025 04 28 19 0.0
2025 04 28 20 0.0
2025 04 28 21 0.0
2025 04 28 22 0.0
2025 04 28 23 0.0
2025 04 29 00 0.0
2025 04 29 01 0.0
2025 04 29 02 0.0
2025 04 29 03 2.5
2025 04 29 04 85.1
2025 04 29 05 215.7
2025 04 29 06 357.4
2025 04 29 07 491.2
2025 04 29 08 605.1
2025 04 29 09 625.7
2025 04 29 10 615.9
2025 04 29 11 275.3
2025 04 29 12 428.1
2025 04 29 13 367.1
2025 04 29 14 372.8
2025 04 29 15 158.2
2025 04 29 16 125.9
2025 04 29 17 97.8
2025 04 29 18 33.8
2025 04 29 19 0.0
2025 04 29 20 0.0
2025 04 29 21 0.0
2025 04 29 22 0.0
2025 04 29 23 0.0
2025 04 30 00 0.0
2025 04 30 01 0.0
2025 04 30 02 0.0
2025 04 30 03 1.5
2025 04 30 04 32.6
2025 04 30 05 205.0
2025 04 30 06 248.5
2025 04 30 07 413.7
2025 04 30 08 303.4
2025 04 30 09 249.4
2025 04 30 10 268.7
2025 04 30 11 272.3
2025 04 30 12 282.2
2025 04 30 13 360.4
2025 04 30 14 403.5
2025 04 30 15 153.3
2025 04 30 16 234.7
2025 04 30 17 110.2
2025 04 30 18 37.5
2025 04 30 19 0.0
2025 04 30 20 0.0
2025 04 30 21 0.0
2025 04 30 22 0.0
2025 04 30 23 0.0
2025 05 01 00 0.0
2025 05 01 01 0.0
2025 05 01 02 0.0
2025 05 01 03 2.5
2025 05 01 04 33.5
2025 05 01 05 112.5
2025 05 01 06 224.8
2025 05 01 07 203.1
2025 05 01 08 332.1
2025 05 01 09 277.8
2025 05 01 10 306.8
2025 05 01 11 320.5
2025 05 01 12 308.3
2025 05 01 13 278.2
2025 05 01 14 198.3
2025 05 01 15 147.1
2025 05 01 16 185.5
2025 05 01 17 135.4
2025 05 01 18 23.6
2025 05 01 19 0.0
2025 05 01 20 0.0
2025 05 01 21 0.0
2025 05 01 22 0.0
2025 05 01 23 0.0
2025 05 02 00 0.0
2025 05 02 01 0.0
2025 05 02 02 0.0
2025 05 02 03 6.3
2025 05 02 04 64.2
2025 05 02 05 147.7
2025 05 02 06 317.9
2025 05 02 07 203.0
2025 05 02 08 461.6
2025 05 02 09 507.6
2025 05 02 10 257.4
2025 05 02 11 273.4
2025 05 02 12 258.9
2025 05 02 13 237.7
2025 05 02 14 216.9
2025 05 02 15 157.9
2025 05 02 16 204.0
2025 05 02 17 147.7
2025 05 02 18 45.2
2025 05 02 19 0.0
2025 05 02 20 0.0
2025 05 02 21 0.0
2025 05 02 22 0.0
2025 05 02 23 0.0
2025 05 03 00 0.0
2025 05 03 01 0.0
2025 05 03 02 0.0
2025 05 03 03 10.0
2025 05 03 04 105.8
2025 05 03 05 240.5
2025 05 03 06 383.1
2025 05 03 07 516.4
2025 05 03 08 629.5
2025 05 03 09 713.3
2025 05 03 10 756.5
2025 05 03 11 665.5
2025 05 03 12 523.0
2025 05 03 13 539.6
2025 05 03 14 426.1
2025 05 03 15 158.8
2025 05 03 16 109.0
2025 05 03 17 63.5
2025 05 03 18 17.2
2025 05 03 19 0.0
2025 05 03 20 0.0
2025 05 03 21 0.0
2025 05 03 22 0.0
2025 05 03 23 0.0
2025 05 04 00 0.0
2025 05 04 01 0.0
2025 05 04 02 0.0
2025 05 04 03 4.2
2025 05 04 04 37.5
2025 05 04 05 87.6
2025 05 04 06 141.9
2025 05 04 07 188.5
2025 05 04 08 459.8
2025 05 04 09 256.7
2025 05 04 10 444.2
2025 05 04 11 535.3
2025 05 04 12 329.1
2025 05 04 13 392.7
2025 05 04 14 437.8
2025 05 04 15 448.7
2025 05 04 16 325.8
2025 05 04 17 182.5
2025 05 04 18 55.0
2025 05 04 19 0.0
2025 05 04 20 0.0
2025 05 04 21 0.0
2025 05 04 22 0.0
2025 05 04 23 0.0
2025 05 05 00 0.0
2025 05 05 01 0.0
2025 05 05 02 0.0
2025 05 05 03 13.3
2025 05 05 04 112.9
2025 05 05 05 247.9
2025 05 05 06 388.7
2025 05 05 07 520.8
2025 05 05 08 630.9
2025 05 05 09 660.2
2025 05 05 10 539.2
2025 05 05 11 767.0
2025 05 05 12 694.8
2025 05 05 13 447.5
2025 05 05 14 304.8
2025 05 05 15 274.0
2025 05 05 16 118.5
2025 05 05 17 79.4
2025 05 05 18 19.7
2025 05 05 19 0.0
2025 05 05 20 0.0
2025 05 05 21 0.0
2025 05 05 22 0.0
2025 05 05 23 0.0
2025 05 06 00 0.0
2025 05 06 01 0.0
2025 05 06 02 0.0
2025 05 06 03 12.8
2025 05 06 04 74.5
2025 05 06 05 89.8
2025 05 06 06 150.0
2025 05 06 07 187.4
2025 05 06 08 352.4
2025 05 06 09 402.2
2025 05 06 10 564.8
2025 05 06 11 753.0
2025 05 06 12 753.8
2025 05 06 13 686.4
2025 05 06 14 577.1
2025 05 06 15 393.4
2025 05 06 16 288.1
2025 05 06 17 65.0
2025 05 06 18 21.1
2025 05 06 19 0.0
2025 05 06 20 0.0
2025 05 06 21 0.0
2025 05 06 22 0.0
2025 05 06 23 0.0
2025 05 07 00 0.0
2025 05 07 01 0.0
2025 05 07 02 0.0
2025 05 07 03 6.9
2025 05 07 04 108.7
2025 05 07 05 249.8
2025 05 07 06 325.4
2025 05 07 07 515.3
2025 05 07 08 612.8
2025 05 07 09 308.5
2025 05 07 10 381.2
2025 05 07 11 482.7
2025 05 07 12 472.8
2025 05 07 13 421.1
2025 05 07 14 227.5
2025 05 07 15 325.9
2025 05 07 16 114.8
2025 05 07 17 135.7
2025 05 07 18 40.4
2025 05 07 19 0.0
2025 05 07 20 0.0
2025 05 07 21 0.0
2025 05 07 22 0.0
2025 05 07 23 0.0
2025 05 08 00 0.0
2025 05 08 01 0.0
2025 05 08 02 0.0
2025 05 08 03 9.4
2025 05 08 04 105.8
2025 05 08 05 248.6
2025 05 08 06 382.9
2025 05 08 07 234.4
2025 05 08 08 429.0
2025 05 08 09 637.4
2025 05 08 10 626.4
2025 05 08 11 559.4
2025 05 08 12 502.9
2025 05 08 13 281.8
2025 05 08 14 222.4
2025 05 08 15 160.7
2025 05 08 16 148.5
2025 05 08 17 62.5
2025 05 08 18 22.0
2025 05 08 19 0.0
2025 05 08 20 0.0
2025 05 08 21 0.0
2025 05 08 22 0.0
2025 05 08 23 0.0
2025 05 09 00 0.0
2025 05 09 01 0.0
2025 05 09 02 0.0
2025 05 09 03 8.0
2025 05 09 04 42.4
2025 05 09 05 101.8
2025 05 09 06 136.5
2025 05 09 07 184.0
2025 05 09 08 225.0
2025 05 09 09 255.0
2025 05 09 10 272.5
2025 05 09 11 276.0
2025 05 09 12 266.5
2025 05 09 13 242.5
2025 05 09 14 206.3
2025 05 09 15 161.6
2025 05 09 16 112.7
2025 05 09 17 64.2
2025 05 09 18 22.9
2025 05 09 19 0.0
2025 05 09 20 0.0
2025 05 09 21 0.0
2025 05 09 22 0.0
2025 05 09 23 0.0
2025 05 10 00 0.0
2025 05 10 01 0.0
2025 05 10 02 0.0
2025 05 10 03 19.5
2025 05 10 04 77.4
2025 05 10 05 168.9
2025 05 10 06 140.7
2025 05 10 07 188.4
2025 05 10 08 232.0
2025 05 10 09 258.0
2025 05 10 10 435.2
2025 05 10 11 278.5
2025 05 10 12 278.8
2025 05 10 13 412.2
2025 05 10 14 208.4
2025 05 10 15 173.6
2025 05 10 16 114.5
2025 05 10 17 66.2
2025 05 10 18 24.0
2025 05 10 19 0.8
2025 05 10 20 0.0
2025 05 10 21 0.0
2025 05 10 22 0.0
2025 05 10 23 0.0
2025 05 11 00 0.0
2025 05 11 01 0.0
2025 05 11 02 0.0
2025 05 11 03 9.6
2025 05 11 04 44.3
2025 05 11 05 90.3
2025 05 11 06 139.0
2025 05 11 07 186.6
2025 05 11 08 237.2
2025 05 11 09 302.5
2025 05 11 10 311.5
2025 05 11 11 319.1
2025 05 11 12 380.6
2025 05 11 13 510.4
2025 05 11 14 393.5
2025 05 11 15 446.0
2025 05 11 16 321.7
2025 05 11 17 187.0
2025 05 11 18 67.5
2025 05 11 19 2.2
2025 05 11 20 0.0
2025 05 11 21 0.0
2025 05 11 22 0.0
2025 05 11 23 0.0
2025 05 12 00 0.0
2025 05 12 01 0.0
2025 05 12 02 0.0
2025 05 12 03 25.2
2025 05 12 04 85.7
2025 05 12 05 259.9
2025 05 12 06 363.1
2025 05 12 07 524.1
2025 05 12 08 622.0
2025 05 12 09 600.6
2025 05 12 10 720.4
2025 05 12 11 535.3
2025 05 12 12 623.9
2025 05 12 13 562.3
2025 05 12 14 481.7
2025 05 12 15 426.5
2025 05 12 16 280.5
2025 05 12 17 172.0
2025 05 12 18 43.5
2025 05 12 19 3.2
2025 05 12 20 0.0
2025 05 12 21 0.0
2025 05 12 22 0.0
2025 05 12 23 0.0
2025 05 13 00 0.0
2025 05 13 01 0.0
2025 05 13 02 0.0
2025 05 13 03 10.6
2025 05 13 04 44.1
2025 05 13 05 88.8
2025 05 13 06 138.1
2025 05 13 07 228.8
2025 05 13 08 592.7
2025 05 13 09 587.9
2025 05 13 10 669.9
2025 05 13 11 616.9
2025 05 13 12 592.3
2025 05 13 13 455.4
2025 05 13 14 393.5
2025 05 13 15 284.3
2025 05 13 16 160.4
2025 05 13 17 65.0
2025 05 13 18 24.4
2025 05 13 19 1.7
2025 05 13 20 0.0
2025 05 13 21 0.0
2025 05 13 22 0.0
2025 05 13 23 0.0
2025 05 14 00 0.0
2025 05 14 01 0.0
2025 05 14 02 0.0
2025 05 14 03 12.8
2025 05 14 04 50.3
2025 05 14 05 99.9
2025 05 14 06 350.4
2025 05 14 07 452.9
2025 05 14 08 324.6
2025 05 14 09 437.1
2025 05 14 10 469.6
2025 05 14 11 321.3
2025 05 14 12 410.7
2025 05 14 13 280.0
2025 05 14 14 219.4
2025 05 14 15 255.7
2025 05 14 16 344.3
2025 05 14 17 74.8
2025 05 14 18 30.3
2025 05 14 19 2.5
2025 05 14 20 0.0
2025 05 14 21 0.0
2025 05 14 22 0.0
2025 05 14 23 0.0
2025 05 15 00 0.0
2025 05 15 01 0.0
2025 05 15 02 0.0
2025 05 15 03 12.8
2025 05 15 04 48.3
2025 05 15 05 104.1
2025 05 15 06 278.0
2025 05 15 07 425.2
2025 05 15 08 277.1
2025 05 15 09 296.6
2025 05 15 10 751.0
2025 05 15 11 790.8
2025 05 15 12 581.2
2025 05 15 13 700.2
2025 05 15 14 603.8
2025 05 15 15 486.4
2025 05 15 16 350.4
2025 05 15 17 211.9
2025 05 15 18 88.2
2025 05 15 19 7.7
2025 05 15 20 0.0
2025 05 15 21 0.0
2025 05 15 22 0.0
2025 05 15 23 0.0
2025 05 16 00 0.0
2025 05 16 01 0.0
2025 05 16 02 0.0
2025 05 16 03 19.3
2025 05 16 04 127.2
2025 05 16 05 275.7
2025 05 16 06 414.1
2025 05 16 07 539.3
2025 05 16 08 629.1
2025 05 16 09 720.2
2025 05 16 10 769.3
2025 05 16 11 788.8
2025 05 16 12 768.7
2025 05 16 13 702.8
2025 05 16 14 605.0
2025 05 16 15 481.9
2025 05 16 16 347.3
2025 05 16 17 212.2
2025 05 16 18 89.3
2025 05 16 19 8.9
2025 05 16 20 0.0
2025 05 16 21 0.0
2025 05 16 22 0.0
2025 05 16 23 0.0
2025 05 17 00 0.0
2025 05 17 01 0.0
2025 05 17 02 0.0
2025 05 17 03 38.9
2025 05 17 04 80.4
2025 05 17 05 135.0
2025 05 17 06 144.5
2025 05 17 07 200.3
2025 05 17 08 348.3
2025 05 17 09 365.7
2025 05 17 10 293.2
2025 05 17 11 353.9
2025 05 17 12 308.9
2025 05 17 13 428.7
2025 05 17 14 214.3
2025 05 17 15 174.4
2025 05 17 16 129.3
2025 05 17 17 72.3
2025 05 17 18 30.1
2025 05 17 19 3.6
2025 05 17 20 0.0
2025 05 17 21 0.0
2025 05 17 22 0.0
2025 05 17 23 0.0
2025 05 18 00 0.0
2025 05 18 01 0.0
2025 05 18 02 0.0
2025 05 18 03 37.9
2025 05 18 04 114.7
2025 05 18 05 158.1
2025 05 18 06 273.2
2025 05 18 07 295.2
2025 05 18 08 412.7
2025 05 18 09 651.2
2025 05 18 10 692.6
2025 05 18 11 645.6
2025 05 18 12 640.2
2025 05 18 13 536.9
2025 05 18 14 461.5
2025 05 18 15 402.8
2025 05 18 16 261.1
2025 05 18 17 93.5
2025 05 18 18 78.4
2025 05 18 19 9.7
2025 05 18 20 0.0
2025 05 18 21 0.0
2025 05 18 22 0.0
2025 05 18 23 0.0
2025 05 19 00 0.0
2025 05 19 01 0.0
2025 05 19 02 0.0
2025 05 19 03 49.1
2025 05 19 04 160.8
2025 05 19 05 295.7
2025 05 19 06 434.5
2025 05 19 07 566.7
2025 05 19 08 679.0
2025 05 19 09 766.1
2025 05 19 10 819.4
2025 05 19 11 822.7
2025 05 19 12 786.1
2025 05 19 13 713.8
2025 05 19 14 615.5
2025 05 19 15 494.7
2025 05 19 16 359.3
2025 05 19 17 220.8
2025 05 19 18 97.8
2025 05 19 19 13.6
2025 05 19 20 0.0
2025 05 19 21 0.0
2025 05 19 22 0.0
2025 05 19 23 0.0
2025 05 20 00 0.0
2025 05 20 01 0.0
2025 05 20 02 0.0
2025 05 20 03 41.7
2025 05 20 04 154.4
2025 05 20 05 288.7
2025 05 20 06 427.3
2025 05 20 07 540.9
2025 05 20 08 659.2
2025 05 20 09 743.5
2025 05 20 10 785.2
2025 05 20 11 810.8
2025 05 20 12 782.1
2025 05 20 13 710.9
2025 05 20 14 621.8
2025 05 20 15 436.7
2025 05 20 16 340.9
2025 05 20 17 130.8
2025 05 20 18 102.6
2025 05 20 19 15.4
2025 05 20 20 0.0
2025 05 20 21 0.0
2025 05 20 22 0.0
2025 05 20 23 0.0
2025 05 21 00 0.0
2025 05 21 01 0.0
2025 05 21 02 0.0
2025 05 21 03 19.3
2025 05 21 04 56.7
2025 05 21 05 102.5
2025 05 21 06 284.5
2025 05 21 07 196.3
2025 05 21 08 242.3
2025 05 21 09 393.5
2025 05 21 10 287.5
2025 05 21 11 291.4
2025 05 21 12 277.9
2025 05 21 13 255.3
2025 05 21 14 220.3
2025 05 21 15 175.6
2025 05 21 16 126.5
2025 05 21 17 77.3
2025 05 21 18 34.1
2025 05 21 19 6.7
2025 05 21 20 0.0
2025 05 21 21 0.0
2025 05 21 22 0.0
2025 05 21 23 0.0
2025 05 22 00 0.0
2025 05 22 01 0.0
2025 05 22 02 0.0
2025 05 22 03 20.3
2025 05 22 04 60.4
2025 05 22 05 108.3
2025 05 22 06 157.9
2025 05 22 07 204.4
2025 05 22 08 243.9
2025 05 22 09 273.6
2025 05 22 10 290.9
2025 05 22 11 294.8
2025 05 22 12 284.7
2025 05 22 13 260.8
2025 05 22 14 225.5
2025 05 22 15 183.4
2025 05 22 16 134.1
2025 05 22 17 86.0
2025 05 22 18 39.2
2025 05 22 19 11.4
2025 05 22 20 0.0
2025 05 22 21 0.0
2025 05 22 22 0.0
2025 05 22 23 0.0
2025 05 23 00 0.0
2025 05 23 01 0.0
2025 05 23 02 0.0
2025 05 23 03 21.1
2025 05 23 04 60.7
2025 05 23 05 108.9
2025 05 23 06 160.5
2025 05 23 07 211.0
2025 05 23 08 250.6
2025 05 23 09 287.4
2025 05 23 10 310.5
2025 05 23 11 298.2
2025 05 23 12 287.3
2025 05 23 13 263.4
2025 05 23 14 227.6
2025 05 23 15 183.5
2025 05 23 16 143.5
2025 05 23 17 113.2
2025 05 23 18 87.6
2025 05 23 19 15.4
2025 05 23 20 0.0
2025 05 23 21 0.0
2025 05 23 22 0.0
2025 05 23 23 0.0
2025 05 24 00 0.0
2025 05 24 01 0.0
2025 05 24 02 0.7
2025 05 24 03 56.6
2025 05 24 04 159.8
2025 05 24 05 179.4
2025 05 24 06 425.2
2025 05 24 07 551.5
2025 05 24 08 615.9
2025 05 24 09 744.2
2025 05 24 10 720.7
2025 05 24 11 691.7
2025 05 24 12 758.4
2025 05 24 13 698.3
2025 05 24 14 628.0
2025 05 24 15 500.3
2025 05 24 16 374.7
2025 05 24 17 224.6
2025 05 24 18 114.0
2025 05 24 19 22.6
2025 05 24 20 0.0
2025 05 24 21 0.0
2025 05 24 22 0.0
2025 05 24 23 0.0
2025 05 25 00 0.0
2025 05 25 01 0.0
2025 05 25 02 0.6
2025 05 25 03 24.5
2025 05 25 04 64.1
2025 05 25 05 108.8
2025 05 25 06 158.0
2025 05 25 07 448.9
2025 05 25 08 660.6
2025 05 25 09 753.8
2025 05 25 10 781.8
2025 05 25 11 747.8
2025 05 25 12 542.5
2025 05 25 13 252.6
2025 05 25 14 384.4
2025 05 25 15 297.6
2025 05 25 16 279.9
2025 05 25 17 161.0
2025 05 25 18 52.9
2025 05 25 19 9.7
2025 05 25 20 0.0
2025 05 25 21 0.0
2025 05 25 22 0.0
2025 05 25 23 0.0
2025 05 26 00 0.0
2025 05 26 01 0.0
2025 05 26 02 0.8
2025 05 26 03 22.5
2025 05 26 04 63.5
2025 05 26 05 108.2
2025 05 26 06 157.2
2025 05 26 07 203.9
2025 05 26 08 268.1
2025 05 26 09 288.2
2025 05 26 10 484.1
2025 05 26 11 344.8
2025 05 26 12 282.7
2025 05 26 13 573.5
2025 05 26 14 323.5
2025 05 26 15 327.4
2025 05 26 16 288.7
2025 05 26 17 233.3
2025 05 26 18 95.7
2025 05 26 19 25.6
2025 05 26 20 0.0
2025 05 26 21 0.0
2025 05 26 22 0.0
2025 05 26 23 0.0
2025 05 27 00 0.0
2025 05 27 01 0.0
2025 05 27 02 3.1
2025 05 27 03 67.5
2025 05 27 04 150.9
2025 05 27 05 312.3
2025 05 27 06 451.3
2025 05 27 07 515.0
2025 05 27 08 586.1
2025 05 27 09 759.0
2025 05 27 10 818.5
2025 05 27 11 820.2
2025 05 27 12 726.4
2025 05 27 13 679.9
2025 05 27 14 503.1
2025 05 27 15 294.1
2025 05 27 16 180.6
2025 05 27 17 193.8
2025 05 27 18 47.9
2025 05 27 19 9.7
2025 05 27 20 0.0
2025 05 27 21 0.0
2025 05 27 22 0.0
2025 05 27 23 0.0
2025 05 28 00 0.0
2025 05 28 01 0.0
2025 05 28 02 1.5
2025 05 28 03 28.3
2025 05 28 04 135.2
2025 05 28 05 149.2
2025 05 28 06 158.3
2025 05 28 07 310.5
2025 05 28 08 244.5
2025 05 28 09 296.0
2025 05 28 10 290.3
2025 05 28 11 538.7
2025 05 28 12 283.7
2025 05 28 13 260.9
2025 05 28 14 423.6
2025 05 28 15 184.5
2025 05 28 16 153.0
2025 05 28 17 150.9
2025 05 28 18 115.4
2025 05 28 19 13.8
2025 05 28 20 0.0
2025 05 28 21 0.0
2025 05 28 22 0.0
2025 05 28 23 0.0
2025 05 29 00 0.0
2025 05 29 01 0.0
2025 05 29 02 1.9
2025 05 29 03 48.4
2025 05 29 04 151.3
2025 05 29 05 268.7
2025 05 29 06 349.7
2025 05 29 07 512.4
2025 05 29 08 579.7
2025 05 29 09 771.6
2025 05 29 10 816.6
2025 05 29 11 809.9
2025 05 29 12 804.1
2025 05 29 13 729.0
2025 05 29 14 594.4
2025 05 29 15 514.7
2025 05 29 16 370.5
2025 05 29 17 252.2
2025 05 29 18 124.2
2025 05 29 19 32.1
2025 05 29 20 0.0
2025 05 29 21 0.0
2025 05 29 22 0.0
2025 05 29 23 0.0
2025 05 30 00 -999.0
2025 05 30 01 -999.0
2025 05 30 02 -999.0
2025 05 30 03 -999.0
2025 05 30 04 -999.0
2025 05 30 05 -999.0
2025 05 30 06 -999.0
2025 05 30 07 -999.0
2025 05 30 08 -999.0
2025 05 30 09 -999.0
2025 05 30 10 -999.0
2025 05 30 11 -999.0
2025 05 30 12 -999.0
2025 05 30 13 -999.0
2025 05 30 14 -999.0
2025 05 30 15 -999.0
2025 05 30 16 -999.0
2025 05 30 17 -999.0
2025 05 30 18 -999.0
2025 05 30 19 -999.0
2025 05 30 20 -999.0
2025 05 30 21 -999.0
2025 05 30 22 -999.0
2025 05 30 23 -999.0
2025 05 31 00 0.0
2025 05 31 01 0.0
2025 05 31 02 5.1
2025 05 31 03 69.3
2025 05 31 04 180.5
2025 05 31 05 318.8
2025 05 31 06 461.5
2025 05 31 07 593.3
2025 05 31 08 702.0
2025 05 31 09 787.6
2025 05 31 10 834.4
2025 05 31 11 828.3
2025 05 31 12 813.3
2025 05 31 13 748.6
2025 05 31 14 649.9
2025 05 31 15 504.9
2025 05 31 16 357.7
2025 05 31 17 249.0
2025 05 31 18 132.1
2025 05 31 19 35.7
2025 05 31 20 0.0
2025 05 31 21 0.0
2025 05 31 22 0.0
2025 05 31 23 0.0
2025 06 01 00 0.0
2025 06 01 01 0.0
2025 06 01 02 6.6
2025 06 01 03 65.7
2025 06 01 04 183.5
2025 06 01 05 312.2
2025 06 01 06 443.8
2025 06 01 07 558.9
2025 06 01 08 652.1
2025 06 01 09 737.6
2025 06 01 10 760.2
2025 06 01 11 745.7
2025 06 01 12 717.2
2025 06 01 13 567.9
2025 06 01 14 531.5
2025 06 01 15 169.4
2025 06 01 16 189.5
2025 06 01 17 192.8
2025 06 01 18 49.1
2025 06 01 19 10.4
2025 06 01 20 0.0
2025 06 01 21 0.0
2025 06 01 22 0.0
2025 06 01 23 0.0
2025 06 02 00 0.0
2025 06 02 01 0.0
2025 06 02 02 2.5
2025 06 02 03 25.9
2025 06 02 04 61.2
2025 06 02 05 277.3
2025 06 02 06 457.6
2025 06 02 07 591.4
2025 06 02 08 690.7
2025 06 02 09 736.0
2025 06 02 10 550.5
2025 06 02 11 595.0
2025 06 02 12 702.1
2025 06 02 13 409.1
2025 06 02 14 230.1
2025 06 02 15 484.5
2025 06 02 16 348.2
2025 06 02 17 240.7
2025 06 02 18 132.3
2025 06 02 19 26.9
2025 06 02 20 0.0
2025 06 02 21 0.0
2025 06 02 22 0.0
2025 06 02 23 0.0
2025 06 03 00 0.0
2025 06 03 01 0.0
2025 06 03 02 8.3
2025 06 03 03 77.8
2025 06 03 04 189.7
2025 06 03 05 321.0
2025 06 03 06 457.4
2025 06 03 07 584.5
2025 06 03 08 692.7
2025 06 03 09 773.5
2025 06 03 10 818.2
2025 06 03 11 774.4
2025 06 03 12 575.6
2025 06 03 13 574.0
2025 06 03 14 637.7
2025 06 03 15 506.9
2025 06 03 16 392.3
2025 06 03 17 258.0
2025 06 03 18 133.4
2025 06 03 19 37.8
2025 06 03 20 0.0
2025 06 03 21 0.0
2025 06 03 22 0.0
2025 06 03 23 0.0
2025 06 04 00 0.0
2025 06 04 01 0.0
2025 06 04 02 8.4
2025 06 04 03 57.7
2025 06 04 04 111.5
2025 06 04 05 201.7
2025 06 04 06 337.4
2025 06 04 07 450.0
2025 06 04 08 533.2
2025 06 04 09 275.5
2025 06 04 10 382.4
2025 06 04 11 451.0
2025 06 04 12 506.4
2025 06 04 13 351.7
2025 06 04 14 351.9
2025 06 04 15 173.9
2025 06 04 16 318.7
2025 06 04 17 109.3
2025 06 04 18 76.9
2025 06 04 19 13.3
2025 06 04 20 0.0
2025 06 04 21 0.0
2025 06 04 22 0.0
2025 06 04 23 0.0
2025 06 05 00 0.0
2025 06 05 01 0.0
2025 06 05 02 7.4
2025 06 05 03 45.9
2025 06 05 04 156.2
2025 06 05 05 286.2
2025 06 05 06 422.0
2025 06 05 07 542.7
2025 06 05 08 658.5
2025 06 05 09 744.5
2025 06 05 10 748.0
2025 06 05 11 773.1
2025 06 05 12 727.4
2025 06 05 13 658.2
2025 06 05 14 610.9
2025 06 05 15 481.7
2025 06 05 16 335.9
2025 06 05 17 226.3
2025 06 05 18 113.3
2025 06 05 19 32.6
2025 06 05 20 0.0
2025 06 05 21 0.0
2025 06 05 22 0.0
2025 06 05 23 0.0
2025 06 06 00 0.0
2025 06 06 01 0.0
2025 06 06 02 3.2
2025 06 06 03 56.8
2025 06 06 04 138.8
2025 06 06 05 180.6
2025 06 06 06 271.2
2025 06 06 07 195.8
2025 06 06 08 244.1
2025 06 06 09 264.2
2025 06 06 10 291.4
2025 06 06 11 531.8
2025 06 06 12 462.5
2025 06 06 13 303.2
2025 06 06 14 321.9
2025 06 06 15 176.2
2025 06 06 16 130.6
2025 06 06 17 83.5
2025 06 06 18 45.2
2025 06 06 19 15.0
2025 06 06 20 0.0
2025 06 06 21 0.0
2025 06 06 22 0.0
2025 06 06 23 0.0
2025 06 07 00 0.0
2025 06 07 01 0.0
2025 06 07 02 4.3
2025 06 07 03 27.1
2025 06 07 04 77.1
2025 06 07 05 113.2
2025 06 07 06 184.9
2025 06 07 07 217.9
2025 06 07 08 275.4
2025 06 07 09 278.6
2025 06 07 10 395.3
2025 06 07 11 322.6
2025 06 07 12 289.1
2025 06 07 13 390.5
2025 06 07 14 244.0
2025 06 07 15 209.8
2025 06 07 16 197.3
2025 06 07 17 235.1
2025 06 07 18 124.4
2025 06 07 19 32.4
2025 06 07 20 0.0
2025 06 07 21 0.0
2025 06 07 22 0.0
2025 06 07 23 0.0
2025 06 08 00 0.0
2025 06 08 01 0.0
2025 06 08 02 10.4
2025 06 08 03 51.6
2025 06 08 04 113.4
2025 06 08 05 184.4
2025 06 08 06 196.8
2025 06 08 07 203.7
2025 06 08 08 261.3
2025 06 08 09 281.8
2025 06 08 10 338.3
2025 06 08 11 292.5
2025 06 08 12 459.9
2025 06 08 13 307.6
2025 06 08 14 529.2
2025 06 08 15 263.4
2025 06 08 16 349.7
2025 06 08 17 163.4
2025 06 08 18 115.5
2025 06 08 19 26.6
2025 06 08 20 0.0
2025 06 08 21 0.0
2025 06 08 22 0.0
2025 06 08 23 0.0
2025 06 09 00 0.0
2025 06 09 01 0.0
2025 06 09 02 3.8
2025 06 09 03 24.2
2025 06 09 04 59.2
2025 06 09 05 102.8
2025 06 09 06 192.6
2025 06 09 07 194.4
2025 06 09 08 339.2
2025 06 09 09 299.9
2025 06 09 10 336.0
2025 06 09 11 478.7
2025 06 09 12 596.1
2025 06 09 13 506.9
2025 06 09 14 256.0
2025 06 09 15 251.1
2025 06 09 16 135.0
2025 06 09 17 110.4
2025 06 09 18 63.9
2025 06 09 19 37.1
2025 06 09 20 0.0
2025 06 09 21 0.0
2025 06 09 22 0.0
2025 06 09 23 0.0
2025 06 10 00 0.0
2025 06 10 01 0.0
2025 06 10 02 11.0
2025 06 10 03 57.5
2025 06 10 04 151.8
2025 06 10 05 259.6
2025 06 10 06 243.5
2025 06 10 07 492.1
2025 06 10 08 643.6
2025 06 10 09 624.8
2025 06 10 10 438.9
2025 06 10 11 339.6
2025 06 10 12 280.3
2025 06 10 13 398.8
2025 06 10 14 224.4
2025 06 10 15 396.0
2025 06 10 16 263.0
2025 06 10 17 194.5
2025 06 10 18 71.5
2025 06 10 19 30.3
2025 06 10 20 0.0
2025 06 10 21 0.0
2025 06 10 22 0.0
2025 06 10 23 0.0
2025 06 11 00 0.0
2025 06 11 01 0.0
2025 06 11 02 3.9
2025 06 11 03 34.5
2025 06 11 04 59.6
2025 06 11 05 103.5
2025 06 11 06 150.7
2025 06 11 07 196.2
2025 06 11 08 236.6
2025 06 11 09 267.0
2025 06 11 10 348.4
2025 06 11 11 394.6
2025 06 11 12 408.8
2025 06 11 13 263.0
2025 06 11 14 281.8
2025 06 11 15 186.5
2025 06 11 16 195.9
2025 06 11 17 90.0
2025 06 11 18 48.7
2025 06 11 19 19.2
2025 06 11 20 0.0
2025 06 11 21 0.0
2025 06 11 22 0.0
2025 06 11 23 0.0
2025 06 12 00 0.0
2025 06 12 01 0.0
2025 06 12 02 10.4
2025 06 12 03 67.3
2025 06 12 04 188.9
2025 06 12 05 325.6
2025 06 12 06 456.2
2025 06 12 07 522.9
2025 06 12 08 666.9
2025 06 12 09 680.1
2025 06 12 10 766.7
2025 06 12 11 792.5
2025 06 12 12 815.2
2025 06 12 13 750.4
2025 06 12 14 657.2
2025 06 12 15 540.8
2025 06 12 16 407.7
2025 06 12 17 271.8
2025 06 12 18 146.5
2025 06 12 19 48.4
2025 06 12 20 0.0
2025 06 12 21 0.0
2025 06 12 22 0.0
2025 06 12 23 0.0
2025 06 13 00 0.0
2025 06 13 01 0.0
2025 06 13 02 12.2
2025 06 13 03 75.3
2025 06 13 04 175.1
2025 06 13 05 262.2
2025 06 13 06 363.8
2025 06 13 07 549.5
2025 06 13 08 671.0
2025 06 13 09 736.1
2025 06 13 10 799.7
2025 06 13 11 805.9
2025 06 13 12 763.0
2025 06 13 13 698.3
2025 06 13 14 516.7
2025 06 13 15 501.9
2025 06 13 16 352.5
2025 06 13 17 228.3
2025 06 13 18 130.1
2025 06 13 19 42.9
2025 06 13 20 0.1
2025 06 13 21 0.0
2025 06 13 22 0.0
2025 06 13 23 0.0
2025 06 14 00 0.0
2025 06 14 01 0.0
2025 06 14 02 13.0
2025 06 14 03 76.0
2025 06 14 04 190.8
2025 06 14 05 323.3
2025 06 14 06 458.1
2025 06 14 07 574.4
2025 06 14 08 422.7
2025 06 14 09 689.1
2025 06 14 10 800.1
2025 06 14 11 671.0
2025 06 14 12 706.6
2025 06 14 13 454.0
2025 06 14 14 233.2
2025 06 14 15 254.7
2025 06 14 16 268.8
2025 06 14 17 137.4
2025 06 14 18 140.0
2025 06 14 19 47.5
2025 06 14 20 1.1
2025 06 14 21 0.0
2025 06 14 22 0.0
2025 06 14 23 0.0
2025 06 15 00 0.0
2025 06 15 01 0.0
2025 06 15 02 12.7
2025 06 15 03 67.7
2025 06 15 04 160.7
2025 06 15 05 245.9
2025 06 15 06 432.7
2025 06 15 07 519.1
2025 06 15 08 648.5
2025 06 15 09 591.4
2025 06 15 10 776.8
2025 06 15 11 822.1
2025 06 15 12 795.5
2025 06 15 13 730.0
2025 06 15 14 334.0
2025 06 15 15 327.0
2025 06 15 16 154.5
2025 06 15 17 201.1
2025 06 15 18 95.3
2025 06 15 19 25.9
2025 06 15 20 0.7
2025 06 15 21 0.0
2025 06 15 22 0.0
2025 06 15 23 0.0
2025 06 16 00 0.0
2025 06 16 01 0.0
2025 06 16 02 8.8
2025 06 16 03 34.6
2025 06 16 04 86.6
2025 06 16 05 148.0
2025 06 16 06 189.6
2025 06 16 07 212.5
2025 06 16 08 314.7
2025 06 16 09 429.8
2025 06 16 10 561.0
2025 06 16 11 437.7
2025 06 16 12 451.7
2025 06 16 13 556.5
2025 06 16 14 388.8
2025 06 16 15 345.1
2025 06 16 16 168.7
2025 06 16 17 260.8
2025 06 16 18 134.9
2025 06 16 19 48.9
2025 06 16 20 1.0
2025 06 16 21 0.0
2025 06 16 22 0.0
2025 06 16 23 0.0
2025 06 17 00 -999.0
2025 06 17 01 -999.0
2025 06 17 02 -999.0
2025 06 17 03 -999.0
2025 06 17 04 -999.0
2025 06 17 05 -999.0
2025 06 17 06 -999.0
2025 06 17 07 -999.0
2025 06 17 08 -999.0
2025 06 17 09 -999.0
2025 06 17 10 -999.0
2025 06 17 11 -999.0
2025 06 17 12 -999.0
2025 06 17 13 -999.0
2025 06 17 14 -999.0
2025 06 17 15 -999.0
2025 06 17 16 -999.0
2025 06 17 17 -999.0
2025 06 17 18 -999.0
2025 06 17 19 -999.0
2025 06 17 20 -999.0
2025 06 17 21 -999.0
2025 06 17 22 -999.0
2025 06 17 23 -999.0
2025 06 18 00 0.0
2025 06 18 01 0.0
2025 06 18 02 4.7
2025 06 18 03 51.3
2025 06 18 04 148.5
2025 06 18 05 200.3
2025 06 18 06 188.7
2025 06 18 07 363.0
2025 06 18 08 397.5
2025 06 18 09 443.2
2025 06 18 10 661.0
2025 06 18 11 659.2
2025 06 18 12 634.3
2025 06 18 13 470.7
2025 06 18 14 431.3
2025 06 18 15 446.9
2025 06 18 16 344.7
2025 06 18 17 241.7
2025 06 18 18 54.0
2025 06 18 19 33.4
2025 06 18 20 0.9
2025 06 18 21 0.0
2025 06 18 22 0.0
2025 06 18 23 0.0
2025 06 19 00 0.0
2025 06 19 01 0.0
2025 06 19 02 4.4
2025 06 19 03 25.5
2025 06 19 04 140.4
2025 06 19 05 122.2
2025 06 19 06 154.8
2025 06 19 07 282.8
2025 06 19 08 619.9
2025 06 19 09 342.4
2025 06 19 10 356.9
2025 06 19 11 479.6
2025 06 19 12 394.5
2025 06 19 13 260.3
2025 06 19 14 286.3
2025 06 19 15 184.8
2025 06 19 16 138.0
2025 06 19 17 91.5
2025 06 19 18 74.2
2025 06 19 19 27.9
2025 06 19 20 1.6
2025 06 19 21 0.0
2025 06 19 22 0.0
2025 06 19 23 0.0
2025 06 20 00 0.0
2025 06 20 01 0.0
2025 06 20 02 12.7
2025 06 20 03 72.9
2025 06 20 04 189.4
2025 06 20 05 322.0
2025 06 20 06 460.9
2025 06 20 07 588.7
2025 06 20 08 628.8
2025 06 20 09 651.7
2025 06 20 10 473.7
2025 06 20 11 577.0
2025 06 20 12 574.7
2025 06 20 13 558.4
2025 06 20 14 508.2
2025 06 20 15 370.4
2025 06 20 16 267.1
2025 06 20 17 183.9
2025 06 20 18 126.7
2025 06 20 19 40.3
2025 06 20 20 1.6
2025 06 20 21 0.0
2025 06 20 22 0.0
2025 06 20 23 0.0
2025 06 21 00 0.0
2025 06 21 01 0.0
2025 06 21 02 11.1
2025 06 21 03 42.7
2025 06 21 04 98.0
2025 06 21 05 143.5
2025 06 21 06 291.4
2025 06 21 07 441.8
2025 06 21 08 612.1
2025 06 21 09 760.7
2025 06 21 10 781.0
2025 06 21 11 583.8
2025 06 21 12 817.1
2025 06 21 13 731.1
2025 06 21 14 549.5
2025 06 21 15 426.9
2025 06 21 16 157.2
2025 06 21 17 102.5
2025 06 21 18 75.8
2025 06 21 19 42.4
2025 06 21 20 2.2
2025 06 21 21 0.0
2025 06 21 22 0.0
2025 06 21 23 0.0
2025 06 22 00 0.0
2025 06 22 01 0.0
2025 06 22 02 11.4
2025 06 22 03 77.0
2025 06 22 04 188.5
2025 06 22 05 312.9
2025 06 22 06 427.8
2025 06 22 07 566.6
2025 06 22 08 638.9
2025 06 22 09 547.7
2025 06 22 10 640.4
2025 06 22 11 795.6
2025 06 22 12 705.6
2025 06 22 13 579.8
2025 06 22 14 355.8
2025 06 22 15 431.0
2025 06 22 16 373.3
2025 06 22 17 249.6
2025 06 22 18 131.2
2025 06 22 19 17.3
2025 06 22 20 0.9
2025 06 22 21 0.0
2025 06 22 22 0.0
2025 06 22 23 0.0
2025 06 23 00 0.0
2025 06 23 01 0.0
2025 06 23 02 5.1
2025 06 23 03 32.2
2025 06 23 04 65.0
2025 06 23 05 102.9
2025 06 23 06 148.0
2025 06 23 07 193.1
2025 06 23 08 429.2
2025 06 23 09 313.8
2025 06 23 10 278.2
2025 06 23 11 285.1
2025 06 23 12 275.4
2025 06 23 13 256.9
2025 06 23 14 239.4
2025 06 23 15 187.3
2025 06 23 16 140.7
2025 06 23 17 93.3
2025 06 23 18 78.6
2025 06 23 19 19.4
2025 06 23 20 0.8
2025 06 23 21 0.0
2025 06 23 22 0.0
2025 06 23 23 0.0
2025 06 24 00 0.0
2025 06 24 01 0.0
2025 06 24 02 4.4
2025 06 24 03 27.8
2025 06 24 04 65.9
2025 06 24 05 111.5
2025 06 24 06 161.4
2025 06 24 07 205.4
2025 06 24 08 246.1
2025 06 24 09 279.5
2025 06 24 10 292.4
2025 06 24 11 368.6
2025 06 24 12 288.1
2025 06 24 13 266.2
2025 06 24 14 233.0
2025 06 24 15 237.2
2025 06 24 16 143.7
2025 06 24 17 97.2
2025 06 24 18 52.8
2025 06 24 19 28.9
2025 06 24 20 1.3
2025 06 24 21 0.0
2025 06 24 22 0.0
2025 06 24 23 0.0
2025 06 25 00 0.0
2025 06 25 01 0.0
2025 06 25 02 4.4
2025 06 25 03 28.5
2025 06 25 04 66.7
2025 06 25 05 111.9
2025 06 25 06 159.3
2025 06 25 07 235.7
2025 06 25 08 241.4
2025 06 25 09 270.3
2025 06 25 10 288.1
2025 06 25 11 429.8
2025 06 25 12 500.4
2025 06 25 13 450.8
2025 06 25 14 606.7
2025 06 25 15 317.4
2025 06 25 16 280.5
2025 06 25 17 116.4
2025 06 25 18 135.0
2025 06 25 19 48.3
2025 06 25 20 2.1
2025 06 25 21 0.0
2025 06 25 22 0.0
2025 06 25 23 0.0
2025 06 26 00 0.0
2025 06 26 01 0.0
2025 06 26 02 10.8
2025 06 26 03 67.2
2025 06 26 04 174.2
2025 06 26 05 302.5
2025 06 26 06 439.4
2025 06 26 07 563.7
2025 06 26 08 669.6
2025 06 26 09 747.4
2025 06 26 10 806.3
2025 06 26 11 802.0
2025 06 26 12 784.8
2025 06 26 13 258.7
2025 06 26 14 396.5
2025 06 26 15 298.8
2025 06 26 16 300.6
2025 06 26 17 242.9
2025 06 26 18 143.3
2025 06 26 19 48.7
2025 06 26 20 2.1
2025 06 26 21 0.0
2025 06 26 22 0.0
2025 06 26 23 0.0
2025 06 27 00 0.0
2025 06 27 01 0.0
2025 06 27 02 5.5
2025 06 27 03 26.2
2025 06 27 04 98.7
2025 06 27 05 242.0
2025 06 27 06 156.2
2025 06 27 07 201.4
2025 06 27 08 239.6
2025 06 27 09 431.9
2025 06 27 10 350.7
2025 06 27 11 358.6
2025 06 27 12 284.4
2025 06 27 13 273.7
2025 06 27 14 278.2
2025 06 27 15 230.6
2025 06 27 16 180.0
2025 06 27 17 265.5
2025 06 27 18 140.4
2025 06 27 19 38.7
2025 06 27 20 0.9
2025 06 27 21 0.0
2025 06 27 22 0.0
2025 06 27 23 0.0
2025 06 28 00 0.0
2025 06 28 01 0.0
2025 06 28 02 10.3
2025 06 28 03 81.3
2025 06 28 04 189.3
2025 06 28 05 279.5
2025 06 28 06 371.8
2025 06 28 07 542.8
2025 06 28 08 471.4
2025 06 28 09 496.5
2025 06 28 10 398.1
2025 06 28 11 293.2
2025 06 28 12 282.8
2025 06 28 13 262.7
2025 06 28 14 230.3
2025 06 28 15 190.5
2025 06 28 16 145.2
2025 06 28 17 98.2
2025 06 28 18 61.2
2025 06 28 19 18.6
2025 06 28 20 1.4
2025 06 28 21 0.0
2025 06 28 22 0.0
2025 06 28 23 0.0
2025 06 29 00 0.0
2025 06 29 01 0.0
2025 06 29 02 10.2
2025 06 29 03 76.2
2025 06 29 04 186.4
2025 06 29 05 317.5
2025 06 29 06 456.9
2025 06 29 07 585.7
2025 06 29 08 697.8
2025 06 29 09 778.8
2025 06 29 10 827.5
2025 06 29 11 836.4
2025 06 29 12 798.5
2025 06 29 13 721.6
2025 06 29 14 510.7
2025 06 29 15 533.6
2025 06 29 16 402.9
2025 06 29 17 269.6
2025 06 29 18 84.4
2025 06 29 19 54.8
2025 06 29 20 1.7
2025 06 29 21 0.0
2025 06 29 22 0.0
2025 06 29 23 0.0
2025 06 30 00 0.0
2025 06 30 01 0.0
2025 06 30 02 10.6
2025 06 30 03 82.6
2025 06 30 04 193.7
2025 06 30 05 290.0
2025 06 30 06 451.2
2025 06 30 07 566.6
2025 06 30 08 520.7
2025 06 30 09 629.8
2025 06 30 10 756.6
2025 06 30 11 614.9
2025 06 30 12 740.9
2025 06 30 13 673.9
2025 06 30 14 465.9
2025 06 30 15 499.3
2025 06 30 16 361.2
2025 06 30 17 274.4
2025 06 30 18 149.3
2025 06 30 19 53.4
2025 06 30 20 1.5
2025 06 30 21 0.0
2025 06 30 22 0.0
2025 06 30 23 0.0
2025 07 01 00 0.0
2025 07 01 01 0.0
2025 07 01 02 9.5
2025 07 01 03 76.1
2025 07 01 04 183.7
2025 07 01 05 310.3
2025 07 01 06 442.1
2025 07 01 07 559.9
2025 07 01 08 676.9
2025 07 01 09 757.9
2025 07 01 10 806.4
2025 07 01 11 786.2
2025 07 01 12 795.7
2025 07 01 13 736.9
2025 07 01 14 543.4
2025 07 01 15 498.5
2025 07 01 16 393.1
2025 07 01 17 203.4
2025 07 01 18 122.7
2025 07 01 19 48.7
2025 07 01 20 0.6
2025 07 01 21 0.0
2025 07 01 22 0.0
2025 07 01 23 0.0
2025 07 02 00 0.0
2025 07 02 01 0.0
2025 07 02 02 8.2
2025 07 02 03 54.0
2025 07 02 04 130.1
2025 07 02 05 286.8
2025 07 02 06 412.9
2025 07 02 07 490.5
2025 07 02 08 652.5
2025 07 02 09 348.9
2025 07 02 10 282.6
2025 07 02 11 620.3
2025 07 02 12 682.0
2025 07 02 13 704.0
2025 07 02 14 368.9
2025 07 02 15 183.3
2025 07 02 16 166.2
2025 07 02 17 187.7
2025 07 02 18 98.8
2025 07 02 19 18.7
2025 07 02 20 0.4
2025 07 02 21 0.0
2025 07 02 22 0.0
2025 07 02 23 0.0
2025 07 03 00 0.0
2025 07 03 01 0.0
2025 07 03 02 6.2
2025 07 03 03 35.3
2025 07 03 04 115.9
2025 07 03 05 130.8
2025 07 03 06 160.8
2025 07 03 07 190.1
2025 07 03 08 304.5
2025 07 03 09 460.1
2025 07 03 10 457.8
2025 07 03 11 813.1
2025 07 03 12 353.2
2025 07 03 13 426.2
2025 07 03 14 234.0
2025 07 03 15 193.8
2025 07 03 16 147.9
2025 07 03 17 99.8
2025 07 03 18 54.3
2025 07 03 19 46.3
2025 07 03 20 0.0
2025 07 03 21 0.0
2025 07 03 22 0.0
2025 07 03 23 0.0
2025 07 04 00 0.0
2025 07 04 01 0.0
2025 07 04 02 8.0
2025 07 04 03 69.7
2025 07 04 04 188.0
2025 07 04 05 320.7
2025 07 04 06 459.3
2025 07 04 07 587.4
2025 07 04 08 696.1
2025 07 04 09 778.1
2025 07 04 10 825.9
2025 07 04 11 814.1
2025 07 04 12 603.3
2025 07 04 13 267.6
2025 07 04 14 320.1
2025 07 04 15 318.7
2025 07 04 16 375.8
2025 07 04 17 270.4
2025 07 04 18 149.1
2025 07 04 19 47.8
2025 07 04 20 0.0
2025 07 04 21 0.0
2025 07 04 22 0.0
2025 07 04 23 0.0
2025 07 05 00 0.0
2025 07 05 01 0.0
2025 07 05 02 3.0
2025 07 05 03 50.6
2025 07 05 04 133.3
2025 07 05 05 192.2
2025 07 05 06 157.3
2025 07 05 07 200.9
2025 07 05 08 243.9
2025 07 05 09 266.5
2025 07 05 10 284.1
2025 07 05 11 290.4
2025 07 05 12 282.4
2025 07 05 13 261.5
2025 07 05 14 231.2
2025 07 05 15 191.3
2025 07 05 16 142.8
2025 07 05 17 116.9
2025 07 05 18 64.2
2025 07 05 19 16.7
2025 07 05 20 0.0
2025 07 05 21 0.0
2025 07 05 22 0.0
2025 07 05 23 0.0
2025 07 06 00 0.0
2025 07 06 01 0.0
2025 07 06 02 2.7
2025 07 06 03 26.4
2025 07 06 04 71.6
2025 07 06 05 102.9
2025 07 06 06 150.2
2025 07 06 07 195.8
2025 07 06 08 238.1
2025 07 06 09 273.4
2025 07 06 10 285.5
2025 07 06 11 370.2
2025 07 06 12 655.4
2025 07 06 13 274.7
2025 07 06 14 336.4
2025 07 06 15 450.7
2025 07 06 16 214.6
2025 07 06 17 239.9
2025 07 06 18 126.3
2025 07 06 19 36.9
2025 07 06 20 0.0
2025 07 06 21 0.0
2025 07 06 22 0.0
2025 07 06 23 0.0
2025 07 07 00 0.0
2025 07 07 01 0.0
2025 07 07 02 4.5
2025 07 07 03 37.9
2025 07 07 04 107.5
2025 07 07 05 150.3
2025 07 07 06 363.0
2025 07 07 07 255.3
2025 07 07 08 407.9
2025 07 07 09 553.6
2025 07 07 10 532.0
2025 07 07 11 453.6
2025 07 07 12 275.3
2025 07 07 13 253.4
2025 07 07 14 222.7
2025 07 07 15 179.2
2025 07 07 16 132.3
2025 07 07 17 85.7
2025 07 07 18 45.1
2025 07 07 19 14.4
2025 07 07 20 0.0
2025 07 07 21 0.0
2025 07 07 22 0.0
2025 07 07 23 0.0
2025 07 08 00 0.0
2025 07 08 01 0.0
2025 07 08 02 1.7
2025 07 08 03 22.2
2025 07 08 04 58.4
2025 07 08 05 104.4
2025 07 08 06 152.5
2025 07 08 07 198.0
2025 07 08 08 238.8
2025 07 08 09 424.1
2025 07 08 10 546.2
2025 07 08 11 300.2
2025 07 08 12 638.8
2025 07 08 13 588.6
2025 07 08 14 231.0
2025 07 08 15 189.3
2025 07 08 16 389.1
2025 07 08 17 264.5
2025 07 08 18 124.3
2025 07 08 19 42.3
2025 07 08 20 0.0
2025 07 08 21 0.0
2025 07 08 22 0.0
2025 07 08 23 0.0
2025 07 09 00 0.0
2025 07 09 01 0.0
2025 07 09 02 4.2
2025 07 09 03 57.7
2025 07 09 04 164.9
2025 07 09 05 292.6
2025 07 09 06 428.1
2025 07 09 07 556.1
2025 07 09 08 666.6
2025 07 09 09 753.7
2025 07 09 10 792.4
2025 07 09 11 577.7
2025 07 09 12 456.1
2025 07 09 13 260.6
2025 07 09 14 402.9
2025 07 09 15 404.1
2025 07 09 16 342.0
2025 07 09 17 262.6
2025 07 09 18 136.6
2025 07 09 19 41.8
2025 07 09 20 0.0
2025 07 09 21 0.0
2025 07 09 22 0.0
2025 07 09 23 0.0
2025 07 10 00 0.0
2025 07 10 01 0.0
2025 07 10 02 3.6
2025 07 10 03 56.0
2025 07 10 04 161.8
2025 07 10 05 288.9
2025 07 10 06 421.7
2025 07 10 07 549.8
2025 07 10 08 661.5
2025 07 10 09 749.1
2025 07 10 10 798.2
2025 07 10 11 714.5
2025 07 10 12 751.0
2025 07 10 13 734.1
2025 07 10 14 649.5
2025 07 10 15 529.8
2025 07 10 16 380.4
2025 07 10 17 263.1
2025 07 10 18 142.3
2025 07 10 19 40.2
2025 07 10 20 0.0
2025 07 10 21 0.0
2025 07 10 22 0.0
2025 07 10 23 0.0
2025 07 11 00 0.0
2025 07 11 01 0.0
2025 07 11 02 1.7
2025 07 11 03 36.4
2025 07 11 04 54.0
2025 07 11 05 190.6
2025 07 11 06 140.6
2025 07 11 07 213.1
2025 07 11 08 350.0
2025 07 11 09 468.6
2025 07 11 10 390.3
2025 07 11 11 429.6
2025 07 11 12 441.1
2025 07 11 13 390.3
2025 07 11 14 412.4
2025 07 11 15 384.3
2025 07 11 16 130.3
2025 07 11 17 96.9
2025 07 11 18 43.9
2025 07 11 19 16.5
2025 07 11 20 0.0
2025 07 11 21 0.0
2025 07 11 22 0.0
2025 07 11 23 0.0
2025 07 12 00 0.0
2025 07 12 01 0.0
2025 07 12 02 1.6
2025 07 12 03 18.5
2025 07 12 04 87.7
2025 07 12 05 244.3
2025 07 12 06 383.4
2025 07 12 07 515.1
2025 07 12 08 491.6
2025 07 12 09 302.3
2025 07 12 10 281.4
2025 07 12 11 284.6
2025 07 12 12 275.6
2025 07 12 13 253.8
2025 07 12 14 218.9
2025 07 12 15 173.9
2025 07 12 16 130.3
2025 07 12 17 83.0
2025 07 12 18 41.1
2025 07 12 19 21.1
2025 07 12 20 0.0
2025 07 12 21 0.0
2025 07 12 22 0.0
2025 07 12 23 0.0
2025 07 13 00 0.0
2025 07 13 01 0.0
2025 07 13 02 0.6
2025 07 13 03 19.7
2025 07 13 04 61.2
2025 07 13 05 100.9
2025 07 13 06 151.1
2025 07 13 07 192.4
2025 07 13 08 373.0
2025 07 13 09 520.1
2025 07 13 10 569.8
2025 07 13 11 670.3
2025 07 13 12 629.2
2025 07 13 13 513.0
2025 07 13 14 493.8
2025 07 13 15 261.3
2025 07 13 16 288.8
2025 07 13 17 210.2
2025 07 13 18 73.5
2025 07 13 19 28.6
2025 07 13 20 0.0
2025 07 13 21 0.0
2025 07 13 22 0.0
2025 07 13 23 0.0
2025 07 14 00 0.0
2025 07 14 01 0.0
2025 07 14 02 0.3
2025 07 14 03 19.6
2025 07 14 04 50.6
2025 07 14 05 92.7
2025 07 14 06 181.5
2025 07 14 07 182.6
2025 07 14 08 221.3
2025 07 14 09 254.5
2025 07 14 10 271.1
2025 07 14 11 275.5
2025 07 14 12 283.6
2025 07 14 13 259.7
2025 07 14 14 219.3
2025 07 14 15 180.9
2025 07 14 16 127.3
2025 07 14 17 81.6
2025 07 14 18 40.7
2025 07 14 19 27.1
2025 07 14 20 0.0
2025 07 14 21 0.0
2025 07 14 22 0.0
2025 07 14 23 0.0
2025 07 15 00 0.0
2025 07 15 01 0.0
2025 07 15 02 0.0
2025 07 15 03 17.7
2025 07 15 04 72.9
2025 07 15 05 94.0
2025 07 15 06 311.3
2025 07 15 07 247.8
2025 07 15 08 222.0
2025 07 15 09 250.9
2025 07 15 10 268.8
2025 07 15 11 273.3
2025 07 15 12 498.3
2025 07 15 13 432.9
2025 07 15 14 416.4
2025 07 15 15 422.5
2025 07 15 16 127.6
2025 07 15 17 110.3
2025 07 15 18 41.3
2025 07 15 19 11.1
2025 07 15 20 0.0
2025 07 15 21 0.0
2025 07 15 22 0.0
2025 07 15 23 0.0
2025 07 16 00 0.0
2025 07 16 01 0.0
2025 07 16 02 0.0
2025 07 16 03 15.9
2025 07 16 04 113.8
2025 07 16 05 207.1
2025 07 16 06 346.8
2025 07 16 07 444.7
2025 07 16 08 427.4
2025 07 16 09 671.3
2025 07 16 10 580.1
2025 07 16 11 572.6
2025 07 16 12 406.9
2025 07 16 13 601.1
2025 07 16 14 603.9
2025 07 16 15 495.3
2025 07 16 16 378.3
2025 07 16 17 248.2
2025 07 16 18 125.4
2025 07 16 19 32.5
2025 07 16 20 0.0
2025 07 16 21 0.0
2025 07 16 22 0.0
2025 07 16 23 0.0
2025 07 17 00 0.0
2025 07 17 01 0.0
2025 07 17 02 0.0
2025 07 17 03 47.6
2025 07 17 04 149.9
2025 07 17 05 275.2
2025 07 17 06 404.5
2025 07 17 07 526.1
2025 07 17 08 628.1
2025 07 17 09 709.4
2025 07 17 10 762.7
2025 07 17 11 778.5
2025 07 17 12 718.2
2025 07 17 13 651.2
2025 07 17 14 606.3
2025 07 17 15 493.3
2025 07 17 16 361.5
2025 07 17 17 237.5
2025 07 17 18 118.2
2025 07 17 19 29.7
2025 07 17 20 0.0
2025 07 17 21 0.0
2025 07 17 22 0.0
2025 07 17 23 0.0
2025 07 18 00 0.0
2025 07 18 01 0.0
2025 07 18 02 0.0
2025 07 18 03 44.5
2025 07 18 04 147.7
2025 07 18 05 273.5
2025 07 18 06 400.2
2025 07 18 07 479.9
2025 07 18 08 572.9
2025 07 18 09 669.2
2025 07 18 10 694.1
2025 07 18 11 622.3
2025 07 18 12 698.7
2025 07 18 13 673.3
2025 07 18 14 607.1
2025 07 18 15 438.7
2025 07 18 16 338.9
2025 07 18 17 228.9
2025 07 18 18 105.4
2025 07 18 19 26.3
2025 07 18 20 0.0
2025 07 18 21 0.0
2025 07 18 22 0.0
2025 07 18 23 0.0
2025 07 19 00 0.0
2025 07 19 01 0.0
2025 07 19 02 0.0
2025 07 19 03 39.6
2025 07 19 04 142.3
2025 07 19 05 264.6
2025 07 19 06 398.9
2025 07 19 07 528.2
2025 07 19 08 637.5
2025 07 19 09 720.0
2025 07 19 10 728.1
2025 07 19 11 447.1
2025 07 19 12 557.9
2025 07 19 13 700.0
2025 07 19 14 610.3
2025 07 19 15 493.9
2025 07 19 16 365.0
2025 07 19 17 233.7
2025 07 19 18 114.4
2025 07 19 19 26.7
2025 07 19 20 0.0
2025 07 19 21 0.0
2025 07 19 22 0.0
2025 07 19 23 0.0
2025 07 20 00 0.0
2025 07 20 01 0.0
2025 07 20 02 0.0
2025 07 20 03 40.6
2025 07 20 04 139.3
2025 07 20 05 264.0
2025 07 20 06 395.6
2025 07 20 07 525.0
2025 07 20 08 635.2
2025 07 20 09 718.9
2025 07 20 10 769.8
2025 07 20 11 783.1
2025 07 20 12 599.3
2025 07 20 13 688.9
2025 07 20 14 612.7
2025 07 20 15 495.7
2025 07 20 16 366.9
2025 07 20 17 236.0
2025 07 20 18 114.9
2025 07 20 19 25.8
2025 07 20 20 0.0
2025 07 20 21 0.0
2025 07 20 22 0.0
2025 07 20 23 0.0
2025 07 21 00 0.0
2025 07 21 01 0.0
2025 07 21 02 0.0
2025 07 21 03 30.0
2025 07 21 04 56.5
2025 07 21 05 253.1
2025 07 21 06 386.0
2025 07 21 07 512.9
2025 07 21 08 521.2
2025 07 21 09 700.6
2025 07 21 10 740.3
2025 07 21 11 778.2
2025 07 21 12 754.1
2025 07 21 13 695.2
2025 07 21 14 604.6
2025 07 21 15 491.3
2025 07 21 16 295.8
2025 07 21 17 232.5
2025 07 21 18 110.9
2025 07 21 19 20.2
2025 07 21 20 0.0
2025 07 21 21 0.0
2025 07 21 22 0.0
2025 07 21 23 0.0
2025 07 22 00 0.0
2025 07 22 01 0.0
2025 07 22 02 0.0
2025 07 22 03 34.3
2025 07 22 04 104.5
2025 07 22 05 229.2
2025 07 22 06 376.7
2025 07 22 07 486.2
2025 07 22 08 432.7
2025 07 22 09 643.6
2025 07 22 10 722.6
2025 07 22 11 760.0
2025 07 22 12 697.9
2025 07 22 13 244.0
2025 07 22 14 210.7
2025 07 22 15 169.3
2025 07 22 16 187.8
2025 07 22 17 76.8
2025 07 22 18 35.7
2025 07 22 19 7.3
2025 07 22 20 0.0
2025 07 22 21 0.0
2025 07 22 22 0.0
2025 07 22 23 0.0
2025 07 23 00 0.0
2025 07 23 01 0.0
2025 07 23 02 0.0
2025 07 23 03 21.4
2025 07 23 04 66.0
2025 07 23 05 196.2
2025 07 23 06 351.2
2025 07 23 07 182.4
2025 07 23 08 596.5
2025 07 23 09 565.2
2025 07 23 10 727.6
2025 07 23 11 705.7
2025 07 23 12 472.6
2025 07 23 13 499.2
2025 07 23 14 553.1
2025 07 23 15 427.3
2025 07 23 16 289.6
2025 07 23 17 104.4
2025 07 23 18 58.6
2025 07 23 19 8.5
2025 07 23 20 0.0
2025 07 23 21 0.0
2025 07 23 22 0.0
2025 07 23 23 0.0
2025 07 24 00 0.0
2025 07 24 01 0.0
2025 07 24 02 0.0
2025 07 24 03 28.6
2025 07 24 04 42.4
2025 07 24 05 166.4
2025 07 24 06 318.0
2025 07 24 07 419.5
2025 07 24 08 598.5
2025 07 24 09 441.1
2025 07 24 10 639.8
2025 07 24 11 668.3
2025 07 24 12 647.8
2025 07 24 13 672.1
2025 07 24 14 579.0
2025 07 24 15 462.7
2025 07 24 16 342.9
2025 07 24 17 212.6
2025 07 24 18 97.1
2025 07 24 19 17.7
2025 07 24 20 0.0
2025 07 24 21 0.0
2025 07 24 22 0.0
2025 07 24 23 0.0
2025 07 25 00 0.0
2025 07 25 01 0.0
2025 07 25 02 0.0
2025 07 25 03 23.6
2025 07 25 04 108.1
2025 07 25 05 147.0
2025 07 25 06 282.7
2025 07 25 07 411.1
2025 07 25 08 304.0
2025 07 25 09 511.8
2025 07 25 10 645.3
2025 07 25 11 651.2
2025 07 25 12 647.5
2025 07 25 13 492.0
2025 07 25 14 587.2
2025 07 25 15 477.4
2025 07 25 16 348.5
2025 07 25 17 220.4
2025 07 25 18 102.4
2025 07 25 19 17.5
2025 07 25 20 0.0
2025 07 25 21 0.0
2025 07 25 22 0.0
2025 07 25 23 0.0
2025 07 26 00 0.0
2025 07 26 01 0.0
2025 07 26 02 0.0
2025 07 26 03 16.0
2025 07 26 04 49.3
2025 07 26 05 110.6
2025 07 26 06 306.6
2025 07 26 07 357.0
2025 07 26 08 214.0
2025 07 26 09 245.3
2025 07 26 10 728.7
2025 07 26 11 458.1
2025 07 26 12 502.6
2025 07 26 13 510.8
2025 07 26 14 288.9
2025 07 26 15 169.6
2025 07 26 16 125.4
2025 07 26 17 86.4
2025 07 26 18 79.0
2025 07 26 19 14.4
2025 07 26 20 0.0
2025 07 26 21 0.0
2025 07 26 22 0.0
2025 07 26 23 0.0
2025 07 27 00 0.0
2025 07 27 01 0.0
2025 07 27 02 0.0
2025 07 27 03 13.8
2025 07 27 04 49.4
2025 07 27 05 134.8
2025 07 27 06 318.8
2025 07 27 07 446.2
2025 07 27 08 604.1
2025 07 27 09 691.0
2025 07 27 10 309.9
2025 07 27 11 758.6
2025 07 27 12 732.7
2025 07 27 13 681.8
2025 07 27 14 585.0
2025 07 27 15 471.0
2025 07 27 16 348.3
2025 07 27 17 215.8
2025 07 27 18 96.5
2025 07 27 19 12.3
2025 07 27 20 0.0
2025 07 27 21 0.0
2025 07 27 22 0.0
2025 07 27 23 0.0
2025 07 28 00 0.0
2025 07 28 01 0.0
2025 07 28 02 0.0
2025 07 28 03 20.1
2025 07 28 04 110.2
2025 07 28 05 198.4
2025 07 28 06 230.2
2025 07 28 07 303.9
2025 07 28 08 370.0
2025 07 28 09 245.3
2025 07 28 10 547.4
2025 07 28 11 353.2
2025 07 28 12 308.6
2025 07 28 13 411.6
2025 07 28 14 304.0
2025 07 28 15 255.2
2025 07 28 16 279.9
2025 07 28 17 181.8
2025 07 28 18 76.3
2025 07 28 19 9.6
2025 07 28 20 0.0
2025 07 28 21 0.0
2025 07 28 22 0.0
2025 07 28 23 0.0
2025 07 29 00 0.0
2025 07 29 01 0.0
2025 07 29 02 0.0
2025 07 29 03 7.3
2025 07 29 04 39.3
2025 07 29 05 79.9
2025 07 29 06 123.7
2025 07 29 07 170.3
2025 07 29 08 210.8
2025 07 29 09 257.2
2025 07 29 10 262.2
2025 07 29 11 278.8
2025 07 29 12 593.4
2025 07 29 13 238.1
2025 07 29 14 224.0
2025 07 29 15 174.2
2025 07 29 16 122.2
2025 07 29 17 99.2
2025 07 29 18 89.9
2025 07 29 19 10.8
2025 07 29 20 0.0
2025 07 29 21 0.0
2025 07 29 22 0.0
2025 07 29 23 0.0
2025 07 30 00 0.0
2025 07 30 01 0.0
2025 07 30 02 0.0
2025 07 30 03 15.7
2025 07 30 04 89.9
2025 07 30 05 231.8
2025 07 30 06 366.5
2025 07 30 07 374.9
2025 07 30 08 523.3
2025 07 30 09 606.3
2025 07 30 10 734.8
2025 07 30 11 693.9
2025 07 30 12 631.7
2025 07 30 13 377.4
2025 07 30 14 298.8
2025 07 30 15 236.0
2025 07 30 16 120.3
2025 07 30 17 74.7
2025 07 30 18 31.0
2025 07 30 19 3.3
2025 07 30 20 0.0
2025 07 30 21 0.0
2025 07 30 22 0.0
2025 07 30 23 0.0
2025 07 31 00 0.0
2025 07 31 01 0.0
2025 07 31 02 0.0
2025 07 31 03 6.3
2025 07 31 04 37.7
2025 07 31 05 80.6
2025 07 31 06 126.5
2025 07 31 07 171.1
2025 07 31 08 211.6
2025 07 31 09 244.3
2025 07 31 10 257.6
2025 07 31 11 386.7
2025 07 31 12 342.3
2025 07 31 13 321.3
2025 07 31 14 458.7
2025 07 31 15 419.1
2025 07 31 16 299.4
2025 07 31 17 192.3
2025 07 31 18 69.8
2025 07 31 19 6.8
2025 07 31 20 0.0
2025 07 31 21 0.0
2025 07 31 22 0.0
2025 07 31 23 0.0
2025 08 01 00 0.0
2025 08 01 01 0.0
2025 08 01 02 0.0
2025 08 01 03 8.3
2025 08 01 04 74.5
2025 08 01 05 170.0
2025 08 01 06 179.1
2025 08 01 07 168.6
2025 08 01 08 207.2
2025 08 01 09 276.6
2025 08 01 10 255.7
2025 08 01 11 261.2
2025 08 01 12 254.0
2025 08 01 13 236.1
2025 08 01 14 199.1
2025 08 01 15 158.6
2025 08 01 16 113.7
2025 08 01 17 68.2
2025 08 01 18 26.9
2025 08 01 19 2.2
2025 08 01 20 0.0
2025 08 01 21 0.0
2025 08 01 22 0.0
2025 08 01 23 0.0
2025 08 02 00 0.0
2025 08 02 01 0.0
2025 08 02 02 0.0
2025 08 02 03 6.7
2025 08 02 04 34.8
2025 08 02 05 150.3
2025 08 02 06 350.5
2025 08 02 07 468.8
2025 08 02 08 416.2
2025 08 02 09 327.7
2025 08 02 10 584.3
2025 08 02 11 643.6
2025 08 02 12 702.9
2025 08 02 13 658.4
2025 08 02 14 577.8
2025 08 02 15 445.5
2025 08 02 16 329.0
2025 08 02 17 195.9
2025 08 02 18 69.0
2025 08 02 19 3.6
2025 08 02 20 0.0
2025 08 02 21 0.0
2025 08 02 22 0.0
2025 08 02 23 0.0
2025 08 03 00 0.0
2025 08 03 01 0.0
2025 08 03 02 0.0
2025 08 03 03 9.5
2025 08 03 04 77.5
2025 08 03 05 203.2
2025 08 03 06 316.9
2025 08 03 07 172.5
2025 08 03 08 244.6
2025 08 03 09 393.8
2025 08 03 10 540.3
2025 08 03 11 734.8
2025 08 03 12 717.1
2025 08 03 13 608.2
2025 08 03 14 489.4
2025 08 03 15 415.0
2025 08 03 16 278.4
2025 08 03 17 144.6
2025 08 03 18 45.9
2025 08 03 19 2.3
2025 08 03 20 0.0
2025 08 03 21 0.0
2025 08 03 22 0.0
2025 08 03 23 0.0
2025 08 04 00 0.0
2025 08 04 01 0.0
2025 08 04 02 0.0
2025 08 04 03 4.0
2025 08 04 04 31.6
2025 08 04 05 85.7
2025 08 04 06 192.0
2025 08 04 07 218.3
2025 08 04 08 239.3
2025 08 04 09 347.8
2025 08 04 10 568.9
2025 08 04 11 719.4
2025 08 04 12 699.7
2025 08 04 13 652.3
2025 08 04 14 313.5
2025 08 04 15 206.7
2025 08 04 16 123.4
2025 08 04 17 165.9
2025 08 04 18 64.8
2025 08 04 19 1.3
2025 08 04 20 0.0
2025 08 04 21 0.0
2025 08 04 22 0.0
2025 08 04 23 0.0
2025 08 05 00 0.0
2025 08 05 01 0.0
2025 08 05 02 0.0
2025 08 05 03 6.2
2025 08 05 04 29.2
2025 08 05 05 72.9
2025 08 05 06 139.9
2025 08 05 07 249.6
2025 08 05 08 599.0
2025 08 05 09 686.3
2025 08 05 10 722.2
2025 08 05 11 738.8
2025 08 05 12 684.5
2025 08 05 13 677.4
2025 08 05 14 551.4
2025 08 05 15 317.5
2025 08 05 16 318.7
2025 08 05 17 194.6
2025 08 05 18 72.3
2025 08 05 19 1.1
2025 08 05 20 0.0
2025 08 05 21 0.0
2025 08 05 22 0.0
2025 08 05 23 0.0
2025 08 06 00 0.0
2025 08 06 01 0.0
2025 08 06 02 0.0
2025 08 06 03 3.0
2025 08 06 04 34.0
2025 08 06 05 136.1
2025 08 06 06 128.2
2025 08 06 07 241.9
2025 08 06 08 223.5
2025 08 06 09 409.8
2025 08 06 10 598.0
2025 08 06 11 479.3
2025 08 06 12 576.7
2025 08 06 13 562.7
2025 08 06 14 441.4
2025 08 06 15 203.8
2025 08 06 16 197.1
2025 08 06 17 68.0
2025 08 06 18 61.9
2025 08 06 19 0.0
2025 08 06 20 0.0
2025 08 06 21 0.0
2025 08 06 22 0.0
2025 08 06 23 0.0
2025 08 07 00 0.0
2025 08 07 01 0.0
2025 08 07 02 0.0
2025 08 07 03 6.5
2025 08 07 04 86.8
2025 08 07 05 205.3
2025 08 07 06 339.9
2025 08 07 07 457.9
2025 08 07 08 579.0
2025 08 07 09 653.4
2025 08 07 10 701.3
2025 08 07 11 620.5
2025 08 07 12 585.0
2025 08 07 13 584.4
2025 08 07 14 462.8
2025 08 07 15 397.3
2025 08 07 16 262.1
2025 08 07 17 154.9
2025 08 07 18 51.4
2025 08 07 19 0.0
2025 08 07 20 0.0
2025 08 07 21 0.0
2025 08 07 22 0.0
2025 08 07 23 0.0
2025 08 08 00 0.0
2025 08 08 01 0.0
2025 08 08 02 0.0
2025 08 08 03 1.9
2025 08 08 04 27.3
2025 08 08 05 118.6
2025 08 08 06 263.2
2025 08 08 07 448.8
2025 08 08 08 541.4
2025 08 08 09 607.3
2025 08 08 10 676.5
2025 08 08 11 635.2
2025 08 08 12 646.8
2025 08 08 13 369.4
2025 08 08 14 440.6
2025 08 08 15 321.8
2025 08 08 16 283.2
2025 08 08 17 154.8
2025 08 08 18 18.3
2025 08 08 19 0.0
2025 08 08 20 0.0
2025 08 08 21 0.0
2025 08 08 22 0.0
2025 08 08 23 0.0
2025 08 09 00 0.0
2025 08 09 01 0.0
2025 08 09 02 0.0
2025 08 09 03 3.6
2025 08 09 04 69.7
2025 08 09 05 183.1
2025 08 09 06 308.9
2025 08 09 07 428.7
2025 08 09 08 539.0
2025 08 09 09 620.6
2025 08 09 10 676.1
2025 08 09 11 636.7
2025 08 09 12 612.5
2025 08 09 13 387.4
2025 08 09 14 435.1
2025 08 09 15 160.4
2025 08 09 16 110.9
2025 08 09 17 134.2
2025 08 09 18 47.3
2025 08 09 19 0.0
2025 08 09 20 0.0
2025 08 09 21 0.0
2025 08 09 22 0.0
2025 08 09 23 0.0
2025 08 10 00 0.0
2025 08 10 01 0.0
2025 08 10 02 0.0
2025 08 10 03 2.2
2025 08 10 04 53.2
2025 08 10 05 145.8
2025 08 10 06 308.9
2025 08 10 07 447.7
2025 08 10 08 561.6
2025 08 10 09 595.4
2025 08 10 10 619.3
2025 08 10 11 709.6
2025 08 10 12 712.2
2025 08 10 13 507.2
2025 08 10 14 493.3
2025 08 10 15 432.5
2025 08 10 16 283.1
2025 08 10 17 166.9
2025 08 10 18 51.5
2025 08 10 19 0.0
2025 08 10 20 0.0
2025 08 10 21 0.0
2025 08 10 22 0.0
2025 08 10 23 0.0
2025 08 11 00 0.0
2025 08 11 01 0.0
2025 08 11 02 0.0
2025 08 11 03 1.1
2025 08 11 04 54.9
2025 08 11 05 183.1
2025 08 11 06 310.8
2025 08 11 07 334.1
2025 08 11 08 452.3
2025 08 11 09 477.0
2025 08 11 10 519.1
2025 08 11 11 438.2
2025 08 11 12 486.5
2025 08 11 13 229.5
2025 08 11 14 196.4
2025 08 11 15 253.2
2025 08 11 16 138.7
2025 08 11 17 154.4
2025 08 11 18 48.4
2025 08 11 19 0.0
2025 08 11 20 0.0
2025 08 11 21 0.0
2025 08 11 22 0.0
2025 08 11 23 0.0
2025 08 12 00 0.0
2025 08 12 01 0.0
2025 08 12 02 0.0
2025 08 12 03 0.0
2025 08 12 04 29.3
2025 08 12 05 136.2
2025 08 12 06 284.1
2025 08 12 07 406.4
2025 08 12 08 527.8
2025 08 12 09 590.1
2025 08 12 10 649.1
2025 08 12 11 673.0
2025 08 12 12 657.9
2025 08 12 13 596.7
2025 08 12 14 508.5
2025 08 12 15 413.1
2025 08 12 16 277.8
2025 08 12 17 131.7
2025 08 12 18 43.4
2025 08 12 19 0.0
2025 08 12 20 0.0
2025 08 12 21 0.0
2025 08 12 22 0.0
2025 08 12 23 0.0
2025 08 13 00 0.0
2025 08 13 01 0.0
2025 08 13 02 0.0
2025 08 13 03 0.0
2025 08 13 04 26.3
2025 08 13 05 67.0
2025 08 13 06 177.9
2025 08 13 07 158.2
2025 08 13 08 291.0
2025 08 13 09 578.2
2025 08 13 10 593.9
2025 08 13 11 704.5
2025 08 13 12 684.8
2025 08 13 13 623.0
2025 08 13 14 525.2
2025 08 13 15 369.0
2025 08 13 16 277.4
2025 08 13 17 135.3
2025 08 13 18 38.5
2025 08 13 19 0.0
2025 08 13 20 0.0
2025 08 13 21 0.0
2025 08 13 22 0.0
2025 08 13 23 0.0
2025 08 14 00 0.0
2025 08 14 01 0.0
2025 08 14 02 0.0
2025 08 14 03 0.0
2025 08 14 04 57.9
2025 08 14 05 171.0
2025 08 14 06 300.1
2025 08 14 07 425.1
2025 08 14 08 535.3
2025 08 14 09 621.7
2025 08 14 10 673.0
2025 08 14 11 674.8
2025 08 14 12 662.4
2025 08 14 13 588.3
2025 08 14 14 489.8
2025 08 14 15 277.8
2025 08 14 16 248.9
2025 08 14 17 99.6
2025 08 14 18 31.5
2025 08 14 19 0.0
2025 08 14 20 0.0
2025 08 14 21 0.0
2025 08 14 22 0.0
2025 08 14 23 0.0
2025 08 15 00 0.0
2025 08 15 01 0.0
2025 08 15 02 0.0
2025 08 15 03 0.0
2025 08 15 04 50.7
2025 08 15 05 137.9
2025 08 15 06 288.8
2025 08 15 07 293.6
2025 08 15 08 399.4
2025 08 15 09 355.2
2025 08 15 10 400.5
2025 08 15 11 630.2
2025 08 15 12 308.0
2025 08 15 13 525.9
2025 08 15 14 409.8
2025 08 15 15 315.7
2025 08 15 16 194.2
2025 08 15 17 107.4
2025 08 15 18 28.2
2025 08 15 19 0.0
2025 08 15 20 0.0
2025 08 15 21 0.0
2025 08 15 22 0.0
2025 08 15 23 0.0
2025 08 16 00 0.0
2025 08 16 01 0.0
2025 08 16 02 0.0
2025 08 16 03 0.0
2025 08 16 04 61.3
2025 08 16 05 185.0
2025 08 16 06 323.2
2025 08 16 07 456.7
2025 08 16 08 571.3
2025 08 16 09 660.1
2025 08 16 10 697.5
2025 08 16 11 621.5
2025 08 16 12 322.4
2025 08 16 13 301.8
2025 08 16 14 350.2
2025 08 16 15 357.4
2025 08 16 16 165.3
2025 08 16 17 62.3
2025 08 16 18 23.3
2025 08 16 19 0.0
2025 08 16 20 0.0
2025 08 16 21 0.0
2025 08 16 22 0.0
2025 08 16 23 0.0
2025 08 17 00 0.0
2025 08 17 01 0.0
2025 08 17 02 0.0
2025 08 17 03 0.0
2025 08 17 04 19.2
2025 08 17 05 61.3
2025 08 17 06 109.4
2025 08 17 07 156.2
2025 08 17 08 197.6
2025 08 17 09 227.4
2025 08 17 10 245.7
2025 08 17 11 250.8
2025 08 17 12 242.2
2025 08 17 13 219.8
2025 08 17 14 271.2
2025 08 17 15 143.1
2025 08 17 16 238.8
2025 08 17 17 135.6
2025 08 17 18 27.7
2025 08 17 19 0.0
2025 08 17 20 0.0
2025 08 17 21 0.0
2025 08 17 22 0.0
2025 08 17 23 0.0
2025 08 18 00 0.0
2025 08 18 01 0.0
2025 08 18 02 0.0
2025 08 18 03 0.0
2025 08 18 04 40.6
2025 08 18 05 160.8
2025 08 18 06 293.6
2025 08 18 07 423.5
2025 08 18 08 537.3
2025 08 18 09 624.8
2025 08 18 10 676.5
2025 08 18 11 687.9
2025 08 18 12 656.7
2025 08 18 13 588.8
2025 08 18 14 493.9
2025 08 18 15 375.0
2025 08 18 16 222.2
2025 08 18 17 106.7
2025 08 18 18 20.9
2025 08 18 19 0.0
2025 08 18 20 0.0
2025 08 18 21 0.0
2025 08 18 22 0.0
2025 08 18 23 0.0
2025 08 19 00 0.0
2025 08 19 01 0.0
2025 08 19 02 0.0
2025 08 19 03 0.0
2025 08 19 04 36.1
2025 08 19 05 131.1
2025 08 19 06 242.7
2025 08 19 07 242.9
2025 08 19 08 181.0
2025 08 19 09 216.8
2025 08 19 10 233.0
2025 08 19 11 254.0
2025 08 19 12 249.2
2025 08 19 13 213.6
2025 08 19 14 418.5
2025 08 19 15 266.3
2025 08 19 16 151.3
2025 08 19 17 49.9
2025 08 19 18 13.4
2025 08 19 19 0.0
2025 08 19 20 0.0
2025 08 19 21 0.0
2025 08 19 22 0.0
2025 08 19 23 0.0
2025 08 20 00 0.0
2025 08 20 01 0.0
2025 08 20 02 0.0
2025 08 20 03 0.0
2025 08 20 04 44.8
2025 08 20 05 166.8
2025 08 20 06 304.6
2025 08 20 07 433.6
2025 08 20 08 545.5
2025 08 20 09 577.9
2025 08 20 10 517.6
2025 08 20 11 571.1
2025 08 20 12 534.3
2025 08 20 13 242.7
2025 08 20 14 437.1
2025 08 20 15 239.4
2025 08 20 16 144.6
2025 08 20 17 58.5
2025 08 20 18 11.4
2025 08 20 19 0.0
2025 08 20 20 0.0
2025 08 20 21 0.0
2025 08 20 22 0.0
2025 08 20 23 0.0
2025 08 21 00 0.0
2025 08 21 01 0.0
2025 08 21 02 0.0
2025 08 21 03 0.0
2025 08 21 04 13.5
2025 08 21 05 65.3
2025 08 21 06 221.8
2025 08 21 07 411.7
2025 08 21 08 473.8
2025 08 21 09 353.0
2025 08 21 10 438.0
2025 08 21 11 330.4
2025 08 21 12 285.7
2025 08 21 13 351.0
2025 08 21 14 292.0
2025 08 21 15 154.8
2025 08 21 16 93.1
2025 08 21 17 71.0
2025 08 21 18 13.0
2025 08 21 19 0.0
2025 08 21 20 0.0
2025 08 21 21 0.0
2025 08 21 22 0.0
2025 08 21 23 0.0
2025 08 22 00 0.0
2025 08 22 01 0.0
2025 08 22 02 0.0
2025 08 22 03 0.0
2025 08 22 04 31.3
2025 08 22 05 89.8
2025 08 22 06 220.6
2025 08 22 07 377.5
2025 08 22 08 484.0
2025 08 22 09 417.8
2025 08 22 10 395.1
2025 08 22 11 389.9
2025 08 22 12 230.8
2025 08 22 13 266.4
2025 08 22 14 206.4
2025 08 22 15 133.0
2025 08 22 16 81.2
2025 08 22 17 37.0
2025 08 22 18 4.2
2025 08 22 19 0.0
2025 08 22 20 0.0
2025 08 22 21 0.0
2025 08 22 22 0.0
2025 08 22 23 0.0
2025 08 23 00 0.0
2025 08 23 01 0.0
2025 08 23 02 0.0
2025 08 23 03 0.0
2025 08 23 04 25.8
2025 08 23 05 111.3
2025 08 23 06 230.5
2025 08 23 07 187.0
2025 08 23 08 288.2
2025 08 23 09 272.7
2025 08 23 10 240.3
2025 08 23 11 279.3
2025 08 23 12 515.7
2025 08 23 13 475.6
2025 08 23 14 442.4
2025 08 23 15 339.1
2025 08 23 16 146.9
2025 08 23 17 48.4
2025 08 23 18 4.1
2025 08 23 19 0.0
2025 08 23 20 0.0
2025 08 23 21 0.0
2025 08 23 22 0.0
2025 08 23 23 0.0
2025 08 24 00 0.0
2025 08 24 01 0.0
2025 08 24 02 0.0
2025 08 24 03 0.0
2025 08 24 04 11.5
2025 08 24 05 54.8
2025 08 24 06 141.5
2025 08 24 07 192.1
2025 08 24 08 307.2
2025 08 24 09 234.3
2025 08 24 10 240.5
2025 08 24 11 252.2
2025 08 24 12 287.3
2025 08 24 13 395.2
2025 08 24 14 274.2
2025 08 24 15 132.9
2025 08 24 16 175.5
2025 08 24 17 78.2
2025 08 24 18 5.1
2025 08 24 19 0.0
2025 08 24 20 0.0
2025 08 24 21 0.0
2025 08 24 22 0.0
2025 08 24 23 0.0
2025 08 25 00 0.0
2025 08 25 01 0.0
2025 08 25 02 0.0
2025 08 25 03 0.0
2025 08 25 04 27.9
2025 08 25 05 137.8
2025 08 25 06 250.5
2025 08 25 07 402.4
2025 08 25 08 418.2
2025 08 25 09 218.6
2025 08 25 10 237.6
2025 08 25 11 305.7
2025 08 25 12 232.0
2025 08 25 13 243.3
2025 08 25 14 267.6
2025 08 25 15 129.9
2025 08 25 16 173.6
2025 08 25 17 50.3
2025 08 25 18 2.4
2025 08 25 19 0.0
2025 08 25 20 0.0
2025 08 25 21 0.0
2025 08 25 22 0.0
2025 08 25 23 0.0
2025 08 26 00 0.0
2025 08 26 01 0.0
2025 08 26 02 0.0
2025 08 26 03 0.0
2025 08 26 04 8.9
2025 08 26 05 44.9
2025 08 26 06 237.2
2025 08 26 07 354.8
2025 08 26 08 354.2
2025 08 26 09 430.3
2025 08 26 10 524.6
2025 08 26 11 303.6
2025 08 26 12 337.2
2025 08 26 13 343.6
2025 08 26 14 173.0
2025 08 26 15 337.6
2025 08 26 16 183.2
2025 08 26 17 81.2
2025 08 26 18 2.1
2025 08 26 19 0.0
2025 08 26 20 0.0
2025 08 26 21 0.0
2025 08 26 22 0.0
2025 08 26 23 0.0
2025 08 27 00 0.0
2025 08 27 01 0.0
2025 08 27 02 0.0
2025 08 27 03 0.0
2025 08 27 04 22.4
2025 08 27 05 101.1
2025 08 27 06 254.3
2025 08 27 07 350.9
2025 08 27 08 381.1
2025 08 27 09 239.8
2025 08 27 10 273.8
2025 08 27 11 313.2
2025 08 27 12 328.7
2025 08 27 13 199.4
2025 08 27 14 187.9
2025 08 27 15 335.5
2025 08 27 16 203.2
2025 08 27 17 76.3
2025 08 27 18 1.5
2025 08 27 19 0.0
2025 08 27 20 0.0
2025 08 27 21 0.0
2025 08 27 22 0.0
2025 08 27 23 0.0
2025 08 28 00 0.0
2025 08 28 01 0.0
2025 08 28 02 0.0
2025 08 28 03 0.0
2025 08 28 04 7.6
2025 08 28 05 106.1
2025 08 28 06 91.1
2025 08 28 07 146.6
2025 08 28 08 179.6
2025 08 28 09 208.5
2025 08 28 10 235.6
2025 08 28 11 297.8
2025 08 28 12 443.2
2025 08 28 13 220.6
2025 08 28 14 237.4
2025 08 28 15 298.2
2025 08 28 16 134.1
2025 08 28 17 36.3
2025 08 28 18 0.0
2025 08 28 19 0.0
2025 08 28 20 0.0
2025 08 28 21 0.0
2025 08 28 22 0.0
2025 08 28 23 0.0
2025 08 29 00 0.0
2025 08 29 01 0.0
2025 08 29 02 0.0
2025 08 29 03 0.0
2025 08 29 04 5.1
2025 08 29 05 35.8
2025 08 29 06 78.2
2025 08 29 07 124.3
2025 08 29 08 167.0
2025 08 29 09 199.4
2025 08 29 10 217.2
2025 08 29 11 220.7
2025 08 29 12 210.3
2025 08 29 13 186.4
2025 08 29 14 151.4
2025 08 29 15 108.1
2025 08 29 16 62.3
2025 08 29 17 21.9
2025 08 29 18 0.0
2025 08 29 19 0.0
2025 08 29 20 0.0
2025 08 29 21 0.0
2025 08 29 22 0.0
2025 08 29 23 0.0
2025 08 30 00 0.0
2025 08 30 01 0.0
2025 08 30 02 0.0
2025 08 30 03 0.0
2025 08 30 04 4.8
2025 08 30 05 55.0
2025 08 30 06 83.9
2025 08 30 07 129.0
2025 08 30 08 179.2
2025 08 30 09 205.2
2025 08 30 10 218.6
2025 08 30 11 222.4
2025 08 30 12 270.9
2025 08 30 13 189.0
2025 08 30 14 162.7
2025 08 30 15 110.6
2025 08 30 16 63.9
2025 08 30 17 28.2
2025 08 30 18 0.0
2025 08 30 19 0.0
2025 08 30 20 0.0
2025 08 30 21 0.0
2025 08 30 22 0.0
2025 08 30 23 0.0
2025 08 31 00 0.0
2025 08 31 01 0.0
2025 08 31 02 0.0
2025 08 31 03 0.0
2025 08 31 04 4.0
2025 08 31 05 36.8
2025 08 31 06 78.1
2025 08 31 07 128.6
2025 08 31 08 167.7
2025 08 31 09 194.8
2025 08 31 10 215.8
2025 08 31 11 219.4
2025 08 31 12 219.1
2025 08 31 13 194.9
2025 08 31 14 153.0
2025 08 31 15 111.8
2025 08 31 16 75.7
2025 08 31 17 54.1
2025 08 31 18 0.0
2025 08 31 19 0.0
2025 08 31 20 0.0
2025 08 31 21 0.0
2025 08 31 22 0.0
2025 08 31 23 0.0
2025 09 01 00 0.0
2025 09 01 01 0.0
2025 09 01 02 0.0
2025 09 01 03 0.0
2025 09 01 04 3.5
2025 09 01 05 35.7
2025 09 01 06 112.5
2025 09 01 07 130.5
2025 09 01 08 166.5
2025 09 01 09 198.0
2025 09 01 10 396.4
2025 09 01 11 221.1
2025 09 01 12 210.8
2025 09 01 13 187.7
2025 09 01 14 153.3
2025 09 01 15 189.6
2025 09 01 16 121.0
2025 09 01 17 20.0
2025 09 01 18 0.0
2025 09 01 19 0.0
2025 09 01 20 0.0
2025 09 01 21 0.0
2025 09 01 22 0.0
2025 09 01 23 0.0
2025 09 02 00 0.0
2025 09 02 01 0.0
2025 09 02 02 0.0
2025 09 02 03 0.0
2025 09 02 04 3.5
2025 09 02 05 83.3
2025 09 02 06 184.7
2025 09 02 07 154.3
2025 09 02 08 446.4
2025 09 02 09 285.7
2025 09 02 10 395.6
2025 09 02 11 413.9
2025 09 02 12 447.7
2025 09 02 13 393.0
2025 09 02 14 202.4
2025 09 02 15 138.4
2025 09 02 16 57.2
2025 09 02 17 20.9
2025 09 02 18 0.0
2025 09 02 19 0.0
2025 09 02 20 0.0
2025 09 02 21 0.0
2025 09 02 22 0.0
2025 09 02 23 0.0
2025 09 03 00 0.0
2025 09 03 01 0.0
2025 09 03 02 0.0
2025 09 03 03 0.0
2025 09 03 04 2.2
2025 09 03 05 52.5
2025 09 03 06 141.4
2025 09 03 07 282.1
2025 09 03 08 269.9
2025 09 03 09 212.4
2025 09 03 10 242.7
2025 09 03 11 218.6
2025 09 03 12 501.5
2025 09 03 13 423.8
2025 09 03 14 398.5
2025 09 03 15 281.9
2025 09 03 16 167.6
2025 09 03 17 48.4
2025 09 03 18 0.0
2025 09 03 19 0.0
2025 09 03 20 0.0
2025 09 03 21 0.0
2025 09 03 22 0.0
2025 09 03 23 0.0
2025 09 04 00 0.0
2025 09 04 01 0.0
2025 09 04 02 0.0
2025 09 04 03 0.0
2025 09 04 04 1.7
2025 09 04 05 32.8
2025 09 04 06 118.0
2025 09 04 07 209.6
2025 09 04 08 412.5
2025 09 04 09 526.8
2025 09 04 10 526.8
2025 09 04 11 472.6
2025 09 04 12 492.6
2025 09 04 13 495.6
2025 09 04 14 399.3
2025 09 04 15 280.2
2025 09 04 16 152.8
2025 09 04 17 40.2
2025 09 04 18 0.0
2025 09 04 19 0.0
2025 09 04 20 0.0
2025 09 04 21 0.0
2025 09 04 22 0.0
2025 09 04 23 0.0
2025 09 05 00 0.0
2025 09 05 01 0.0
2025 09 05 02 0.0
2025 09 05 03 0.0
2025 09 05 04 1.5
2025 09 05 05 46.5
2025 09 05 06 80.8
2025 09 05 07 258.6
2025 09 05 08 319.9
2025 09 05 09 516.6
2025 09 05 10 560.7
2025 09 05 11 576.1
2025 09 05 12 554.6
2025 09 05 13 357.8
2025 09 05 14 279.3
2025 09 05 15 264.3
2025 09 05 16 141.4
2025 09 05 17 32.2
2025 09 05 18 0.0
2025 09 05 19 0.0
2025 09 05 20 0.0
2025 09 05 21 0.0
2025 09 05 22 0.0
2025 09 05 23 0.0
2025 09 06 00 0.0
2025 09 06 01 0.0
2025 09 06 02 0.0
2025 09 06 03 0.0
2025 09 06 04 1.2
2025 09 06 05 64.6
2025 09 06 06 67.8
2025 09 06 07 286.5
2025 09 06 08 271.9
2025 09 06 09 186.3
2025 09 06 10 278.5
2025 09 06 11 207.0
2025 09 06 12 201.1
2025 09 06 13 177.9
2025 09 06 14 133.5
2025 09 06 15 90.4
2025 09 06 16 60.9
2025 09 06 17 14.0
2025 09 06 18 0.0
2025 09 06 19 0.0
2025 09 06 20 0.0
2025 09 06 21 0.0
2025 09 06 22 0.0
2025 09 06 23 0.0
2025 09 07 00 0.0
2025 09 07 01 0.0
2025 09 07 02 0.0
2025 09 07 03 0.0
2025 09 07 04 0.0
2025 09 07 05 32.0
2025 09 07 06 163.5
2025 09 07 07 272.2
2025 09 07 08 433.9
2025 09 07 09 474.4
2025 09 07 10 202.9
2025 09 07 11 341.7
2025 09 07 12 325.8
2025 09 07 13 174.6
2025 09 07 14 310.3
2025 09 07 15 245.9
2025 09 07 16 135.9
2025 09 07 17 28.4
2025 09 07 18 0.0
2025 09 07 19 0.0
2025 09 07 20 0.0
2025 09 07 21 0.0
2025 09 07 22 0.0
2025 09 07 23 0.0
2025 09 08 00 0.0
2025 09 08 01 0.0
2025 09 08 02 0.0
2025 09 08 03 0.0
2025 09 08 04 0.0
2025 09 08 05 63.7
2025 09 08 06 111.3
2025 09 08 07 142.8
2025 09 08 08 187.1
2025 09 08 09 205.9
2025 09 08 10 239.4
2025 09 08 11 384.3
2025 09 08 12 415.7
2025 09 08 13 326.1
2025 09 08 14 306.3
2025 09 08 15 163.2
2025 09 08 16 88.1
2025 09 08 17 20.7
2025 09 08 18 0.0
2025 09 08 19 0.0
2025 09 08 20 0.0
2025 09 08 21 0.0
2025 09 08 22 0.0
2025 09 08 23 0.0
2025 09 09 00 0.0
2025 09 09 01 0.0
2025 09 09 02 0.0
2025 09 09 03 0.0
2025 09 09 04 0.0
2025 09 09 05 25.8
2025 09 09 06 125.6
2025 09 09 07 114.9
2025 09 09 08 163.3
2025 09 09 09 183.8
2025 09 09 10 548.6
2025 09 09 11 522.6
2025 09 09 12 517.1
2025 09 09 13 458.2
2025 09 09 14 365.6
2025 09 09 15 246.4
2025 09 09 16 121.8
2025 09 09 17 21.2
2025 09 09 18 0.0
2025 09 09 19 0.0
2025 09 09 20 0.0
2025 09 09 21 0.0
2025 09 09 22 0.0
2025 09 09 23 0.0
2025 09 10 00 0.0
2025 09 10 01 0.0
2025 09 10 02 0.0
2025 09 10 03 0.0
2025 09 10 04 0.0
2025 09 10 05 40.3
2025 09 10 06 111.3
2025 09 10 07 204.6
2025 09 10 08 174.1
2025 09 10 09 498.8
2025 09 10 10 527.1
2025 09 10 11 493.8
2025 09 10 12 387.8
2025 09 10 13 376.5
2025 09 10 14 160.6
2025 09 10 15 82.7
2025 09 10 16 40.6
2025 09 10 17 9.3
2025 09 10 18 0.0
2025 09 10 19 0.0
2025 09 10 20 0.0
2025 09 10 21 0.0
2025 09 10 22 0.0
2025 09 10 23 0.0
2025 09 11 00 0.0
2025 09 11 01 0.0
2025 09 11 02 0.0
2025 09 11 03 0.0
2025 09 11 04 0.0
2025 09 11 05 57.2
2025 09 11 06 96.3
2025 09 11 07 163.9
2025 09 11 08 194.4
2025 09 11 09 313.9
2025 09 11 10 325.5
2025 09 11 11 199.1
2025 09 11 12 290.7
2025 09 11 13 221.8
2025 09 11 14 122.8
2025 09 11 15 81.5
2025 09 11 16 38.7
2025 09 11 17 5.2
2025 09 11 18 0.0
2025 09 11 19 0.0
2025 09 11 20 0.0
2025 09 11 21 0.0
2025 09 11 22 0.0
2025 09 11 23 0.0
2025 09 12 00 0.0
2025 09 12 01 0.0
2025 09 12 02 0.0
2025 09 12 03 0.0
2025 09 12 04 0.0
2025 09 12 05 23.6
2025 09 12 06 89.6
2025 09 12 07 103.3
2025 09 12 08 150.9
2025 09 12 09 447.8
2025 09 12 10 451.5
2025 09 12 11 512.7
2025 09 12 12 257.9
2025 09 12 13 391.3
2025 09 12 14 362.3
2025 09 12 15 239.4
2025 09 12 16 114.9
2025 09 12 17 12.3
2025 09 12 18 0.0
2025 09 12 19 0.0
2025 09 12 20 0.0
2025 09 12 21 0.0
2025 09 12 22 0.0
2025 09 12 23 0.0
2025 09 13 00 0.0
2025 09 13 01 0.0
2025 09 13 02 0.0
2025 09 13 03 0.0
2025 09 13 04 0.0
2025 09 13 05 59.8
2025 09 13 06 184.0
2025 09 13 07 311.7
2025 09 13 08 424.5
2025 09 13 09 483.1
2025 09 13 10 530.9
2025 09 13 11 567.9
2025 09 13 12 534.7
2025 09 13 13 452.9
2025 09 13 14 221.0
2025 09 13 15 195.5
2025 09 13 16 109.1
2025 09 13 17 5.5
2025 09 13 18 0.0
2025 09 13 19 0.0
2025 09 13 20 0.0
2025 09 13 21 0.0
2025 09 13 22 0.0
2025 09 13 23 0.0
2025 09 14 00 0.0
2025 09 14 01 0.0
2025 09 14 02 0.0
2025 09 14 03 0.0
2025 09 14 04 0.0
2025 09 14 05 34.4
2025 09 14 06 115.0
2025 09 14 07 115.2
2025 09 14 08 305.0
2025 09 14 09 218.2
2025 09 14 10 195.2
2025 09 14 11 359.0
2025 09 14 12 261.3
2025 09 14 13 345.4
2025 09 14 14 121.6
2025 09 14 15 77.4
2025 09 14 16 39.6
2025 09 14 17 2.4
2025 09 14 18 0.0
2025 09 14 19 0.0
2025 09 14 20 0.0
2025 09 14 21 0.0
2025 09 14 22 0.0
2025 09 14 23 0.0
2025 09 15 00 0.0
2025 09 15 01 0.0
2025 09 15 02 0.0
2025 09 15 03 0.0
2025 09 15 04 0.0
2025 09 15 05 36.7
2025 09 15 06 81.4
2025 09 15 07 112.6
2025 09 15 08 168.6
2025 09 15 09 199.8
2025 09 15 10 321.0
2025 09 15 11 411.9
2025 09 15 12 394.4
2025 09 15 13 397.6
2025 09 15 14 332.5
2025 09 15 15 167.7
2025 09 15 16 34.2
2025 09 15 17 1.8
2025 09 15 18 0.0
2025 09 15 19 0.0
2025 09 15 20 0.0
2025 09 15 21 0.0
2025 09 15 22 0.0
2025 09 15 23 0.0
2025 09 16 00 0.0
2025 09 16 01 0.0
2025 09 16 02 0.0
2025 09 16 03 0.0
2025 09 16 04 0.0
2025 09 16 05 30.3
2025 09 16 06 58.7
2025 09 16 07 167.3
2025 09 16 08 169.2
2025 09 16 09 276.1
2025 09 16 10 443.5
2025 09 16 11 458.9
2025 09 16 12 181.7
2025 09 16 13 260.1
2025 09 16 14 249.4
2025 09 16 15 151.4
2025 09 16 16 55.2
2025 09 16 17 1.4
2025 09 16 18 0.0
2025 09 16 19 0.0
2025 09 16 20 0.0
2025 09 16 21 0.0
2025 09 16 22 0.0
2025 09 16 23 0.0
2025 09 17 00 0.0
2025 09 17 01 0.0
2025 09 17 02 0.0
2025 09 17 03 0.0
2025 09 17 04 0.0
2025 09 17 05 15.7
2025 09 17 06 58.6
2025 09 17 07 103.6
2025 09 17 08 147.2
2025 09 17 09 172.8
2025 09 17 10 191.9
2025 09 17 11 192.8
2025 09 17 12 184.7
2025 09 17 13 155.5
2025 09 17 14 155.9
2025 09 17 15 134.5
2025 09 17 16 75.5
2025 09 17 17 0.0
2025 09 17 18 0.0
2025 09 17 19 0.0
2025 09 17 20 0.0
2025 09 17 21 0.0
2025 09 17 22 0.0
2025 09 17 23 0.0
2025 09 18 00 0.0
2025 09 18 01 0.0
2025 09 18 02 0.0
2025 09 18 03 0.0
2025 09 18 04 0.0
2025 09 18 05 15.8
2025 09 18 06 57.2
2025 09 18 07 102.9
2025 09 18 08 359.7
2025 09 18 09 225.2
2025 09 18 10 488.3
2025 09 18 11 433.3
2025 09 18 12 265.2
2025 09 18 13 225.4
2025 09 18 14 115.4
2025 09 18 15 82.2
2025 09 18 16 60.9
2025 09 18 17 0.0
2025 09 18 18 0.0
2025 09 18 19 0.0
2025 09 18 20 0.0
2025 09 18 21 0.0
2025 09 18 22 0.0
2025 09 18 23 0.0
2025 09 19 00 0.0
2025 09 19 01 0.0
2025 09 19 02 0.0
2025 09 19 03 0.0
2025 09 19 04 0.0
2025 09 19 05 34.1
2025 09 19 06 127.2
2025 09 19 07 264.4
2025 09 19 08 315.5
2025 09 19 09 403.2
2025 09 19 10 452.7
2025 09 19 11 352.8
2025 09 19 12 380.4
2025 09 19 13 282.6
2025 09 19 14 296.2
2025 09 19 15 162.5
2025 09 19 16 66.7
2025 09 19 17 0.0
2025 09 19 18 0.0
2025 09 19 19 0.0
2025 09 19 20 0.0
2025 09 19 21 0.0
2025 09 19 22 0.0
2025 09 19 23 0.0
2025 09 20 00 0.0
2025 09 20 01 0.0
2025 09 20 02 0.0
2025 09 20 03 0.0
2025 09 20 04 0.0
2025 09 20 05 10.7
2025 09 20 06 46.5
2025 09 20 07 94.0
2025 09 20 08 235.6
2025 09 20 09 220.0
2025 09 20 10 174.2
2025 09 20 11 174.9
2025 09 20 12 165.7
2025 09 20 13 141.6
2025 09 20 14 104.9
2025 09 20 15 158.4
2025 09 20 16 50.4
2025 09 20 17 0.0
2025 09 20 18 0.0
2025 09 20 19 0.0
2025 09 20 20 0.0
2025 09 20 21 0.0
2025 09 20 22 0.0
2025 09 20 23 0.0
2025 09 21 00 0.0
2025 09 21 01 0.0
2025 09 21 02 0.0
2025 09 21 03 0.0
2025 09 21 04 0.0
2025 09 21 05 22.5
2025 09 21 06 103.6
2025 09 21 07 171.6
2025 09 21 08 122.1
2025 09 21 09 237.4
2025 09 21 10 304.3
2025 09 21 11 284.0
2025 09 21 12 276.5
2025 09 21 13 179.8
2025 09 21 14 166.6
2025 09 21 15 122.9
2025 09 21 16 51.1
2025 09 21 17 0.0
2025 09 21 18 0.0
2025 09 21 19 0.0
2025 09 21 20 0.0
2025 09 21 21 0.0
2025 09 21 22 0.0
2025 09 21 23 0.0
2025 09 22 00 0.0
2025 09 22 01 0.0
2025 09 22 02 0.0
2025 09 22 03 0.0
2025 09 22 04 0.0
2025 09 22 05 29.3
2025 09 22 06 148.3
2025 09 22 07 276.6
2025 09 22 08 390.4
2025 09 22 09 474.3
2025 09 22 10 520.2
2025 09 22 11 527.7
2025 09 22 12 490.4
2025 09 22 13 417.5
2025 09 22 14 305.6
2025 09 22 15 175.4
2025 09 22 16 64.9
2025 09 22 17 0.0
2025 09 22 18 0.0
2025 09 22 19 0.0
2025 09 22 20 0.0
2025 09 22 21 0.0
2025 09 22 22 0.0
2025 09 22 23 0.0
2025 09 23 00 0.0
2025 09 23 01 0.0
2025 09 23 02 0.0
2025 09 23 03 0.0
2025 09 23 04 0.0
2025 09 23 05 26.0
2025 09 23 06 144.5
2025 09 23 07 272.0
2025 09 23 08 384.6
2025 09 23 09 467.3
2025 09 23 10 514.8
2025 09 23 11 520.7
2025 09 23 12 484.9
2025 09 23 13 409.4
2025 09 23 14 308.2
2025 09 23 15 185.1
2025 09 23 16 59.2
2025 09 23 17 0.0
2025 09 23 18 0.0
2025 09 23 19 0.0
2025 09 23 20 0.0
2025 09 23 21 0.0
2025 09 23 22 0.0
2025 09 23 23 0.0
2025 09 24 00 0.0
2025 09 24 01 0.0
2025 09 24 02 0.0
2025 09 24 03 0.0
2025 09 24 04 0.0
2025 09 24 05 16.9
2025 09 24 06 125.6
2025 09 24 07 112.1
2025 09 24 08 332.7
2025 09 24 09 444.4
2025 09 24 10 484.9
2025 09 24 11 494.1
2025 09 24 12 463.1
2025 09 24 13 382.5
2025 09 24 14 290.3
2025 09 24 15 155.2
2025 09 24 16 50.5
2025 09 24 17 0.0
2025 09 24 18 0.0
2025 09 24 19 0.0
2025 09 24 20 0.0
2025 09 24 21 0.0
2025 09 24 22 0.0
2025 09 24 23 0.0
2025 09 25 00 0.0
2025 09 25 01 0.0
2025 09 25 02 0.0
2025 09 25 03 0.0
2025 09 25 04 0.0
2025 09 25 05 18.4
2025 09 25 06 129.0
2025 09 25 07 253.0
2025 09 25 08 362.6
2025 09 25 09 443.8
2025 09 25 10 489.1
2025 09 25 11 494.2
2025 09 25 12 460.0
2025 09 25 13 387.8
2025 09 25 14 285.3
2025 09 25 15 164.4
2025 09 25 16 45.0
2025 09 25 17 0.0
2025 09 25 18 0.0
2025 09 25 19 0.0
2025 09 25 20 0.0
2025 09 25 21 0.0
2025 09 25 22 0.0
2025 09 25 23 0.0
2025 09 26 00 0.0
2025 09 26 01 0.0
2025 09 26 02 0.0
2025 09 26 03 0.0
2025 09 26 04 0.0
2025 09 26 05 15.3
2025 09 26 06 123.1
2025 09 26 07 247.1
2025 09 26 08 356.6
2025 09 26 09 438.4
2025 09 26 10 481.0
2025 09 26 11 480.6
2025 09 26 12 456.3
2025 09 26 13 381.3
2025 09 26 14 275.8
2025 09 26 15 157.3
2025 09 26 16 35.9
2025 09 26 17 0.0
2025 09 26 18 0.0
2025 09 26 19 0.0
2025 09 26 20 0.0
2025 09 26 21 0.0
2025 09 26 22 0.0
2025 09 26 23 0.0
2025 09 27 00 0.0
2025 09 27 01 0.0
2025 09 27 02 0.0
2025 09 27 03 0.0
2025 09 27 04 0.0
2025 09 27 05 11.8
2025 09 27 06 102.9
2025 09 27 07 178.2
2025 09 27 08 258.5
2025 09 27 09 318.2
2025 09 27 10 331.2
2025 09 27 11 444.9
2025 09 27 12 331.2
2025 09 27 13 354.1
2025 09 27 14 239.6
2025 09 27 15 129.7
2025 09 27 16 25.7
2025 09 27 17 0.0
2025 09 27 18 0.0
2025 09 27 19 0.0
2025 09 27 20 0.0
2025 09 27 21 0.0
2025 09 27 22 0.0
2025 09 27 23 0.0
2025 09 28 00 0.0
2025 09 28 01 0.0
2025 09 28 02 0.0
2025 09 28 03 0.0
2025 09 28 04 0.0
2025 09 28 05 8.2
2025 09 28 06 93.0
2025 09 28 07 204.9
2025 09 28 08 282.9
2025 09 28 09 346.2
2025 09 28 10 451.7
2025 09 28 11 384.8
2025 09 28 12 408.5
2025 09 28 13 327.8
2025 09 28 14 238.9
2025 09 28 15 124.5
2025 09 28 16 29.0
2025 09 28 17 0.0
2025 09 28 18 0.0
2025 09 28 19 0.0
2025 09 28 20 0.0
2025 09 28 21 0.0
2025 09 28 22 0.0
2025 09 28 23 0.0
2025 09 29 00 0.0
2025 09 29 01 0.0
2025 09 29 02 0.0
2025 09 29 03 0.0
2025 09 29 04 0.0
2025 09 29 05 6.0
2025 09 29 06 53.9
2025 09 29 07 96.6
2025 09 29 08 329.0
2025 09 29 09 354.6
2025 09 29 10 244.1
2025 09 29 11 239.2
2025 09 29 12 248.3
2025 09 29 13 321.0
2025 09 29 14 169.3
2025 09 29 15 91.8
2025 09 29 16 17.8
2025 09 29 17 0.0
2025 09 29 18 0.0
2025 09 29 19 0.0
2025 09 29 20 0.0
2025 09 29 21 0.0
2025 09 29 22 0.0
2025 09 29 23 0.0
2025 09 30 00 0.0
2025 09 30 01 0.0
2025 09 30 02 0.0
2025 09 30 03 0.0
2025 09 30 04 0.0
2025 09 30 05 3.0
2025 09 30 06 80.2
2025 09 30 07 173.8
2025 09 30 08 120.4
2025 09 30 09 241.0
2025 09 30 10 165.7
2025 09 30 11 167.3
2025 09 30 12 172.9
2025 09 30 13 143.2
2025 09 30 14 90.2
2025 09 30 15 49.5
2025 09 30 16 16.6
2025 09 30 17 0.0
2025 09 30 18 0.0
2025 09 30 19 0.0
2025 09 30 20 0.0
2025 09 30 21 0.0
2025 09 30 22 0.0
2025 09 30 23 0.0
2025 10 01 00 0.0
2025 10 01 01 0.0
2025 10 01 02 0.0
2025 10 01 03 0.0
2025 10 01 04 0.0
2025 10 01 05 1.5
2025 10 01 06 35.2
2025 10 01 07 75.8
2025 10 01 08 131.3
2025 10 01 09 276.5
2025 10 01 10 175.4
2025 10 01 11 160.1
2025 10 01 12 147.1
2025 10 01 13 140.5
2025 10 01 14 180.3
2025 10 01 15 67.0
2025 10 01 16 13.4
2025 10 01 17 0.0
2025 10 01 18 0.0
2025 10 01 19 0.0
2025 10 01 20 0.0
2025 10 01 21 0.0
2025 10 01 22 0.0
2025 10 01 23 0.0
2025 10 02 00 0.0
2025 10 02 01 0.0
2025 10 02 02 0.0
2025 10 02 03 0.0
2025 10 02 04 0.0
2025 10 02 05 2.3
2025 10 02 06 89.0
2025 10 02 07 168.9
2025 10 02 08 237.9
2025 10 02 09 285.2
2025 10 02 10 377.8
2025 10 02 11 229.2
2025 10 02 12 261.8
2025 10 02 13 236.5
2025 10 02 14 167.7
2025 10 02 15 96.7
2025 10 02 16 13.3
2025 10 02 17 0.0
2025 10 02 18 0.0
2025 10 02 19 0.0
2025 10 02 20 0.0
2025 10 02 21 0.0
2025 10 02 22 0.0
2025 10 02 23 0.0
2025 10 03 00 0.0
2025 10 03 01 0.0
2025 10 03 02 0.0
2025 10 03 03 0.0
2025 10 03 04 0.0
2025 10 03 05 0.8
2025 10 03 06 88.9
2025 10 03 07 207.0
2025 10 03 08 266.2
2025 10 03 09 368.2
2025 10 03 10 409.4
2025 10 03 11 307.4
2025 10 03 12 349.8
2025 10 03 13 281.4
2025 10 03 14 191.4
2025 10 03 15 64.7
2025 10 03 16 7.9
2025 10 03 17 0.0
2025 10 03 18 0.0
2025 10 03 19 0.0
2025 10 03 20 0.0
2025 10 03 21 0.0
2025 10 03 22 0.0
2025 10 03 23 0.0
2025 10 04 00 0.0
2025 10 04 01 0.0
2025 10 04 02 0.0
2025 10 04 03 0.0
2025 10 04 04 0.0
2025 10 04 05 0.0
2025 10 04 06 29.5
2025 10 04 07 71.9
2025 10 04 08 129.9
2025 10 04 09 288.0
2025 10 04 10 179.2
2025 10 04 11 156.4
2025 10 04 12 172.1
2025 10 04 13 133.3
2025 10 04 14 78.7
2025 10 04 15 36.0
2025 10 04 16 2.9
2025 10 04 17 0.0
2025 10 04 18 0.0
2025 10 04 19 0.0
2025 10 04 20 0.0
2025 10 04 21 0.0
2025 10 04 22 0.0
2025 10 04 23 0.0
2025 10 05 00 0.0
2025 10 05 01 0.0
2025 10 05 02 0.0
2025 10 05 03 0.0
2025 10 05 04 0.0
2025 10 05 05 0.0
2025 10 05 06 47.5
2025 10 05 07 143.0
2025 10 05 08 201.8
2025 10 05 09 255.8
2025 10 05 10 294.4
2025 10 05 11 153.0
2025 10 05 12 262.0
2025 10 05 13 196.2
2025 10 05 14 108.9
2025 10 05 15 56.2
2025 10 05 16 4.1
2025 10 05 17 0.0
2025 10 05 18 0.0
2025 10 05 19 0.0
2025 10 05 20 0.0
2025 10 05 21 0.0
2025 10 05 22 0.0
2025 10 05 23 0.0
2025 10 06 00 0.0
2025 10 06 01 0.0
2025 10 06 02 0.0
2025 10 06 03 0.0
2025 10 06 04 0.0
2025 10 06 05 0.0
2025 10 06 06 49.0
2025 10 06 07 65.6
2025 10 06 08 156.3
2025 10 06 09 238.0
2025 10 06 10 246.6
2025 10 06 11 148.6
2025 10 06 12 158.6
2025 10 06 13 119.3
2025 10 06 14 79.6
2025 10 06 15 41.4
2025 10 06 16 1.5
2025 10 06 17 0.0
2025 10 06 18 0.0
2025 10 06 19 0.0
2025 10 06 20 0.0
2025 10 06 21 0.0
2025 10 06 22 0.0
2025 10 06 23 0.0
2025 10 07 00 0.0
2025 10 07 01 0.0
2025 10 07 02 0.0
2025 10 07 03 0.0
2025 10 07 04 0.0
2025 10 07 05 0.0
2025 10 07 06 52.0
2025 10 07 07 168.5
2025 10 07 08 132.4
2025 10 07 09 243.1
2025 10 07 10 166.6
2025 10 07 11 180.2
2025 10 07 12 132.2
2025 10 07 13 105.7
2025 10 07 14 70.3
2025 10 07 15 30.5
2025 10 07 16 0.5
2025 10 07 17 0.0
2025 10 07 18 0.0
2025 10 07 19 0.0
2025 10 07 20 0.0
2025 10 07 21 0.0
2025 10 07 22 0.0
2025 10 07 23 0.0
2025 10 08 00 0.0
2025 10 08 01 0.0
2025 10 08 02 0.0
2025 10 08 03 0.0
2025 10 08 04 0.0
2025 10 08 05 0.0
2025 10 08 06 21.2
2025 10 08 07 59.2
2025 10 08 08 96.4
2025 10 08 09 123.6
2025 10 08 10 140.2
2025 10 08 11 142.7
2025 10 08 12 131.7
2025 10 08 13 170.2
2025 10 08 14 160.9
2025 10 08 15 53.8
2025 10 08 16 0.0
2025 10 08 17 0.0
2025 10 08 18 0.0
2025 10 08 19 0.0
2025 10 08 20 0.0
2025 10 08 21 0.0
2025 10 08 22 0.0
2025 10 08 23 0.0
2025 10 09 00 0.0
2025 10 09 01 0.0
2025 10 09 02 0.0
2025 10 09 03 0.0
2025 10 09 04 0.0
2025 10 09 05 0.0
2025 10 09 06 64.8
2025 10 09 07 178.0
2025 10 09 08 266.4
2025 10 09 09 351.4
2025 10 09 10 355.0
2025 10 09 11 371.1
2025 10 09 12 215.7
2025 10 09 13 234.8
2025 10 09 14 66.7
2025 10 09 15 26.6
2025 10 09 16 0.0
2025 10 09 17 0.0
2025 10 09 18 0.0
2025 10 09 19 0.0
2025 10 09 20 0.0
2025 10 09 21 0.0
2025 10 09 22 0.0
2025 10 09 23 0.0
2025 10 10 00 -999.0
2025 10 10 01 -999.0
2025 10 10 02 -999.0
2025 10 10 03 -999.0
2025 10 10 04 -999.0
2025 10 10 05 -999.0
2025 10 10 06 -999.0
2025 10 10 07 -999.0
2025 10 10 08 -999.0
2025 10 10 09 -999.0
2025 10 10 10 -999.0
2025 10 10 11 -999.0
2025 10 10 12 -999.0
2025 10 10 13 -999.0
2025 10 10 14 -999.0
2025 10 10 15 -999.0
2025 10 10 16 -999.0
2025 10 10 17 -999.0
2025 10 10 18 -999.0
2025 10 10 19 -999.0
2025 10 10 20 -999.0
2025 10 10 21 -999.0
2025 10 10 22 -999.0
2025 10 10 23 -999.0
2025 10 11 00 -999.0
2025 10 11 01 -999.0
2025 10 11 02 -999.0
2025 10 11 03 -999.0
2025 10 11 04 -999.0
2025 10 11 05 -999.0
2025 10 11 06 -999.0
2025 10 11 07 -999.0
2025 10 11 08 -999.0
2025 10 11 09 -999.0
2025 10 11 10 -999.0
2025 10 11 11 -999.0
2025 10 11 12 -999.0
2025 10 11 13 -999.0
2025 10 11 14 -999.0
2025 10 11 15 -999.0
2025 10 11 16 -999.0
2025 10 11 17 -999.0
2025 10 11 18 -999.0
2025 10 11 19 -999.0
2025 10 11 20 -999.0
2025 10 11 21 -999.0
2025 10 11 22 -999.0
2025 10 11 23 -999.0
2025 10 12 00 0.0
2025 10 12 01 0.0
2025 10 12 02 0.0
2025 10 12 03 0.0
2025 10 12 04 0.0
2025 10 12 05 0.0
2025 10 12 06 52.1
2025 10 12 07 166.3
2025 10 12 08 271.0
2025 10 12 09 347.3
2025 10 12 10 385.9
2025 10 12 11 393.6
2025 10 12 12 349.0
2025 10 12 13 265.7
2025 10 12 14 125.7
2025 10 12 15 63.0
2025 10 12 16 0.0
2025 10 12 17 0.0
2025 10 12 18 0.0
2025 10 12 19 0.0
2025 10 12 20 0.0
2025 10 12 21 0.0
2025 10 12 22 0.0
2025 10 12 23 0.0
2025 10 13 00 0.0
2025 10 13 01 0.0
2025 10 13 02 0.0
2025 10 13 03 0.0
2025 10 13 04 0.0
2025 10 13 05 0.0
2025 10 13 06 38.5
2025 10 13 07 134.1
2025 10 13 08 210.3
2025 10 13 09 180.0
2025 10 13 10 160.7
2025 10 13 11 138.4
2025 10 13 12 123.9
2025 10 13 13 99.0
2025 10 13 14 73.8
2025 10 13 15 25.8
2025 10 13 16 0.0
2025 10 13 17 0.0
2025 10 13 18 0.0
2025 10 13 19 0.0
2025 10 13 20 0.0
2025 10 13 21 0.0
2025 10 13 22 0.0
2025 10 13 23 0.0
2025 10 14 00 0.0
2025 10 14 01 0.0
2025 10 14 02 0.0
2025 10 14 03 0.0
2025 10 14 04 0.0
2025 10 14 05 0.0
2025 10 14 06 15.8
2025 10 14 07 93.0
2025 10 14 08 218.4
2025 10 14 09 267.0
2025 10 14 10 310.1
2025 10 14 11 132.2
2025 10 14 12 323.7
2025 10 14 13 255.9
2025 10 14 14 155.0
2025 10 14 15 49.6
2025 10 14 16 0.0
2025 10 14 17 0.0
2025 10 14 18 0.0
2025 10 14 19 0.0
2025 10 14 20 0.0
2025 10 14 21 0.0
2025 10 14 22 0.0
2025 10 14 23 0.0
2025 10 15 00 0.0
2025 10 15 01 0.0
2025 10 15 02 0.0
2025 10 15 03 0.0
2025 10 15 04 0.0
2025 10 15 05 0.0
2025 10 15 06 24.8
2025 10 15 07 116.7
2025 10 15 08 184.8
2025 10 15 09 236.1
2025 10 15 10 324.4
2025 10 15 11 314.9
2025 10 15 12 322.3
2025 10 15 13 250.3
2025 10 15 14 141.6
2025 10 15 15 31.7
2025 10 15 16 0.0
2025 10 15 17 0.0
2025 10 15 18 0.0
2025 10 15 19 0.0
2025 10 15 20 0.0
2025 10 15 21 0.0
2025 10 15 22 0.0
2025 10 15 23 0.0
2025 10 16 00 0.0
2025 10 16 01 0.0
2025 10 16 02 0.0
2025 10 16 03 0.0
2025 10 16 04 0.0
2025 10 16 05 0.0
2025 10 16 06 20.7
2025 10 16 07 73.7
2025 10 16 08 154.5
2025 10 16 09 165.5
2025 10 16 10 134.0
2025 10 16 11 181.4
2025 10 16 12 307.2
2025 10 16 13 187.3
2025 10 16 14 99.1
2025 10 16 15 18.0
2025 10 16 16 0.0
2025 10 16 17 0.0
2025 10 16 18 0.0
2025 10 16 19 0.0
2025 10 16 20 0.0
2025 10 16 21 0.0
2025 10 16 22 0.0
2025 10 16 23 0.0
2025 10 17 00 0.0
2025 10 17 01 0.0
2025 10 17 02 0.0
2025 10 17 03 0.0
2025 10 17 04 0.0
2025 10 17 05 0.0
2025 10 17 06 15.1
2025 10 17 07 80.3
2025 10 17 08 172.8
2025 10 17 09 179.5
2025 10 17 10 331.2
2025 10 17 11 140.8
2025 10 17 12 115.4
2025 10 17 13 87.7
2025 10 17 14 51.7
2025 10 17 15 22.3
2025 10 17 16 0.0
2025 10 17 17 0.0
2025 10 17 18 0.0
2025 10 17 19 0.0
2025 10 17 20 0.0
2025 10 17 21 0.0
2025 10 17 22 0.0
2025 10 17 23 0.0
2025 10 18 00 0.0
2025 10 18 01 0.0
2025 10 18 02 0.0
2025 10 18 03 0.0
2025 10 18 04 0.0
2025 10 18 05 0.0
2025 10 18 06 26.2
2025 10 18 07 122.1
2025 10 18 08 232.9
2025 10 18 09 308.6
2025 10 18 10 349.7
2025 10 18 11 350.6
2025 10 18 12 313.4
2025 10 18 13 239.5
2025 10 18 14 138.6
2025 10 18 15 32.8
2025 10 18 16 0.0
2025 10 18 17 0.0
2025 10 18 18 0.0
2025 10 18 19 0.0
2025 10 18 20 0.0
2025 10 18 21 0.0
2025 10 18 22 0.0
2025 10 18 23 0.0
2025 10 19 00 0.0
2025 10 19 01 0.0
2025 10 19 02 0.0
2025 10 19 03 0.0
2025 10 19 04 0.0
2025 10 19 05 0.0
2025 10 19 06 17.8
2025 10 19 07 44.4
2025 10 19 08 80.1
2025 10 19 09 164.4
2025 10 19 10 195.6
2025 10 19 11 236.2
2025 10 19 12 260.8
2025 10 19 13 133.7
2025 10 19 14 111.1
2025 10 19 15 18.6
2025 10 19 16 0.0
2025 10 19 17 0.0
2025 10 19 18 0.0
2025 10 19 19 0.0
2025 10 19 20 0.0
2025 10 19 21 0.0
2025 10 19 22 0.0
2025 10 19 23 0.0
2025 10 20 00 0.0
2025 10 20 01 0.0
2025 10 20 02 0.0
2025 10 20 03 0.0
2025 10 20 04 0.0
2025 10 20 05 0.0
2025 10 20 06 19.6
2025 10 20 07 117.6
2025 10 20 08 191.5
2025 10 20 09 252.6
2025 10 20 10 305.5
2025 10 20 11 266.0
2025 10 20 12 218.2
2025 10 20 13 190.3
2025 10 20 14 111.7
2025 10 20 15 15.9
2025 10 20 16 0.0
2025 10 20 17 0.0
2025 10 20 18 0.0
2025 10 20 19 0.0
2025 10 20 20 0.0
2025 10 20 21 0.0
2025 10 20 22 0.0
2025 10 20 23 0.0
2025 10 21 00 0.0
2025 10 21 01 0.0
2025 10 21 02 0.0
2025 10 21 03 0.0
2025 10 21 04 0.0
2025 10 21 05 0.0
2025 10 21 06 5.8
2025 10 21 07 74.7
2025 10 21 08 81.6
2025 10 21 09 242.4
2025 10 21 10 144.6
2025 10 21 11 186.2
2025 10 21 12 101.1
2025 10 21 13 80.0
2025 10 21 14 50.0
2025 10 21 15 11.2
2025 10 21 16 0.0
2025 10 21 17 0.0
2025 10 21 18 0.0
2025 10 21 19 0.0
2025 10 21 20 0.0
2025 10 21 21 0.0
2025 10 21 22 0.0
2025 10 21 23 0.0
2025 10 22 00 0.0
2025 10 22 01 0.0
2025 10 22 02 0.0
2025 10 22 03 0.0
2025 10 22 04 0.0
2025 10 22 05 0.0
2025 10 22 06 4.3
2025 10 22 07 34.2
2025 10 22 08 67.2
2025 10 22 09 92.4
2025 10 22 10 106.8
2025 10 22 11 106.7
2025 10 22 12 92.8
2025 10 22 13 67.9
2025 10 22 14 36.0
2025 10 22 15 5.6
2025 10 22 16 0.0
2025 10 22 17 0.0
2025 10 22 18 0.0
2025 10 22 19 0.0
2025 10 22 20 0.0
2025 10 22 21 0.0
2025 10 22 22 0.0
2025 10 22 23 0.0
2025 10 23 00 0.0
2025 10 23 01 0.0
2025 10 23 02 0.0
2025 10 23 03 0.0
2025 10 23 04 0.0
2025 10 23 05 0.0
2025 10 23 06 3.6
2025 10 23 07 33.4
2025 10 23 08 68.8
2025 10 23 09 92.1
2025 10 23 10 111.2
2025 10 23 11 107.3
2025 10 23 12 93.1
2025 10 23 13 68.7
2025 10 23 14 36.0
2025 10 23 15 4.8
2025 10 23 16 0.0
2025 10 23 17 0.0
2025 10 23 18 0.0
2025 10 23 19 0.0
2025 10 23 20 0.0
2025 10 23 21 0.0
2025 10 23 22 0.0
2025 10 23 23 0.0
2025 10 24 00 0.0
2025 10 24 01 0.0
2025 10 24 02 0.0
2025 10 24 03 0.0
2025 10 24 04 0.0
2025 10 24 05 0.0
2025 10 24 06 2.7
2025 10 24 07 30.1
2025 10 24 08 62.4
2025 10 24 09 87.1
2025 10 24 10 100.1
2025 10 24 11 99.8
2025 10 24 12 86.4
2025 10 24 13 62.0
2025 10 24 14 30.5
2025 10 24 15 3.5
2025 10 24 16 0.0
2025 10 24 17 0.0
2025 10 24 18 0.0
2025 10 24 19 0.0
2025 10 24 20 0.0
2025 10 24 21 0.0
2025 10 24 22 0.0
2025 10 24 23 0.0
2025 10 25 00 0.0
2025 10 25 01 0.0
2025 10 25 02 0.0
2025 10 25 03 0.0
2025 10 25 04 0.0
2025 10 25 05 0.0
2025 10 25 06 2.8
2025 10 25 07 31.0
2025 10 25 08 63.9
2025 10 25 09 89.4
2025 10 25 10 103.4
2025 10 25 11 104.5
2025 10 25 12 102.6
2025 10 25 13 65.6
2025 10 25 14 35.9
2025 10 25 15 5.1
2025 10 25 16 0.0
2025 10 25 17 0.0
2025 10 25 18 0.0
2025 10 25 19 0.0
2025 10 25 20 0.0
2025 10 25 21 0.0
2025 10 25 22 0.0
2025 10 25 23 0.0
2025 10 26 00 0.0
2025 10 26 01 0.0
2025 10 26 02 0.0
2025 10 26 03 0.0
2025 10 26 04 0.0
2025 10 26 05 0.0
2025 10 26 06 2.3
2025 10 26 07 60.2
2025 10 26 08 65.0
2025 10 26 09 88.4
2025 10 26 10 103.6
2025 10 26 11 112.5
2025 10 26 12 91.1
2025 10 26 13 64.4
2025 10 26 14 33.3
2025 10 26 15 2.2
2025 10 26 16 0.0
2025 10 26 17 0.0
2025 10 26 18 0.0
2025 10 26 19 0.0
2025 10 26 20 0.0
2025 10 26 21 0.0
2025 10 26 22 0.0
2025 10 26 23 0.0
2025 10 27 00 0.0
2025 10 27 01 0.0
2025 10 27 02 0.0
2025 10 27 03 0.0
2025 10 27 04 0.0
2025 10 27 05 0.0
2025 10 27 06 0.9
2025 10 27 07 36.4
2025 10 27 08 60.9
2025 10 27 09 197.7
2025 10 27 10 186.4
2025 10 27 11 150.0
2025 10 27 12 93.5
2025 10 27 13 151.2
2025 10 27 14 61.0
2025 10 27 15 2.6
2025 10 27 16 0.0
2025 10 27 17 0.0
2025 10 27 18 0.0
2025 10 27 19 0.0
2025 10 27 20 0.0
2025 10 27 21 0.0
2025 10 27 22 0.0
2025 10 27 23 0.0
2025 10 28 00 0.0
2025 10 28 01 0.0
2025 10 28 02 0.0
2025 10 28 03 0.0
2025 10 28 04 0.0
2025 10 28 05 0.0
2025 10 28 06 0.5
2025 10 28 07 27.9
2025 10 28 08 72.6
2025 10 28 09 97.0
2025 10 28 10 142.2
2025 10 28 11 111.6
2025 10 28 12 94.7
2025 10 28 13 61.0
2025 10 28 14 28.1
2025 10 28 15 0.9
2025 10 28 16 0.0
2025 10 28 17 0.0
2025 10 28 18 0.0
2025 10 28 19 0.0
2025 10 28 20 0.0
2025 10 28 21 0.0
2025 10 28 22 0.0
2025 10 28 23 0.0
2025 10 29 00 0.0
2025 10 29 01 0.0
2025 10 29 02 0.0
2025 10 29 03 0.0
2025 10 29 04 0.0
2025 10 29 05 0.0
2025 10 29 06 0.0
2025 10 29 07 58.6
2025 10 29 08 60.1
2025 10 29 09 87.1
2025 10 29 10 100.6
2025 10 29 11 102.0
2025 10 29 12 86.3
2025 10 29 13 62.7
2025 10 29 14 27.6
2025 10 29 15 0.1
2025 10 29 16 0.0
2025 10 29 17 0.0
2025 10 29 18 0.0
2025 10 29 19 0.0
2025 10 29 20 0.0
2025 10 29 21 0.0
2025 10 29 22 0.0
2025 10 29 23 0.0
2025 10 30 00 0.0
2025 10 30 01 0.0
2025 10 30 02 0.0
2025 10 30 03 0.0
2025 10 30 04 0.0
2025 10 30 05 0.0
2025 10 30 06 0.0
2025 10 30 07 22.8
2025 10 30 08 53.8
2025 10 30 09 123.6
2025 10 30 10 90.7
2025 10 30 11 90.6
2025 10 30 12 78.0
2025 10 30 13 68.3
2025 10 30 14 23.3
2025 10 30 15 0.0
2025 10 30 16 0.0
2025 10 30 17 0.0
2025 10 30 18 0.0
2025 10 30 19 0.0
2025 10 30 20 0.0
2025 10 30 21 0.0
2025 10 30 22 0.0
2025 10 30 23 0.0
2025 10 31 00 0.0
2025 10 31 01 0.0
2025 10 31 02 0.0
2025 10 31 03 0.0
2025 10 31 04 0.0
2025 10 31 05 0.0
2025 10 31 06 0.0
2025 10 31 07 23.5
2025 10 31 08 59.2
2025 10 31 09 83.8
2025 10 31 10 97.5
2025 10 31 11 96.0
2025 10 31 12 81.8
2025 10 31 13 56.6
2025 10 31 14 24.2
2025 10 31 15 0.0
2025 10 31 16 0.0
2025 10 31 17 0.0
2025 10 31 18 0.0
2025 10 31 19 0.0
2025 10 31 20 0.0
2025 10 31 21 0.0
2025 10 31 22 0.0
2025 10 31 23 0.0
2025 11 01 00 0.0
2025 11 01 01 0.0
2025 11 01 02 0.0
2025 11 01 03 0.0
2025 11 01 04 0.0
2025 11 01 05 0.0
2025 11 01 06 0.0
2025 11 01 07 22.9
2025 11 01 08 50.5
2025 11 01 09 74.8
2025 11 01 10 88.8
2025 11 01 11 92.7
2025 11 01 12 76.8
2025 11 01 13 63.3
2025 11 01 14 47.5
2025 11 01 15 0.0
2025 11 01 16 0.0
2025 11 01 17 0.0
2025 11 01 18 0.0
2025 11 01 19 0.0
2025 11 01 20 0.0
2025 11 01 21 0.0
2025 11 01 22 0.0
2025 11 01 23 0.0
2025 11 02 00 0.0
2025 11 02 01 0.0
2025 11 02 02 0.0
2025 11 02 03 0.0
2025 11 02 04 0.0
2025 11 02 05 0.0
2025 11 02 06 0.0
2025 11 02 07 50.2
2025 11 02 08 111.9
2025 11 02 09 196.6
2025 11 02 10 197.7
2025 11 02 11 117.5
2025 11 02 12 165.1
2025 11 02 13 60.3
2025 11 02 14 34.6
2025 11 02 15 0.0
2025 11 02 16 0.0
2025 11 02 17 0.0
2025 11 02 18 0.0
2025 11 02 19 0.0
2025 11 02 20 0.0
2025 11 02 21 0.0
2025 11 02 22 0.0
2025 11 02 23 0.0
2025 11 03 00 0.0
2025 11 03 01 0.0
2025 11 03 02 0.0
2025 11 03 03 0.0
2025 11 03 04 0.0
2025 11 03 05 0.0
2025 11 03 06 0.0
2025 11 03 07 41.7
2025 11 03 08 135.6
2025 11 03 09 198.6
2025 11 03 10 203.7
2025 11 03 11 142.9
2025 11 03 12 105.7
2025 11 03 13 95.4
2025 11 03 14 33.9
2025 11 03 15 0.0
2025 11 03 16 0.0
2025 11 03 17 0.0
2025 11 03 18 0.0
2025 11 03 19 0.0
2025 11 03 20 0.0
2025 11 03 21 0.0
2025 11 03 22 0.0
2025 11 03 23 0.0
2025 11 04 00 0.0
2025 11 04 01 0.0
2025 11 04 02 0.0
2025 11 04 03 0.0
2025 11 04 04 0.0
2025 11 04 05 0.0
2025 11 04 06 0.0
2025 11 04 07 15.2
2025 11 04 08 44.4
2025 11 04 09 68.4
2025 11 04 10 81.4
2025 11 04 11 81.1
2025 11 04 12 68.9
2025 11 04 13 45.9
2025 11 04 14 16.5
2025 11 04 15 0.0
2025 11 04 16 0.0
2025 11 04 17 0.0
2025 11 04 18 0.0
2025 11 04 19 0.0
2025 11 04 20 0.0
2025 11 04 21 0.0
2025 11 04 22 0.0
2025 11 04 23 0.0
2025 11 05 00 0.0
2025 11 05 01 0.0
2025 11 05 02 0.0
2025 11 05 03 0.0
2025 11 05 04 0.0
2025 11 05 05 0.0
2025 11 05 06 0.0
2025 11 05 07 23.0
2025 11 05 08 79.5
2025 11 05 09 147.3
2025 11 05 10 96.1
2025 11 05 11 128.6
2025 11 05 12 91.7
2025 11 05 13 43.2
2025 11 05 14 22.7
2025 11 05 15 0.0
2025 11 05 16 0.0
2025 11 05 17 0.0
2025 11 05 18 0.0
2025 11 05 19 0.0
2025 11 05 20 0.0
2025 11 05 21 0.0
2025 11 05 22 0.0
2025 11 05 23 0.0
2025 11 06 00 0.0
2025 11 06 01 0.0
2025 11 06 02 0.0
2025 11 06 03 0.0
2025 11 06 04 0.0
2025 11 06 05 0.0
2025 11 06 06 0.0
2025 11 06 07 13.3
2025 11 06 08 51.9
2025 11 06 09 65.3
2025 11 06 10 76.2
2025 11 06 11 75.6
2025 11 06 12 62.2
2025 11 06 13 38.8
2025 11 06 14 14.7
2025 11 06 15 0.0
2025 11 06 16 0.0
2025 11 06 17 0.0
2025 11 06 18 0.0
2025 11 06 19 0.0
2025 11 06 20 0.0
2025 11 06 21 0.0
2025 11 06 22 0.0
2025 11 06 23 0.0
2025 11 07 00 0.0
2025 11 07 01 0.0
2025 11 07 02 0.0
2025 11 07 03 0.0
2025 11 07 04 0.0
2025 11 07 05 0.0
2025 11 07 06 0.0
2025 11 07 07 15.3
2025 11 07 08 93.8
2025 11 07 09 144.5
2025 11 07 10 205.6
2025 11 07 11 103.5
2025 11 07 12 67.8
2025 11 07 13 115.5
2025 11 07 14 27.8
2025 11 07 15 0.0
2025 11 07 16 0.0
2025 11 07 17 0.0
2025 11 07 18 0.0
2025 11 07 19 0.0
2025 11 07 20 0.0
2025 11 07 21 0.0
2025 11 07 22 0.0
2025 11 07 23 0.0
2025 11 08 00 0.0
2025 11 08 01 0.0
2025 11 08 02 0.0
2025 11 08 03 0.0
2025 11 08 04 0.0
2025 11 08 05 0.0
2025 11 08 06 0.0
2025 11 08 07 16.3
2025 11 08 08 37.7
2025 11 08 09 64.1
2025 11 08 10 73.4
2025 11 08 11 73.5
2025 11 08 12 61.1
2025 11 08 13 39.8
2025 11 08 14 12.2
2025 11 08 15 0.0
2025 11 08 16 0.0
2025 11 08 17 0.0
2025 11 08 18 0.0
2025 11 08 19 0.0
2025 11 08 20 0.0
2025 11 08 21 0.0
2025 11 08 22 0.0
2025 11 08 23 0.0
2025 11 09 00 0.0
2025 11 09 01 0.0
2025 11 09 02 0.0
2025 11 09 03 0.0
2025 11 09 04 0.0
2025 11 09 05 0.0
2025 11 09 06 0.0
2025 11 09 07 17.2
2025 11 09 08 36.5
2025 11 09 09 59.8
2025 11 09 10 72.3
2025 11 09 11 72.2
2025 11 09 12 59.6
2025 11 09 13 38.2
2025 11 09 14 10.1
2025 11 09 15 0.0
2025 11 09 16 0.0
2025 11 09 17 0.0
2025 11 09 18 0.0
2025 11 09 19 0.0
2025 11 09 20 0.0
2025 11 09 21 0.0
2025 11 09 22 0.0
2025 11 09 23 0.0
2025 11 10 00 0.0
2025 11 10 01 0.0
2025 11 10 02 0.0
2025 11 10 03 0.0
2025 11 10 04 0.0
2025 11 10 05 0.0
2025 11 10 06 0.0
2025 11 10 07 11.4
2025 11 10 08 33.9
2025 11 10 09 66.5
2025 11 10 10 71.6
2025 11 10 11 72.1
2025 11 10 12 64.2
2025 11 10 13 60.8
2025 11 10 14 13.8
2025 11 10 15 0.0
2025 11 10 16 0.0
2025 11 10 17 0.0
2025 11 10 18 0.0
2025 11 10 19 0.0
2025 11 10 20 0.0
2025 11 10 21 0.0
2025 11 10 22 0.0
2025 11 10 23 0.0
2025 11 11 00 0.0
2025 11 11 01 0.0
2025 11 11 02 0.0
2025 11 11 03 0.0
2025 11 11 04 0.0
2025 11 11 05 0.0
2025 11 11 06 0.0
2025 11 11 07 14.0
2025 11 11 08 46.2
2025 11 11 09 61.7
2025 11 11 10 70.2
2025 11 11 11 70.9
2025 11 11 12 59.5
2025 11 11 13 34.9
2025 11 11 14 8.5
2025 11 11 15 0.0
2025 11 11 16 0.0
2025 11 11 17 0.0
2025 11 11 18 0.0
2025 11 11 19 0.0
2025 11 11 20 0.0
2025 11 11 21 0.0
2025 11 11 22 0.0
2025 11 11 23 0.0
2025 11 12 00 0.0
2025 11 12 01 0.0
2025 11 12 02 0.0
2025 11 12 03 0.0
2025 11 12 04 0.0
2025 11 12 05 0.0
2025 11 12 06 0.0
2025 11 12 07 6.6
2025 11 12 08 32.2
2025 11 12 09 82.6
2025 11 12 10 103.5
2025 11 12 11 139.6
2025 11 12 12 85.2
2025 11 12 13 32.8
2025 11 12 14 7.4
2025 11 12 15 0.0
2025 11 12 16 0.0
2025 11 12 17 0.0
2025 11 12 18 0.0
2025 11 12 19 0.0
2025 11 12 20 0.0
2025 11 12 21 0.0
2025 11 12 22 0.0
2025 11 12 23 0.0
2025 11 13 00 0.0
2025 11 13 01 0.0
2025 11 13 02 0.0
2025 11 13 03 0.0
2025 11 13 04 0.0
2025 11 13 05 0.0
2025 11 13 06 0.0
2025 11 13 07 5.6
2025 11 13 08 31.0
2025 11 13 09 53.7
2025 11 13 10 114.1
2025 11 13 11 80.8
2025 11 13 12 63.2
2025 11 13 13 42.7
2025 11 13 14 7.1
2025 11 13 15 0.0
2025 11 13 16 0.0
2025 11 13 17 0.0
2025 11 13 18 0.0
2025 11 13 19 0.0
2025 11 13 20 0.0
2025 11 13 21 0.0
2025 11 13 22 0.0
2025 11 13 23 0.0
2025 11 14 00 0.0
2025 11 14 01 0.0
2025 11 14 02 0.0
2025 11 14 03 0.0
2025 11 14 04 0.0
2025 11 14 05 0.0
2025 11 14 06 0.0
2025 11 14 07 14.5
2025 11 14 08 91.0
2025 11 14 09 157.6
2025 11 14 10 195.2
2025 11 14 11 195.7
2025 11 14 12 160.6
2025 11 14 13 96.5
2025 11 14 14 18.9
2025 11 14 15 0.0
2025 11 14 16 0.0
2025 11 14 17 0.0
2025 11 14 18 0.0
2025 11 14 19 0.0
2025 11 14 20 0.0
2025 11 14 21 0.0
2025 11 14 22 0.0
2025 11 14 23 0.0
2025 11 15 00 0.0
2025 11 15 01 0.0
2025 11 15 02 0.0
2025 11 15 03 0.0
2025 11 15 04 0.0
2025 11 15 05 0.0
2025 11 15 06 0.0
2025 11 15 07 12.2
2025 11 15 08 86.5
2025 11 15 09 149.7
2025 11 15 10 152.0
2025 11 15 11 168.7
2025 11 15 12 141.7
2025 11 15 13 70.3
2025 11 15 14 12.1
2025 11 15 15 0.0
2025 11 15 16 0.0
2025 11 15 17 0.0
2025 11 15 18 0.0
2025 11 15 19 0.0
2025 11 15 20 0.0
2025 11 15 21 0.0
2025 11 15 22 0.0
2025 11 15 23 0.0
2025 11 16 00 0.0
2025 11 16 01 0.0
2025 11 16 02 0.0
2025 11 16 03 0.0
2025 11 16 04 0.0
2025 11 16 05 0.0
2025 11 16 06 0.0
2025 11 16 07 9.4
2025 11 16 08 75.1
2025 11 16 09 127.1
2025 11 16 10 157.8
2025 11 16 11 183.2
2025 11 16 12 146.3
2025 11 16 13 67.3
2025 11 16 14 7.1
2025 11 16 15 0.0
2025 11 16 16 0.0
2025 11 16 17 0.0
2025 11 16 18 0.0
2025 11 16 19 0.0
2025 11 16 20 0.0
2025 11 16 21 0.0
2025 11 16 22 0.0
2025 11 16 23 0.0
2025 11 17 00 0.0
2025 11 17 01 0.0
2025 11 17 02 0.0
2025 11 17 03 0.0
2025 11 17 04 0.0
2025 11 17 05 0.0
2025 11 17 06 0.0
2025 11 17 07 7.9
2025 11 17 08 77.7
2025 11 17 09 143.1
2025 11 17 10 178.8
2025 11 17 11 176.0
2025 11 17 12 100.8
2025 11 17 13 77.1
2025 11 17 14 9.8
2025 11 17 15 0.0
2025 11 17 16 0.0
2025 11 17 17 0.0
2025 11 17 18 0.0
2025 11 17 19 0.0
2025 11 17 20 0.0
2025 11 17 21 0.0
2025 11 17 22 0.0
2025 11 17 23 0.0
2025 11 18 00 0.0
2025 11 18 01 0.0
2025 11 18 02 0.0
2025 11 18 03 0.0
2025 11 18 04 0.0
2025 11 18 05 0.0
2025 11 18 06 0.0
2025 11 18 07 4.5
2025 11 18 08 47.6
2025 11 18 09 76.5
2025 11 18 10 170.0
2025 11 18 11 167.9
2025 11 18 12 138.9
2025 11 18 13 79.3
2025 11 18 14 10.0
2025 11 18 15 0.0
2025 11 18 16 0.0
2025 11 18 17 0.0
2025 11 18 18 0.0
2025 11 18 19 0.0
2025 11 18 20 0.0
2025 11 18 21 0.0
2025 11 18 22 0.0
2025 11 18 23 0.0
2025 11 19 00 0.0
2025 11 19 01 0.0
2025 11 19 02 0.0
2025 11 19 03 0.0
2025 11 19 04 0.0
2025 11 19 05 0.0
2025 11 19 06 0.0
2025 11 19 07 3.2
2025 11 19 08 24.7
2025 11 19 09 82.1
2025 11 19 10 125.0
2025 11 19 11 148.0
2025 11 19 12 122.2
2025 11 19 13 26.3
2025 11 19 14 3.1
2025 11 19 15 0.0
2025 11 19 16 0.0
2025 11 19 17 0.0
2025 11 19 18 0.0
2025 11 19 19 0.0
2025 11 19 20 0.0
2025 11 19 21 0.0
2025 11 19 22 0.0
2025 11 19 23 0.0
2025 11 20 00 0.0
2025 11 20 01 0.0
2025 11 20 02 0.0
2025 11 20 03 0.0
2025 11 20 04 0.0
2025 11 20 05 0.0
2025 11 20 06 0.0
2025 11 20 07 1.1
2025 11 20 08 22.6
2025 11 20 09 45.0
2025 11 20 10 58.0
2025 11 20 11 66.3
2025 11 20 12 49.2
2025 11 20 13 25.3
2025 11 20 14 2.5
2025 11 20 15 0.0
2025 11 20 16 0.0
2025 11 20 17 0.0
2025 11 20 18 0.0
2025 11 20 19 0.0
2025 11 20 20 0.0
2025 11 20 21 0.0
2025 11 20 22 0.0
2025 11 20 23 0.0
2025 11 21 00 0.0
2025 11 21 01 0.0
2025 11 21 02 0.0
2025 11 21 03 0.0
2025 11 21 04 0.0
2025 11 21 05 0.0
2025 11 21 06 0.0
2025 11 21 07 0.6
2025 11 21 08 27.9
2025 11 21 09 48.7
2025 11 21 10 58.4
2025 11 21 11 123.0
2025 11 21 12 98.1
2025 11 21 13 25.5
2025 11 21 14 2.1
2025 11 21 15 0.0
2025 11 21 16 0.0
2025 11 21 17 0.0
2025 11 21 18 0.0
2025 11 21 19 0.0
2025 11 21 20 0.0
2025 11 21 21 0.0
2025 11 21 22 0.0
2025 11 21 23 0.0
2025 11 22 00 0.0
2025 11 22 01 0.0
2025 11 22 02 0.0
2025 11 22 03 0.0
2025 11 22 04 0.0
2025 11 22 05 0.0
2025 11 22 06 0.0
2025 11 22 07 0.0
2025 11 22 08 56.1
2025 11 22 09 46.9
2025 11 22 10 125.9
2025 11 22 11 105.9
2025 11 22 12 45.5
2025 11 22 13 22.9
2025 11 22 14 1.6
2025 11 22 15 0.0
2025 11 22 16 0.0
2025 11 22 17 0.0
2025 11 22 18 0.0
2025 11 22 19 0.0
2025 11 22 20 0.0
2025 11 22 21 0.0
2025 11 22 22 0.0
2025 11 22 23 0.0
2025 11 23 00 0.0
2025 11 23 01 0.0
2025 11 23 02 0.0
2025 11 23 03 0.0
2025 11 23 04 0.0
2025 11 23 05 0.0
2025 11 23 06 0.0
2025 11 23 07 0.0
2025 11 23 08 23.7
2025 11 23 09 107.6
2025 11 23 10 131.4
2025 11 23 11 124.6
2025 11 23 12 95.8
2025 11 23 13 22.4
2025 11 23 14 1.5
2025 11 23 15 0.0
2025 11 23 16 0.0
2025 11 23 17 0.0
2025 11 23 18 0.0
2025 11 23 19 0.0
2025 11 23 20 0.0
2025 11 23 21 0.0
2025 11 23 22 0.0
2025 11 23 23 0.0
2025 11 24 00 0.0
2025 11 24 01 0.0
2025 11 24 02 0.0
2025 11 24 03 0.0
2025 11 24 04 0.0
2025 11 24 05 0.0
2025 11 24 06 0.0
2025 11 24 07 0.0
2025 11 24 08 36.5
2025 11 24 09 39.7
2025 11 24 10 80.4
2025 11 24 11 53.5
2025 11 24 12 84.7
2025 11 24 13 46.9
2025 11 24 14 2.3
2025 11 24 15 0.0
2025 11 24 16 0.0
2025 11 24 17 0.0
2025 11 24 18 0.0
2025 11 24 19 0.0
2025 11 24 20 0.0
2025 11 24 21 0.0
2025 11 24 22 0.0
2025 11 24 23 0.0
2025 11 25 00 0.0
2025 11 25 01 0.0
2025 11 25 02 0.0
2025 11 25 03 0.0
2025 11 25 04 0.0
2025 11 25 05 0.0
2025 11 25 06 0.0
2025 11 25 07 0.0
2025 11 25 08 17.7
2025 11 25 09 56.5
2025 11 25 10 55.7
2025 11 25 11 91.6
2025 11 25 12 85.0
2025 11 25 13 46.5
2025 11 25 14 1.1
2025 11 25 15 0.0
2025 11 25 16 0.0
2025 11 25 17 0.0
2025 11 25 18 0.0
2025 11 25 19 0.0
2025 11 25 20 0.0
2025 11 25 21 0.0
2025 11 25 22 0.0
2025 11 25 23 0.0
2025 11 26 00 0.0
2025 11 26 01 0.0
2025 11 26 02 0.0
2025 11 26 03 0.0
2025 11 26 04 0.0
2025 11 26 05 0.0
2025 11 26 06 0.0
2025 11 26 07 0.0
2025 11 26 08 16.0
2025 11 26 09 37.8
2025 11 26 10 50.9
2025 11 26 11 106.1
2025 11 26 12 104.8
2025 11 26 13 55.1
2025 11 26 14 1.0
2025 11 26 15 0.0
2025 11 26 16 0.0
2025 11 26 17 0.0
2025 11 26 18 0.0
2025 11 26 19 0.0
2025 11 26 20 0.0
2025 11 26 21 0.0
2025 11 26 22 0.0
2025 11 26 23 0.0
2025 11 27 00 0.0
2025 11 27 01 0.0
2025 11 27 02 0.0
2025 11 27 03 0.0
2025 11 27 04 0.0
2025 11 27 05 0.0
2025 11 27 06 0.0
2025 11 27 07 0.0
2025 11 27 08 35.1
2025 11 27 09 86.7
2025 11 27 10 58.9
2025 11 27 11 49.6
2025 11 27 12 51.5
2025 11 27 13 18.4
2025 11 27 14 0.0
2025 11 27 15 0.0
2025 11 27 16 0.0
2025 11 27 17 0.0
2025 11 27 18 0.0
2025 11 27 19 0.0
2025 11 27 20 0.0
2025 11 27 21 0.0
2025 11 27 22 0.0
2025 11 27 23 0.0
2025 11 28 00 0.0
2025 11 28 01 0.0
2025 11 28 02 0.0
2025 11 28 03 0.0
2025 11 28 04 0.0
2025 11 28 05 0.0
2025 11 28 06 0.0
2025 11 28 07 0.0
2025 11 28 08 13.0
2025 11 28 09 33.4
2025 11 28 10 46.4
2025 11 28 11 48.4
2025 11 28 12 57.0
2025 11 28 13 37.2
2025 11 28 14 0.0
2025 11 28 15 0.0
2025 11 28 16 0.0
2025 11 28 17 0.0
2025 11 28 18 0.0
2025 11 28 19 0.0
2025 11 28 20 0.0
2025 11 28 21 0.0
2025 11 28 22 0.0
2025 11 28 23 0.0
2025 11 29 00 0.0
2025 11 29 01 0.0
2025 11 29 02 0.0
2025 11 29 03 0.0
2025 11 29 04 0.0
2025 11 29 05 0.0
2025 11 29 06 0.0
2025 11 29 07 0.0
2025 11 29 08 31.9
2025 11 29 09 53.6
2025 11 29 10 114.1
2025 11 29 11 124.1
2025 11 29 12 94.5
2025 11 29 13 38.5
2025 11 29 14 0.0
2025 11 29 15 0.0
2025 11 29 16 0.0
2025 11 29 17 0.0
2025 11 29 18 0.0
2025 11 29 19 0.0
2025 11 29 20 0.0
2025 11 29 21 0.0
2025 11 29 22 0.0
2025 11 29 23 0.0
2025 11 30 00 0.0
2025 11 30 01 0.0
2025 11 30 02 0.0
2025 11 30 03 0.0
2025 11 30 04 0.0
2025 11 30 05 0.0
2025 11 30 06 0.0
2025 11 30 07 0.0
2025 11 30 08 11.0
2025 11 30 09 30.2
2025 11 30 10 42.7
2025 11 30 11 44.4
2025 11 30 12 34.0
2025 11 30 13 15.3
2025 11 30 14 0.0
2025 11 30 15 0.0
2025 11 30 16 0.0
2025 11 30 17 0.0
2025 11 30 18 0.0
2025 11 30 19 0.0
2025 11 30 20 0.0
2025 11 30 21 0.0
2025 11 30 22 0.0
2025 11 30 23 0.0
2025 12 01 00 0.0
2025 12 01 01 0.0
2025 12 01 02 0.0
2025 12 01 03 0.0
2025 12 01 04 0.0
2025 12 01 05 0.0
2025 12 01 06 0.0
2025 12 01 07 0.0
2025 12 01 08 15.8
2025 12 01 09 47.9
2025 12 01 10 50.9
2025 12 01 11 63.9
2025 12 01 12 55.3
2025 12 01 13 42.7
2025 12 01 14 0.0
2025 12 01 15 0.0
2025 12 01 16 0.0
2025 12 01 17 0.0
2025 12 01 18 0.0
2025 12 01 19 0.0
2025 12 01 20 0.0
2025 12 01 21 0.0
2025 12 01 22 0.0
2025 12 01 23 0.0
2025 12 02 00 0.0
2025 12 02 01 0.0
2025 12 02 02 0.0
2025 12 02 03 0.0
2025 12 02 04 0.0
2025 12 02 05 0.0
2025 12 02 06 0.0
2025 12 02 07 0.0
2025 12 02 08 9.8
2025 12 02 09 28.7
2025 12 02 10 40.6
2025 12 02 11 41.9
2025 12 02 12 32.2
2025 12 02 13 14.1
2025 12 02 14 0.0
2025 12 02 15 0.0
2025 12 02 16 0.0
2025 12 02 17 0.0
2025 12 02 18 0.0
2025 12 02 19 0.0
2025 12 02 20 0.0
2025 12 02 21 0.0
2025 12 02 22 0.0
2025 12 02 23 0.0
2025 12 03 00 0.0
2025 12 03 01 0.0
2025 12 03 02 0.0
2025 12 03 03 0.0
2025 12 03 04 0.0
2025 12 03 05 0.0
2025 12 03 06 0.0
2025 12 03 07 0.0
2025 12 03 08 10.1
2025 12 03 09 29.6
2025 12 03 10 51.7
2025 12 03 11 43.7
2025 12 03 12 33.0
2025 12 03 13 14.4
2025 12 03 14 0.0
2025 12 03 15 0.0
2025 12 03 16 0.0
2025 12 03 17 0.0
2025 12 03 18 0.0
2025 12 03 19 0.0
2025 12 03 20 0.0
2025 12 03 21 0.0
2025 12 03 22 0.0
2025 12 03 23 0.0
2025 12 04 00 0.0
2025 12 04 01 0.0
2025 12 04 02 0.0
2025 12 04 03 0.0
2025 12 04 04 0.0
2025 12 04 05 0.0
2025 12 04 06 0.0
2025 12 04 07 0.0
2025 12 04 08 9.4
2025 12 04 09 28.2
2025 12 04 10 40.9
2025 12 04 11 42.7
2025 12 04 12 31.7
2025 12 04 13 13.5
2025 12 04 14 0.0
2025 12 04 15 0.0
2025 12 04 16 0.0
2025 12 04 17 0.0
2025 12 04 18 0.0
2025 12 04 19 0.0
2025 12 04 20 0.0
2025 12 04 21 0.0
2025 12 04 22 0.0
2025 12 04 23 0.0
2025 12 05 00 0.0
2025 12 05 01 0.0
2025 12 05 02 0.0
2025 12 05 03 0.0
2025 12 05 04 0.0
2025 12 05 05 0.0
2025 12 05 06 0.0
2025 12 05 07 0.0
2025 12 05 08 8.0
2025 12 05 09 34.8
2025 12 05 10 39.6
2025 12 05 11 49.9
2025 12 05 12 33.2
2025 12 05 13 15.4
2025 12 05 14 0.0
2025 12 05 15 0.0
2025 12 05 16 0.0
2025 12 05 17 0.0
2025 12 05 18 0.0
2025 12 05 19 0.0
2025 12 05 20 0.0
2025 12 05 21 0.0
2025 12 05 22 0.0
2025 12 05 23 0.0
2025 12 06 00 0.0
2025 12 06 01 0.0
2025 12 06 02 0.0
2025 12 06 03 0.0
2025 12 06 04 0.0
2025 12 06 05 0.0
2025 12 06 06 0.0
2025 12 06 07 0.0
2025 12 06 08 7.1
2025 12 06 09 25.5
2025 12 06 10 38.1
2025 12 06 11 40.0
2025 12 06 12 30.5
2025 12 06 13 12.7
2025 12 06 14 0.0
2025 12 06 15 0.0
2025 12 06 16 0.0
2025 12 06 17 0.0
2025 12 06 18 0.0
2025 12 06 19 0.0
2025 12 06 20 0.0
2025 12 06 21 0.0
2025 12 06 22 0.0
2025 12 06 23 0.0
2025 12 07 00 0.0
2025 12 07 01 0.0
2025 12 07 02 0.0
2025 12 07 03 0.0
2025 12 07 04 0.0
2025 12 07 05 0.0
2025 12 07 06 0.0
2025 12 07 07 0.0
2025 12 07 08 6.5
2025 12 07 09 23.9
2025 12 07 10 37.1
2025 12 07 11 37.2
2025 12 07 12 28.1
2025 12 07 13 11.5
2025 12 07 14 0.0
2025 12 07 15 0.0
2025 12 07 16 0.0
2025 12 07 17 0.0
2025 12 07 18 0.0
2025 12 07 19 0.0
2025 12 07 20 0.0
2025 12 07 21 0.0
2025 12 07 22 0.0
2025 12 07 23 0.0
2025 12 08 00 0.0
2025 12 08 01 0.0
2025 12 08 02 0.0
2025 12 08 03 0.0
2025 12 08 04 0.0
2025 12 08 05 0.0
2025 12 08 06 0.0
2025 12 08 07 0.0
2025 12 08 08 6.2
2025 12 08 09 24.1
2025 12 08 10 36.6
2025 12 08 11 38.2
2025 12 08 12 29.4
2025 12 08 13 12.5
2025 12 08 14 0.0
2025 12 08 15 0.0
2025 12 08 16 0.0
2025 12 08 17 0.0
2025 12 08 18 0.0
2025 12 08 19 0.0
2025 12 08 20 0.0
2025 12 08 21 0.0
2025 12 08 22 0.0
2025 12 08 23 0.0
2025 12 09 00 0.0
2025 12 09 01 0.0
2025 12 09 02 0.0
2025 12 09 03 0.0
2025 12 09 04 0.0
2025 12 09 05 0.0
2025 12 09 06 0.0
2025 12 09 07 0.0
2025 12 09 08 8.2
2025 12 09 09 26.1
2025 12 09 10 38.1
2025 12 09 11 39.8
2025 12 09 12 30.3
2025 12 09 13 13.4
2025 12 09 14 0.0
2025 12 09 15 0.0
2025 12 09 16 0.0
2025 12 09 17 0.0
2025 12 09 18 0.0
2025 12 09 19 0.0
2025 12 09 20 0.0
2025 12 09 21 0.0
2025 12 09 22 0.0
2025 12 09 23 0.0
2025 12 10 00 0.0
2025 12 10 01 0.0
2025 12 10 02 0.0
2025 12 10 03 0.0
2025 12 10 04 0.0
2025 12 10 05 0.0
2025 12 10 06 0.0
2025 12 10 07 0.0
2025 12 10 08 5.3
2025 12 10 09 22.7
2025 12 10 10 34.8
2025 12 10 11 37.1
2025 12 10 12 28.7
2025 12 10 13 16.8
2025 12 10 14 0.0
2025 12 10 15 0.0
2025 12 10 16 0.0
2025 12 10 17 0.0
2025 12 10 18 0.0
2025 12 10 19 0.0
2025 12 10 20 0.0
2025 12 10 21 0.0
2025 12 10 22 0.0
2025 12 10 23 0.0
2025 12 11 00 0.0
2025 12 11 01 0.0
2025 12 11 02 0.0
2025 12 11 03 0.0
2025 12 11 04 0.0
2025 12 11 05 0.0
2025 12 11 06 0.0
2025 12 11 07 0.0
2025 12 11 08 5.6
2025 12 11 09 23.0
2025 12 11 10 35.3
2025 12 11 11 37.4
2025 12 11 12 32.3
2025 12 11 13 11.5
2025 12 11 14 0.0
2025 12 11 15 0.0
2025 12 11 16 0.0
2025 12 11 17 0.0
2025 12 11 18 0.0
2025 12 11 19 0.0
2025 12 11 20 0.0
2025 12 11 21 0.0
2025 12 11 22 0.0
2025 12 11 23 0.0
2025 12 12 00 0.0
2025 12 12 01 0.0
2025 12 12 02 0.0
2025 12 12 03 0.0
2025 12 12 04 0.0
2025 12 12 05 0.0
2025 12 12 06 0.0
2025 12 12 07 0.0
2025 12 12 08 12.9
2025 12 12 09 26.7
2025 12 12 10 36.4
2025 12 12 11 37.7
2025 12 12 12 32.4
2025 12 12 13 15.2
2025 12 12 14 0.0
2025 12 12 15 0.0
2025 12 12 16 0.0
2025 12 12 17 0.0
2025 12 12 18 0.0
2025 12 12 19 0.0
2025 12 12 20 0.0
2025 12 12 21 0.0
2025 12 12 22 0.0
2025 12 12 23 0.0
2025 12 13 00 0.0
2025 12 13 01 0.0
2025 12 13 02 0.0
2025 12 13 03 0.0
2025 12 13 04 0.0
2025 12 13 05 0.0
2025 12 13 06 0.0
2025 12 13 07 0.0
2025 12 13 08 4.3
2025 12 13 09 21.5
2025 12 13 10 34.0
2025 12 13 11 36.2
2025 12 13 12 27.2
2025 12 13 13 10.7
2025 12 13 14 0.0
2025 12 13 15 0.0
2025 12 13 16 0.0
2025 12 13 17 0.0
2025 12 13 18 0.0
2025 12 13 19 0.0
2025 12 13 20 0.0
2025 12 13 21 0.0
2025 12 13 22 0.0
2025 12 13 23 0.0
2025 12 14 00 0.0
2025 12 14 01 0.0
2025 12 14 02 0.0
2025 12 14 03 0.0
2025 12 14 04 0.0
2025 12 14 05 0.0
2025 12 14 06 0.0
2025 12 14 07 0.0
2025 12 14 08 4.1
2025 12 14 09 20.6
2025 12 14 10 32.5
2025 12 14 11 34.7
2025 12 14 12 26.8
2025 12 14 13 10.7
2025 12 14 14 0.0
2025 12 14 15 0.0
2025 12 14 16 0.0
2025 12 14 17 0.0
2025 12 14 18 0.0
2025 12 14 19 0.0
2025 12 14 20 0.0
2025 12 14 21 0.0
2025 12 14 22 0.0
2025 12 14 23 0.0
2025 12 15 00 0.0
2025 12 15 01 0.0
2025 12 15 02 0.0
2025 12 15 03 0.0
2025 12 15 04 0.0
2025 12 15 05 0.0
2025 12 15 06 0.0
2025 12 15 07 0.0
2025 12 15 08 3.7
2025 12 15 09 29.7
2025 12 15 10 46.1
2025 12 15 11 53.3
2025 12 15 12 30.4
2025 12 15 13 12.5
2025 12 15 14 0.0
2025 12 15 15 0.0
2025 12 15 16 0.0
2025 12 15 17 0.0
2025 12 15 18 0.0
2025 12 15 19 0.0
2025 12 15 20 0.0
2025 12 15 21 0.0
2025 12 15 22 0.0
2025 12 15 23 0.0
2025 12 16 00 0.0
2025 12 16 01 0.0
2025 12 16 02 0.0
2025 12 16 03 0.0
2025 12 16 04 0.0
2025 12 16 05 0.0
2025 12 16 06 0.0
2025 12 16 07 0.0
2025 12 16 08 8.2
2025 12 16 09 19.3
2025 12 16 10 41.6
2025 12 16 11 33.8
2025 12 16 12 25.0
2025 12 16 13 10.0
2025 12 16 14 0.0
2025 12 16 15 0.0
2025 12 16 16 0.0
2025 12 16 17 0.0
2025 12 16 18 0.0
2025 12 16 19 0.0
2025 12 16 20 0.0
2025 12 16 21 0.0
2025 12 16 22 0.0
2025 12 16 23 0.0
2025 12 17 00 0.0
2025 12 17 01 0.0
2025 12 17 02 0.0
2025 12 17 03 0.0
2025 12 17 04 0.0
2025 12 17 05 0.0
2025 12 17 06 0.0
2025 12 17 07 0.0
2025 12 17 08 3.2
2025 12 17 09 18.7
2025 12 17 10 30.7
2025 12 17 11 33.4
2025 12 17 12 26.6
2025 12 17 13 11.2
2025 12 17 14 0.0
2025 12 17 15 0.0
2025 12 17 16 0.0
2025 12 17 17 0.0
2025 12 17 18 0.0
2025 12 17 19 0.0
2025 12 17 20 0.0
2025 12 17 21 0.0
2025 12 17 22 0.0
2025 12 17 23 0.0
2025 12 18 00 0.0
2025 12 18 01 0.0
2025 12 18 02 0.0
2025 12 18 03 0.0
2025 12 18 04 0.0
2025 12 18 05 0.0
2025 12 18 06 0.0
2025 12 18 07 0.0
2025 12 18 08 4.7
2025 12 18 09 21.3
2025 12 18 10 33.5
2025 12 18 11 35.8
2025 12 18 12 27.3
2025 12 18 13 11.0
2025 12 18 14 0.0
2025 12 18 15 0.0
2025 12 18 16 0.0
2025 12 18 17 0.0
2025 12 18 18 0.0
2025 12 18 19 0.0
2025 12 18 20 0.0
2025 12 18 21 0.0
2025 12 18 22 0.0
2025 12 18 23 0.0
2025 12 19 00 0.0
2025 12 19 01 0.0
2025 12 19 02 0.0
2025 12 19 03 0.0
2025 12 19 04 0.0
2025 12 19 05 0.0
2025 12 19 06 0.0
2025 12 19 07 0.0
2025 12 19 08 3.0
2025 12 19 09 18.4
2025 12 19 10 30.9
2025 12 19 11 33.6
2025 12 19 12 26.2
2025 12 19 13 10.6
2025 12 19 14 0.0
2025 12 19 15 0.0
2025 12 19 16 0.0
2025 12 19 17 0.0
2025 12 19 18 0.0
2025 12 19 19 0.0
2025 12 19 20 0.0
2025 12 19 21 0.0
2025 12 19 22 0.0
2025 12 19 23 0.0
2025 12 20 00 0.0
2025 12 20 01 0.0
2025 12 20 02 0.0
2025 12 20 03 0.0
2025 12 20 04 0.0
2025 12 20 05 0.0
2025 12 20 06 0.0
2025 12 20 07 0.0
2025 12 20 08 3.4
2025 12 20 09 20.2
2025 12 20 10 32.5
2025 12 20 11 35.4
2025 12 20 12 59.8
2025 12 20 13 23.9
2025 12 20 14 0.0
2025 12 20 15 0.0
2025 12 20 16 0.0
2025 12 20 17 0.0
2025 12 20 18 0.0
2025 12 20 19 0.0
2025 12 20 20 0.0
2025 12 20 21 0.0
2025 12 20 22 0.0
2025 12 20 23 0.0
2025 12 21 00 0.0
2025 12 21 01 0.0
2025 12 21 02 0.0
2025 12 21 03 0.0
2025 12 21 04 0.0
2025 12 21 05 0.0
2025 12 21 06 0.0
2025 12 21 07 0.0
2025 12 21 08 8.2
2025 12 21 09 58.3
2025 12 21 10 96.4
2025 12 21 11 105.5
2025 12 21 12 82.7
2025 12 21 13 34.7
2025 12 21 14 0.0
2025 12 21 15 0.0
2025 12 21 16 0.0
2025 12 21 17 0.0
2025 12 21 18 0.0
2025 12 21 19 0.0
2025 12 21 20 0.0
2025 12 21 21 0.0
2025 12 21 22 0.0
2025 12 21 23 0.0
2025 12 22 00 0.0
2025 12 22 01 0.0
2025 12 22 02 0.0
2025 12 22 03 0.0
2025 12 22 04 0.0
2025 12 22 05 0.0
2025 12 22 06 0.0
2025 12 22 07 0.0
2025 12 22 08 6.5
2025 12 22 09 22.6
2025 12 22 10 65.8
2025 12 22 11 93.2
2025 12 22 12 30.5
2025 12 22 13 11.9
2025 12 22 14 0.0
2025 12 22 15 0.0
2025 12 22 16 0.0
2025 12 22 17 0.0
2025 12 22 18 0.0
2025 12 22 19 0.0
2025 12 22 20 0.0
2025 12 22 21 0.0
2025 12 22 22 0.0
2025 12 22 23 0.0
2025 12 23 00 0.0
2025 12 23 01 0.0
2025 12 23 02 0.0
2025 12 23 03 0.0
2025 12 23 04 0.0
2025 12 23 05 0.0
2025 12 23 06 0.0
2025 12 23 07 0.0
2025 12 23 08 6.9
2025 12 23 09 58.7
2025 12 23 10 96.9
2025 12 23 11 106.9
2025 12 23 12 83.5
2025 12 23 13 36.6
2025 12 23 14 0.0
2025 12 23 15 0.0
2025 12 23 16 0.0
2025 12 23 17 0.0
2025 12 23 18 0.0
2025 12 23 19 0.0
2025 12 23 20 0.0
2025 12 23 21 0.0
2025 12 23 22 0.0
2025 12 23 23 0.0
2025 12 24 00 0.0
2025 12 24 01 0.0
2025 12 24 02 0.0
2025 12 24 03 0.0
2025 12 24 04 0.0
2025 12 24 05 0.0
2025 12 24 06 0.0
2025 12 24 07 0.0
2025 12 24 08 4.8
2025 12 24 09 23.6
2025 12 24 10 50.3
2025 12 24 11 48.7
2025 12 24 12 48.8
2025 12 24 13 33.4
2025 12 24 14 0.0
2025 12 24 15 0.0
2025 12 24 16 0.0
2025 12 24 17 0.0
2025 12 24 18 0.0
2025 12 24 19 0.0
2025 12 24 20 0.0
2025 12 24 21 0.0
2025 12 24 22 0.0
2025 12 24 23 0.0
2025 12 25 00 0.0
2025 12 25 01 0.0
2025 12 25 02 0.0
2025 12 25 03 0.0
2025 12 25 04 0.0
2025 12 25 05 0.0
2025 12 25 06 0.0
2025 12 25 07 0.0
2025 12 25 08 5.5
2025 12 25 09 41.8
2025 12 25 10 82.1
2025 12 25 11 48.0
2025 12 25 12 27.5
2025 12 25 13 11.8
2025 12 25 14 0.0
2025 12 25 15 0.0
2025 12 25 16 0.0
2025 12 25 17 0.0
2025 12 25 18 0.0
2025 12 25 19 0.0
2025 12 25 20 0.0
2025 12 25 21 0.0
2025 12 25 22 0.0
2025 12 25 23 0.0
2025 12 26 00 0.0
2025 12 26 01 0.0
2025 12 26 02 0.0
2025 12 26 03 0.0
2025 12 26 04 0.0
2025 12 26 05 0.0
2025 12 26 06 0.0
2025 12 26 07 0.0
2025 12 26 08 7.0
2025 12 26 09 49.8
2025 12 26 10 86.7
2025 12 26 11 76.6
2025 12 26 12 76.6
2025 12 26 13 32.4
2025 12 26 14 0.0
2025 12 26 15 0.0
2025 12 26 16 0.0
2025 12 26 17 0.0
2025 12 26 18 0.0
2025 12 26 19 0.0
2025 12 26 20 0.0
2025 12 26 21 0.0
2025 12 26 22 0.0
2025 12 26 23 0.0
2025 12 27 00 0.0
2025 12 27 01 0.0
2025 12 27 02 0.0
2025 12 27 03 0.0
2025 12 27 04 0.0
2025 12 27 05 0.0
2025 12 27 06 0.0
2025 12 27 07 0.0
2025 12 27 08 7.3
2025 12 27 09 58.6
2025 12 27 10 97.9
2025 12 27 11 108.2
2025 12 27 12 85.2
2025 12 27 13 37.9
2025 12 27 14 0.0
2025 12 27 15 0.0
2025 12 27 16 0.0
2025 12 27 17 0.0
2025 12 27 18 0.0
2025 12 27 19 0.0
2025 12 27 20 0.0
2025 12 27 21 0.0
2025 12 27 22 0.0
2025 12 27 23 0.0
2025 12 28 00 0.0
2025 12 28 01 0.0
2025 12 28 02 0.0
2025 12 28 03 0.0
2025 12 28 04 0.0
2025 12 28 05 0.0
2025 12 28 06 0.0
2025 12 28 07 0.0
2025 12 28 08 7.0
2025 12 28 09 54.5
2025 12 28 10 90.1
2025 12 28 11 94.1
2025 12 28 12 79.7
2025 12 28 13 33.2
2025 12 28 14 0.0
2025 12 28 15 0.0
2025 12 28 16 0.0
2025 12 28 17 0.0
2025 12 28 18 0.0
2025 12 28 19 0.0
2025 12 28 20 0.0
2025 12 28 21 0.0
2025 12 28 22 0.0
2025 12 28 23 0.0
2025 12 29 00 0.0
2025 12 29 01 0.0
2025 12 29 02 0.0
2025 12 29 03 0.0
2025 12 29 04 0.0
2025 12 29 05 0.0
2025 12 29 06 0.0
2025 12 29 07 0.0
2025 12 29 08 7.7
2025 12 29 09 60.9
2025 12 29 10 102.1
2025 12 29 11 113.8
2025 12 29 12 89.2
2025 12 29 13 40.2
2025 12 29 14 0.0
2025 12 29 15 0.0
2025 12 29 16 0.0
2025 12 29 17 0.0
2025 12 29 18 0.0
2025 12 29 19 0.0
2025 12 29 20 0.0
2025 12 29 21 0.0
2025 12 29 22 0.0
2025 12 29 23 0.0
2025 12 30 00 0.0
2025 12 30 01 0.0
2025 12 30 02 0.0
2025 12 30 03 0.0
2025 12 30 04 0.0
2025 12 30 05 0.0
2025 12 30 06 0.0
2025 12 30 07 0.0
2025 12 30 08 6.8
2025 12 30 09 58.5
2025 12 30 10 99.0
2025 12 30 11 91.3
2025 12 30 12 81.9
2025 12 30 13 38.1
2025 12 30 14 0.0
2025 12 30 15 0.0
2025 12 30 16 0.0
2025 12 30 17 0.0
2025 12 30 18 0.0
2025 12 30 19 0.0
2025 12 30 20 0.0
2025 12 30 21 0.0
2025 12 30 22 0.0
2025 12 30 23 0.0
2025 12 31 00 0.0
2025 12 31 01 0.0
2025 12 31 02 0.0
2025 12 31 03 0.0
2025 12 31 04 0.0
2025 12 31 05 0.0
2025 12 31 06 0.0
2025 12 31 07 0.0
2025 12 31 08 8.0
2025 12 31 09 57.7
2025 12 31 10 99.1
2025 12 31 11 112.7
2025 12 31 12 90.5
2025 12 31 13 42.7
2025 12 31 14 0.0
2025 12 31 15 0.0
2025 12 31 16 0.0
2025 12 31 17 0.0
2025 12 31 18 0.0
2025 12 31 19 0.0
2025 12 31 20 0.0
2025 12 31 21 0.0
2025 12 31 22 0.0
2025 12 31 23 0.0


